[2023-03-30  17:30:33.782] F:\自动化框架\auto_test_framework\cases\daxue.py:24 [INFO]: 2023-03-30 17:30:33 >>>>>> 开始执行：
[2023-03-30  17:30:34.940] F:\自动化框架\auto_test_framework\cases\daxue.py:27 [INFO]: 2023-03-30 17:30:33 >>>>>> 执行结束！
[2023-03-30  17:30:34.943] F:\自动化框架\auto_test_framework\cases\daxue.py:24 [INFO]: 2023-03-30 17:30:33 >>>>>> 开始执行：
[2023-03-30  17:30:35.043] F:\自动化框架\auto_test_framework\cases\daxue.py:27 [INFO]: 2023-03-30 17:30:33 >>>>>> 执行结束！
[2023-03-30  17:30:35.058] F:\自动化框架\auto_test_framework\cases\daxue.py:24 [INFO]: 2023-03-30 17:30:33 >>>>>> 开始执行：
[2023-03-30  17:30:35.152] F:\自动化框架\auto_test_framework\cases\daxue.py:27 [INFO]: 2023-03-30 17:30:33 >>>>>> 执行结束！
[2023-03-30  17:36:41.052] F:\自动化框架\auto_test_framework\cases\daxue.py:24 [INFO]: 2023-03-30 17:36:40 >>>>>> 开始执行：
[2023-03-30  17:36:41.222] F:\自动化框架\auto_test_framework\cases\daxue.py:27 [INFO]: 2023-03-30 17:36:40 >>>>>> 执行结束！
[2023-03-30  17:36:41.223] F:\自动化框架\auto_test_framework\cases\daxue.py:24 [INFO]: 2023-03-30 17:36:40 >>>>>> 开始执行：
[2023-03-30  17:36:41.230] F:\自动化框架\auto_test_framework\cases\daxue.py:27 [INFO]: 2023-03-30 17:36:40 >>>>>> 执行结束！
[2023-03-30  17:36:41.231] F:\自动化框架\auto_test_framework\cases\daxue.py:24 [INFO]: 2023-03-30 17:36:40 >>>>>> 开始执行：
[2023-03-30  17:36:41.237] F:\自动化框架\auto_test_framework\cases\daxue.py:27 [INFO]: 2023-03-30 17:36:40 >>>>>> 执行结束！
[2023-03-30  17:38:03.851] F:\自动化框架\auto_test_framework\cases\daxue.py:24 [INFO]: 2023-03-30 17:38:03 >>>>>> 开始执行：
[2023-03-30  17:38:04.019] F:\自动化框架\auto_test_framework\cases\daxue.py:27 [INFO]: 2023-03-30 17:38:03 >>>>>> 执行结束！
[2023-03-30  17:38:04.020] F:\自动化框架\auto_test_framework\cases\daxue.py:24 [INFO]: 2023-03-30 17:38:03 >>>>>> 开始执行：
[2023-03-30  17:38:04.027] F:\自动化框架\auto_test_framework\cases\daxue.py:27 [INFO]: 2023-03-30 17:38:03 >>>>>> 执行结束！
[2023-03-30  17:38:04.029] F:\自动化框架\auto_test_framework\cases\daxue.py:24 [INFO]: 2023-03-30 17:38:03 >>>>>> 开始执行：
[2023-03-30  17:38:04.035] F:\自动化框架\auto_test_framework\cases\daxue.py:27 [INFO]: 2023-03-30 17:38:03 >>>>>> 执行结束！
[2023-03-30  17:38:54.425] F:\自动化框架\auto_test_framework\cases\daxue.py:24 [INFO]: 2023-03-30 17:38:54 >>>>>> 开始执行：
[2023-03-30  17:38:54.592] F:\自动化框架\auto_test_framework\cases\daxue.py:27 [INFO]: 2023-03-30 17:38:54 >>>>>> 执行结束！
[2023-03-30  17:38:54.594] F:\自动化框架\auto_test_framework\cases\daxue.py:24 [INFO]: 2023-03-30 17:38:54 >>>>>> 开始执行：
[2023-03-30  17:38:54.600] F:\自动化框架\auto_test_framework\cases\daxue.py:27 [INFO]: 2023-03-30 17:38:54 >>>>>> 执行结束！
[2023-03-30  17:38:54.602] F:\自动化框架\auto_test_framework\cases\daxue.py:24 [INFO]: 2023-03-30 17:38:54 >>>>>> 开始执行：
[2023-03-30  17:38:54.608] F:\自动化框架\auto_test_framework\cases\daxue.py:27 [INFO]: 2023-03-30 17:38:54 >>>>>> 执行结束！
[2023-03-30  17:39:04.959] F:\自动化框架\auto_test_framework\cases\daxue.py:24 [INFO]: 2023-03-30 17:39:04 >>>>>> 开始执行：
[2023-03-30  17:39:05.129] F:\自动化框架\auto_test_framework\cases\daxue.py:27 [INFO]: 2023-03-30 17:39:04 >>>>>> 执行结束！
[2023-03-30  17:39:05.130] F:\自动化框架\auto_test_framework\cases\daxue.py:24 [INFO]: 2023-03-30 17:39:04 >>>>>> 开始执行：
[2023-03-30  17:39:05.137] F:\自动化框架\auto_test_framework\cases\daxue.py:27 [INFO]: 2023-03-30 17:39:04 >>>>>> 执行结束！
[2023-03-30  17:39:05.138] F:\自动化框架\auto_test_framework\cases\daxue.py:24 [INFO]: 2023-03-30 17:39:04 >>>>>> 开始执行：
[2023-03-30  17:39:05.144] F:\自动化框架\auto_test_framework\cases\daxue.py:27 [INFO]: 2023-03-30 17:39:04 >>>>>> 执行结束！
[2023-03-30  17:39:44.599] F:\自动化框架\auto_test_framework\cases\daxue.py:24 [INFO]: 2023-03-30 17:39:44 >>>>>> 开始执行：
[2023-03-30  17:39:44.601] F:\自动化框架\auto_test_framework\cases\daxue.py:27 [INFO]: 2023-03-30 17:39:44 >>>>>> 执行结束！
[2023-03-30  17:39:44.602] F:\自动化框架\auto_test_framework\cases\daxue.py:24 [INFO]: 2023-03-30 17:39:44 >>>>>> 开始执行：
[2023-03-30  17:39:44.604] F:\自动化框架\auto_test_framework\cases\daxue.py:27 [INFO]: 2023-03-30 17:39:44 >>>>>> 执行结束！
[2023-03-30  17:39:44.605] F:\自动化框架\auto_test_framework\cases\daxue.py:24 [INFO]: 2023-03-30 17:39:44 >>>>>> 开始执行：
[2023-03-30  17:39:44.606] F:\自动化框架\auto_test_framework\cases\daxue.py:27 [INFO]: 2023-03-30 17:39:44 >>>>>> 执行结束！
[2023-03-30  17:41:00.461] F:\自动化框架\auto_test_framework\cases\daxue.py:24 [INFO]: 2023-03-30 17:41:00 >>>>>> 开始执行：
[2023-03-30  17:41:00.463] F:\自动化框架\auto_test_framework\cases\daxue.py:27 [INFO]: 2023-03-30 17:41:00 >>>>>> 执行结束！
[2023-03-30  17:41:00.465] F:\自动化框架\auto_test_framework\cases\daxue.py:24 [INFO]: 2023-03-30 17:41:00 >>>>>> 开始执行：
[2023-03-30  17:41:00.467] F:\自动化框架\auto_test_framework\cases\daxue.py:27 [INFO]: 2023-03-30 17:41:00 >>>>>> 执行结束！
[2023-03-30  17:41:00.468] F:\自动化框架\auto_test_framework\cases\daxue.py:24 [INFO]: 2023-03-30 17:41:00 >>>>>> 开始执行：
[2023-03-30  17:41:00.469] F:\自动化框架\auto_test_framework\cases\daxue.py:27 [INFO]: 2023-03-30 17:41:00 >>>>>> 执行结束！
[2023-03-30  17:43:59.411] F:\自动化框架\auto_test_framework\cases\daxue.py:24 [INFO]: 2023-03-30 17:43:59 >>>>>> 开始执行：
[2023-03-30  17:43:59.582] F:\自动化框架\auto_test_framework\cases\daxue.py:27 [INFO]: 2023-03-30 17:43:59 >>>>>> 执行结束！
[2023-03-30  17:43:59.584] F:\自动化框架\auto_test_framework\cases\daxue.py:24 [INFO]: 2023-03-30 17:43:59 >>>>>> 开始执行：
[2023-03-30  17:43:59.590] F:\自动化框架\auto_test_framework\cases\daxue.py:27 [INFO]: 2023-03-30 17:43:59 >>>>>> 执行结束！
[2023-03-30  17:43:59.592] F:\自动化框架\auto_test_framework\cases\daxue.py:24 [INFO]: 2023-03-30 17:43:59 >>>>>> 开始执行：
[2023-03-30  17:43:59.599] F:\自动化框架\auto_test_framework\cases\daxue.py:27 [INFO]: 2023-03-30 17:43:59 >>>>>> 执行结束！
[2023-03-30  17:46:04.184] F:\自动化框架\auto_test_framework\cases\daxue.py:24 [INFO]: 2023-03-30 17:46:04 >>>>>> 开始执行：
[2023-03-30  17:46:04.318] F:\自动化框架\auto_test_framework\cases\daxue.py:27 [INFO]: 2023-03-30 17:46:04 >>>>>> 执行结束！
[2023-03-30  17:46:04.320] F:\自动化框架\auto_test_framework\cases\daxue.py:24 [INFO]: 2023-03-30 17:46:04 >>>>>> 开始执行：
[2023-03-30  17:46:04.405] F:\自动化框架\auto_test_framework\cases\daxue.py:27 [INFO]: 2023-03-30 17:46:04 >>>>>> 执行结束！
[2023-03-30  17:46:04.407] F:\自动化框架\auto_test_framework\cases\daxue.py:24 [INFO]: 2023-03-30 17:46:04 >>>>>> 开始执行：
[2023-03-30  17:46:04.494] F:\自动化框架\auto_test_framework\cases\daxue.py:27 [INFO]: 2023-03-30 17:46:04 >>>>>> 执行结束！
[2023-03-30  18:20:24.990] F:\自动化框架\auto_test_framework\cases\daxue.py:25 [INFO]: 2023-03-30 18:20:19 >>>>>> 开始执行：
[2023-03-30  18:20:25.399] F:\自动化框架\auto_test_framework\cases\daxue.py:28 [INFO]: 2023-03-30 18:20:19 >>>>>> 执行结束！
[2023-03-30  18:20:25.401] F:\自动化框架\auto_test_framework\cases\daxue.py:25 [INFO]: 2023-03-30 18:20:19 >>>>>> 开始执行：
[2023-03-30  18:20:25.582] F:\自动化框架\auto_test_framework\cases\daxue.py:28 [INFO]: 2023-03-30 18:20:19 >>>>>> 执行结束！
[2023-03-30  18:20:25.583] F:\自动化框架\auto_test_framework\cases\daxue.py:25 [INFO]: 2023-03-30 18:20:19 >>>>>> 开始执行：
[2023-03-30  18:20:25.769] F:\自动化框架\auto_test_framework\cases\daxue.py:28 [INFO]: 2023-03-30 18:20:19 >>>>>> 执行结束！
[2023-03-30  18:21:16.807] F:\自动化框架\auto_test_framework\cases\daxue.py:25 [INFO]: 2023-03-30 18:21:16 >>>>>> 开始执行：
[2023-03-30  18:21:16.999] F:\自动化框架\auto_test_framework\cases\daxue.py:28 [INFO]: 2023-03-30 18:21:16 >>>>>> 执行结束！
[2023-03-30  18:21:17.002] F:\自动化框架\auto_test_framework\cases\daxue.py:25 [INFO]: 2023-03-30 18:21:16 >>>>>> 开始执行：
[2023-03-30  18:21:17.184] F:\自动化框架\auto_test_framework\cases\daxue.py:28 [INFO]: 2023-03-30 18:21:16 >>>>>> 执行结束！
[2023-03-30  18:21:17.185] F:\自动化框架\auto_test_framework\cases\daxue.py:25 [INFO]: 2023-03-30 18:21:16 >>>>>> 开始执行：
[2023-03-30  18:21:17.363] F:\自动化框架\auto_test_framework\cases\daxue.py:28 [INFO]: 2023-03-30 18:21:16 >>>>>> 执行结束！
[2023-03-30  18:22:28.552] F:\自动化框架\auto_test_framework\cases\daxue.py:25 [INFO]: 2023-03-30 18:22:28 >>>>>> 开始执行：
[2023-03-30  18:22:28.662] F:\自动化框架\auto_test_framework\cases\daxue.py:28 [INFO]: 2023-03-30 18:22:28 >>>>>> 执行结束！
[2023-03-30  18:22:28.672] F:\自动化框架\auto_test_framework\cases\daxue.py:25 [INFO]: 2023-03-30 18:22:28 >>>>>> 开始执行：
[2023-03-30  18:22:28.766] F:\自动化框架\auto_test_framework\cases\daxue.py:28 [INFO]: 2023-03-30 18:22:28 >>>>>> 执行结束！
[2023-03-30  18:22:28.768] F:\自动化框架\auto_test_framework\cases\daxue.py:25 [INFO]: 2023-03-30 18:22:28 >>>>>> 开始执行：
[2023-03-30  18:22:28.864] F:\自动化框架\auto_test_framework\cases\daxue.py:28 [INFO]: 2023-03-30 18:22:28 >>>>>> 执行结束！
[2023-03-30  18:25:30.009] F:\自动化框架\auto_test_framework\cases\daxue.py:25 [INFO]: 2023-03-30 18:25:29 >>>>>> 开始执行：
[2023-03-30  18:25:30.313] F:\自动化框架\auto_test_framework\cases\daxue.py:28 [INFO]: 2023-03-30 18:25:29 >>>>>> 执行结束！
[2023-03-30  18:25:30.315] F:\自动化框架\auto_test_framework\cases\daxue.py:25 [INFO]: 2023-03-30 18:25:29 >>>>>> 开始执行：
[2023-03-30  18:25:30.421] F:\自动化框架\auto_test_framework\cases\daxue.py:28 [INFO]: 2023-03-30 18:25:29 >>>>>> 执行结束！
[2023-03-30  18:25:30.422] F:\自动化框架\auto_test_framework\cases\daxue.py:25 [INFO]: 2023-03-30 18:25:29 >>>>>> 开始执行：
[2023-03-30  18:25:30.521] F:\自动化框架\auto_test_framework\cases\daxue.py:28 [INFO]: 2023-03-30 18:25:29 >>>>>> 执行结束！
[2023-03-30  18:31:12.379] F:\自动化框架\auto_test_framework\cases\daxue.py:25 [INFO]: 2023-03-30 18:31:12 >>>>>> 开始执行：
[2023-03-30  18:31:12.513] F:\自动化框架\auto_test_framework\cases\daxue.py:28 [INFO]: 2023-03-30 18:31:12 >>>>>> 执行结束！
[2023-03-30  18:31:12.515] F:\自动化框架\auto_test_framework\cases\daxue.py:25 [INFO]: 2023-03-30 18:31:12 >>>>>> 开始执行：
[2023-03-30  18:31:12.608] F:\自动化框架\auto_test_framework\cases\daxue.py:28 [INFO]: 2023-03-30 18:31:12 >>>>>> 执行结束！
[2023-03-30  18:31:12.609] F:\自动化框架\auto_test_framework\cases\daxue.py:25 [INFO]: 2023-03-30 18:31:12 >>>>>> 开始执行：
[2023-03-30  18:31:12.706] F:\自动化框架\auto_test_framework\cases\daxue.py:28 [INFO]: 2023-03-30 18:31:12 >>>>>> 执行结束！
[2023-03-30  18:31:43.980] F:\自动化框架\auto_test_framework\cases\daxue.py:25 [INFO]: 2023-03-30 18:31:43 >>>>>> 开始执行：
[2023-03-30  18:31:44.263] F:\自动化框架\auto_test_framework\cases\daxue.py:28 [INFO]: 2023-03-30 18:31:43 >>>>>> 执行结束！
[2023-03-30  18:31:44.265] F:\自动化框架\auto_test_framework\cases\daxue.py:25 [INFO]: 2023-03-30 18:31:43 >>>>>> 开始执行：
[2023-03-30  18:31:44.373] F:\自动化框架\auto_test_framework\cases\daxue.py:28 [INFO]: 2023-03-30 18:31:43 >>>>>> 执行结束！
[2023-03-30  18:31:44.374] F:\自动化框架\auto_test_framework\cases\daxue.py:25 [INFO]: 2023-03-30 18:31:43 >>>>>> 开始执行：
[2023-03-30  18:31:44.480] F:\自动化框架\auto_test_framework\cases\daxue.py:28 [INFO]: 2023-03-30 18:31:43 >>>>>> 执行结束！
[2023-03-30  18:33:11.747] F:\自动化框架\auto_test_framework\cases\daxue.py:25 [INFO]: 2023-03-30 18:33:11 >>>>>> 开始执行：
[2023-03-30  18:33:12.029] F:\自动化框架\auto_test_framework\cases\daxue.py:28 [INFO]: 2023-03-30 18:33:11 >>>>>> 执行结束！
[2023-03-30  18:33:12.031] F:\自动化框架\auto_test_framework\cases\daxue.py:25 [INFO]: 2023-03-30 18:33:11 >>>>>> 开始执行：
[2023-03-30  18:33:12.134] F:\自动化框架\auto_test_framework\cases\daxue.py:28 [INFO]: 2023-03-30 18:33:11 >>>>>> 执行结束！
[2023-03-30  18:33:12.135] F:\自动化框架\auto_test_framework\cases\daxue.py:25 [INFO]: 2023-03-30 18:33:11 >>>>>> 开始执行：
[2023-03-30  18:33:12.237] F:\自动化框架\auto_test_framework\cases\daxue.py:28 [INFO]: 2023-03-30 18:33:11 >>>>>> 执行结束！
[2023-03-30  18:33:41.670] F:\自动化框架\auto_test_framework\cases\daxue.py:25 [INFO]: 2023-03-30 18:33:41 >>>>>> 开始执行：
[2023-03-30  18:33:41.949] F:\自动化框架\auto_test_framework\cases\daxue.py:28 [INFO]: 2023-03-30 18:33:41 >>>>>> 执行结束！
[2023-03-30  18:33:41.951] F:\自动化框架\auto_test_framework\cases\daxue.py:25 [INFO]: 2023-03-30 18:33:41 >>>>>> 开始执行：
[2023-03-30  18:33:42.048] F:\自动化框架\auto_test_framework\cases\daxue.py:28 [INFO]: 2023-03-30 18:33:41 >>>>>> 执行结束！
[2023-03-30  18:33:42.049] F:\自动化框架\auto_test_framework\cases\daxue.py:25 [INFO]: 2023-03-30 18:33:41 >>>>>> 开始执行：
[2023-03-30  18:33:42.147] F:\自动化框架\auto_test_framework\cases\daxue.py:28 [INFO]: 2023-03-30 18:33:41 >>>>>> 执行结束！
[2023-03-30  18:34:17.208] F:\自动化框架\auto_test_framework\cases\daxue.py:25 [INFO]: 2023-03-30 18:34:17 >>>>>> 开始执行：
[2023-03-30  18:34:17.490] F:\自动化框架\auto_test_framework\cases\daxue.py:28 [INFO]: 2023-03-30 18:34:17 >>>>>> 执行结束！
[2023-03-30  18:34:17.492] F:\自动化框架\auto_test_framework\cases\daxue.py:25 [INFO]: 2023-03-30 18:34:17 >>>>>> 开始执行：
[2023-03-30  18:34:17.594] F:\自动化框架\auto_test_framework\cases\daxue.py:28 [INFO]: 2023-03-30 18:34:17 >>>>>> 执行结束！
[2023-03-30  18:34:17.595] F:\自动化框架\auto_test_framework\cases\daxue.py:25 [INFO]: 2023-03-30 18:34:17 >>>>>> 开始执行：
[2023-03-30  18:34:17.694] F:\自动化框架\auto_test_framework\cases\daxue.py:28 [INFO]: 2023-03-30 18:34:17 >>>>>> 执行结束！
[2023-03-30  19:07:08.369] F:\自动化框架\auto_test_framework\cases\daxue.py:25 [INFO]: 2023-03-30 19:07:08 >>>>>> 开始执行：
[2023-03-30  19:07:08.685] F:\自动化框架\auto_test_framework\cases\daxue.py:28 [INFO]: 2023-03-30 19:07:08 >>>>>> 执行结束！
[2023-03-30  19:07:08.687] F:\自动化框架\auto_test_framework\cases\daxue.py:25 [INFO]: 2023-03-30 19:07:08 >>>>>> 开始执行：
[2023-03-30  19:07:08.790] F:\自动化框架\auto_test_framework\cases\daxue.py:28 [INFO]: 2023-03-30 19:07:08 >>>>>> 执行结束！
[2023-03-30  19:07:08.791] F:\自动化框架\auto_test_framework\cases\daxue.py:25 [INFO]: 2023-03-30 19:07:08 >>>>>> 开始执行：
[2023-03-30  19:07:08.895] F:\自动化框架\auto_test_framework\cases\daxue.py:28 [INFO]: 2023-03-30 19:07:08 >>>>>> 执行结束！
[2023-03-30  19:08:35.488] F:\自动化框架\auto_test_framework\cases\daxue.py:25 [INFO]: 2023-03-30 19:08:35 >>>>>> 开始执行：
[2023-03-30  19:08:35.765] F:\自动化框架\auto_test_framework\cases\daxue.py:28 [INFO]: 2023-03-30 19:08:35 >>>>>> 执行结束！
[2023-03-30  19:08:35.767] F:\自动化框架\auto_test_framework\cases\daxue.py:25 [INFO]: 2023-03-30 19:08:35 >>>>>> 开始执行：
[2023-03-30  19:08:35.864] F:\自动化框架\auto_test_framework\cases\daxue.py:28 [INFO]: 2023-03-30 19:08:35 >>>>>> 执行结束！
[2023-03-30  19:08:35.865] F:\自动化框架\auto_test_framework\cases\daxue.py:25 [INFO]: 2023-03-30 19:08:35 >>>>>> 开始执行：
[2023-03-30  19:08:35.964] F:\自动化框架\auto_test_framework\cases\daxue.py:28 [INFO]: 2023-03-30 19:08:35 >>>>>> 执行结束！
[2023-03-30  19:09:10.783] F:\自动化框架\auto_test_framework\cases\daxue.py:25 [INFO]: 2023-03-30 19:09:10 >>>>>> 开始执行：
[2023-03-30  19:09:10.891] F:\自动化框架\auto_test_framework\cases\daxue.py:28 [INFO]: 2023-03-30 19:09:10 >>>>>> 执行结束！
[2023-03-30  19:09:10.893] F:\自动化框架\auto_test_framework\cases\daxue.py:25 [INFO]: 2023-03-30 19:09:10 >>>>>> 开始执行：
[2023-03-30  19:09:10.977] F:\自动化框架\auto_test_framework\cases\daxue.py:28 [INFO]: 2023-03-30 19:09:10 >>>>>> 执行结束！
[2023-03-30  19:09:10.978] F:\自动化框架\auto_test_framework\cases\daxue.py:25 [INFO]: 2023-03-30 19:09:10 >>>>>> 开始执行：
[2023-03-30  19:09:11.069] F:\自动化框架\auto_test_framework\cases\daxue.py:28 [INFO]: 2023-03-30 19:09:10 >>>>>> 执行结束！
[2023-03-30  19:09:57.538] F:\自动化框架\auto_test_framework\cases\daxue.py:25 [INFO]: 2023-03-30 19:09:57 >>>>>> 开始执行：
[2023-03-30  19:09:57.814] F:\自动化框架\auto_test_framework\cases\daxue.py:28 [INFO]: 2023-03-30 19:09:57 >>>>>> 执行结束！
[2023-03-30  19:09:57.817] F:\自动化框架\auto_test_framework\cases\daxue.py:25 [INFO]: 2023-03-30 19:09:57 >>>>>> 开始执行：
[2023-03-30  19:09:57.920] F:\自动化框架\auto_test_framework\cases\daxue.py:28 [INFO]: 2023-03-30 19:09:57 >>>>>> 执行结束！
[2023-03-30  19:09:57.921] F:\自动化框架\auto_test_framework\cases\daxue.py:25 [INFO]: 2023-03-30 19:09:57 >>>>>> 开始执行：
[2023-03-30  19:09:58.023] F:\自动化框架\auto_test_framework\cases\daxue.py:28 [INFO]: 2023-03-30 19:09:57 >>>>>> 执行结束！
[2023-03-30  19:11:46.005] F:\自动化框架\auto_test_framework\cases\daxue.py:25 [INFO]: 2023-03-30 19:11:45 >>>>>> 开始执行：
[2023-03-30  19:11:46.137] F:\自动化框架\auto_test_framework\cases\daxue.py:28 [INFO]: 2023-03-30 19:11:45 >>>>>> 执行结束！
[2023-03-30  19:11:46.139] F:\自动化框架\auto_test_framework\cases\daxue.py:25 [INFO]: 2023-03-30 19:11:45 >>>>>> 开始执行：
[2023-03-30  19:11:46.230] F:\自动化框架\auto_test_framework\cases\daxue.py:28 [INFO]: 2023-03-30 19:11:45 >>>>>> 执行结束！
[2023-03-30  19:11:46.231] F:\自动化框架\auto_test_framework\cases\daxue.py:25 [INFO]: 2023-03-30 19:11:45 >>>>>> 开始执行：
[2023-03-30  19:11:46.320] F:\自动化框架\auto_test_framework\cases\daxue.py:28 [INFO]: 2023-03-30 19:11:45 >>>>>> 执行结束！
[2023-03-30  19:13:33.636] F:\自动化框架\auto_test_framework\cases\daxue.py:25 [INFO]: 2023-03-30 19:13:33 >>>>>> 开始执行：
[2023-03-30  19:13:33.917] F:\自动化框架\auto_test_framework\cases\daxue.py:28 [INFO]: 2023-03-30 19:13:33 >>>>>> 执行结束！
[2023-03-30  19:13:33.919] F:\自动化框架\auto_test_framework\cases\daxue.py:25 [INFO]: 2023-03-30 19:13:33 >>>>>> 开始执行：
[2023-03-30  19:13:34.016] F:\自动化框架\auto_test_framework\cases\daxue.py:28 [INFO]: 2023-03-30 19:13:33 >>>>>> 执行结束！
[2023-03-30  19:13:34.017] F:\自动化框架\auto_test_framework\cases\daxue.py:25 [INFO]: 2023-03-30 19:13:33 >>>>>> 开始执行：
[2023-03-30  19:13:34.117] F:\自动化框架\auto_test_framework\cases\daxue.py:28 [INFO]: 2023-03-30 19:13:33 >>>>>> 执行结束！
[2023-03-30  19:13:49.398] F:\自动化框架\auto_test_framework\cases\daxue.py:25 [INFO]: 2023-03-30 19:13:49 >>>>>> 开始执行：
[2023-03-30  19:13:49.672] F:\自动化框架\auto_test_framework\cases\daxue.py:28 [INFO]: 2023-03-30 19:13:49 >>>>>> 执行结束！
[2023-03-30  19:13:49.678] F:\自动化框架\auto_test_framework\cases\daxue.py:25 [INFO]: 2023-03-30 19:13:49 >>>>>> 开始执行：
[2023-03-30  19:13:49.781] F:\自动化框架\auto_test_framework\cases\daxue.py:28 [INFO]: 2023-03-30 19:13:49 >>>>>> 执行结束！
[2023-03-30  19:13:49.782] F:\自动化框架\auto_test_framework\cases\daxue.py:25 [INFO]: 2023-03-30 19:13:49 >>>>>> 开始执行：
[2023-03-30  19:13:49.886] F:\自动化框架\auto_test_framework\cases\daxue.py:28 [INFO]: 2023-03-30 19:13:49 >>>>>> 执行结束！
[2023-03-30  19:14:32.850] F:\自动化框架\auto_test_framework\cases\daxue.py:25 [INFO]: 2023-03-30 19:14:32 >>>>>> 开始执行：
[2023-03-30  19:14:32.979] F:\自动化框架\auto_test_framework\cases\daxue.py:28 [INFO]: 2023-03-30 19:14:32 >>>>>> 执行结束！
[2023-03-30  19:14:32.982] F:\自动化框架\auto_test_framework\cases\daxue.py:25 [INFO]: 2023-03-30 19:14:32 >>>>>> 开始执行：
[2023-03-30  19:14:41.930] F:\自动化框架\auto_test_framework\cases\daxue.py:28 [INFO]: 2023-03-30 19:14:32 >>>>>> 执行结束！
[2023-03-30  19:14:41.932] F:\自动化框架\auto_test_framework\cases\daxue.py:25 [INFO]: 2023-03-30 19:14:32 >>>>>> 开始执行：
[2023-03-30  19:14:42.022] F:\自动化框架\auto_test_framework\cases\daxue.py:28 [INFO]: 2023-03-30 19:14:32 >>>>>> 执行结束！
[2023-03-30  19:14:57.893] F:\自动化框架\auto_test_framework\cases\daxue.py:25 [INFO]: 2023-03-30 19:14:57 >>>>>> 开始执行：
[2023-03-30  19:14:57.999] F:\自动化框架\auto_test_framework\cases\daxue.py:28 [INFO]: 2023-03-30 19:14:57 >>>>>> 执行结束！
[2023-03-30  19:14:58.001] F:\自动化框架\auto_test_framework\cases\daxue.py:25 [INFO]: 2023-03-30 19:14:57 >>>>>> 开始执行：
[2023-03-30  19:14:58.087] F:\自动化框架\auto_test_framework\cases\daxue.py:28 [INFO]: 2023-03-30 19:14:57 >>>>>> 执行结束！
[2023-03-30  19:14:58.089] F:\自动化框架\auto_test_framework\cases\daxue.py:25 [INFO]: 2023-03-30 19:14:57 >>>>>> 开始执行：
[2023-03-30  19:14:58.172] F:\自动化框架\auto_test_framework\cases\daxue.py:28 [INFO]: 2023-03-30 19:14:57 >>>>>> 执行结束！
[2023-03-30  19:23:43.671] F:\自动化框架\auto_test_framework\cases\daxue.py:25 [INFO]: 2023-03-30 19:23:43 >>>>>> 开始执行：
[2023-03-30  19:23:43.810] F:\自动化框架\auto_test_framework\cases\daxue.py:28 [INFO]: 2023-03-30 19:23:43 >>>>>> 执行结束！
[2023-03-30  19:23:43.812] F:\自动化框架\auto_test_framework\cases\daxue.py:25 [INFO]: 2023-03-30 19:23:43 >>>>>> 开始执行：
[2023-03-30  19:23:43.922] F:\自动化框架\auto_test_framework\cases\daxue.py:28 [INFO]: 2023-03-30 19:23:43 >>>>>> 执行结束！
[2023-03-30  19:23:43.923] F:\自动化框架\auto_test_framework\cases\daxue.py:25 [INFO]: 2023-03-30 19:23:43 >>>>>> 开始执行：
[2023-03-30  19:23:44.012] F:\自动化框架\auto_test_framework\cases\daxue.py:28 [INFO]: 2023-03-30 19:23:43 >>>>>> 执行结束！
[2023-03-30  19:28:49.587] F:\自动化框架\auto_test_framework\cases\daxue.py:25 [INFO]: 2023-03-30 19:28:49 >>>>>> 开始执行：
[2023-03-30  19:28:49.728] F:\自动化框架\auto_test_framework\cases\daxue.py:28 [INFO]: 2023-03-30 19:28:49 >>>>>> 执行结束！
[2023-03-30  19:28:49.731] F:\自动化框架\auto_test_framework\cases\daxue.py:25 [INFO]: 2023-03-30 19:28:49 >>>>>> 开始执行：
[2023-03-30  19:28:49.819] F:\自动化框架\auto_test_framework\cases\daxue.py:28 [INFO]: 2023-03-30 19:28:49 >>>>>> 执行结束！
[2023-03-30  19:28:49.821] F:\自动化框架\auto_test_framework\cases\daxue.py:25 [INFO]: 2023-03-30 19:28:49 >>>>>> 开始执行：
[2023-03-30  19:28:49.910] F:\自动化框架\auto_test_framework\cases\daxue.py:28 [INFO]: 2023-03-30 19:28:49 >>>>>> 执行结束！
[2023-03-30  19:58:16.696] F:\自动化框架\auto_test_framework\utils\get_yml_data.py:67 [ERROR]: 4 validation errors for TestCase
url
  str type expected (type=type_error.str)
content_type
  field required (type=value_error.missing)
title
  field required (type=value_error.missing)
assert_data
  none is not an allowed value (type=type_error.none.not_allowed)
[2023-03-30  19:58:26.196] F:\自动化框架\auto_test_framework\utils\get_yml_data.py:67 [ERROR]: 4 validation errors for TestCase
url
  str type expected (type=type_error.str)
content_type
  field required (type=value_error.missing)
title
  field required (type=value_error.missing)
assert_data
  none is not an allowed value (type=type_error.none.not_allowed)
[2023-03-30  19:58:49.274] F:\自动化框架\auto_test_framework\utils\get_yml_data.py:67 [ERROR]: 4 validation errors for TestCase
url
  str type expected (type=type_error.str)
content_type
  field required (type=value_error.missing)
title
  field required (type=value_error.missing)
assert_data
  none is not an allowed value (type=type_error.none.not_allowed)
[2023-03-30  20:03:00.015] F:\自动化框架\auto_test_framework\utils\get_yml_data.py:64 [ERROR]: 2 validation errors for TestCase
url
  str type expected (type=type_error.str)
content_type
  field required (type=value_error.missing)
[2023-03-30  21:00:50.769] H:\自动化框架\auto_test_framework\utils\get_yml_data.py:64 [ERROR]: 2 validation errors for TestCase
url
  str type expected (type=type_error.str)
content_type
  field required (type=value_error.missing)
[2023-03-30  21:10:40.270] H:\自动化框架\auto_test_framework\utils\get_yml_data.py:64 [ERROR]: 2 validation errors for TestCase
url
  str type expected (type=type_error.str)
content_type
  field required (type=value_error.missing)
[2023-03-30  21:20:05.010] H:\自动化框架\auto_test_framework\utils\get_yml_data.py:69 [ERROR]: 1 validation error for TestCase
content_type
  field required (type=value_error.missing)
[2023-03-30  22:22:10.911] H:\自动化框架\auto_test_framework\cases\daxue.py:25 [INFO]: 2023-03-30 22:22:10 >>>>>> 开始执行：
[2023-03-30  22:22:11.002] H:\自动化框架\auto_test_framework\cases\daxue.py:28 [INFO]: 2023-03-30 22:22:10 >>>>>> 执行结束！
[2023-03-30  22:22:11.004] H:\自动化框架\auto_test_framework\cases\daxue.py:25 [INFO]: 2023-03-30 22:22:10 >>>>>> 开始执行：
[2023-03-30  22:22:11.029] H:\自动化框架\auto_test_framework\cases\daxue.py:28 [INFO]: 2023-03-30 22:22:10 >>>>>> 执行结束！
[2023-03-30  22:22:11.030] H:\自动化框架\auto_test_framework\cases\daxue.py:25 [INFO]: 2023-03-30 22:22:10 >>>>>> 开始执行：
[2023-03-30  22:22:11.052] H:\自动化框架\auto_test_framework\cases\daxue.py:28 [INFO]: 2023-03-30 22:22:10 >>>>>> 执行结束！
[2023-03-30  22:23:33.733] H:\自动化框架\auto_test_framework\cases\daxue.py:27 [INFO]: 2023-03-30 22:23:33 >>>>>> 开始执行：
[2023-03-30  22:23:33.803] H:\自动化框架\auto_test_framework\cases\daxue.py:30 [INFO]: 2023-03-30 22:23:33 >>>>>> 执行结束！
[2023-03-30  22:23:33.806] H:\自动化框架\auto_test_framework\cases\daxue.py:27 [INFO]: 2023-03-30 22:23:33 >>>>>> 开始执行：
[2023-03-30  22:23:33.808] H:\自动化框架\auto_test_framework\cases\daxue.py:30 [INFO]: 2023-03-30 22:23:33 >>>>>> 执行结束！
[2023-03-30  22:23:33.810] H:\自动化框架\auto_test_framework\cases\daxue.py:27 [INFO]: 2023-03-30 22:23:33 >>>>>> 开始执行：
[2023-03-30  22:23:33.813] H:\自动化框架\auto_test_framework\cases\daxue.py:30 [INFO]: 2023-03-30 22:23:33 >>>>>> 执行结束！
[2023-03-30  22:23:33.814] H:\自动化框架\auto_test_framework\cases\daxue.py:27 [INFO]: 2023-03-30 22:23:33 >>>>>> 开始执行：
[2023-03-30  22:23:33.817] H:\自动化框架\auto_test_framework\cases\daxue.py:30 [INFO]: 2023-03-30 22:23:33 >>>>>> 执行结束！
[2023-03-30  22:23:33.818] H:\自动化框架\auto_test_framework\cases\daxue.py:27 [INFO]: 2023-03-30 22:23:33 >>>>>> 开始执行：
[2023-03-30  22:23:33.821] H:\自动化框架\auto_test_framework\cases\daxue.py:30 [INFO]: 2023-03-30 22:23:33 >>>>>> 执行结束！
[2023-03-30  22:23:33.822] H:\自动化框架\auto_test_framework\cases\daxue.py:27 [INFO]: 2023-03-30 22:23:33 >>>>>> 开始执行：
[2023-03-30  22:23:33.825] H:\自动化框架\auto_test_framework\cases\daxue.py:30 [INFO]: 2023-03-30 22:23:33 >>>>>> 执行结束！
[2023-03-30  22:23:33.826] H:\自动化框架\auto_test_framework\cases\daxue.py:27 [INFO]: 2023-03-30 22:23:33 >>>>>> 开始执行：
[2023-03-30  22:23:33.828] H:\自动化框架\auto_test_framework\cases\daxue.py:30 [INFO]: 2023-03-30 22:23:33 >>>>>> 执行结束！
[2023-03-30  22:23:33.829] H:\自动化框架\auto_test_framework\cases\daxue.py:27 [INFO]: 2023-03-30 22:23:33 >>>>>> 开始执行：
[2023-03-30  22:23:33.832] H:\自动化框架\auto_test_framework\cases\daxue.py:30 [INFO]: 2023-03-30 22:23:33 >>>>>> 执行结束！
[2023-03-30  22:23:33.833] H:\自动化框架\auto_test_framework\cases\daxue.py:27 [INFO]: 2023-03-30 22:23:33 >>>>>> 开始执行：
[2023-03-30  22:23:33.836] H:\自动化框架\auto_test_framework\cases\daxue.py:30 [INFO]: 2023-03-30 22:23:33 >>>>>> 执行结束！
[2023-03-30  22:23:33.837] H:\自动化框架\auto_test_framework\cases\daxue.py:27 [INFO]: 2023-03-30 22:23:33 >>>>>> 开始执行：
[2023-03-30  22:23:33.839] H:\自动化框架\auto_test_framework\cases\daxue.py:30 [INFO]: 2023-03-30 22:23:33 >>>>>> 执行结束！
[2023-03-30  22:23:33.841] H:\自动化框架\auto_test_framework\cases\daxue.py:27 [INFO]: 2023-03-30 22:23:33 >>>>>> 开始执行：
[2023-03-30  22:23:33.845] H:\自动化框架\auto_test_framework\cases\daxue.py:30 [INFO]: 2023-03-30 22:23:33 >>>>>> 执行结束！
[2023-03-30  22:23:33.846] H:\自动化框架\auto_test_framework\cases\daxue.py:27 [INFO]: 2023-03-30 22:23:33 >>>>>> 开始执行：
[2023-03-30  22:23:33.849] H:\自动化框架\auto_test_framework\cases\daxue.py:30 [INFO]: 2023-03-30 22:23:33 >>>>>> 执行结束！
[2023-03-30  22:23:33.851] H:\自动化框架\auto_test_framework\cases\daxue.py:27 [INFO]: 2023-03-30 22:23:33 >>>>>> 开始执行：
[2023-03-30  22:23:33.853] H:\自动化框架\auto_test_framework\cases\daxue.py:30 [INFO]: 2023-03-30 22:23:33 >>>>>> 执行结束！
[2023-03-30  22:23:33.855] H:\自动化框架\auto_test_framework\cases\daxue.py:27 [INFO]: 2023-03-30 22:23:33 >>>>>> 开始执行：
[2023-03-30  22:23:33.857] H:\自动化框架\auto_test_framework\cases\daxue.py:30 [INFO]: 2023-03-30 22:23:33 >>>>>> 执行结束！
[2023-03-30  22:23:33.858] H:\自动化框架\auto_test_framework\cases\daxue.py:27 [INFO]: 2023-03-30 22:23:33 >>>>>> 开始执行：
[2023-03-30  22:23:33.862] H:\自动化框架\auto_test_framework\cases\daxue.py:30 [INFO]: 2023-03-30 22:23:33 >>>>>> 执行结束！
[2023-03-30  22:23:33.864] H:\自动化框架\auto_test_framework\cases\daxue.py:27 [INFO]: 2023-03-30 22:23:33 >>>>>> 开始执行：
[2023-03-30  22:23:33.866] H:\自动化框架\auto_test_framework\cases\daxue.py:30 [INFO]: 2023-03-30 22:23:33 >>>>>> 执行结束！
[2023-03-30  22:23:33.868] H:\自动化框架\auto_test_framework\cases\daxue.py:27 [INFO]: 2023-03-30 22:23:33 >>>>>> 开始执行：
[2023-03-30  22:23:33.871] H:\自动化框架\auto_test_framework\cases\daxue.py:30 [INFO]: 2023-03-30 22:23:33 >>>>>> 执行结束！
[2023-03-30  22:23:33.872] H:\自动化框架\auto_test_framework\cases\daxue.py:27 [INFO]: 2023-03-30 22:23:33 >>>>>> 开始执行：
[2023-03-30  22:23:33.875] H:\自动化框架\auto_test_framework\cases\daxue.py:30 [INFO]: 2023-03-30 22:23:33 >>>>>> 执行结束！
[2023-03-30  22:23:33.877] H:\自动化框架\auto_test_framework\cases\daxue.py:27 [INFO]: 2023-03-30 22:23:33 >>>>>> 开始执行：
[2023-03-30  22:23:33.880] H:\自动化框架\auto_test_framework\cases\daxue.py:30 [INFO]: 2023-03-30 22:23:33 >>>>>> 执行结束！
[2023-03-30  22:23:33.881] H:\自动化框架\auto_test_framework\cases\daxue.py:27 [INFO]: 2023-03-30 22:23:33 >>>>>> 开始执行：
[2023-03-30  22:23:33.883] H:\自动化框架\auto_test_framework\cases\daxue.py:30 [INFO]: 2023-03-30 22:23:33 >>>>>> 执行结束！
[2023-03-30  22:23:33.884] H:\自动化框架\auto_test_framework\cases\daxue.py:27 [INFO]: 2023-03-30 22:23:33 >>>>>> 开始执行：
[2023-03-30  22:23:33.888] H:\自动化框架\auto_test_framework\cases\daxue.py:30 [INFO]: 2023-03-30 22:23:33 >>>>>> 执行结束！
[2023-03-30  22:23:33.889] H:\自动化框架\auto_test_framework\cases\daxue.py:27 [INFO]: 2023-03-30 22:23:33 >>>>>> 开始执行：
[2023-03-30  22:23:33.892] H:\自动化框架\auto_test_framework\cases\daxue.py:30 [INFO]: 2023-03-30 22:23:33 >>>>>> 执行结束！
[2023-03-30  22:23:33.893] H:\自动化框架\auto_test_framework\cases\daxue.py:27 [INFO]: 2023-03-30 22:23:33 >>>>>> 开始执行：
[2023-03-30  22:23:33.896] H:\自动化框架\auto_test_framework\cases\daxue.py:30 [INFO]: 2023-03-30 22:23:33 >>>>>> 执行结束！
[2023-03-30  22:23:33.897] H:\自动化框架\auto_test_framework\cases\daxue.py:27 [INFO]: 2023-03-30 22:23:33 >>>>>> 开始执行：
[2023-03-30  22:23:33.899] H:\自动化框架\auto_test_framework\cases\daxue.py:30 [INFO]: 2023-03-30 22:23:33 >>>>>> 执行结束！
[2023-03-30  22:23:33.900] H:\自动化框架\auto_test_framework\cases\daxue.py:27 [INFO]: 2023-03-30 22:23:33 >>>>>> 开始执行：
[2023-03-30  22:23:33.902] H:\自动化框架\auto_test_framework\cases\daxue.py:30 [INFO]: 2023-03-30 22:23:33 >>>>>> 执行结束！
[2023-03-30  22:23:33.903] H:\自动化框架\auto_test_framework\cases\daxue.py:27 [INFO]: 2023-03-30 22:23:33 >>>>>> 开始执行：
[2023-03-30  22:23:33.906] H:\自动化框架\auto_test_framework\cases\daxue.py:30 [INFO]: 2023-03-30 22:23:33 >>>>>> 执行结束！
[2023-03-30  22:23:33.908] H:\自动化框架\auto_test_framework\cases\daxue.py:27 [INFO]: 2023-03-30 22:23:33 >>>>>> 开始执行：
[2023-03-30  22:23:33.911] H:\自动化框架\auto_test_framework\cases\daxue.py:30 [INFO]: 2023-03-30 22:23:33 >>>>>> 执行结束！
[2023-03-30  22:23:33.912] H:\自动化框架\auto_test_framework\cases\daxue.py:27 [INFO]: 2023-03-30 22:23:33 >>>>>> 开始执行：
[2023-03-30  22:23:33.915] H:\自动化框架\auto_test_framework\cases\daxue.py:30 [INFO]: 2023-03-30 22:23:33 >>>>>> 执行结束！
[2023-03-30  22:23:33.916] H:\自动化框架\auto_test_framework\cases\daxue.py:27 [INFO]: 2023-03-30 22:23:33 >>>>>> 开始执行：
[2023-03-30  22:23:33.919] H:\自动化框架\auto_test_framework\cases\daxue.py:30 [INFO]: 2023-03-30 22:23:33 >>>>>> 执行结束！
[2023-03-30  22:23:33.920] H:\自动化框架\auto_test_framework\cases\daxue.py:27 [INFO]: 2023-03-30 22:23:33 >>>>>> 开始执行：
[2023-03-30  22:23:33.922] H:\自动化框架\auto_test_framework\cases\daxue.py:30 [INFO]: 2023-03-30 22:23:33 >>>>>> 执行结束！
[2023-03-30  22:23:33.924] H:\自动化框架\auto_test_framework\cases\daxue.py:27 [INFO]: 2023-03-30 22:23:33 >>>>>> 开始执行：
[2023-03-30  22:23:33.927] H:\自动化框架\auto_test_framework\cases\daxue.py:30 [INFO]: 2023-03-30 22:23:33 >>>>>> 执行结束！
[2023-03-30  22:23:33.928] H:\自动化框架\auto_test_framework\cases\daxue.py:27 [INFO]: 2023-03-30 22:23:33 >>>>>> 开始执行：
[2023-03-30  22:23:33.930] H:\自动化框架\auto_test_framework\cases\daxue.py:30 [INFO]: 2023-03-30 22:23:33 >>>>>> 执行结束！
[2023-03-30  22:23:33.932] H:\自动化框架\auto_test_framework\cases\daxue.py:27 [INFO]: 2023-03-30 22:23:33 >>>>>> 开始执行：
[2023-03-30  22:23:33.933] H:\自动化框架\auto_test_framework\cases\daxue.py:30 [INFO]: 2023-03-30 22:23:33 >>>>>> 执行结束！
[2023-03-30  22:23:33.935] H:\自动化框架\auto_test_framework\cases\daxue.py:27 [INFO]: 2023-03-30 22:23:33 >>>>>> 开始执行：
[2023-03-30  22:23:33.937] H:\自动化框架\auto_test_framework\cases\daxue.py:30 [INFO]: 2023-03-30 22:23:33 >>>>>> 执行结束！
[2023-03-30  22:23:33.939] H:\自动化框架\auto_test_framework\cases\daxue.py:27 [INFO]: 2023-03-30 22:23:33 >>>>>> 开始执行：
[2023-03-30  22:23:33.941] H:\自动化框架\auto_test_framework\cases\daxue.py:30 [INFO]: 2023-03-30 22:23:33 >>>>>> 执行结束！
[2023-03-30  22:23:33.943] H:\自动化框架\auto_test_framework\cases\daxue.py:27 [INFO]: 2023-03-30 22:23:33 >>>>>> 开始执行：
[2023-03-30  22:23:33.946] H:\自动化框架\auto_test_framework\cases\daxue.py:30 [INFO]: 2023-03-30 22:23:33 >>>>>> 执行结束！
[2023-03-30  22:23:33.947] H:\自动化框架\auto_test_framework\cases\daxue.py:27 [INFO]: 2023-03-30 22:23:33 >>>>>> 开始执行：
[2023-03-30  22:23:33.950] H:\自动化框架\auto_test_framework\cases\daxue.py:30 [INFO]: 2023-03-30 22:23:33 >>>>>> 执行结束！
[2023-03-30  22:23:33.951] H:\自动化框架\auto_test_framework\cases\daxue.py:27 [INFO]: 2023-03-30 22:23:33 >>>>>> 开始执行：
[2023-03-30  22:23:33.953] H:\自动化框架\auto_test_framework\cases\daxue.py:30 [INFO]: 2023-03-30 22:23:33 >>>>>> 执行结束！
[2023-03-30  22:23:33.955] H:\自动化框架\auto_test_framework\cases\daxue.py:27 [INFO]: 2023-03-30 22:23:33 >>>>>> 开始执行：
[2023-03-30  22:23:33.958] H:\自动化框架\auto_test_framework\cases\daxue.py:30 [INFO]: 2023-03-30 22:23:33 >>>>>> 执行结束！
[2023-03-30  22:23:33.959] H:\自动化框架\auto_test_framework\cases\daxue.py:27 [INFO]: 2023-03-30 22:23:33 >>>>>> 开始执行：
[2023-03-30  22:23:33.961] H:\自动化框架\auto_test_framework\cases\daxue.py:30 [INFO]: 2023-03-30 22:23:33 >>>>>> 执行结束！
[2023-03-30  22:23:33.962] H:\自动化框架\auto_test_framework\cases\daxue.py:27 [INFO]: 2023-03-30 22:23:33 >>>>>> 开始执行：
[2023-03-30  22:23:33.966] H:\自动化框架\auto_test_framework\cases\daxue.py:30 [INFO]: 2023-03-30 22:23:33 >>>>>> 执行结束！
[2023-03-30  22:23:33.967] H:\自动化框架\auto_test_framework\cases\daxue.py:27 [INFO]: 2023-03-30 22:23:33 >>>>>> 开始执行：
[2023-03-30  22:23:33.970] H:\自动化框架\auto_test_framework\cases\daxue.py:30 [INFO]: 2023-03-30 22:23:33 >>>>>> 执行结束！
[2023-03-30  22:23:33.971] H:\自动化框架\auto_test_framework\cases\daxue.py:27 [INFO]: 2023-03-30 22:23:33 >>>>>> 开始执行：
[2023-03-30  22:23:33.974] H:\自动化框架\auto_test_framework\cases\daxue.py:30 [INFO]: 2023-03-30 22:23:33 >>>>>> 执行结束！
[2023-03-30  22:23:33.975] H:\自动化框架\auto_test_framework\cases\daxue.py:27 [INFO]: 2023-03-30 22:23:33 >>>>>> 开始执行：
[2023-03-30  22:23:33.977] H:\自动化框架\auto_test_framework\cases\daxue.py:30 [INFO]: 2023-03-30 22:23:33 >>>>>> 执行结束！
[2023-03-30  22:23:33.978] H:\自动化框架\auto_test_framework\cases\daxue.py:27 [INFO]: 2023-03-30 22:23:33 >>>>>> 开始执行：
[2023-03-30  22:23:33.981] H:\自动化框架\auto_test_framework\cases\daxue.py:30 [INFO]: 2023-03-30 22:23:33 >>>>>> 执行结束！
[2023-03-30  22:23:33.982] H:\自动化框架\auto_test_framework\cases\daxue.py:27 [INFO]: 2023-03-30 22:23:33 >>>>>> 开始执行：
[2023-03-30  22:23:33.984] H:\自动化框架\auto_test_framework\cases\daxue.py:30 [INFO]: 2023-03-30 22:23:33 >>>>>> 执行结束！
[2023-03-30  22:23:33.985] H:\自动化框架\auto_test_framework\cases\daxue.py:27 [INFO]: 2023-03-30 22:23:33 >>>>>> 开始执行：
[2023-03-30  22:23:33.988] H:\自动化框架\auto_test_framework\cases\daxue.py:30 [INFO]: 2023-03-30 22:23:33 >>>>>> 执行结束！
[2023-03-30  22:23:33.989] H:\自动化框架\auto_test_framework\cases\daxue.py:27 [INFO]: 2023-03-30 22:23:33 >>>>>> 开始执行：
[2023-03-30  22:23:33.992] H:\自动化框架\auto_test_framework\cases\daxue.py:30 [INFO]: 2023-03-30 22:23:33 >>>>>> 执行结束！
[2023-03-30  22:23:33.993] H:\自动化框架\auto_test_framework\cases\daxue.py:27 [INFO]: 2023-03-30 22:23:33 >>>>>> 开始执行：
[2023-03-30  22:23:33.996] H:\自动化框架\auto_test_framework\cases\daxue.py:30 [INFO]: 2023-03-30 22:23:33 >>>>>> 执行结束！
[2023-03-30  22:23:33.996] H:\自动化框架\auto_test_framework\cases\daxue.py:27 [INFO]: 2023-03-30 22:23:33 >>>>>> 开始执行：
[2023-03-30  22:23:33.999] H:\自动化框架\auto_test_framework\cases\daxue.py:30 [INFO]: 2023-03-30 22:23:33 >>>>>> 执行结束！
[2023-03-30  22:23:34.000] H:\自动化框架\auto_test_framework\cases\daxue.py:27 [INFO]: 2023-03-30 22:23:33 >>>>>> 开始执行：
[2023-03-30  22:23:34.003] H:\自动化框架\auto_test_framework\cases\daxue.py:30 [INFO]: 2023-03-30 22:23:33 >>>>>> 执行结束！
[2023-03-30  22:23:34.004] H:\自动化框架\auto_test_framework\cases\daxue.py:27 [INFO]: 2023-03-30 22:23:33 >>>>>> 开始执行：
[2023-03-30  22:23:34.007] H:\自动化框架\auto_test_framework\cases\daxue.py:30 [INFO]: 2023-03-30 22:23:33 >>>>>> 执行结束！
[2023-03-30  22:23:34.008] H:\自动化框架\auto_test_framework\cases\daxue.py:27 [INFO]: 2023-03-30 22:23:33 >>>>>> 开始执行：
[2023-03-30  22:23:34.011] H:\自动化框架\auto_test_framework\cases\daxue.py:30 [INFO]: 2023-03-30 22:23:33 >>>>>> 执行结束！
[2023-03-30  22:23:34.012] H:\自动化框架\auto_test_framework\cases\daxue.py:27 [INFO]: 2023-03-30 22:23:33 >>>>>> 开始执行：
[2023-03-30  22:23:34.015] H:\自动化框架\auto_test_framework\cases\daxue.py:30 [INFO]: 2023-03-30 22:23:33 >>>>>> 执行结束！
[2023-03-30  22:23:34.017] H:\自动化框架\auto_test_framework\cases\daxue.py:27 [INFO]: 2023-03-30 22:23:33 >>>>>> 开始执行：
[2023-03-30  22:23:34.020] H:\自动化框架\auto_test_framework\cases\daxue.py:30 [INFO]: 2023-03-30 22:23:33 >>>>>> 执行结束！
[2023-03-30  22:23:34.021] H:\自动化框架\auto_test_framework\cases\daxue.py:27 [INFO]: 2023-03-30 22:23:33 >>>>>> 开始执行：
[2023-03-30  22:23:34.024] H:\自动化框架\auto_test_framework\cases\daxue.py:30 [INFO]: 2023-03-30 22:23:33 >>>>>> 执行结束！
[2023-03-30  22:23:34.025] H:\自动化框架\auto_test_framework\cases\daxue.py:27 [INFO]: 2023-03-30 22:23:33 >>>>>> 开始执行：
[2023-03-30  22:23:34.028] H:\自动化框架\auto_test_framework\cases\daxue.py:30 [INFO]: 2023-03-30 22:23:33 >>>>>> 执行结束！
[2023-03-30  22:23:34.029] H:\自动化框架\auto_test_framework\cases\daxue.py:27 [INFO]: 2023-03-30 22:23:33 >>>>>> 开始执行：
[2023-03-30  22:23:34.031] H:\自动化框架\auto_test_framework\cases\daxue.py:30 [INFO]: 2023-03-30 22:23:33 >>>>>> 执行结束！
[2023-03-30  22:23:34.032] H:\自动化框架\auto_test_framework\cases\daxue.py:27 [INFO]: 2023-03-30 22:23:33 >>>>>> 开始执行：
[2023-03-30  22:23:34.035] H:\自动化框架\auto_test_framework\cases\daxue.py:30 [INFO]: 2023-03-30 22:23:33 >>>>>> 执行结束！
[2023-03-30  22:23:34.036] H:\自动化框架\auto_test_framework\cases\daxue.py:27 [INFO]: 2023-03-30 22:23:33 >>>>>> 开始执行：
[2023-03-30  22:23:34.038] H:\自动化框架\auto_test_framework\cases\daxue.py:30 [INFO]: 2023-03-30 22:23:33 >>>>>> 执行结束！
[2023-03-30  22:23:34.039] H:\自动化框架\auto_test_framework\cases\daxue.py:27 [INFO]: 2023-03-30 22:23:33 >>>>>> 开始执行：
[2023-03-30  22:23:34.041] H:\自动化框架\auto_test_framework\cases\daxue.py:30 [INFO]: 2023-03-30 22:23:33 >>>>>> 执行结束！
[2023-03-30  22:23:34.043] H:\自动化框架\auto_test_framework\cases\daxue.py:27 [INFO]: 2023-03-30 22:23:33 >>>>>> 开始执行：
[2023-03-30  22:23:34.046] H:\自动化框架\auto_test_framework\cases\daxue.py:30 [INFO]: 2023-03-30 22:23:33 >>>>>> 执行结束！
[2023-03-30  22:23:34.047] H:\自动化框架\auto_test_framework\cases\daxue.py:27 [INFO]: 2023-03-30 22:23:33 >>>>>> 开始执行：
[2023-03-30  22:23:34.050] H:\自动化框架\auto_test_framework\cases\daxue.py:30 [INFO]: 2023-03-30 22:23:33 >>>>>> 执行结束！
[2023-03-30  22:23:34.051] H:\自动化框架\auto_test_framework\cases\daxue.py:27 [INFO]: 2023-03-30 22:23:33 >>>>>> 开始执行：
[2023-03-30  22:23:34.053] H:\自动化框架\auto_test_framework\cases\daxue.py:30 [INFO]: 2023-03-30 22:23:33 >>>>>> 执行结束！
[2023-03-30  22:23:34.054] H:\自动化框架\auto_test_framework\cases\daxue.py:27 [INFO]: 2023-03-30 22:23:33 >>>>>> 开始执行：
[2023-03-30  22:23:34.057] H:\自动化框架\auto_test_framework\cases\daxue.py:30 [INFO]: 2023-03-30 22:23:33 >>>>>> 执行结束！
[2023-03-30  22:23:34.058] H:\自动化框架\auto_test_framework\cases\daxue.py:27 [INFO]: 2023-03-30 22:23:33 >>>>>> 开始执行：
[2023-03-30  22:23:34.061] H:\自动化框架\auto_test_framework\cases\daxue.py:30 [INFO]: 2023-03-30 22:23:33 >>>>>> 执行结束！
[2023-03-30  22:23:34.062] H:\自动化框架\auto_test_framework\cases\daxue.py:27 [INFO]: 2023-03-30 22:23:33 >>>>>> 开始执行：
[2023-03-30  22:23:34.064] H:\自动化框架\auto_test_framework\cases\daxue.py:30 [INFO]: 2023-03-30 22:23:33 >>>>>> 执行结束！
[2023-03-30  22:23:34.065] H:\自动化框架\auto_test_framework\cases\daxue.py:27 [INFO]: 2023-03-30 22:23:33 >>>>>> 开始执行：
[2023-03-30  22:23:34.067] H:\自动化框架\auto_test_framework\cases\daxue.py:30 [INFO]: 2023-03-30 22:23:33 >>>>>> 执行结束！
[2023-03-30  22:23:34.068] H:\自动化框架\auto_test_framework\cases\daxue.py:27 [INFO]: 2023-03-30 22:23:33 >>>>>> 开始执行：
[2023-03-30  22:23:34.071] H:\自动化框架\auto_test_framework\cases\daxue.py:30 [INFO]: 2023-03-30 22:23:33 >>>>>> 执行结束！
[2023-03-30  22:23:34.072] H:\自动化框架\auto_test_framework\cases\daxue.py:27 [INFO]: 2023-03-30 22:23:33 >>>>>> 开始执行：
[2023-03-30  22:23:34.075] H:\自动化框架\auto_test_framework\cases\daxue.py:30 [INFO]: 2023-03-30 22:23:33 >>>>>> 执行结束！
[2023-03-30  22:23:34.076] H:\自动化框架\auto_test_framework\cases\daxue.py:27 [INFO]: 2023-03-30 22:23:33 >>>>>> 开始执行：
[2023-03-30  22:23:34.079] H:\自动化框架\auto_test_framework\cases\daxue.py:30 [INFO]: 2023-03-30 22:23:33 >>>>>> 执行结束！
[2023-03-30  22:23:34.080] H:\自动化框架\auto_test_framework\cases\daxue.py:27 [INFO]: 2023-03-30 22:23:33 >>>>>> 开始执行：
[2023-03-30  22:23:34.083] H:\自动化框架\auto_test_framework\cases\daxue.py:30 [INFO]: 2023-03-30 22:23:33 >>>>>> 执行结束！
[2023-03-30  22:23:34.083] H:\自动化框架\auto_test_framework\cases\daxue.py:27 [INFO]: 2023-03-30 22:23:33 >>>>>> 开始执行：
[2023-03-30  22:23:34.086] H:\自动化框架\auto_test_framework\cases\daxue.py:30 [INFO]: 2023-03-30 22:23:33 >>>>>> 执行结束！
[2023-03-30  22:23:34.087] H:\自动化框架\auto_test_framework\cases\daxue.py:27 [INFO]: 2023-03-30 22:23:33 >>>>>> 开始执行：
[2023-03-30  22:23:34.089] H:\自动化框架\auto_test_framework\cases\daxue.py:30 [INFO]: 2023-03-30 22:23:33 >>>>>> 执行结束！
[2023-03-30  22:23:34.090] H:\自动化框架\auto_test_framework\cases\daxue.py:27 [INFO]: 2023-03-30 22:23:33 >>>>>> 开始执行：
[2023-03-30  22:23:34.094] H:\自动化框架\auto_test_framework\cases\daxue.py:30 [INFO]: 2023-03-30 22:23:33 >>>>>> 执行结束！
[2023-03-30  22:23:34.095] H:\自动化框架\auto_test_framework\cases\daxue.py:27 [INFO]: 2023-03-30 22:23:33 >>>>>> 开始执行：
[2023-03-30  22:23:34.098] H:\自动化框架\auto_test_framework\cases\daxue.py:30 [INFO]: 2023-03-30 22:23:33 >>>>>> 执行结束！
[2023-03-30  22:23:34.099] H:\自动化框架\auto_test_framework\cases\daxue.py:27 [INFO]: 2023-03-30 22:23:33 >>>>>> 开始执行：
[2023-03-30  22:23:34.101] H:\自动化框架\auto_test_framework\cases\daxue.py:30 [INFO]: 2023-03-30 22:23:33 >>>>>> 执行结束！
[2023-03-30  22:23:34.102] H:\自动化框架\auto_test_framework\cases\daxue.py:27 [INFO]: 2023-03-30 22:23:33 >>>>>> 开始执行：
[2023-03-30  22:23:34.103] H:\自动化框架\auto_test_framework\cases\daxue.py:30 [INFO]: 2023-03-30 22:23:33 >>>>>> 执行结束！
[2023-03-30  22:23:34.105] H:\自动化框架\auto_test_framework\cases\daxue.py:27 [INFO]: 2023-03-30 22:23:33 >>>>>> 开始执行：
[2023-03-30  22:23:34.108] H:\自动化框架\auto_test_framework\cases\daxue.py:30 [INFO]: 2023-03-30 22:23:33 >>>>>> 执行结束！
[2023-03-30  22:23:34.109] H:\自动化框架\auto_test_framework\cases\daxue.py:27 [INFO]: 2023-03-30 22:23:33 >>>>>> 开始执行：
[2023-03-30  22:23:34.113] H:\自动化框架\auto_test_framework\cases\daxue.py:30 [INFO]: 2023-03-30 22:23:33 >>>>>> 执行结束！
[2023-03-30  22:23:34.114] H:\自动化框架\auto_test_framework\cases\daxue.py:27 [INFO]: 2023-03-30 22:23:33 >>>>>> 开始执行：
[2023-03-30  22:23:34.116] H:\自动化框架\auto_test_framework\cases\daxue.py:30 [INFO]: 2023-03-30 22:23:33 >>>>>> 执行结束！
[2023-03-30  22:23:34.118] H:\自动化框架\auto_test_framework\cases\daxue.py:27 [INFO]: 2023-03-30 22:23:33 >>>>>> 开始执行：
[2023-03-30  22:23:34.120] H:\自动化框架\auto_test_framework\cases\daxue.py:30 [INFO]: 2023-03-30 22:23:33 >>>>>> 执行结束！
[2023-03-30  22:23:34.121] H:\自动化框架\auto_test_framework\cases\daxue.py:27 [INFO]: 2023-03-30 22:23:33 >>>>>> 开始执行：
[2023-03-30  22:23:34.124] H:\自动化框架\auto_test_framework\cases\daxue.py:30 [INFO]: 2023-03-30 22:23:33 >>>>>> 执行结束！
[2023-03-30  22:23:34.125] H:\自动化框架\auto_test_framework\cases\daxue.py:27 [INFO]: 2023-03-30 22:23:33 >>>>>> 开始执行：
[2023-03-30  22:23:34.129] H:\自动化框架\auto_test_framework\cases\daxue.py:30 [INFO]: 2023-03-30 22:23:33 >>>>>> 执行结束！
[2023-03-30  22:23:34.130] H:\自动化框架\auto_test_framework\cases\daxue.py:27 [INFO]: 2023-03-30 22:23:33 >>>>>> 开始执行：
[2023-03-30  22:23:34.133] H:\自动化框架\auto_test_framework\cases\daxue.py:30 [INFO]: 2023-03-30 22:23:33 >>>>>> 执行结束！
[2023-03-30  22:23:34.134] H:\自动化框架\auto_test_framework\cases\daxue.py:27 [INFO]: 2023-03-30 22:23:33 >>>>>> 开始执行：
[2023-03-30  22:23:34.137] H:\自动化框架\auto_test_framework\cases\daxue.py:30 [INFO]: 2023-03-30 22:23:33 >>>>>> 执行结束！
[2023-03-30  22:23:34.137] H:\自动化框架\auto_test_framework\cases\daxue.py:27 [INFO]: 2023-03-30 22:23:33 >>>>>> 开始执行：
[2023-03-30  22:23:34.140] H:\自动化框架\auto_test_framework\cases\daxue.py:30 [INFO]: 2023-03-30 22:23:33 >>>>>> 执行结束！
[2023-03-30  22:23:34.141] H:\自动化框架\auto_test_framework\cases\daxue.py:27 [INFO]: 2023-03-30 22:23:33 >>>>>> 开始执行：
[2023-03-30  22:23:34.144] H:\自动化框架\auto_test_framework\cases\daxue.py:30 [INFO]: 2023-03-30 22:23:33 >>>>>> 执行结束！
[2023-03-30  22:23:34.145] H:\自动化框架\auto_test_framework\cases\daxue.py:27 [INFO]: 2023-03-30 22:23:33 >>>>>> 开始执行：
[2023-03-30  22:23:34.147] H:\自动化框架\auto_test_framework\cases\daxue.py:30 [INFO]: 2023-03-30 22:23:33 >>>>>> 执行结束！
[2023-03-30  22:23:34.148] H:\自动化框架\auto_test_framework\cases\daxue.py:27 [INFO]: 2023-03-30 22:23:33 >>>>>> 开始执行：
[2023-03-30  22:23:34.152] H:\自动化框架\auto_test_framework\cases\daxue.py:30 [INFO]: 2023-03-30 22:23:33 >>>>>> 执行结束！
[2023-03-30  22:23:34.152] H:\自动化框架\auto_test_framework\cases\daxue.py:27 [INFO]: 2023-03-30 22:23:33 >>>>>> 开始执行：
[2023-03-30  22:23:34.157] H:\自动化框架\auto_test_framework\cases\daxue.py:30 [INFO]: 2023-03-30 22:23:33 >>>>>> 执行结束！
[2023-03-30  22:23:34.158] H:\自动化框架\auto_test_framework\cases\daxue.py:27 [INFO]: 2023-03-30 22:23:33 >>>>>> 开始执行：
[2023-03-30  22:23:34.162] H:\自动化框架\auto_test_framework\cases\daxue.py:30 [INFO]: 2023-03-30 22:23:33 >>>>>> 执行结束！
[2023-03-30  22:23:34.163] H:\自动化框架\auto_test_framework\cases\daxue.py:27 [INFO]: 2023-03-30 22:23:33 >>>>>> 开始执行：
[2023-03-30  22:23:34.168] H:\自动化框架\auto_test_framework\cases\daxue.py:30 [INFO]: 2023-03-30 22:23:33 >>>>>> 执行结束！
[2023-03-30  22:23:34.169] H:\自动化框架\auto_test_framework\cases\daxue.py:27 [INFO]: 2023-03-30 22:23:33 >>>>>> 开始执行：
[2023-03-30  22:23:34.173] H:\自动化框架\auto_test_framework\cases\daxue.py:30 [INFO]: 2023-03-30 22:23:33 >>>>>> 执行结束！
[2023-03-30  22:23:34.174] H:\自动化框架\auto_test_framework\cases\daxue.py:27 [INFO]: 2023-03-30 22:23:33 >>>>>> 开始执行：
[2023-03-30  22:23:34.177] H:\自动化框架\auto_test_framework\cases\daxue.py:30 [INFO]: 2023-03-30 22:23:33 >>>>>> 执行结束！
[2023-03-30  22:23:34.179] H:\自动化框架\auto_test_framework\cases\daxue.py:27 [INFO]: 2023-03-30 22:23:33 >>>>>> 开始执行：
[2023-03-30  22:23:34.188] H:\自动化框架\auto_test_framework\cases\daxue.py:30 [INFO]: 2023-03-30 22:23:33 >>>>>> 执行结束！
[2023-03-30  22:23:34.189] H:\自动化框架\auto_test_framework\cases\daxue.py:27 [INFO]: 2023-03-30 22:23:33 >>>>>> 开始执行：
[2023-03-30  22:23:34.192] H:\自动化框架\auto_test_framework\cases\daxue.py:30 [INFO]: 2023-03-30 22:23:33 >>>>>> 执行结束！
[2023-03-30  22:23:34.193] H:\自动化框架\auto_test_framework\cases\daxue.py:27 [INFO]: 2023-03-30 22:23:33 >>>>>> 开始执行：
[2023-03-30  22:23:34.196] H:\自动化框架\auto_test_framework\cases\daxue.py:30 [INFO]: 2023-03-30 22:23:33 >>>>>> 执行结束！
[2023-03-30  22:23:34.197] H:\自动化框架\auto_test_framework\cases\daxue.py:27 [INFO]: 2023-03-30 22:23:33 >>>>>> 开始执行：
[2023-03-30  22:23:34.200] H:\自动化框架\auto_test_framework\cases\daxue.py:30 [INFO]: 2023-03-30 22:23:33 >>>>>> 执行结束！
[2023-03-30  22:23:34.201] H:\自动化框架\auto_test_framework\cases\daxue.py:27 [INFO]: 2023-03-30 22:23:33 >>>>>> 开始执行：
[2023-03-30  22:23:34.203] H:\自动化框架\auto_test_framework\cases\daxue.py:30 [INFO]: 2023-03-30 22:23:33 >>>>>> 执行结束！
[2023-03-30  22:23:34.204] H:\自动化框架\auto_test_framework\cases\daxue.py:27 [INFO]: 2023-03-30 22:23:33 >>>>>> 开始执行：
[2023-03-30  22:23:34.206] H:\自动化框架\auto_test_framework\cases\daxue.py:30 [INFO]: 2023-03-30 22:23:33 >>>>>> 执行结束！
[2023-03-30  22:23:34.207] H:\自动化框架\auto_test_framework\cases\daxue.py:27 [INFO]: 2023-03-30 22:23:33 >>>>>> 开始执行：
[2023-03-30  22:23:34.210] H:\自动化框架\auto_test_framework\cases\daxue.py:30 [INFO]: 2023-03-30 22:23:33 >>>>>> 执行结束！
[2023-03-30  22:23:34.211] H:\自动化框架\auto_test_framework\cases\daxue.py:27 [INFO]: 2023-03-30 22:23:33 >>>>>> 开始执行：
[2023-03-30  22:23:34.213] H:\自动化框架\auto_test_framework\cases\daxue.py:30 [INFO]: 2023-03-30 22:23:33 >>>>>> 执行结束！
[2023-03-30  22:23:34.214] H:\自动化框架\auto_test_framework\cases\daxue.py:27 [INFO]: 2023-03-30 22:23:33 >>>>>> 开始执行：
[2023-03-30  22:23:34.216] H:\自动化框架\auto_test_framework\cases\daxue.py:30 [INFO]: 2023-03-30 22:23:33 >>>>>> 执行结束！
[2023-03-30  22:23:34.217] H:\自动化框架\auto_test_framework\cases\daxue.py:27 [INFO]: 2023-03-30 22:23:33 >>>>>> 开始执行：
[2023-03-30  22:23:34.219] H:\自动化框架\auto_test_framework\cases\daxue.py:30 [INFO]: 2023-03-30 22:23:33 >>>>>> 执行结束！
[2023-03-30  22:23:34.220] H:\自动化框架\auto_test_framework\cases\daxue.py:27 [INFO]: 2023-03-30 22:23:33 >>>>>> 开始执行：
[2023-03-30  22:23:34.223] H:\自动化框架\auto_test_framework\cases\daxue.py:30 [INFO]: 2023-03-30 22:23:33 >>>>>> 执行结束！
[2023-03-30  22:23:34.224] H:\自动化框架\auto_test_framework\cases\daxue.py:27 [INFO]: 2023-03-30 22:23:33 >>>>>> 开始执行：
[2023-03-30  22:23:34.226] H:\自动化框架\auto_test_framework\cases\daxue.py:30 [INFO]: 2023-03-30 22:23:33 >>>>>> 执行结束！
[2023-03-30  22:23:34.227] H:\自动化框架\auto_test_framework\cases\daxue.py:27 [INFO]: 2023-03-30 22:23:33 >>>>>> 开始执行：
[2023-03-30  22:23:34.229] H:\自动化框架\auto_test_framework\cases\daxue.py:30 [INFO]: 2023-03-30 22:23:33 >>>>>> 执行结束！
[2023-03-30  22:23:34.230] H:\自动化框架\auto_test_framework\cases\daxue.py:27 [INFO]: 2023-03-30 22:23:33 >>>>>> 开始执行：
[2023-03-30  22:23:34.233] H:\自动化框架\auto_test_framework\cases\daxue.py:30 [INFO]: 2023-03-30 22:23:33 >>>>>> 执行结束！
[2023-03-30  22:23:34.234] H:\自动化框架\auto_test_framework\cases\daxue.py:27 [INFO]: 2023-03-30 22:23:33 >>>>>> 开始执行：
[2023-03-30  22:23:34.236] H:\自动化框架\auto_test_framework\cases\daxue.py:30 [INFO]: 2023-03-30 22:23:33 >>>>>> 执行结束！
[2023-03-30  22:23:34.237] H:\自动化框架\auto_test_framework\cases\daxue.py:27 [INFO]: 2023-03-30 22:23:33 >>>>>> 开始执行：
[2023-03-30  22:23:34.240] H:\自动化框架\auto_test_framework\cases\daxue.py:30 [INFO]: 2023-03-30 22:23:33 >>>>>> 执行结束！
[2023-03-30  22:23:34.240] H:\自动化框架\auto_test_framework\cases\daxue.py:27 [INFO]: 2023-03-30 22:23:33 >>>>>> 开始执行：
[2023-03-30  22:23:34.243] H:\自动化框架\auto_test_framework\cases\daxue.py:30 [INFO]: 2023-03-30 22:23:33 >>>>>> 执行结束！
[2023-03-30  22:23:34.244] H:\自动化框架\auto_test_framework\cases\daxue.py:27 [INFO]: 2023-03-30 22:23:33 >>>>>> 开始执行：
[2023-03-30  22:23:34.246] H:\自动化框架\auto_test_framework\cases\daxue.py:30 [INFO]: 2023-03-30 22:23:33 >>>>>> 执行结束！
[2023-03-30  22:23:34.247] H:\自动化框架\auto_test_framework\cases\daxue.py:27 [INFO]: 2023-03-30 22:23:33 >>>>>> 开始执行：
[2023-03-30  22:23:34.250] H:\自动化框架\auto_test_framework\cases\daxue.py:30 [INFO]: 2023-03-30 22:23:33 >>>>>> 执行结束！
[2023-03-30  22:23:34.250] H:\自动化框架\auto_test_framework\cases\daxue.py:27 [INFO]: 2023-03-30 22:23:33 >>>>>> 开始执行：
[2023-03-30  22:23:34.253] H:\自动化框架\auto_test_framework\cases\daxue.py:30 [INFO]: 2023-03-30 22:23:33 >>>>>> 执行结束！
[2023-03-30  22:23:34.254] H:\自动化框架\auto_test_framework\cases\daxue.py:27 [INFO]: 2023-03-30 22:23:33 >>>>>> 开始执行：
[2023-03-30  22:23:34.257] H:\自动化框架\auto_test_framework\cases\daxue.py:30 [INFO]: 2023-03-30 22:23:33 >>>>>> 执行结束！
[2023-03-30  22:23:34.258] H:\自动化框架\auto_test_framework\cases\daxue.py:27 [INFO]: 2023-03-30 22:23:33 >>>>>> 开始执行：
[2023-03-30  22:23:34.260] H:\自动化框架\auto_test_framework\cases\daxue.py:30 [INFO]: 2023-03-30 22:23:33 >>>>>> 执行结束！
[2023-03-30  22:23:34.261] H:\自动化框架\auto_test_framework\cases\daxue.py:27 [INFO]: 2023-03-30 22:23:33 >>>>>> 开始执行：
[2023-03-30  22:23:34.263] H:\自动化框架\auto_test_framework\cases\daxue.py:30 [INFO]: 2023-03-30 22:23:33 >>>>>> 执行结束！
[2023-03-30  22:23:34.265] H:\自动化框架\auto_test_framework\cases\daxue.py:27 [INFO]: 2023-03-30 22:23:33 >>>>>> 开始执行：
[2023-03-30  22:23:34.267] H:\自动化框架\auto_test_framework\cases\daxue.py:30 [INFO]: 2023-03-30 22:23:33 >>>>>> 执行结束！
[2023-03-30  22:23:34.268] H:\自动化框架\auto_test_framework\cases\daxue.py:27 [INFO]: 2023-03-30 22:23:33 >>>>>> 开始执行：
[2023-03-30  22:23:34.271] H:\自动化框架\auto_test_framework\cases\daxue.py:30 [INFO]: 2023-03-30 22:23:33 >>>>>> 执行结束！
[2023-03-30  22:23:34.272] H:\自动化框架\auto_test_framework\cases\daxue.py:27 [INFO]: 2023-03-30 22:23:33 >>>>>> 开始执行：
[2023-03-30  22:23:34.274] H:\自动化框架\auto_test_framework\cases\daxue.py:30 [INFO]: 2023-03-30 22:23:33 >>>>>> 执行结束！
[2023-03-30  22:23:34.276] H:\自动化框架\auto_test_framework\cases\daxue.py:27 [INFO]: 2023-03-30 22:23:33 >>>>>> 开始执行：
[2023-03-30  22:23:34.278] H:\自动化框架\auto_test_framework\cases\daxue.py:30 [INFO]: 2023-03-30 22:23:33 >>>>>> 执行结束！
[2023-03-30  22:23:34.280] H:\自动化框架\auto_test_framework\cases\daxue.py:27 [INFO]: 2023-03-30 22:23:33 >>>>>> 开始执行：
[2023-03-30  22:23:34.283] H:\自动化框架\auto_test_framework\cases\daxue.py:30 [INFO]: 2023-03-30 22:23:33 >>>>>> 执行结束！
[2023-03-30  22:23:34.284] H:\自动化框架\auto_test_framework\cases\daxue.py:27 [INFO]: 2023-03-30 22:23:33 >>>>>> 开始执行：
[2023-03-30  22:23:34.287] H:\自动化框架\auto_test_framework\cases\daxue.py:30 [INFO]: 2023-03-30 22:23:33 >>>>>> 执行结束！
[2023-03-30  22:23:34.288] H:\自动化框架\auto_test_framework\cases\daxue.py:27 [INFO]: 2023-03-30 22:23:33 >>>>>> 开始执行：
[2023-03-30  22:23:34.291] H:\自动化框架\auto_test_framework\cases\daxue.py:30 [INFO]: 2023-03-30 22:23:33 >>>>>> 执行结束！
[2023-03-30  22:23:34.292] H:\自动化框架\auto_test_framework\cases\daxue.py:27 [INFO]: 2023-03-30 22:23:33 >>>>>> 开始执行：
[2023-03-30  22:23:34.294] H:\自动化框架\auto_test_framework\cases\daxue.py:30 [INFO]: 2023-03-30 22:23:33 >>>>>> 执行结束！
[2023-03-30  22:23:34.295] H:\自动化框架\auto_test_framework\cases\daxue.py:27 [INFO]: 2023-03-30 22:23:33 >>>>>> 开始执行：
[2023-03-30  22:23:34.299] H:\自动化框架\auto_test_framework\cases\daxue.py:30 [INFO]: 2023-03-30 22:23:33 >>>>>> 执行结束！
[2023-03-30  22:23:34.299] H:\自动化框架\auto_test_framework\cases\daxue.py:27 [INFO]: 2023-03-30 22:23:33 >>>>>> 开始执行：
[2023-03-30  22:23:34.302] H:\自动化框架\auto_test_framework\cases\daxue.py:30 [INFO]: 2023-03-30 22:23:33 >>>>>> 执行结束！
[2023-03-30  22:23:34.303] H:\自动化框架\auto_test_framework\cases\daxue.py:27 [INFO]: 2023-03-30 22:23:33 >>>>>> 开始执行：
[2023-03-30  22:23:34.306] H:\自动化框架\auto_test_framework\cases\daxue.py:30 [INFO]: 2023-03-30 22:23:33 >>>>>> 执行结束！
[2023-03-30  22:23:34.307] H:\自动化框架\auto_test_framework\cases\daxue.py:27 [INFO]: 2023-03-30 22:23:33 >>>>>> 开始执行：
[2023-03-30  22:23:34.309] H:\自动化框架\auto_test_framework\cases\daxue.py:30 [INFO]: 2023-03-30 22:23:33 >>>>>> 执行结束！
[2023-03-30  22:23:34.310] H:\自动化框架\auto_test_framework\cases\daxue.py:27 [INFO]: 2023-03-30 22:23:33 >>>>>> 开始执行：
[2023-03-30  22:23:34.312] H:\自动化框架\auto_test_framework\cases\daxue.py:30 [INFO]: 2023-03-30 22:23:33 >>>>>> 执行结束！
[2023-03-30  22:23:34.313] H:\自动化框架\auto_test_framework\cases\daxue.py:27 [INFO]: 2023-03-30 22:23:33 >>>>>> 开始执行：
[2023-03-30  22:23:34.317] H:\自动化框架\auto_test_framework\cases\daxue.py:30 [INFO]: 2023-03-30 22:23:33 >>>>>> 执行结束！
[2023-03-30  22:23:34.318] H:\自动化框架\auto_test_framework\cases\daxue.py:27 [INFO]: 2023-03-30 22:23:33 >>>>>> 开始执行：
[2023-03-30  22:23:34.320] H:\自动化框架\auto_test_framework\cases\daxue.py:30 [INFO]: 2023-03-30 22:23:33 >>>>>> 执行结束！
[2023-03-30  22:23:34.321] H:\自动化框架\auto_test_framework\cases\daxue.py:27 [INFO]: 2023-03-30 22:23:33 >>>>>> 开始执行：
[2023-03-30  22:23:34.323] H:\自动化框架\auto_test_framework\cases\daxue.py:30 [INFO]: 2023-03-30 22:23:33 >>>>>> 执行结束！
[2023-03-30  22:23:34.325] H:\自动化框架\auto_test_framework\cases\daxue.py:27 [INFO]: 2023-03-30 22:23:33 >>>>>> 开始执行：
[2023-03-30  22:23:34.327] H:\自动化框架\auto_test_framework\cases\daxue.py:30 [INFO]: 2023-03-30 22:23:33 >>>>>> 执行结束！
[2023-03-30  22:23:34.328] H:\自动化框架\auto_test_framework\cases\daxue.py:27 [INFO]: 2023-03-30 22:23:33 >>>>>> 开始执行：
[2023-03-30  22:23:34.345] H:\自动化框架\auto_test_framework\cases\daxue.py:30 [INFO]: 2023-03-30 22:23:33 >>>>>> 执行结束！
[2023-03-30  22:23:34.346] H:\自动化框架\auto_test_framework\cases\daxue.py:27 [INFO]: 2023-03-30 22:23:33 >>>>>> 开始执行：
[2023-03-30  22:23:34.349] H:\自动化框架\auto_test_framework\cases\daxue.py:30 [INFO]: 2023-03-30 22:23:33 >>>>>> 执行结束！
[2023-03-30  22:23:34.351] H:\自动化框架\auto_test_framework\cases\daxue.py:27 [INFO]: 2023-03-30 22:23:33 >>>>>> 开始执行：
[2023-03-30  22:23:34.353] H:\自动化框架\auto_test_framework\cases\daxue.py:30 [INFO]: 2023-03-30 22:23:33 >>>>>> 执行结束！
[2023-03-30  22:23:34.353] H:\自动化框架\auto_test_framework\cases\daxue.py:27 [INFO]: 2023-03-30 22:23:33 >>>>>> 开始执行：
[2023-03-30  22:23:34.357] H:\自动化框架\auto_test_framework\cases\daxue.py:30 [INFO]: 2023-03-30 22:23:33 >>>>>> 执行结束！
[2023-03-30  22:23:34.358] H:\自动化框架\auto_test_framework\cases\daxue.py:27 [INFO]: 2023-03-30 22:23:33 >>>>>> 开始执行：
[2023-03-30  22:23:34.360] H:\自动化框架\auto_test_framework\cases\daxue.py:30 [INFO]: 2023-03-30 22:23:33 >>>>>> 执行结束！
[2023-03-30  22:23:34.361] H:\自动化框架\auto_test_framework\cases\daxue.py:27 [INFO]: 2023-03-30 22:23:33 >>>>>> 开始执行：
[2023-03-30  22:23:34.363] H:\自动化框架\auto_test_framework\cases\daxue.py:30 [INFO]: 2023-03-30 22:23:33 >>>>>> 执行结束！
[2023-03-30  22:23:34.365] H:\自动化框架\auto_test_framework\cases\daxue.py:27 [INFO]: 2023-03-30 22:23:33 >>>>>> 开始执行：
[2023-03-30  22:23:34.368] H:\自动化框架\auto_test_framework\cases\daxue.py:30 [INFO]: 2023-03-30 22:23:33 >>>>>> 执行结束！
[2023-03-30  22:23:34.369] H:\自动化框架\auto_test_framework\cases\daxue.py:27 [INFO]: 2023-03-30 22:23:33 >>>>>> 开始执行：
[2023-03-30  22:23:34.371] H:\自动化框架\auto_test_framework\cases\daxue.py:30 [INFO]: 2023-03-30 22:23:33 >>>>>> 执行结束！
[2023-03-30  22:23:34.372] H:\自动化框架\auto_test_framework\cases\daxue.py:27 [INFO]: 2023-03-30 22:23:33 >>>>>> 开始执行：
[2023-03-30  22:23:34.374] H:\自动化框架\auto_test_framework\cases\daxue.py:30 [INFO]: 2023-03-30 22:23:33 >>>>>> 执行结束！
[2023-03-30  22:23:34.375] H:\自动化框架\auto_test_framework\cases\daxue.py:27 [INFO]: 2023-03-30 22:23:33 >>>>>> 开始执行：
[2023-03-30  22:23:34.379] H:\自动化框架\auto_test_framework\cases\daxue.py:30 [INFO]: 2023-03-30 22:23:33 >>>>>> 执行结束！
[2023-03-30  22:23:34.380] H:\自动化框架\auto_test_framework\cases\daxue.py:27 [INFO]: 2023-03-30 22:23:33 >>>>>> 开始执行：
[2023-03-30  22:23:34.382] H:\自动化框架\auto_test_framework\cases\daxue.py:30 [INFO]: 2023-03-30 22:23:33 >>>>>> 执行结束！
[2023-03-30  22:23:34.383] H:\自动化框架\auto_test_framework\cases\daxue.py:27 [INFO]: 2023-03-30 22:23:33 >>>>>> 开始执行：
[2023-03-30  22:23:34.386] H:\自动化框架\auto_test_framework\cases\daxue.py:30 [INFO]: 2023-03-30 22:23:33 >>>>>> 执行结束！
[2023-03-30  22:23:34.387] H:\自动化框架\auto_test_framework\cases\daxue.py:27 [INFO]: 2023-03-30 22:23:33 >>>>>> 开始执行：
[2023-03-30  22:23:34.392] H:\自动化框架\auto_test_framework\cases\daxue.py:30 [INFO]: 2023-03-30 22:23:33 >>>>>> 执行结束！
[2023-03-30  22:23:34.393] H:\自动化框架\auto_test_framework\cases\daxue.py:27 [INFO]: 2023-03-30 22:23:33 >>>>>> 开始执行：
[2023-03-30  22:23:34.396] H:\自动化框架\auto_test_framework\cases\daxue.py:30 [INFO]: 2023-03-30 22:23:33 >>>>>> 执行结束！
[2023-03-30  22:23:34.397] H:\自动化框架\auto_test_framework\cases\daxue.py:27 [INFO]: 2023-03-30 22:23:33 >>>>>> 开始执行：
[2023-03-30  22:23:34.401] H:\自动化框架\auto_test_framework\cases\daxue.py:30 [INFO]: 2023-03-30 22:23:33 >>>>>> 执行结束！
[2023-03-30  22:23:34.402] H:\自动化框架\auto_test_framework\cases\daxue.py:27 [INFO]: 2023-03-30 22:23:33 >>>>>> 开始执行：
[2023-03-30  22:23:34.405] H:\自动化框架\auto_test_framework\cases\daxue.py:30 [INFO]: 2023-03-30 22:23:33 >>>>>> 执行结束！
[2023-03-30  22:23:34.406] H:\自动化框架\auto_test_framework\cases\daxue.py:27 [INFO]: 2023-03-30 22:23:33 >>>>>> 开始执行：
[2023-03-30  22:23:34.410] H:\自动化框架\auto_test_framework\cases\daxue.py:30 [INFO]: 2023-03-30 22:23:33 >>>>>> 执行结束！
[2023-03-30  22:23:34.411] H:\自动化框架\auto_test_framework\cases\daxue.py:27 [INFO]: 2023-03-30 22:23:33 >>>>>> 开始执行：
[2023-03-30  22:23:34.413] H:\自动化框架\auto_test_framework\cases\daxue.py:30 [INFO]: 2023-03-30 22:23:33 >>>>>> 执行结束！
[2023-03-30  22:23:34.414] H:\自动化框架\auto_test_framework\cases\daxue.py:27 [INFO]: 2023-03-30 22:23:33 >>>>>> 开始执行：
[2023-03-30  22:23:34.418] H:\自动化框架\auto_test_framework\cases\daxue.py:30 [INFO]: 2023-03-30 22:23:33 >>>>>> 执行结束！
[2023-03-30  22:23:34.419] H:\自动化框架\auto_test_framework\cases\daxue.py:27 [INFO]: 2023-03-30 22:23:33 >>>>>> 开始执行：
[2023-03-30  22:23:34.421] H:\自动化框架\auto_test_framework\cases\daxue.py:30 [INFO]: 2023-03-30 22:23:33 >>>>>> 执行结束！
[2023-03-30  22:23:34.422] H:\自动化框架\auto_test_framework\cases\daxue.py:27 [INFO]: 2023-03-30 22:23:33 >>>>>> 开始执行：
[2023-03-30  22:23:34.425] H:\自动化框架\auto_test_framework\cases\daxue.py:30 [INFO]: 2023-03-30 22:23:33 >>>>>> 执行结束！
[2023-03-30  22:23:34.426] H:\自动化框架\auto_test_framework\cases\daxue.py:27 [INFO]: 2023-03-30 22:23:33 >>>>>> 开始执行：
[2023-03-30  22:23:34.429] H:\自动化框架\auto_test_framework\cases\daxue.py:30 [INFO]: 2023-03-30 22:23:33 >>>>>> 执行结束！
[2023-03-30  22:23:34.430] H:\自动化框架\auto_test_framework\cases\daxue.py:27 [INFO]: 2023-03-30 22:23:33 >>>>>> 开始执行：
[2023-03-30  22:23:34.432] H:\自动化框架\auto_test_framework\cases\daxue.py:30 [INFO]: 2023-03-30 22:23:33 >>>>>> 执行结束！
[2023-03-30  22:23:34.433] H:\自动化框架\auto_test_framework\cases\daxue.py:27 [INFO]: 2023-03-30 22:23:33 >>>>>> 开始执行：
[2023-03-30  22:23:34.436] H:\自动化框架\auto_test_framework\cases\daxue.py:30 [INFO]: 2023-03-30 22:23:33 >>>>>> 执行结束！
[2023-03-30  22:23:34.437] H:\自动化框架\auto_test_framework\cases\daxue.py:27 [INFO]: 2023-03-30 22:23:33 >>>>>> 开始执行：
[2023-03-30  22:23:34.440] H:\自动化框架\auto_test_framework\cases\daxue.py:30 [INFO]: 2023-03-30 22:23:33 >>>>>> 执行结束！
[2023-03-30  22:23:34.441] H:\自动化框架\auto_test_framework\cases\daxue.py:27 [INFO]: 2023-03-30 22:23:33 >>>>>> 开始执行：
[2023-03-30  22:23:34.443] H:\自动化框架\auto_test_framework\cases\daxue.py:30 [INFO]: 2023-03-30 22:23:33 >>>>>> 执行结束！
[2023-03-30  22:23:34.444] H:\自动化框架\auto_test_framework\cases\daxue.py:27 [INFO]: 2023-03-30 22:23:33 >>>>>> 开始执行：
[2023-03-30  22:23:34.446] H:\自动化框架\auto_test_framework\cases\daxue.py:30 [INFO]: 2023-03-30 22:23:33 >>>>>> 执行结束！
[2023-03-30  22:23:34.447] H:\自动化框架\auto_test_framework\cases\daxue.py:27 [INFO]: 2023-03-30 22:23:33 >>>>>> 开始执行：
[2023-03-30  22:23:34.450] H:\自动化框架\auto_test_framework\cases\daxue.py:30 [INFO]: 2023-03-30 22:23:33 >>>>>> 执行结束！
[2023-03-30  22:23:34.451] H:\自动化框架\auto_test_framework\cases\daxue.py:27 [INFO]: 2023-03-30 22:23:33 >>>>>> 开始执行：
[2023-03-30  22:23:34.454] H:\自动化框架\auto_test_framework\cases\daxue.py:30 [INFO]: 2023-03-30 22:23:33 >>>>>> 执行结束！
[2023-03-30  22:23:34.455] H:\自动化框架\auto_test_framework\cases\daxue.py:27 [INFO]: 2023-03-30 22:23:33 >>>>>> 开始执行：
[2023-03-30  22:23:34.457] H:\自动化框架\auto_test_framework\cases\daxue.py:30 [INFO]: 2023-03-30 22:23:33 >>>>>> 执行结束！
[2023-03-30  22:23:34.458] H:\自动化框架\auto_test_framework\cases\daxue.py:27 [INFO]: 2023-03-30 22:23:33 >>>>>> 开始执行：
[2023-03-30  22:23:34.461] H:\自动化框架\auto_test_framework\cases\daxue.py:30 [INFO]: 2023-03-30 22:23:33 >>>>>> 执行结束！
[2023-03-30  22:23:34.462] H:\自动化框架\auto_test_framework\cases\daxue.py:27 [INFO]: 2023-03-30 22:23:33 >>>>>> 开始执行：
[2023-03-30  22:23:34.463] H:\自动化框架\auto_test_framework\cases\daxue.py:30 [INFO]: 2023-03-30 22:23:33 >>>>>> 执行结束！
[2023-03-30  22:23:34.464] H:\自动化框架\auto_test_framework\cases\daxue.py:27 [INFO]: 2023-03-30 22:23:33 >>>>>> 开始执行：
[2023-03-30  22:23:34.467] H:\自动化框架\auto_test_framework\cases\daxue.py:30 [INFO]: 2023-03-30 22:23:33 >>>>>> 执行结束！
[2023-03-30  22:23:34.469] H:\自动化框架\auto_test_framework\cases\daxue.py:27 [INFO]: 2023-03-30 22:23:33 >>>>>> 开始执行：
[2023-03-30  22:23:34.471] H:\自动化框架\auto_test_framework\cases\daxue.py:30 [INFO]: 2023-03-30 22:23:33 >>>>>> 执行结束！
[2023-03-30  22:23:34.472] H:\自动化框架\auto_test_framework\cases\daxue.py:27 [INFO]: 2023-03-30 22:23:33 >>>>>> 开始执行：
[2023-03-30  22:23:34.475] H:\自动化框架\auto_test_framework\cases\daxue.py:30 [INFO]: 2023-03-30 22:23:33 >>>>>> 执行结束！
[2023-03-30  22:23:34.476] H:\自动化框架\auto_test_framework\cases\daxue.py:27 [INFO]: 2023-03-30 22:23:33 >>>>>> 开始执行：
[2023-03-30  22:23:34.478] H:\自动化框架\auto_test_framework\cases\daxue.py:30 [INFO]: 2023-03-30 22:23:33 >>>>>> 执行结束！
[2023-03-30  22:23:34.479] H:\自动化框架\auto_test_framework\cases\daxue.py:27 [INFO]: 2023-03-30 22:23:33 >>>>>> 开始执行：
[2023-03-30  22:23:34.482] H:\自动化框架\auto_test_framework\cases\daxue.py:30 [INFO]: 2023-03-30 22:23:33 >>>>>> 执行结束！
[2023-03-30  22:23:34.483] H:\自动化框架\auto_test_framework\cases\daxue.py:27 [INFO]: 2023-03-30 22:23:33 >>>>>> 开始执行：
[2023-03-30  22:23:34.486] H:\自动化框架\auto_test_framework\cases\daxue.py:30 [INFO]: 2023-03-30 22:23:33 >>>>>> 执行结束！
[2023-03-30  22:23:34.487] H:\自动化框架\auto_test_framework\cases\daxue.py:27 [INFO]: 2023-03-30 22:23:33 >>>>>> 开始执行：
[2023-03-30  22:23:34.489] H:\自动化框架\auto_test_framework\cases\daxue.py:30 [INFO]: 2023-03-30 22:23:33 >>>>>> 执行结束！
[2023-03-30  22:23:34.490] H:\自动化框架\auto_test_framework\cases\daxue.py:27 [INFO]: 2023-03-30 22:23:33 >>>>>> 开始执行：
[2023-03-30  22:23:34.493] H:\自动化框架\auto_test_framework\cases\daxue.py:30 [INFO]: 2023-03-30 22:23:33 >>>>>> 执行结束！
[2023-03-30  22:23:34.494] H:\自动化框架\auto_test_framework\cases\daxue.py:27 [INFO]: 2023-03-30 22:23:33 >>>>>> 开始执行：
[2023-03-30  22:23:34.496] H:\自动化框架\auto_test_framework\cases\daxue.py:30 [INFO]: 2023-03-30 22:23:33 >>>>>> 执行结束！
[2023-03-30  22:23:34.497] H:\自动化框架\auto_test_framework\cases\daxue.py:27 [INFO]: 2023-03-30 22:23:33 >>>>>> 开始执行：
[2023-03-30  22:23:34.499] H:\自动化框架\auto_test_framework\cases\daxue.py:30 [INFO]: 2023-03-30 22:23:33 >>>>>> 执行结束！
[2023-03-30  22:23:34.501] H:\自动化框架\auto_test_framework\cases\daxue.py:27 [INFO]: 2023-03-30 22:23:33 >>>>>> 开始执行：
[2023-03-30  22:23:34.503] H:\自动化框架\auto_test_framework\cases\daxue.py:30 [INFO]: 2023-03-30 22:23:33 >>>>>> 执行结束！
[2023-03-30  22:23:34.505] H:\自动化框架\auto_test_framework\cases\daxue.py:27 [INFO]: 2023-03-30 22:23:33 >>>>>> 开始执行：
[2023-03-30  22:23:34.508] H:\自动化框架\auto_test_framework\cases\daxue.py:30 [INFO]: 2023-03-30 22:23:33 >>>>>> 执行结束！
[2023-03-30  22:23:34.509] H:\自动化框架\auto_test_framework\cases\daxue.py:27 [INFO]: 2023-03-30 22:23:33 >>>>>> 开始执行：
[2023-03-30  22:23:34.511] H:\自动化框架\auto_test_framework\cases\daxue.py:30 [INFO]: 2023-03-30 22:23:33 >>>>>> 执行结束！
[2023-03-30  22:23:34.512] H:\自动化框架\auto_test_framework\cases\daxue.py:27 [INFO]: 2023-03-30 22:23:33 >>>>>> 开始执行：
[2023-03-30  22:23:34.515] H:\自动化框架\auto_test_framework\cases\daxue.py:30 [INFO]: 2023-03-30 22:23:33 >>>>>> 执行结束！
[2023-03-30  22:23:34.517] H:\自动化框架\auto_test_framework\cases\daxue.py:27 [INFO]: 2023-03-30 22:23:33 >>>>>> 开始执行：
[2023-03-30  22:23:34.520] H:\自动化框架\auto_test_framework\cases\daxue.py:30 [INFO]: 2023-03-30 22:23:33 >>>>>> 执行结束！
[2023-03-30  22:23:34.522] H:\自动化框架\auto_test_framework\cases\daxue.py:27 [INFO]: 2023-03-30 22:23:33 >>>>>> 开始执行：
[2023-03-30  22:23:34.525] H:\自动化框架\auto_test_framework\cases\daxue.py:30 [INFO]: 2023-03-30 22:23:33 >>>>>> 执行结束！
[2023-03-30  22:23:34.526] H:\自动化框架\auto_test_framework\cases\daxue.py:27 [INFO]: 2023-03-30 22:23:33 >>>>>> 开始执行：
[2023-03-30  22:23:34.528] H:\自动化框架\auto_test_framework\cases\daxue.py:30 [INFO]: 2023-03-30 22:23:33 >>>>>> 执行结束！
[2023-03-30  22:23:34.529] H:\自动化框架\auto_test_framework\cases\daxue.py:27 [INFO]: 2023-03-30 22:23:33 >>>>>> 开始执行：
[2023-03-30  22:23:34.533] H:\自动化框架\auto_test_framework\cases\daxue.py:30 [INFO]: 2023-03-30 22:23:33 >>>>>> 执行结束！
[2023-03-30  22:23:34.534] H:\自动化框架\auto_test_framework\cases\daxue.py:27 [INFO]: 2023-03-30 22:23:33 >>>>>> 开始执行：
[2023-03-30  22:23:34.538] H:\自动化框架\auto_test_framework\cases\daxue.py:30 [INFO]: 2023-03-30 22:23:33 >>>>>> 执行结束！
[2023-03-30  22:23:34.539] H:\自动化框架\auto_test_framework\cases\daxue.py:27 [INFO]: 2023-03-30 22:23:33 >>>>>> 开始执行：
[2023-03-30  22:23:34.541] H:\自动化框架\auto_test_framework\cases\daxue.py:30 [INFO]: 2023-03-30 22:23:33 >>>>>> 执行结束！
[2023-03-30  22:23:34.543] H:\自动化框架\auto_test_framework\cases\daxue.py:27 [INFO]: 2023-03-30 22:23:33 >>>>>> 开始执行：
[2023-03-30  22:23:34.545] H:\自动化框架\auto_test_framework\cases\daxue.py:30 [INFO]: 2023-03-30 22:23:33 >>>>>> 执行结束！
[2023-03-30  22:23:34.547] H:\自动化框架\auto_test_framework\cases\daxue.py:27 [INFO]: 2023-03-30 22:23:33 >>>>>> 开始执行：
[2023-03-30  22:23:34.550] H:\自动化框架\auto_test_framework\cases\daxue.py:30 [INFO]: 2023-03-30 22:23:33 >>>>>> 执行结束！
[2023-03-30  22:23:34.551] H:\自动化框架\auto_test_framework\cases\daxue.py:27 [INFO]: 2023-03-30 22:23:33 >>>>>> 开始执行：
[2023-03-30  22:23:34.555] H:\自动化框架\auto_test_framework\cases\daxue.py:30 [INFO]: 2023-03-30 22:23:33 >>>>>> 执行结束！
[2023-03-30  22:23:34.556] H:\自动化框架\auto_test_framework\cases\daxue.py:27 [INFO]: 2023-03-30 22:23:33 >>>>>> 开始执行：
[2023-03-30  22:23:34.559] H:\自动化框架\auto_test_framework\cases\daxue.py:30 [INFO]: 2023-03-30 22:23:33 >>>>>> 执行结束！
[2023-03-30  22:23:34.560] H:\自动化框架\auto_test_framework\cases\daxue.py:27 [INFO]: 2023-03-30 22:23:33 >>>>>> 开始执行：
[2023-03-30  22:23:34.563] H:\自动化框架\auto_test_framework\cases\daxue.py:30 [INFO]: 2023-03-30 22:23:33 >>>>>> 执行结束！
[2023-03-30  22:23:34.565] H:\自动化框架\auto_test_framework\cases\daxue.py:27 [INFO]: 2023-03-30 22:23:33 >>>>>> 开始执行：
[2023-03-30  22:23:34.568] H:\自动化框架\auto_test_framework\cases\daxue.py:30 [INFO]: 2023-03-30 22:23:33 >>>>>> 执行结束！
[2023-03-30  22:23:34.570] H:\自动化框架\auto_test_framework\cases\daxue.py:27 [INFO]: 2023-03-30 22:23:33 >>>>>> 开始执行：
[2023-03-30  22:23:34.572] H:\自动化框架\auto_test_framework\cases\daxue.py:30 [INFO]: 2023-03-30 22:23:33 >>>>>> 执行结束！
[2023-03-30  22:23:34.573] H:\自动化框架\auto_test_framework\cases\daxue.py:27 [INFO]: 2023-03-30 22:23:33 >>>>>> 开始执行：
[2023-03-30  22:23:34.576] H:\自动化框架\auto_test_framework\cases\daxue.py:30 [INFO]: 2023-03-30 22:23:33 >>>>>> 执行结束！
[2023-03-30  22:23:34.577] H:\自动化框架\auto_test_framework\cases\daxue.py:27 [INFO]: 2023-03-30 22:23:33 >>>>>> 开始执行：
[2023-03-30  22:23:34.580] H:\自动化框架\auto_test_framework\cases\daxue.py:30 [INFO]: 2023-03-30 22:23:33 >>>>>> 执行结束！
[2023-03-30  22:23:34.582] H:\自动化框架\auto_test_framework\cases\daxue.py:27 [INFO]: 2023-03-30 22:23:33 >>>>>> 开始执行：
[2023-03-30  22:23:34.585] H:\自动化框架\auto_test_framework\cases\daxue.py:30 [INFO]: 2023-03-30 22:23:33 >>>>>> 执行结束！
[2023-03-30  22:23:34.586] H:\自动化框架\auto_test_framework\cases\daxue.py:27 [INFO]: 2023-03-30 22:23:33 >>>>>> 开始执行：
[2023-03-30  22:23:34.589] H:\自动化框架\auto_test_framework\cases\daxue.py:30 [INFO]: 2023-03-30 22:23:33 >>>>>> 执行结束！
[2023-03-30  22:23:34.591] H:\自动化框架\auto_test_framework\cases\daxue.py:27 [INFO]: 2023-03-30 22:23:33 >>>>>> 开始执行：
[2023-03-30  22:23:34.593] H:\自动化框架\auto_test_framework\cases\daxue.py:30 [INFO]: 2023-03-30 22:23:33 >>>>>> 执行结束！
[2023-03-30  22:23:34.595] H:\自动化框架\auto_test_framework\cases\daxue.py:27 [INFO]: 2023-03-30 22:23:33 >>>>>> 开始执行：
[2023-03-30  22:23:34.598] H:\自动化框架\auto_test_framework\cases\daxue.py:30 [INFO]: 2023-03-30 22:23:33 >>>>>> 执行结束！
[2023-03-30  22:23:34.598] H:\自动化框架\auto_test_framework\cases\daxue.py:27 [INFO]: 2023-03-30 22:23:33 >>>>>> 开始执行：
[2023-03-30  22:23:34.601] H:\自动化框架\auto_test_framework\cases\daxue.py:30 [INFO]: 2023-03-30 22:23:33 >>>>>> 执行结束！
[2023-03-30  22:23:34.603] H:\自动化框架\auto_test_framework\cases\daxue.py:27 [INFO]: 2023-03-30 22:23:33 >>>>>> 开始执行：
[2023-03-30  22:23:34.606] H:\自动化框架\auto_test_framework\cases\daxue.py:30 [INFO]: 2023-03-30 22:23:33 >>>>>> 执行结束！
[2023-03-30  22:23:34.607] H:\自动化框架\auto_test_framework\cases\daxue.py:27 [INFO]: 2023-03-30 22:23:33 >>>>>> 开始执行：
[2023-03-30  22:23:34.610] H:\自动化框架\auto_test_framework\cases\daxue.py:30 [INFO]: 2023-03-30 22:23:33 >>>>>> 执行结束！
[2023-03-30  22:23:34.612] H:\自动化框架\auto_test_framework\cases\daxue.py:27 [INFO]: 2023-03-30 22:23:33 >>>>>> 开始执行：
[2023-03-30  22:23:34.615] H:\自动化框架\auto_test_framework\cases\daxue.py:30 [INFO]: 2023-03-30 22:23:33 >>>>>> 执行结束！
[2023-03-30  22:23:34.616] H:\自动化框架\auto_test_framework\cases\daxue.py:27 [INFO]: 2023-03-30 22:23:33 >>>>>> 开始执行：
[2023-03-30  22:23:34.620] H:\自动化框架\auto_test_framework\cases\daxue.py:30 [INFO]: 2023-03-30 22:23:33 >>>>>> 执行结束！
[2023-03-30  22:23:34.621] H:\自动化框架\auto_test_framework\cases\daxue.py:27 [INFO]: 2023-03-30 22:23:33 >>>>>> 开始执行：
[2023-03-30  22:23:34.623] H:\自动化框架\auto_test_framework\cases\daxue.py:30 [INFO]: 2023-03-30 22:23:33 >>>>>> 执行结束！
[2023-03-30  22:23:34.626] H:\自动化框架\auto_test_framework\cases\daxue.py:27 [INFO]: 2023-03-30 22:23:33 >>>>>> 开始执行：
[2023-03-30  22:23:34.629] H:\自动化框架\auto_test_framework\cases\daxue.py:30 [INFO]: 2023-03-30 22:23:33 >>>>>> 执行结束！
[2023-03-30  22:23:34.630] H:\自动化框架\auto_test_framework\cases\daxue.py:27 [INFO]: 2023-03-30 22:23:33 >>>>>> 开始执行：
[2023-03-30  22:23:34.633] H:\自动化框架\auto_test_framework\cases\daxue.py:30 [INFO]: 2023-03-30 22:23:33 >>>>>> 执行结束！
[2023-03-30  22:23:34.634] H:\自动化框架\auto_test_framework\cases\daxue.py:27 [INFO]: 2023-03-30 22:23:33 >>>>>> 开始执行：
[2023-03-30  22:23:34.639] H:\自动化框架\auto_test_framework\cases\daxue.py:30 [INFO]: 2023-03-30 22:23:33 >>>>>> 执行结束！
[2023-03-30  22:23:34.641] H:\自动化框架\auto_test_framework\cases\daxue.py:27 [INFO]: 2023-03-30 22:23:33 >>>>>> 开始执行：
[2023-03-30  22:23:34.643] H:\自动化框架\auto_test_framework\cases\daxue.py:30 [INFO]: 2023-03-30 22:23:33 >>>>>> 执行结束！
[2023-03-30  22:23:34.645] H:\自动化框架\auto_test_framework\cases\daxue.py:27 [INFO]: 2023-03-30 22:23:33 >>>>>> 开始执行：
[2023-03-30  22:23:34.648] H:\自动化框架\auto_test_framework\cases\daxue.py:30 [INFO]: 2023-03-30 22:23:33 >>>>>> 执行结束！
[2023-03-30  22:23:34.650] H:\自动化框架\auto_test_framework\cases\daxue.py:27 [INFO]: 2023-03-30 22:23:33 >>>>>> 开始执行：
[2023-03-30  22:23:34.654] H:\自动化框架\auto_test_framework\cases\daxue.py:30 [INFO]: 2023-03-30 22:23:33 >>>>>> 执行结束！
[2023-03-30  22:23:34.656] H:\自动化框架\auto_test_framework\cases\daxue.py:27 [INFO]: 2023-03-30 22:23:33 >>>>>> 开始执行：
[2023-03-30  22:23:34.658] H:\自动化框架\auto_test_framework\cases\daxue.py:30 [INFO]: 2023-03-30 22:23:33 >>>>>> 执行结束！
[2023-03-30  22:23:34.660] H:\自动化框架\auto_test_framework\cases\daxue.py:27 [INFO]: 2023-03-30 22:23:33 >>>>>> 开始执行：
[2023-03-30  22:23:34.662] H:\自动化框架\auto_test_framework\cases\daxue.py:30 [INFO]: 2023-03-30 22:23:33 >>>>>> 执行结束！
[2023-03-30  22:23:34.663] H:\自动化框架\auto_test_framework\cases\daxue.py:27 [INFO]: 2023-03-30 22:23:33 >>>>>> 开始执行：
[2023-03-30  22:23:34.667] H:\自动化框架\auto_test_framework\cases\daxue.py:30 [INFO]: 2023-03-30 22:23:33 >>>>>> 执行结束！
[2023-03-30  22:23:34.668] H:\自动化框架\auto_test_framework\cases\daxue.py:27 [INFO]: 2023-03-30 22:23:33 >>>>>> 开始执行：
[2023-03-30  22:23:34.671] H:\自动化框架\auto_test_framework\cases\daxue.py:30 [INFO]: 2023-03-30 22:23:33 >>>>>> 执行结束！
[2023-03-30  22:23:34.672] H:\自动化框架\auto_test_framework\cases\daxue.py:27 [INFO]: 2023-03-30 22:23:33 >>>>>> 开始执行：
[2023-03-30  22:23:34.675] H:\自动化框架\auto_test_framework\cases\daxue.py:30 [INFO]: 2023-03-30 22:23:33 >>>>>> 执行结束！
[2023-03-30  22:23:34.676] H:\自动化框架\auto_test_framework\cases\daxue.py:27 [INFO]: 2023-03-30 22:23:33 >>>>>> 开始执行：
[2023-03-30  22:23:34.679] H:\自动化框架\auto_test_framework\cases\daxue.py:30 [INFO]: 2023-03-30 22:23:33 >>>>>> 执行结束！
[2023-03-30  22:23:34.680] H:\自动化框架\auto_test_framework\cases\daxue.py:27 [INFO]: 2023-03-30 22:23:33 >>>>>> 开始执行：
[2023-03-30  22:23:34.682] H:\自动化框架\auto_test_framework\cases\daxue.py:30 [INFO]: 2023-03-30 22:23:33 >>>>>> 执行结束！
[2023-03-30  22:23:34.683] H:\自动化框架\auto_test_framework\cases\daxue.py:27 [INFO]: 2023-03-30 22:23:33 >>>>>> 开始执行：
[2023-03-30  22:23:34.686] H:\自动化框架\auto_test_framework\cases\daxue.py:30 [INFO]: 2023-03-30 22:23:33 >>>>>> 执行结束！
[2023-03-30  22:23:34.687] H:\自动化框架\auto_test_framework\cases\daxue.py:27 [INFO]: 2023-03-30 22:23:33 >>>>>> 开始执行：
[2023-03-30  22:23:34.689] H:\自动化框架\auto_test_framework\cases\daxue.py:30 [INFO]: 2023-03-30 22:23:33 >>>>>> 执行结束！
[2023-03-30  22:23:34.690] H:\自动化框架\auto_test_framework\cases\daxue.py:27 [INFO]: 2023-03-30 22:23:33 >>>>>> 开始执行：
[2023-03-30  22:23:34.693] H:\自动化框架\auto_test_framework\cases\daxue.py:30 [INFO]: 2023-03-30 22:23:33 >>>>>> 执行结束！
[2023-03-30  22:23:34.695] H:\自动化框架\auto_test_framework\cases\daxue.py:27 [INFO]: 2023-03-30 22:23:33 >>>>>> 开始执行：
[2023-03-30  22:23:34.697] H:\自动化框架\auto_test_framework\cases\daxue.py:30 [INFO]: 2023-03-30 22:23:33 >>>>>> 执行结束！
[2023-03-30  22:23:34.698] H:\自动化框架\auto_test_framework\cases\daxue.py:27 [INFO]: 2023-03-30 22:23:33 >>>>>> 开始执行：
[2023-03-30  22:23:34.701] H:\自动化框架\auto_test_framework\cases\daxue.py:30 [INFO]: 2023-03-30 22:23:33 >>>>>> 执行结束！
[2023-03-30  22:23:34.702] H:\自动化框架\auto_test_framework\cases\daxue.py:27 [INFO]: 2023-03-30 22:23:33 >>>>>> 开始执行：
[2023-03-30  22:23:34.706] H:\自动化框架\auto_test_framework\cases\daxue.py:30 [INFO]: 2023-03-30 22:23:33 >>>>>> 执行结束！
[2023-03-30  22:23:34.706] H:\自动化框架\auto_test_framework\cases\daxue.py:27 [INFO]: 2023-03-30 22:23:33 >>>>>> 开始执行：
[2023-03-30  22:23:34.709] H:\自动化框架\auto_test_framework\cases\daxue.py:30 [INFO]: 2023-03-30 22:23:33 >>>>>> 执行结束！
[2023-03-30  22:23:34.710] H:\自动化框架\auto_test_framework\cases\daxue.py:27 [INFO]: 2023-03-30 22:23:33 >>>>>> 开始执行：
[2023-03-30  22:23:34.712] H:\自动化框架\auto_test_framework\cases\daxue.py:30 [INFO]: 2023-03-30 22:23:33 >>>>>> 执行结束！
[2023-03-30  22:23:34.713] H:\自动化框架\auto_test_framework\cases\daxue.py:27 [INFO]: 2023-03-30 22:23:33 >>>>>> 开始执行：
[2023-03-30  22:23:34.716] H:\自动化框架\auto_test_framework\cases\daxue.py:30 [INFO]: 2023-03-30 22:23:33 >>>>>> 执行结束！
[2023-03-30  22:23:34.718] H:\自动化框架\auto_test_framework\cases\daxue.py:27 [INFO]: 2023-03-30 22:23:33 >>>>>> 开始执行：
[2023-03-30  22:23:34.721] H:\自动化框架\auto_test_framework\cases\daxue.py:30 [INFO]: 2023-03-30 22:23:33 >>>>>> 执行结束！
[2023-03-30  22:23:34.722] H:\自动化框架\auto_test_framework\cases\daxue.py:27 [INFO]: 2023-03-30 22:23:33 >>>>>> 开始执行：
[2023-03-30  22:23:34.725] H:\自动化框架\auto_test_framework\cases\daxue.py:30 [INFO]: 2023-03-30 22:23:33 >>>>>> 执行结束！
[2023-03-30  22:23:34.726] H:\自动化框架\auto_test_framework\cases\daxue.py:27 [INFO]: 2023-03-30 22:23:33 >>>>>> 开始执行：
[2023-03-30  22:23:34.728] H:\自动化框架\auto_test_framework\cases\daxue.py:30 [INFO]: 2023-03-30 22:23:33 >>>>>> 执行结束！
[2023-03-30  22:23:34.729] H:\自动化框架\auto_test_framework\cases\daxue.py:27 [INFO]: 2023-03-30 22:23:33 >>>>>> 开始执行：
[2023-03-30  22:23:34.732] H:\自动化框架\auto_test_framework\cases\daxue.py:30 [INFO]: 2023-03-30 22:23:33 >>>>>> 执行结束！
[2023-03-30  22:23:34.733] H:\自动化框架\auto_test_framework\cases\daxue.py:27 [INFO]: 2023-03-30 22:23:33 >>>>>> 开始执行：
[2023-03-30  22:23:34.736] H:\自动化框架\auto_test_framework\cases\daxue.py:30 [INFO]: 2023-03-30 22:23:33 >>>>>> 执行结束！
[2023-03-30  22:23:34.737] H:\自动化框架\auto_test_framework\cases\daxue.py:27 [INFO]: 2023-03-30 22:23:33 >>>>>> 开始执行：
[2023-03-30  22:23:34.740] H:\自动化框架\auto_test_framework\cases\daxue.py:30 [INFO]: 2023-03-30 22:23:33 >>>>>> 执行结束！
[2023-03-30  22:23:34.741] H:\自动化框架\auto_test_framework\cases\daxue.py:27 [INFO]: 2023-03-30 22:23:33 >>>>>> 开始执行：
[2023-03-30  22:23:34.743] H:\自动化框架\auto_test_framework\cases\daxue.py:30 [INFO]: 2023-03-30 22:23:33 >>>>>> 执行结束！
[2023-03-30  22:23:34.745] H:\自动化框架\auto_test_framework\cases\daxue.py:27 [INFO]: 2023-03-30 22:23:33 >>>>>> 开始执行：
[2023-03-30  22:23:34.747] H:\自动化框架\auto_test_framework\cases\daxue.py:30 [INFO]: 2023-03-30 22:23:33 >>>>>> 执行结束！
[2023-03-30  22:23:34.748] H:\自动化框架\auto_test_framework\cases\daxue.py:27 [INFO]: 2023-03-30 22:23:33 >>>>>> 开始执行：
[2023-03-30  22:23:34.751] H:\自动化框架\auto_test_framework\cases\daxue.py:30 [INFO]: 2023-03-30 22:23:33 >>>>>> 执行结束！
[2023-03-30  22:23:34.752] H:\自动化框架\auto_test_framework\cases\daxue.py:27 [INFO]: 2023-03-30 22:23:33 >>>>>> 开始执行：
[2023-03-30  22:23:34.755] H:\自动化框架\auto_test_framework\cases\daxue.py:30 [INFO]: 2023-03-30 22:23:33 >>>>>> 执行结束！
[2023-03-30  22:23:34.756] H:\自动化框架\auto_test_framework\cases\daxue.py:27 [INFO]: 2023-03-30 22:23:33 >>>>>> 开始执行：
[2023-03-30  22:23:34.759] H:\自动化框架\auto_test_framework\cases\daxue.py:30 [INFO]: 2023-03-30 22:23:33 >>>>>> 执行结束！
[2023-03-30  22:23:34.761] H:\自动化框架\auto_test_framework\cases\daxue.py:27 [INFO]: 2023-03-30 22:23:33 >>>>>> 开始执行：
[2023-03-30  22:23:34.763] H:\自动化框架\auto_test_framework\cases\daxue.py:30 [INFO]: 2023-03-30 22:23:33 >>>>>> 执行结束！
[2023-03-30  22:23:34.764] H:\自动化框架\auto_test_framework\cases\daxue.py:27 [INFO]: 2023-03-30 22:23:33 >>>>>> 开始执行：
[2023-03-30  22:23:34.768] H:\自动化框架\auto_test_framework\cases\daxue.py:30 [INFO]: 2023-03-30 22:23:33 >>>>>> 执行结束！
[2023-03-30  22:23:34.769] H:\自动化框架\auto_test_framework\cases\daxue.py:27 [INFO]: 2023-03-30 22:23:33 >>>>>> 开始执行：
[2023-03-30  22:23:34.772] H:\自动化框架\auto_test_framework\cases\daxue.py:30 [INFO]: 2023-03-30 22:23:33 >>>>>> 执行结束！
[2023-03-30  22:23:34.773] H:\自动化框架\auto_test_framework\cases\daxue.py:27 [INFO]: 2023-03-30 22:23:33 >>>>>> 开始执行：
[2023-03-30  22:23:34.776] H:\自动化框架\auto_test_framework\cases\daxue.py:30 [INFO]: 2023-03-30 22:23:33 >>>>>> 执行结束！
[2023-03-30  22:23:34.777] H:\自动化框架\auto_test_framework\cases\daxue.py:27 [INFO]: 2023-03-30 22:23:33 >>>>>> 开始执行：
[2023-03-30  22:23:34.779] H:\自动化框架\auto_test_framework\cases\daxue.py:30 [INFO]: 2023-03-30 22:23:33 >>>>>> 执行结束！
[2023-03-30  22:23:34.780] H:\自动化框架\auto_test_framework\cases\daxue.py:27 [INFO]: 2023-03-30 22:23:33 >>>>>> 开始执行：
[2023-03-30  22:23:34.784] H:\自动化框架\auto_test_framework\cases\daxue.py:30 [INFO]: 2023-03-30 22:23:33 >>>>>> 执行结束！
[2023-03-30  22:23:34.785] H:\自动化框架\auto_test_framework\cases\daxue.py:27 [INFO]: 2023-03-30 22:23:33 >>>>>> 开始执行：
[2023-03-30  22:23:34.787] H:\自动化框架\auto_test_framework\cases\daxue.py:30 [INFO]: 2023-03-30 22:23:33 >>>>>> 执行结束！
[2023-03-30  22:23:34.788] H:\自动化框架\auto_test_framework\cases\daxue.py:27 [INFO]: 2023-03-30 22:23:33 >>>>>> 开始执行：
[2023-03-30  22:23:34.791] H:\自动化框架\auto_test_framework\cases\daxue.py:30 [INFO]: 2023-03-30 22:23:33 >>>>>> 执行结束！
[2023-03-30  22:23:34.792] H:\自动化框架\auto_test_framework\cases\daxue.py:27 [INFO]: 2023-03-30 22:23:33 >>>>>> 开始执行：
[2023-03-30  22:23:34.795] H:\自动化框架\auto_test_framework\cases\daxue.py:30 [INFO]: 2023-03-30 22:23:33 >>>>>> 执行结束！
[2023-03-30  22:23:34.796] H:\自动化框架\auto_test_framework\cases\daxue.py:27 [INFO]: 2023-03-30 22:23:33 >>>>>> 开始执行：
[2023-03-30  22:23:34.798] H:\自动化框架\auto_test_framework\cases\daxue.py:30 [INFO]: 2023-03-30 22:23:33 >>>>>> 执行结束！
[2023-03-30  22:23:34.799] H:\自动化框架\auto_test_framework\cases\daxue.py:27 [INFO]: 2023-03-30 22:23:33 >>>>>> 开始执行：
[2023-03-30  22:23:34.802] H:\自动化框架\auto_test_framework\cases\daxue.py:30 [INFO]: 2023-03-30 22:23:33 >>>>>> 执行结束！
[2023-03-30  22:23:34.803] H:\自动化框架\auto_test_framework\cases\daxue.py:27 [INFO]: 2023-03-30 22:23:33 >>>>>> 开始执行：
[2023-03-30  22:23:34.807] H:\自动化框架\auto_test_framework\cases\daxue.py:30 [INFO]: 2023-03-30 22:23:33 >>>>>> 执行结束！
[2023-03-30  22:23:34.809] H:\自动化框架\auto_test_framework\cases\daxue.py:27 [INFO]: 2023-03-30 22:23:33 >>>>>> 开始执行：
[2023-03-30  22:23:34.813] H:\自动化框架\auto_test_framework\cases\daxue.py:30 [INFO]: 2023-03-30 22:23:33 >>>>>> 执行结束！
[2023-03-30  22:23:34.816] H:\自动化框架\auto_test_framework\cases\daxue.py:27 [INFO]: 2023-03-30 22:23:33 >>>>>> 开始执行：
[2023-03-30  22:23:34.818] H:\自动化框架\auto_test_framework\cases\daxue.py:30 [INFO]: 2023-03-30 22:23:33 >>>>>> 执行结束！
[2023-03-30  22:23:34.819] H:\自动化框架\auto_test_framework\cases\daxue.py:27 [INFO]: 2023-03-30 22:23:33 >>>>>> 开始执行：
[2023-03-30  22:23:34.822] H:\自动化框架\auto_test_framework\cases\daxue.py:30 [INFO]: 2023-03-30 22:23:33 >>>>>> 执行结束！
[2023-03-30  22:23:34.824] H:\自动化框架\auto_test_framework\cases\daxue.py:27 [INFO]: 2023-03-30 22:23:33 >>>>>> 开始执行：
[2023-03-30  22:23:34.827] H:\自动化框架\auto_test_framework\cases\daxue.py:30 [INFO]: 2023-03-30 22:23:33 >>>>>> 执行结束！
[2023-03-30  22:23:34.828] H:\自动化框架\auto_test_framework\cases\daxue.py:27 [INFO]: 2023-03-30 22:23:33 >>>>>> 开始执行：
[2023-03-30  22:23:34.831] H:\自动化框架\auto_test_framework\cases\daxue.py:30 [INFO]: 2023-03-30 22:23:33 >>>>>> 执行结束！
[2023-03-30  22:23:34.832] H:\自动化框架\auto_test_framework\cases\daxue.py:27 [INFO]: 2023-03-30 22:23:33 >>>>>> 开始执行：
[2023-03-30  22:23:34.835] H:\自动化框架\auto_test_framework\cases\daxue.py:30 [INFO]: 2023-03-30 22:23:33 >>>>>> 执行结束！
[2023-03-30  22:23:34.836] H:\自动化框架\auto_test_framework\cases\daxue.py:27 [INFO]: 2023-03-30 22:23:33 >>>>>> 开始执行：
[2023-03-30  22:23:34.838] H:\自动化框架\auto_test_framework\cases\daxue.py:30 [INFO]: 2023-03-30 22:23:33 >>>>>> 执行结束！
[2023-03-30  22:23:34.840] H:\自动化框架\auto_test_framework\cases\daxue.py:27 [INFO]: 2023-03-30 22:23:33 >>>>>> 开始执行：
[2023-03-30  22:23:34.842] H:\自动化框架\auto_test_framework\cases\daxue.py:30 [INFO]: 2023-03-30 22:23:33 >>>>>> 执行结束！
[2023-03-30  22:23:34.844] H:\自动化框架\auto_test_framework\cases\daxue.py:27 [INFO]: 2023-03-30 22:23:33 >>>>>> 开始执行：
[2023-03-30  22:23:34.846] H:\自动化框架\auto_test_framework\cases\daxue.py:30 [INFO]: 2023-03-30 22:23:33 >>>>>> 执行结束！
[2023-03-30  22:23:34.848] H:\自动化框架\auto_test_framework\cases\daxue.py:27 [INFO]: 2023-03-30 22:23:33 >>>>>> 开始执行：
[2023-03-30  22:23:34.850] H:\自动化框架\auto_test_framework\cases\daxue.py:30 [INFO]: 2023-03-30 22:23:33 >>>>>> 执行结束！
[2023-03-30  22:23:34.851] H:\自动化框架\auto_test_framework\cases\daxue.py:27 [INFO]: 2023-03-30 22:23:33 >>>>>> 开始执行：
[2023-03-30  22:23:34.854] H:\自动化框架\auto_test_framework\cases\daxue.py:30 [INFO]: 2023-03-30 22:23:33 >>>>>> 执行结束！
[2023-03-30  22:23:34.854] H:\自动化框架\auto_test_framework\cases\daxue.py:27 [INFO]: 2023-03-30 22:23:33 >>>>>> 开始执行：
[2023-03-30  22:23:34.857] H:\自动化框架\auto_test_framework\cases\daxue.py:30 [INFO]: 2023-03-30 22:23:33 >>>>>> 执行结束！
[2023-03-30  22:23:34.858] H:\自动化框架\auto_test_framework\cases\daxue.py:27 [INFO]: 2023-03-30 22:23:33 >>>>>> 开始执行：
[2023-03-30  22:23:34.861] H:\自动化框架\auto_test_framework\cases\daxue.py:30 [INFO]: 2023-03-30 22:23:33 >>>>>> 执行结束！
[2023-03-30  22:23:34.862] H:\自动化框架\auto_test_framework\cases\daxue.py:27 [INFO]: 2023-03-30 22:23:33 >>>>>> 开始执行：
[2023-03-30  22:23:34.865] H:\自动化框架\auto_test_framework\cases\daxue.py:30 [INFO]: 2023-03-30 22:23:33 >>>>>> 执行结束！
[2023-03-30  22:23:34.866] H:\自动化框架\auto_test_framework\cases\daxue.py:27 [INFO]: 2023-03-30 22:23:33 >>>>>> 开始执行：
[2023-03-30  22:23:34.869] H:\自动化框架\auto_test_framework\cases\daxue.py:30 [INFO]: 2023-03-30 22:23:33 >>>>>> 执行结束！
[2023-03-30  22:23:34.870] H:\自动化框架\auto_test_framework\cases\daxue.py:27 [INFO]: 2023-03-30 22:23:33 >>>>>> 开始执行：
[2023-03-30  22:23:34.872] H:\自动化框架\auto_test_framework\cases\daxue.py:30 [INFO]: 2023-03-30 22:23:33 >>>>>> 执行结束！
[2023-03-30  22:23:34.873] H:\自动化框架\auto_test_framework\cases\daxue.py:27 [INFO]: 2023-03-30 22:23:33 >>>>>> 开始执行：
[2023-03-30  22:23:34.876] H:\自动化框架\auto_test_framework\cases\daxue.py:30 [INFO]: 2023-03-30 22:23:33 >>>>>> 执行结束！
[2023-03-30  22:23:34.877] H:\自动化框架\auto_test_framework\cases\daxue.py:27 [INFO]: 2023-03-30 22:23:33 >>>>>> 开始执行：
[2023-03-30  22:23:34.880] H:\自动化框架\auto_test_framework\cases\daxue.py:30 [INFO]: 2023-03-30 22:23:33 >>>>>> 执行结束！
[2023-03-30  22:23:34.881] H:\自动化框架\auto_test_framework\cases\daxue.py:27 [INFO]: 2023-03-30 22:23:33 >>>>>> 开始执行：
[2023-03-30  22:23:34.884] H:\自动化框架\auto_test_framework\cases\daxue.py:30 [INFO]: 2023-03-30 22:23:33 >>>>>> 执行结束！
[2023-03-30  22:23:34.885] H:\自动化框架\auto_test_framework\cases\daxue.py:27 [INFO]: 2023-03-30 22:23:33 >>>>>> 开始执行：
[2023-03-30  22:23:34.888] H:\自动化框架\auto_test_framework\cases\daxue.py:30 [INFO]: 2023-03-30 22:23:33 >>>>>> 执行结束！
[2023-03-30  22:23:34.889] H:\自动化框架\auto_test_framework\cases\daxue.py:27 [INFO]: 2023-03-30 22:23:33 >>>>>> 开始执行：
[2023-03-30  22:23:34.891] H:\自动化框架\auto_test_framework\cases\daxue.py:30 [INFO]: 2023-03-30 22:23:33 >>>>>> 执行结束！
[2023-03-30  22:23:34.893] H:\自动化框架\auto_test_framework\cases\daxue.py:27 [INFO]: 2023-03-30 22:23:33 >>>>>> 开始执行：
[2023-03-30  22:23:34.895] H:\自动化框架\auto_test_framework\cases\daxue.py:30 [INFO]: 2023-03-30 22:23:33 >>>>>> 执行结束！
[2023-03-30  22:23:34.896] H:\自动化框架\auto_test_framework\cases\daxue.py:27 [INFO]: 2023-03-30 22:23:33 >>>>>> 开始执行：
[2023-03-30  22:23:34.899] H:\自动化框架\auto_test_framework\cases\daxue.py:30 [INFO]: 2023-03-30 22:23:33 >>>>>> 执行结束！
[2023-03-30  22:23:34.900] H:\自动化框架\auto_test_framework\cases\daxue.py:27 [INFO]: 2023-03-30 22:23:33 >>>>>> 开始执行：
[2023-03-30  22:23:34.904] H:\自动化框架\auto_test_framework\cases\daxue.py:30 [INFO]: 2023-03-30 22:23:33 >>>>>> 执行结束！
[2023-03-30  22:23:34.905] H:\自动化框架\auto_test_framework\cases\daxue.py:27 [INFO]: 2023-03-30 22:23:33 >>>>>> 开始执行：
[2023-03-30  22:23:34.908] H:\自动化框架\auto_test_framework\cases\daxue.py:30 [INFO]: 2023-03-30 22:23:33 >>>>>> 执行结束！
[2023-03-30  22:23:34.909] H:\自动化框架\auto_test_framework\cases\daxue.py:27 [INFO]: 2023-03-30 22:23:33 >>>>>> 开始执行：
[2023-03-30  22:23:34.912] H:\自动化框架\auto_test_framework\cases\daxue.py:30 [INFO]: 2023-03-30 22:23:33 >>>>>> 执行结束！
[2023-03-30  22:23:34.913] H:\自动化框架\auto_test_framework\cases\daxue.py:27 [INFO]: 2023-03-30 22:23:33 >>>>>> 开始执行：
[2023-03-30  22:23:34.915] H:\自动化框架\auto_test_framework\cases\daxue.py:30 [INFO]: 2023-03-30 22:23:33 >>>>>> 执行结束！
[2023-03-30  22:23:34.916] H:\自动化框架\auto_test_framework\cases\daxue.py:27 [INFO]: 2023-03-30 22:23:33 >>>>>> 开始执行：
[2023-03-30  22:23:34.919] H:\自动化框架\auto_test_framework\cases\daxue.py:30 [INFO]: 2023-03-30 22:23:33 >>>>>> 执行结束！
[2023-03-30  22:23:34.920] H:\自动化框架\auto_test_framework\cases\daxue.py:27 [INFO]: 2023-03-30 22:23:33 >>>>>> 开始执行：
[2023-03-30  22:23:34.923] H:\自动化框架\auto_test_framework\cases\daxue.py:30 [INFO]: 2023-03-30 22:23:33 >>>>>> 执行结束！
[2023-03-30  22:23:34.924] H:\自动化框架\auto_test_framework\cases\daxue.py:27 [INFO]: 2023-03-30 22:23:33 >>>>>> 开始执行：
[2023-03-30  22:23:34.927] H:\自动化框架\auto_test_framework\cases\daxue.py:30 [INFO]: 2023-03-30 22:23:33 >>>>>> 执行结束！
[2023-03-30  22:23:34.928] H:\自动化框架\auto_test_framework\cases\daxue.py:27 [INFO]: 2023-03-30 22:23:33 >>>>>> 开始执行：
[2023-03-30  22:23:34.931] H:\自动化框架\auto_test_framework\cases\daxue.py:30 [INFO]: 2023-03-30 22:23:33 >>>>>> 执行结束！
[2023-03-30  22:23:34.932] H:\自动化框架\auto_test_framework\cases\daxue.py:27 [INFO]: 2023-03-30 22:23:33 >>>>>> 开始执行：
[2023-03-30  22:23:34.935] H:\自动化框架\auto_test_framework\cases\daxue.py:30 [INFO]: 2023-03-30 22:23:33 >>>>>> 执行结束！
[2023-03-30  22:23:34.937] H:\自动化框架\auto_test_framework\cases\daxue.py:27 [INFO]: 2023-03-30 22:23:33 >>>>>> 开始执行：
[2023-03-30  22:23:34.940] H:\自动化框架\auto_test_framework\cases\daxue.py:30 [INFO]: 2023-03-30 22:23:33 >>>>>> 执行结束！
[2023-03-30  22:23:34.941] H:\自动化框架\auto_test_framework\cases\daxue.py:27 [INFO]: 2023-03-30 22:23:33 >>>>>> 开始执行：
[2023-03-30  22:23:34.944] H:\自动化框架\auto_test_framework\cases\daxue.py:30 [INFO]: 2023-03-30 22:23:33 >>>>>> 执行结束！
[2023-03-30  22:23:34.945] H:\自动化框架\auto_test_framework\cases\daxue.py:27 [INFO]: 2023-03-30 22:23:33 >>>>>> 开始执行：
[2023-03-30  22:23:34.948] H:\自动化框架\auto_test_framework\cases\daxue.py:30 [INFO]: 2023-03-30 22:23:33 >>>>>> 执行结束！
[2023-03-30  22:23:34.950] H:\自动化框架\auto_test_framework\cases\daxue.py:27 [INFO]: 2023-03-30 22:23:33 >>>>>> 开始执行：
[2023-03-30  22:23:34.953] H:\自动化框架\auto_test_framework\cases\daxue.py:30 [INFO]: 2023-03-30 22:23:33 >>>>>> 执行结束！
[2023-03-30  22:23:34.954] H:\自动化框架\auto_test_framework\cases\daxue.py:27 [INFO]: 2023-03-30 22:23:33 >>>>>> 开始执行：
[2023-03-30  22:23:34.957] H:\自动化框架\auto_test_framework\cases\daxue.py:30 [INFO]: 2023-03-30 22:23:33 >>>>>> 执行结束！
[2023-03-30  22:23:34.958] H:\自动化框架\auto_test_framework\cases\daxue.py:27 [INFO]: 2023-03-30 22:23:33 >>>>>> 开始执行：
[2023-03-30  22:23:34.961] H:\自动化框架\auto_test_framework\cases\daxue.py:30 [INFO]: 2023-03-30 22:23:33 >>>>>> 执行结束！
[2023-03-30  22:23:34.963] H:\自动化框架\auto_test_framework\cases\daxue.py:27 [INFO]: 2023-03-30 22:23:33 >>>>>> 开始执行：
[2023-03-30  22:23:34.966] H:\自动化框架\auto_test_framework\cases\daxue.py:30 [INFO]: 2023-03-30 22:23:33 >>>>>> 执行结束！
[2023-03-30  22:23:34.968] H:\自动化框架\auto_test_framework\cases\daxue.py:27 [INFO]: 2023-03-30 22:23:33 >>>>>> 开始执行：
[2023-03-30  22:23:34.971] H:\自动化框架\auto_test_framework\cases\daxue.py:30 [INFO]: 2023-03-30 22:23:33 >>>>>> 执行结束！
[2023-03-30  22:23:34.972] H:\自动化框架\auto_test_framework\cases\daxue.py:27 [INFO]: 2023-03-30 22:23:33 >>>>>> 开始执行：
[2023-03-30  22:23:34.975] H:\自动化框架\auto_test_framework\cases\daxue.py:30 [INFO]: 2023-03-30 22:23:33 >>>>>> 执行结束！
[2023-03-30  22:23:34.977] H:\自动化框架\auto_test_framework\cases\daxue.py:27 [INFO]: 2023-03-30 22:23:33 >>>>>> 开始执行：
[2023-03-30  22:23:34.981] H:\自动化框架\auto_test_framework\cases\daxue.py:30 [INFO]: 2023-03-30 22:23:33 >>>>>> 执行结束！
[2023-03-30  22:23:34.982] H:\自动化框架\auto_test_framework\cases\daxue.py:27 [INFO]: 2023-03-30 22:23:33 >>>>>> 开始执行：
[2023-03-30  22:23:34.985] H:\自动化框架\auto_test_framework\cases\daxue.py:30 [INFO]: 2023-03-30 22:23:33 >>>>>> 执行结束！
[2023-03-30  22:23:34.986] H:\自动化框架\auto_test_framework\cases\daxue.py:27 [INFO]: 2023-03-30 22:23:33 >>>>>> 开始执行：
[2023-03-30  22:23:34.989] H:\自动化框架\auto_test_framework\cases\daxue.py:30 [INFO]: 2023-03-30 22:23:33 >>>>>> 执行结束！
[2023-03-30  22:23:34.990] H:\自动化框架\auto_test_framework\cases\daxue.py:27 [INFO]: 2023-03-30 22:23:33 >>>>>> 开始执行：
[2023-03-30  22:23:34.992] H:\自动化框架\auto_test_framework\cases\daxue.py:30 [INFO]: 2023-03-30 22:23:33 >>>>>> 执行结束！
[2023-03-30  22:23:34.993] H:\自动化框架\auto_test_framework\cases\daxue.py:27 [INFO]: 2023-03-30 22:23:33 >>>>>> 开始执行：
[2023-03-30  22:23:34.996] H:\自动化框架\auto_test_framework\cases\daxue.py:30 [INFO]: 2023-03-30 22:23:33 >>>>>> 执行结束！
[2023-03-30  22:23:34.997] H:\自动化框架\auto_test_framework\cases\daxue.py:27 [INFO]: 2023-03-30 22:23:33 >>>>>> 开始执行：
[2023-03-30  22:23:34.999] H:\自动化框架\auto_test_framework\cases\daxue.py:30 [INFO]: 2023-03-30 22:23:33 >>>>>> 执行结束！
[2023-03-30  22:23:35.001] H:\自动化框架\auto_test_framework\cases\daxue.py:27 [INFO]: 2023-03-30 22:23:33 >>>>>> 开始执行：
[2023-03-30  22:23:35.004] H:\自动化框架\auto_test_framework\cases\daxue.py:30 [INFO]: 2023-03-30 22:23:33 >>>>>> 执行结束！
[2023-03-30  22:23:35.005] H:\自动化框架\auto_test_framework\cases\daxue.py:27 [INFO]: 2023-03-30 22:23:33 >>>>>> 开始执行：
[2023-03-30  22:23:35.007] H:\自动化框架\auto_test_framework\cases\daxue.py:30 [INFO]: 2023-03-30 22:23:33 >>>>>> 执行结束！
[2023-03-30  22:23:35.009] H:\自动化框架\auto_test_framework\cases\daxue.py:27 [INFO]: 2023-03-30 22:23:33 >>>>>> 开始执行：
[2023-03-30  22:23:35.011] H:\自动化框架\auto_test_framework\cases\daxue.py:30 [INFO]: 2023-03-30 22:23:33 >>>>>> 执行结束！
[2023-03-30  22:23:35.012] H:\自动化框架\auto_test_framework\cases\daxue.py:27 [INFO]: 2023-03-30 22:23:33 >>>>>> 开始执行：
[2023-03-30  22:23:35.015] H:\自动化框架\auto_test_framework\cases\daxue.py:30 [INFO]: 2023-03-30 22:23:33 >>>>>> 执行结束！
[2023-03-30  22:23:35.016] H:\自动化框架\auto_test_framework\cases\daxue.py:27 [INFO]: 2023-03-30 22:23:33 >>>>>> 开始执行：
[2023-03-30  22:23:35.018] H:\自动化框架\auto_test_framework\cases\daxue.py:30 [INFO]: 2023-03-30 22:23:33 >>>>>> 执行结束！
[2023-03-30  22:23:35.019] H:\自动化框架\auto_test_framework\cases\daxue.py:27 [INFO]: 2023-03-30 22:23:33 >>>>>> 开始执行：
[2023-03-30  22:23:35.022] H:\自动化框架\auto_test_framework\cases\daxue.py:30 [INFO]: 2023-03-30 22:23:33 >>>>>> 执行结束！
[2023-03-30  22:23:35.023] H:\自动化框架\auto_test_framework\cases\daxue.py:27 [INFO]: 2023-03-30 22:23:33 >>>>>> 开始执行：
[2023-03-30  22:23:35.026] H:\自动化框架\auto_test_framework\cases\daxue.py:30 [INFO]: 2023-03-30 22:23:33 >>>>>> 执行结束！
[2023-03-30  22:23:35.027] H:\自动化框架\auto_test_framework\cases\daxue.py:27 [INFO]: 2023-03-30 22:23:33 >>>>>> 开始执行：
[2023-03-30  22:23:35.029] H:\自动化框架\auto_test_framework\cases\daxue.py:30 [INFO]: 2023-03-30 22:23:33 >>>>>> 执行结束！
[2023-03-30  22:23:35.030] H:\自动化框架\auto_test_framework\cases\daxue.py:27 [INFO]: 2023-03-30 22:23:33 >>>>>> 开始执行：
[2023-03-30  22:23:35.033] H:\自动化框架\auto_test_framework\cases\daxue.py:30 [INFO]: 2023-03-30 22:23:33 >>>>>> 执行结束！
[2023-03-30  22:23:35.034] H:\自动化框架\auto_test_framework\cases\daxue.py:27 [INFO]: 2023-03-30 22:23:33 >>>>>> 开始执行：
[2023-03-30  22:23:35.037] H:\自动化框架\auto_test_framework\cases\daxue.py:30 [INFO]: 2023-03-30 22:23:33 >>>>>> 执行结束！
[2023-03-30  22:23:35.038] H:\自动化框架\auto_test_framework\cases\daxue.py:27 [INFO]: 2023-03-30 22:23:33 >>>>>> 开始执行：
[2023-03-30  22:23:35.040] H:\自动化框架\auto_test_framework\cases\daxue.py:30 [INFO]: 2023-03-30 22:23:33 >>>>>> 执行结束！
[2023-03-30  22:23:35.041] H:\自动化框架\auto_test_framework\cases\daxue.py:27 [INFO]: 2023-03-30 22:23:33 >>>>>> 开始执行：
[2023-03-30  22:23:35.044] H:\自动化框架\auto_test_framework\cases\daxue.py:30 [INFO]: 2023-03-30 22:23:33 >>>>>> 执行结束！
[2023-03-30  22:23:35.045] H:\自动化框架\auto_test_framework\cases\daxue.py:27 [INFO]: 2023-03-30 22:23:33 >>>>>> 开始执行：
[2023-03-30  22:23:35.048] H:\自动化框架\auto_test_framework\cases\daxue.py:30 [INFO]: 2023-03-30 22:23:33 >>>>>> 执行结束！
[2023-03-30  22:23:35.049] H:\自动化框架\auto_test_framework\cases\daxue.py:27 [INFO]: 2023-03-30 22:23:33 >>>>>> 开始执行：
[2023-03-30  22:23:35.051] H:\自动化框架\auto_test_framework\cases\daxue.py:30 [INFO]: 2023-03-30 22:23:33 >>>>>> 执行结束！
[2023-03-30  22:23:35.052] H:\自动化框架\auto_test_framework\cases\daxue.py:27 [INFO]: 2023-03-30 22:23:33 >>>>>> 开始执行：
[2023-03-30  22:23:35.055] H:\自动化框架\auto_test_framework\cases\daxue.py:30 [INFO]: 2023-03-30 22:23:33 >>>>>> 执行结束！
[2023-03-30  22:23:35.056] H:\自动化框架\auto_test_framework\cases\daxue.py:27 [INFO]: 2023-03-30 22:23:33 >>>>>> 开始执行：
[2023-03-30  22:23:35.058] H:\自动化框架\auto_test_framework\cases\daxue.py:30 [INFO]: 2023-03-30 22:23:33 >>>>>> 执行结束！
[2023-03-30  22:23:35.059] H:\自动化框架\auto_test_framework\cases\daxue.py:27 [INFO]: 2023-03-30 22:23:33 >>>>>> 开始执行：
[2023-03-30  22:23:35.062] H:\自动化框架\auto_test_framework\cases\daxue.py:30 [INFO]: 2023-03-30 22:23:33 >>>>>> 执行结束！
[2023-03-30  22:23:35.063] H:\自动化框架\auto_test_framework\cases\daxue.py:27 [INFO]: 2023-03-30 22:23:33 >>>>>> 开始执行：
[2023-03-30  22:23:35.065] H:\自动化框架\auto_test_framework\cases\daxue.py:30 [INFO]: 2023-03-30 22:23:33 >>>>>> 执行结束！
[2023-03-30  22:23:35.066] H:\自动化框架\auto_test_framework\cases\daxue.py:27 [INFO]: 2023-03-30 22:23:33 >>>>>> 开始执行：
[2023-03-30  22:23:35.069] H:\自动化框架\auto_test_framework\cases\daxue.py:30 [INFO]: 2023-03-30 22:23:33 >>>>>> 执行结束！
[2023-03-30  22:23:35.070] H:\自动化框架\auto_test_framework\cases\daxue.py:27 [INFO]: 2023-03-30 22:23:33 >>>>>> 开始执行：
[2023-03-30  22:23:35.072] H:\自动化框架\auto_test_framework\cases\daxue.py:30 [INFO]: 2023-03-30 22:23:33 >>>>>> 执行结束！
[2023-03-30  22:23:35.073] H:\自动化框架\auto_test_framework\cases\daxue.py:27 [INFO]: 2023-03-30 22:23:33 >>>>>> 开始执行：
[2023-03-30  22:23:35.076] H:\自动化框架\auto_test_framework\cases\daxue.py:30 [INFO]: 2023-03-30 22:23:33 >>>>>> 执行结束！
[2023-03-30  22:23:35.077] H:\自动化框架\auto_test_framework\cases\daxue.py:27 [INFO]: 2023-03-30 22:23:33 >>>>>> 开始执行：
[2023-03-30  22:23:35.081] H:\自动化框架\auto_test_framework\cases\daxue.py:30 [INFO]: 2023-03-30 22:23:33 >>>>>> 执行结束！
[2023-03-30  22:23:35.082] H:\自动化框架\auto_test_framework\cases\daxue.py:27 [INFO]: 2023-03-30 22:23:33 >>>>>> 开始执行：
[2023-03-30  22:23:35.084] H:\自动化框架\auto_test_framework\cases\daxue.py:30 [INFO]: 2023-03-30 22:23:33 >>>>>> 执行结束！
[2023-03-30  22:23:35.085] H:\自动化框架\auto_test_framework\cases\daxue.py:27 [INFO]: 2023-03-30 22:23:33 >>>>>> 开始执行：
[2023-03-30  22:23:35.088] H:\自动化框架\auto_test_framework\cases\daxue.py:30 [INFO]: 2023-03-30 22:23:33 >>>>>> 执行结束！
[2023-03-30  22:23:35.089] H:\自动化框架\auto_test_framework\cases\daxue.py:27 [INFO]: 2023-03-30 22:23:33 >>>>>> 开始执行：
[2023-03-30  22:23:35.091] H:\自动化框架\auto_test_framework\cases\daxue.py:30 [INFO]: 2023-03-30 22:23:33 >>>>>> 执行结束！
[2023-03-30  22:23:35.092] H:\自动化框架\auto_test_framework\cases\daxue.py:27 [INFO]: 2023-03-30 22:23:33 >>>>>> 开始执行：
[2023-03-30  22:23:35.095] H:\自动化框架\auto_test_framework\cases\daxue.py:30 [INFO]: 2023-03-30 22:23:33 >>>>>> 执行结束！
[2023-03-30  22:23:35.096] H:\自动化框架\auto_test_framework\cases\daxue.py:27 [INFO]: 2023-03-30 22:23:33 >>>>>> 开始执行：
[2023-03-30  22:23:35.098] H:\自动化框架\auto_test_framework\cases\daxue.py:30 [INFO]: 2023-03-30 22:23:33 >>>>>> 执行结束！
[2023-03-30  22:23:35.100] H:\自动化框架\auto_test_framework\cases\daxue.py:27 [INFO]: 2023-03-30 22:23:33 >>>>>> 开始执行：
[2023-03-30  22:23:35.103] H:\自动化框架\auto_test_framework\cases\daxue.py:30 [INFO]: 2023-03-30 22:23:33 >>>>>> 执行结束！
[2023-03-30  22:23:35.104] H:\自动化框架\auto_test_framework\cases\daxue.py:27 [INFO]: 2023-03-30 22:23:33 >>>>>> 开始执行：
[2023-03-30  22:23:35.106] H:\自动化框架\auto_test_framework\cases\daxue.py:30 [INFO]: 2023-03-30 22:23:33 >>>>>> 执行结束！
[2023-03-30  22:23:35.108] H:\自动化框架\auto_test_framework\cases\daxue.py:27 [INFO]: 2023-03-30 22:23:33 >>>>>> 开始执行：
[2023-03-30  22:23:35.111] H:\自动化框架\auto_test_framework\cases\daxue.py:30 [INFO]: 2023-03-30 22:23:33 >>>>>> 执行结束！
[2023-03-30  22:23:35.113] H:\自动化框架\auto_test_framework\cases\daxue.py:27 [INFO]: 2023-03-30 22:23:33 >>>>>> 开始执行：
[2023-03-30  22:23:35.116] H:\自动化框架\auto_test_framework\cases\daxue.py:30 [INFO]: 2023-03-30 22:23:33 >>>>>> 执行结束！
[2023-03-30  22:23:35.118] H:\自动化框架\auto_test_framework\cases\daxue.py:27 [INFO]: 2023-03-30 22:23:33 >>>>>> 开始执行：
[2023-03-30  22:23:35.120] H:\自动化框架\auto_test_framework\cases\daxue.py:30 [INFO]: 2023-03-30 22:23:33 >>>>>> 执行结束！
[2023-03-30  22:23:35.121] H:\自动化框架\auto_test_framework\cases\daxue.py:27 [INFO]: 2023-03-30 22:23:33 >>>>>> 开始执行：
[2023-03-30  22:23:35.123] H:\自动化框架\auto_test_framework\cases\daxue.py:30 [INFO]: 2023-03-30 22:23:33 >>>>>> 执行结束！
[2023-03-30  22:23:35.124] H:\自动化框架\auto_test_framework\cases\daxue.py:27 [INFO]: 2023-03-30 22:23:33 >>>>>> 开始执行：
[2023-03-30  22:23:35.128] H:\自动化框架\auto_test_framework\cases\daxue.py:30 [INFO]: 2023-03-30 22:23:33 >>>>>> 执行结束！
[2023-03-30  22:23:35.129] H:\自动化框架\auto_test_framework\cases\daxue.py:27 [INFO]: 2023-03-30 22:23:33 >>>>>> 开始执行：
[2023-03-30  22:23:35.132] H:\自动化框架\auto_test_framework\cases\daxue.py:30 [INFO]: 2023-03-30 22:23:33 >>>>>> 执行结束！
[2023-03-30  22:23:35.133] H:\自动化框架\auto_test_framework\cases\daxue.py:27 [INFO]: 2023-03-30 22:23:33 >>>>>> 开始执行：
[2023-03-30  22:23:35.136] H:\自动化框架\auto_test_framework\cases\daxue.py:30 [INFO]: 2023-03-30 22:23:33 >>>>>> 执行结束！
[2023-03-30  22:23:35.138] H:\自动化框架\auto_test_framework\cases\daxue.py:27 [INFO]: 2023-03-30 22:23:33 >>>>>> 开始执行：
[2023-03-30  22:23:35.142] H:\自动化框架\auto_test_framework\cases\daxue.py:30 [INFO]: 2023-03-30 22:23:33 >>>>>> 执行结束！
[2023-03-30  22:23:35.143] H:\自动化框架\auto_test_framework\cases\daxue.py:27 [INFO]: 2023-03-30 22:23:33 >>>>>> 开始执行：
[2023-03-30  22:23:35.146] H:\自动化框架\auto_test_framework\cases\daxue.py:30 [INFO]: 2023-03-30 22:23:33 >>>>>> 执行结束！
[2023-03-30  22:23:35.148] H:\自动化框架\auto_test_framework\cases\daxue.py:27 [INFO]: 2023-03-30 22:23:33 >>>>>> 开始执行：
[2023-03-30  22:23:35.151] H:\自动化框架\auto_test_framework\cases\daxue.py:30 [INFO]: 2023-03-30 22:23:33 >>>>>> 执行结束！
[2023-03-30  22:23:35.152] H:\自动化框架\auto_test_framework\cases\daxue.py:27 [INFO]: 2023-03-30 22:23:33 >>>>>> 开始执行：
[2023-03-30  22:23:35.156] H:\自动化框架\auto_test_framework\cases\daxue.py:30 [INFO]: 2023-03-30 22:23:33 >>>>>> 执行结束！
[2023-03-30  22:23:35.158] H:\自动化框架\auto_test_framework\cases\daxue.py:27 [INFO]: 2023-03-30 22:23:33 >>>>>> 开始执行：
[2023-03-30  22:23:35.160] H:\自动化框架\auto_test_framework\cases\daxue.py:30 [INFO]: 2023-03-30 22:23:33 >>>>>> 执行结束！
[2023-03-30  22:23:35.161] H:\自动化框架\auto_test_framework\cases\daxue.py:27 [INFO]: 2023-03-30 22:23:33 >>>>>> 开始执行：
[2023-03-30  22:23:35.164] H:\自动化框架\auto_test_framework\cases\daxue.py:30 [INFO]: 2023-03-30 22:23:33 >>>>>> 执行结束！
[2023-03-30  22:23:35.166] H:\自动化框架\auto_test_framework\cases\daxue.py:27 [INFO]: 2023-03-30 22:23:33 >>>>>> 开始执行：
[2023-03-30  22:23:35.169] H:\自动化框架\auto_test_framework\cases\daxue.py:30 [INFO]: 2023-03-30 22:23:33 >>>>>> 执行结束！
[2023-03-30  22:23:35.170] H:\自动化框架\auto_test_framework\cases\daxue.py:27 [INFO]: 2023-03-30 22:23:33 >>>>>> 开始执行：
[2023-03-30  22:23:35.173] H:\自动化框架\auto_test_framework\cases\daxue.py:30 [INFO]: 2023-03-30 22:23:33 >>>>>> 执行结束！
[2023-03-30  22:23:35.173] H:\自动化框架\auto_test_framework\cases\daxue.py:27 [INFO]: 2023-03-30 22:23:33 >>>>>> 开始执行：
[2023-03-30  22:23:35.177] H:\自动化框架\auto_test_framework\cases\daxue.py:30 [INFO]: 2023-03-30 22:23:33 >>>>>> 执行结束！
[2023-03-30  22:23:35.178] H:\自动化框架\auto_test_framework\cases\daxue.py:27 [INFO]: 2023-03-30 22:23:33 >>>>>> 开始执行：
[2023-03-30  22:23:35.180] H:\自动化框架\auto_test_framework\cases\daxue.py:30 [INFO]: 2023-03-30 22:23:33 >>>>>> 执行结束！
[2023-03-30  22:23:35.182] H:\自动化框架\auto_test_framework\cases\daxue.py:27 [INFO]: 2023-03-30 22:23:33 >>>>>> 开始执行：
[2023-03-30  22:23:35.185] H:\自动化框架\auto_test_framework\cases\daxue.py:30 [INFO]: 2023-03-30 22:23:33 >>>>>> 执行结束！
[2023-03-30  22:23:35.186] H:\自动化框架\auto_test_framework\cases\daxue.py:27 [INFO]: 2023-03-30 22:23:33 >>>>>> 开始执行：
[2023-03-30  22:23:35.189] H:\自动化框架\auto_test_framework\cases\daxue.py:30 [INFO]: 2023-03-30 22:23:33 >>>>>> 执行结束！
[2023-03-30  22:23:35.190] H:\自动化框架\auto_test_framework\cases\daxue.py:27 [INFO]: 2023-03-30 22:23:33 >>>>>> 开始执行：
[2023-03-30  22:23:35.193] H:\自动化框架\auto_test_framework\cases\daxue.py:30 [INFO]: 2023-03-30 22:23:33 >>>>>> 执行结束！
[2023-03-30  22:23:35.194] H:\自动化框架\auto_test_framework\cases\daxue.py:27 [INFO]: 2023-03-30 22:23:33 >>>>>> 开始执行：
[2023-03-30  22:23:35.197] H:\自动化框架\auto_test_framework\cases\daxue.py:30 [INFO]: 2023-03-30 22:23:33 >>>>>> 执行结束！
[2023-03-30  22:23:35.199] H:\自动化框架\auto_test_framework\cases\daxue.py:27 [INFO]: 2023-03-30 22:23:33 >>>>>> 开始执行：
[2023-03-30  22:23:35.202] H:\自动化框架\auto_test_framework\cases\daxue.py:30 [INFO]: 2023-03-30 22:23:33 >>>>>> 执行结束！
[2023-03-30  22:23:35.203] H:\自动化框架\auto_test_framework\cases\daxue.py:27 [INFO]: 2023-03-30 22:23:33 >>>>>> 开始执行：
[2023-03-30  22:23:35.206] H:\自动化框架\auto_test_framework\cases\daxue.py:30 [INFO]: 2023-03-30 22:23:33 >>>>>> 执行结束！
[2023-03-30  22:23:35.207] H:\自动化框架\auto_test_framework\cases\daxue.py:27 [INFO]: 2023-03-30 22:23:33 >>>>>> 开始执行：
[2023-03-30  22:23:35.210] H:\自动化框架\auto_test_framework\cases\daxue.py:30 [INFO]: 2023-03-30 22:23:33 >>>>>> 执行结束！
[2023-03-30  22:23:35.211] H:\自动化框架\auto_test_framework\cases\daxue.py:27 [INFO]: 2023-03-30 22:23:33 >>>>>> 开始执行：
[2023-03-30  22:23:35.213] H:\自动化框架\auto_test_framework\cases\daxue.py:30 [INFO]: 2023-03-30 22:23:33 >>>>>> 执行结束！
[2023-03-30  22:23:35.216] H:\自动化框架\auto_test_framework\cases\daxue.py:27 [INFO]: 2023-03-30 22:23:33 >>>>>> 开始执行：
[2023-03-30  22:23:35.218] H:\自动化框架\auto_test_framework\cases\daxue.py:30 [INFO]: 2023-03-30 22:23:33 >>>>>> 执行结束！
[2023-03-30  22:23:35.219] H:\自动化框架\auto_test_framework\cases\daxue.py:27 [INFO]: 2023-03-30 22:23:33 >>>>>> 开始执行：
[2023-03-30  22:23:35.222] H:\自动化框架\auto_test_framework\cases\daxue.py:30 [INFO]: 2023-03-30 22:23:33 >>>>>> 执行结束！
[2023-03-30  22:23:35.223] H:\自动化框架\auto_test_framework\cases\daxue.py:27 [INFO]: 2023-03-30 22:23:33 >>>>>> 开始执行：
[2023-03-30  22:23:35.226] H:\自动化框架\auto_test_framework\cases\daxue.py:30 [INFO]: 2023-03-30 22:23:33 >>>>>> 执行结束！
[2023-03-30  22:23:35.227] H:\自动化框架\auto_test_framework\cases\daxue.py:27 [INFO]: 2023-03-30 22:23:33 >>>>>> 开始执行：
[2023-03-30  22:23:35.230] H:\自动化框架\auto_test_framework\cases\daxue.py:30 [INFO]: 2023-03-30 22:23:33 >>>>>> 执行结束！
[2023-03-30  22:23:35.232] H:\自动化框架\auto_test_framework\cases\daxue.py:27 [INFO]: 2023-03-30 22:23:33 >>>>>> 开始执行：
[2023-03-30  22:23:35.236] H:\自动化框架\auto_test_framework\cases\daxue.py:30 [INFO]: 2023-03-30 22:23:33 >>>>>> 执行结束！
[2023-03-30  22:23:35.237] H:\自动化框架\auto_test_framework\cases\daxue.py:27 [INFO]: 2023-03-30 22:23:33 >>>>>> 开始执行：
[2023-03-30  22:23:35.239] H:\自动化框架\auto_test_framework\cases\daxue.py:30 [INFO]: 2023-03-30 22:23:33 >>>>>> 执行结束！
[2023-03-30  22:23:35.241] H:\自动化框架\auto_test_framework\cases\daxue.py:27 [INFO]: 2023-03-30 22:23:33 >>>>>> 开始执行：
[2023-03-30  22:23:35.243] H:\自动化框架\auto_test_framework\cases\daxue.py:30 [INFO]: 2023-03-30 22:23:33 >>>>>> 执行结束！
[2023-03-30  22:23:35.245] H:\自动化框架\auto_test_framework\cases\daxue.py:27 [INFO]: 2023-03-30 22:23:33 >>>>>> 开始执行：
[2023-03-30  22:23:35.248] H:\自动化框架\auto_test_framework\cases\daxue.py:30 [INFO]: 2023-03-30 22:23:33 >>>>>> 执行结束！
[2023-03-30  22:23:35.249] H:\自动化框架\auto_test_framework\cases\daxue.py:27 [INFO]: 2023-03-30 22:23:33 >>>>>> 开始执行：
[2023-03-30  22:23:35.253] H:\自动化框架\auto_test_framework\cases\daxue.py:30 [INFO]: 2023-03-30 22:23:33 >>>>>> 执行结束！
[2023-03-30  22:23:35.254] H:\自动化框架\auto_test_framework\cases\daxue.py:27 [INFO]: 2023-03-30 22:23:33 >>>>>> 开始执行：
[2023-03-30  22:23:35.257] H:\自动化框架\auto_test_framework\cases\daxue.py:30 [INFO]: 2023-03-30 22:23:33 >>>>>> 执行结束！
[2023-03-30  22:23:35.258] H:\自动化框架\auto_test_framework\cases\daxue.py:27 [INFO]: 2023-03-30 22:23:33 >>>>>> 开始执行：
[2023-03-30  22:23:35.261] H:\自动化框架\auto_test_framework\cases\daxue.py:30 [INFO]: 2023-03-30 22:23:33 >>>>>> 执行结束！
[2023-03-30  22:23:35.262] H:\自动化框架\auto_test_framework\cases\daxue.py:27 [INFO]: 2023-03-30 22:23:33 >>>>>> 开始执行：
[2023-03-30  22:23:35.265] H:\自动化框架\auto_test_framework\cases\daxue.py:30 [INFO]: 2023-03-30 22:23:33 >>>>>> 执行结束！
[2023-03-30  22:23:35.267] H:\自动化框架\auto_test_framework\cases\daxue.py:27 [INFO]: 2023-03-30 22:23:33 >>>>>> 开始执行：
[2023-03-30  22:23:35.270] H:\自动化框架\auto_test_framework\cases\daxue.py:30 [INFO]: 2023-03-30 22:23:33 >>>>>> 执行结束！
[2023-03-30  22:23:35.271] H:\自动化框架\auto_test_framework\cases\daxue.py:27 [INFO]: 2023-03-30 22:23:33 >>>>>> 开始执行：
[2023-03-30  22:23:35.273] H:\自动化框架\auto_test_framework\cases\daxue.py:30 [INFO]: 2023-03-30 22:23:33 >>>>>> 执行结束！
[2023-03-30  22:23:35.275] H:\自动化框架\auto_test_framework\cases\daxue.py:27 [INFO]: 2023-03-30 22:23:33 >>>>>> 开始执行：
[2023-03-30  22:23:35.278] H:\自动化框架\auto_test_framework\cases\daxue.py:30 [INFO]: 2023-03-30 22:23:33 >>>>>> 执行结束！
[2023-03-30  22:23:35.279] H:\自动化框架\auto_test_framework\cases\daxue.py:27 [INFO]: 2023-03-30 22:23:33 >>>>>> 开始执行：
[2023-03-30  22:23:35.282] H:\自动化框架\auto_test_framework\cases\daxue.py:30 [INFO]: 2023-03-30 22:23:33 >>>>>> 执行结束！
[2023-03-30  22:23:35.283] H:\自动化框架\auto_test_framework\cases\daxue.py:27 [INFO]: 2023-03-30 22:23:33 >>>>>> 开始执行：
[2023-03-30  22:23:35.287] H:\自动化框架\auto_test_framework\cases\daxue.py:30 [INFO]: 2023-03-30 22:23:33 >>>>>> 执行结束！
[2023-03-30  22:23:35.288] H:\自动化框架\auto_test_framework\cases\daxue.py:27 [INFO]: 2023-03-30 22:23:33 >>>>>> 开始执行：
[2023-03-30  22:23:35.291] H:\自动化框架\auto_test_framework\cases\daxue.py:30 [INFO]: 2023-03-30 22:23:33 >>>>>> 执行结束！
[2023-03-30  22:23:35.292] H:\自动化框架\auto_test_framework\cases\daxue.py:27 [INFO]: 2023-03-30 22:23:33 >>>>>> 开始执行：
[2023-03-30  22:23:35.295] H:\自动化框架\auto_test_framework\cases\daxue.py:30 [INFO]: 2023-03-30 22:23:33 >>>>>> 执行结束！
[2023-03-30  22:23:35.296] H:\自动化框架\auto_test_framework\cases\daxue.py:27 [INFO]: 2023-03-30 22:23:33 >>>>>> 开始执行：
[2023-03-30  22:23:35.299] H:\自动化框架\auto_test_framework\cases\daxue.py:30 [INFO]: 2023-03-30 22:23:33 >>>>>> 执行结束！
[2023-03-30  22:23:35.300] H:\自动化框架\auto_test_framework\cases\daxue.py:27 [INFO]: 2023-03-30 22:23:33 >>>>>> 开始执行：
[2023-03-30  22:23:35.303] H:\自动化框架\auto_test_framework\cases\daxue.py:30 [INFO]: 2023-03-30 22:23:33 >>>>>> 执行结束！
[2023-03-30  22:23:35.304] H:\自动化框架\auto_test_framework\cases\daxue.py:27 [INFO]: 2023-03-30 22:23:33 >>>>>> 开始执行：
[2023-03-30  22:23:35.307] H:\自动化框架\auto_test_framework\cases\daxue.py:30 [INFO]: 2023-03-30 22:23:33 >>>>>> 执行结束！
[2023-03-30  22:23:35.308] H:\自动化框架\auto_test_framework\cases\daxue.py:27 [INFO]: 2023-03-30 22:23:33 >>>>>> 开始执行：
[2023-03-30  22:23:35.311] H:\自动化框架\auto_test_framework\cases\daxue.py:30 [INFO]: 2023-03-30 22:23:33 >>>>>> 执行结束！
[2023-03-30  22:23:35.312] H:\自动化框架\auto_test_framework\cases\daxue.py:27 [INFO]: 2023-03-30 22:23:33 >>>>>> 开始执行：
[2023-03-30  22:23:35.314] H:\自动化框架\auto_test_framework\cases\daxue.py:30 [INFO]: 2023-03-30 22:23:33 >>>>>> 执行结束！
[2023-03-30  22:23:35.315] H:\自动化框架\auto_test_framework\cases\daxue.py:27 [INFO]: 2023-03-30 22:23:33 >>>>>> 开始执行：
[2023-03-30  22:23:35.318] H:\自动化框架\auto_test_framework\cases\daxue.py:30 [INFO]: 2023-03-30 22:23:33 >>>>>> 执行结束！
[2023-03-30  22:23:35.320] H:\自动化框架\auto_test_framework\cases\daxue.py:27 [INFO]: 2023-03-30 22:23:33 >>>>>> 开始执行：
[2023-03-30  22:23:35.322] H:\自动化框架\auto_test_framework\cases\daxue.py:30 [INFO]: 2023-03-30 22:23:33 >>>>>> 执行结束！
[2023-03-30  22:23:35.323] H:\自动化框架\auto_test_framework\cases\daxue.py:27 [INFO]: 2023-03-30 22:23:33 >>>>>> 开始执行：
[2023-03-30  22:23:35.326] H:\自动化框架\auto_test_framework\cases\daxue.py:30 [INFO]: 2023-03-30 22:23:33 >>>>>> 执行结束！
[2023-03-30  22:23:35.327] H:\自动化框架\auto_test_framework\cases\daxue.py:27 [INFO]: 2023-03-30 22:23:33 >>>>>> 开始执行：
[2023-03-30  22:23:35.330] H:\自动化框架\auto_test_framework\cases\daxue.py:30 [INFO]: 2023-03-30 22:23:33 >>>>>> 执行结束！
[2023-03-30  22:23:35.331] H:\自动化框架\auto_test_framework\cases\daxue.py:27 [INFO]: 2023-03-30 22:23:33 >>>>>> 开始执行：
[2023-03-30  22:23:35.334] H:\自动化框架\auto_test_framework\cases\daxue.py:30 [INFO]: 2023-03-30 22:23:33 >>>>>> 执行结束！
[2023-03-30  22:23:35.335] H:\自动化框架\auto_test_framework\cases\daxue.py:27 [INFO]: 2023-03-30 22:23:33 >>>>>> 开始执行：
[2023-03-30  22:23:35.338] H:\自动化框架\auto_test_framework\cases\daxue.py:30 [INFO]: 2023-03-30 22:23:33 >>>>>> 执行结束！
[2023-03-30  22:23:35.339] H:\自动化框架\auto_test_framework\cases\daxue.py:27 [INFO]: 2023-03-30 22:23:33 >>>>>> 开始执行：
[2023-03-30  22:23:35.341] H:\自动化框架\auto_test_framework\cases\daxue.py:30 [INFO]: 2023-03-30 22:23:33 >>>>>> 执行结束！
[2023-03-30  22:23:35.342] H:\自动化框架\auto_test_framework\cases\daxue.py:27 [INFO]: 2023-03-30 22:23:33 >>>>>> 开始执行：
[2023-03-30  22:23:35.345] H:\自动化框架\auto_test_framework\cases\daxue.py:30 [INFO]: 2023-03-30 22:23:33 >>>>>> 执行结束！
[2023-03-30  22:23:35.346] H:\自动化框架\auto_test_framework\cases\daxue.py:27 [INFO]: 2023-03-30 22:23:33 >>>>>> 开始执行：
[2023-03-30  22:23:35.350] H:\自动化框架\auto_test_framework\cases\daxue.py:30 [INFO]: 2023-03-30 22:23:33 >>>>>> 执行结束！
[2023-03-30  22:23:35.351] H:\自动化框架\auto_test_framework\cases\daxue.py:27 [INFO]: 2023-03-30 22:23:33 >>>>>> 开始执行：
[2023-03-30  22:23:35.353] H:\自动化框架\auto_test_framework\cases\daxue.py:30 [INFO]: 2023-03-30 22:23:33 >>>>>> 执行结束！
[2023-03-30  22:23:35.354] H:\自动化框架\auto_test_framework\cases\daxue.py:27 [INFO]: 2023-03-30 22:23:33 >>>>>> 开始执行：
[2023-03-30  22:23:35.357] H:\自动化框架\auto_test_framework\cases\daxue.py:30 [INFO]: 2023-03-30 22:23:33 >>>>>> 执行结束！
[2023-03-30  22:23:35.359] H:\自动化框架\auto_test_framework\cases\daxue.py:27 [INFO]: 2023-03-30 22:23:33 >>>>>> 开始执行：
[2023-03-30  22:23:35.362] H:\自动化框架\auto_test_framework\cases\daxue.py:30 [INFO]: 2023-03-30 22:23:33 >>>>>> 执行结束！
[2023-03-30  22:23:35.363] H:\自动化框架\auto_test_framework\cases\daxue.py:27 [INFO]: 2023-03-30 22:23:33 >>>>>> 开始执行：
[2023-03-30  22:23:35.365] H:\自动化框架\auto_test_framework\cases\daxue.py:30 [INFO]: 2023-03-30 22:23:33 >>>>>> 执行结束！
[2023-03-30  22:23:35.366] H:\自动化框架\auto_test_framework\cases\daxue.py:27 [INFO]: 2023-03-30 22:23:33 >>>>>> 开始执行：
[2023-03-30  22:23:35.369] H:\自动化框架\auto_test_framework\cases\daxue.py:30 [INFO]: 2023-03-30 22:23:33 >>>>>> 执行结束！
[2023-03-30  22:23:35.370] H:\自动化框架\auto_test_framework\cases\daxue.py:27 [INFO]: 2023-03-30 22:23:33 >>>>>> 开始执行：
[2023-03-30  22:23:35.372] H:\自动化框架\auto_test_framework\cases\daxue.py:30 [INFO]: 2023-03-30 22:23:33 >>>>>> 执行结束！
[2023-03-30  22:23:35.373] H:\自动化框架\auto_test_framework\cases\daxue.py:27 [INFO]: 2023-03-30 22:23:33 >>>>>> 开始执行：
[2023-03-30  22:23:35.377] H:\自动化框架\auto_test_framework\cases\daxue.py:30 [INFO]: 2023-03-30 22:23:33 >>>>>> 执行结束！
[2023-03-30  22:23:35.378] H:\自动化框架\auto_test_framework\cases\daxue.py:27 [INFO]: 2023-03-30 22:23:33 >>>>>> 开始执行：
[2023-03-30  22:23:35.380] H:\自动化框架\auto_test_framework\cases\daxue.py:30 [INFO]: 2023-03-30 22:23:33 >>>>>> 执行结束！
[2023-03-30  22:23:35.382] H:\自动化框架\auto_test_framework\cases\daxue.py:27 [INFO]: 2023-03-30 22:23:33 >>>>>> 开始执行：
[2023-03-30  22:23:35.386] H:\自动化框架\auto_test_framework\cases\daxue.py:30 [INFO]: 2023-03-30 22:23:33 >>>>>> 执行结束！
[2023-03-30  22:23:35.387] H:\自动化框架\auto_test_framework\cases\daxue.py:27 [INFO]: 2023-03-30 22:23:33 >>>>>> 开始执行：
[2023-03-30  22:23:35.391] H:\自动化框架\auto_test_framework\cases\daxue.py:30 [INFO]: 2023-03-30 22:23:33 >>>>>> 执行结束！
[2023-03-30  22:23:35.393] H:\自动化框架\auto_test_framework\cases\daxue.py:27 [INFO]: 2023-03-30 22:23:33 >>>>>> 开始执行：
[2023-03-30  22:23:35.395] H:\自动化框架\auto_test_framework\cases\daxue.py:30 [INFO]: 2023-03-30 22:23:33 >>>>>> 执行结束！
[2023-03-30  22:23:35.396] H:\自动化框架\auto_test_framework\cases\daxue.py:27 [INFO]: 2023-03-30 22:23:33 >>>>>> 开始执行：
[2023-03-30  22:23:35.399] H:\自动化框架\auto_test_framework\cases\daxue.py:30 [INFO]: 2023-03-30 22:23:33 >>>>>> 执行结束！
[2023-03-30  22:23:35.400] H:\自动化框架\auto_test_framework\cases\daxue.py:27 [INFO]: 2023-03-30 22:23:33 >>>>>> 开始执行：
[2023-03-30  22:23:35.404] H:\自动化框架\auto_test_framework\cases\daxue.py:30 [INFO]: 2023-03-30 22:23:33 >>>>>> 执行结束！
[2023-03-30  22:23:35.405] H:\自动化框架\auto_test_framework\cases\daxue.py:27 [INFO]: 2023-03-30 22:23:33 >>>>>> 开始执行：
[2023-03-30  22:23:35.408] H:\自动化框架\auto_test_framework\cases\daxue.py:30 [INFO]: 2023-03-30 22:23:33 >>>>>> 执行结束！
[2023-03-30  22:23:35.410] H:\自动化框架\auto_test_framework\cases\daxue.py:27 [INFO]: 2023-03-30 22:23:33 >>>>>> 开始执行：
[2023-03-30  22:23:35.412] H:\自动化框架\auto_test_framework\cases\daxue.py:30 [INFO]: 2023-03-30 22:23:33 >>>>>> 执行结束！
[2023-03-30  22:23:35.413] H:\自动化框架\auto_test_framework\cases\daxue.py:27 [INFO]: 2023-03-30 22:23:33 >>>>>> 开始执行：
[2023-03-30  22:23:35.416] H:\自动化框架\auto_test_framework\cases\daxue.py:30 [INFO]: 2023-03-30 22:23:33 >>>>>> 执行结束！
[2023-03-30  22:23:35.417] H:\自动化框架\auto_test_framework\cases\daxue.py:27 [INFO]: 2023-03-30 22:23:33 >>>>>> 开始执行：
[2023-03-30  22:23:35.421] H:\自动化框架\auto_test_framework\cases\daxue.py:30 [INFO]: 2023-03-30 22:23:33 >>>>>> 执行结束！
[2023-03-30  22:23:35.422] H:\自动化框架\auto_test_framework\cases\daxue.py:27 [INFO]: 2023-03-30 22:23:33 >>>>>> 开始执行：
[2023-03-30  22:23:35.425] H:\自动化框架\auto_test_framework\cases\daxue.py:30 [INFO]: 2023-03-30 22:23:33 >>>>>> 执行结束！
[2023-03-30  22:23:35.426] H:\自动化框架\auto_test_framework\cases\daxue.py:27 [INFO]: 2023-03-30 22:23:33 >>>>>> 开始执行：
[2023-03-30  22:23:35.428] H:\自动化框架\auto_test_framework\cases\daxue.py:30 [INFO]: 2023-03-30 22:23:33 >>>>>> 执行结束！
[2023-03-30  22:23:35.429] H:\自动化框架\auto_test_framework\cases\daxue.py:27 [INFO]: 2023-03-30 22:23:33 >>>>>> 开始执行：
[2023-03-30  22:23:35.433] H:\自动化框架\auto_test_framework\cases\daxue.py:30 [INFO]: 2023-03-30 22:23:33 >>>>>> 执行结束！
[2023-03-30  22:23:35.434] H:\自动化框架\auto_test_framework\cases\daxue.py:27 [INFO]: 2023-03-30 22:23:33 >>>>>> 开始执行：
[2023-03-30  22:23:35.437] H:\自动化框架\auto_test_framework\cases\daxue.py:30 [INFO]: 2023-03-30 22:23:33 >>>>>> 执行结束！
[2023-03-30  22:23:35.438] H:\自动化框架\auto_test_framework\cases\daxue.py:27 [INFO]: 2023-03-30 22:23:33 >>>>>> 开始执行：
[2023-03-30  22:23:35.441] H:\自动化框架\auto_test_framework\cases\daxue.py:30 [INFO]: 2023-03-30 22:23:33 >>>>>> 执行结束！
[2023-03-30  22:23:35.442] H:\自动化框架\auto_test_framework\cases\daxue.py:27 [INFO]: 2023-03-30 22:23:33 >>>>>> 开始执行：
[2023-03-30  22:23:35.444] H:\自动化框架\auto_test_framework\cases\daxue.py:30 [INFO]: 2023-03-30 22:23:33 >>>>>> 执行结束！
[2023-03-30  22:23:35.445] H:\自动化框架\auto_test_framework\cases\daxue.py:27 [INFO]: 2023-03-30 22:23:33 >>>>>> 开始执行：
[2023-03-30  22:23:35.448] H:\自动化框架\auto_test_framework\cases\daxue.py:30 [INFO]: 2023-03-30 22:23:33 >>>>>> 执行结束！
[2023-03-30  22:23:35.450] H:\自动化框架\auto_test_framework\cases\daxue.py:27 [INFO]: 2023-03-30 22:23:33 >>>>>> 开始执行：
[2023-03-30  22:23:35.453] H:\自动化框架\auto_test_framework\cases\daxue.py:30 [INFO]: 2023-03-30 22:23:33 >>>>>> 执行结束！
[2023-03-30  22:23:35.454] H:\自动化框架\auto_test_framework\cases\daxue.py:27 [INFO]: 2023-03-30 22:23:33 >>>>>> 开始执行：
[2023-03-30  22:23:35.457] H:\自动化框架\auto_test_framework\cases\daxue.py:30 [INFO]: 2023-03-30 22:23:33 >>>>>> 执行结束！
[2023-03-30  22:23:35.458] H:\自动化框架\auto_test_framework\cases\daxue.py:27 [INFO]: 2023-03-30 22:23:33 >>>>>> 开始执行：
[2023-03-30  22:23:35.461] H:\自动化框架\auto_test_framework\cases\daxue.py:30 [INFO]: 2023-03-30 22:23:33 >>>>>> 执行结束！
[2023-03-30  22:23:35.462] H:\自动化框架\auto_test_framework\cases\daxue.py:27 [INFO]: 2023-03-30 22:23:33 >>>>>> 开始执行：
[2023-03-30  22:23:35.465] H:\自动化框架\auto_test_framework\cases\daxue.py:30 [INFO]: 2023-03-30 22:23:33 >>>>>> 执行结束！
[2023-03-30  22:23:35.466] H:\自动化框架\auto_test_framework\cases\daxue.py:27 [INFO]: 2023-03-30 22:23:33 >>>>>> 开始执行：
[2023-03-30  22:23:35.469] H:\自动化框架\auto_test_framework\cases\daxue.py:30 [INFO]: 2023-03-30 22:23:33 >>>>>> 执行结束！
[2023-03-30  22:23:35.470] H:\自动化框架\auto_test_framework\cases\daxue.py:27 [INFO]: 2023-03-30 22:23:33 >>>>>> 开始执行：
[2023-03-30  22:23:35.473] H:\自动化框架\auto_test_framework\cases\daxue.py:30 [INFO]: 2023-03-30 22:23:33 >>>>>> 执行结束！
[2023-03-30  22:23:35.474] H:\自动化框架\auto_test_framework\cases\daxue.py:27 [INFO]: 2023-03-30 22:23:33 >>>>>> 开始执行：
[2023-03-30  22:23:35.477] H:\自动化框架\auto_test_framework\cases\daxue.py:30 [INFO]: 2023-03-30 22:23:33 >>>>>> 执行结束！
[2023-03-30  22:23:35.478] H:\自动化框架\auto_test_framework\cases\daxue.py:27 [INFO]: 2023-03-30 22:23:33 >>>>>> 开始执行：
[2023-03-30  22:23:35.481] H:\自动化框架\auto_test_framework\cases\daxue.py:30 [INFO]: 2023-03-30 22:23:33 >>>>>> 执行结束！
[2023-03-30  22:23:35.482] H:\自动化框架\auto_test_framework\cases\daxue.py:27 [INFO]: 2023-03-30 22:23:33 >>>>>> 开始执行：
[2023-03-30  22:23:35.484] H:\自动化框架\auto_test_framework\cases\daxue.py:30 [INFO]: 2023-03-30 22:23:33 >>>>>> 执行结束！
[2023-03-30  22:23:35.485] H:\自动化框架\auto_test_framework\cases\daxue.py:27 [INFO]: 2023-03-30 22:23:33 >>>>>> 开始执行：
[2023-03-30  22:23:35.488] H:\自动化框架\auto_test_framework\cases\daxue.py:30 [INFO]: 2023-03-30 22:23:33 >>>>>> 执行结束！
[2023-03-30  22:23:35.489] H:\自动化框架\auto_test_framework\cases\daxue.py:27 [INFO]: 2023-03-30 22:23:33 >>>>>> 开始执行：
[2023-03-30  22:23:35.492] H:\自动化框架\auto_test_framework\cases\daxue.py:30 [INFO]: 2023-03-30 22:23:33 >>>>>> 执行结束！
[2023-03-30  22:23:35.493] H:\自动化框架\auto_test_framework\cases\daxue.py:27 [INFO]: 2023-03-30 22:23:33 >>>>>> 开始执行：
[2023-03-30  22:23:35.495] H:\自动化框架\auto_test_framework\cases\daxue.py:30 [INFO]: 2023-03-30 22:23:33 >>>>>> 执行结束！
[2023-03-30  22:23:35.497] H:\自动化框架\auto_test_framework\cases\daxue.py:27 [INFO]: 2023-03-30 22:23:33 >>>>>> 开始执行：
[2023-03-30  22:23:35.499] H:\自动化框架\auto_test_framework\cases\daxue.py:30 [INFO]: 2023-03-30 22:23:33 >>>>>> 执行结束！
[2023-03-30  22:23:35.501] H:\自动化框架\auto_test_framework\cases\daxue.py:27 [INFO]: 2023-03-30 22:23:33 >>>>>> 开始执行：
[2023-03-30  22:23:35.503] H:\自动化框架\auto_test_framework\cases\daxue.py:30 [INFO]: 2023-03-30 22:23:33 >>>>>> 执行结束！
[2023-03-30  22:23:35.503] H:\自动化框架\auto_test_framework\cases\daxue.py:27 [INFO]: 2023-03-30 22:23:33 >>>>>> 开始执行：
[2023-03-30  22:23:35.506] H:\自动化框架\auto_test_framework\cases\daxue.py:30 [INFO]: 2023-03-30 22:23:33 >>>>>> 执行结束！
[2023-03-30  22:23:35.506] H:\自动化框架\auto_test_framework\cases\daxue.py:27 [INFO]: 2023-03-30 22:23:33 >>>>>> 开始执行：
[2023-03-30  22:23:35.509] H:\自动化框架\auto_test_framework\cases\daxue.py:30 [INFO]: 2023-03-30 22:23:33 >>>>>> 执行结束！
[2023-03-30  22:23:35.510] H:\自动化框架\auto_test_framework\cases\daxue.py:27 [INFO]: 2023-03-30 22:23:33 >>>>>> 开始执行：
[2023-03-30  22:23:35.513] H:\自动化框架\auto_test_framework\cases\daxue.py:30 [INFO]: 2023-03-30 22:23:33 >>>>>> 执行结束！
[2023-03-30  22:23:35.513] H:\自动化框架\auto_test_framework\cases\daxue.py:27 [INFO]: 2023-03-30 22:23:33 >>>>>> 开始执行：
[2023-03-30  22:23:35.516] H:\自动化框架\auto_test_framework\cases\daxue.py:30 [INFO]: 2023-03-30 22:23:33 >>>>>> 执行结束！
[2023-03-30  22:23:35.517] H:\自动化框架\auto_test_framework\cases\daxue.py:27 [INFO]: 2023-03-30 22:23:33 >>>>>> 开始执行：
[2023-03-30  22:23:35.520] H:\自动化框架\auto_test_framework\cases\daxue.py:30 [INFO]: 2023-03-30 22:23:33 >>>>>> 执行结束！
[2023-03-30  22:23:35.521] H:\自动化框架\auto_test_framework\cases\daxue.py:27 [INFO]: 2023-03-30 22:23:33 >>>>>> 开始执行：
[2023-03-30  22:23:35.523] H:\自动化框架\auto_test_framework\cases\daxue.py:30 [INFO]: 2023-03-30 22:23:33 >>>>>> 执行结束！
[2023-03-30  22:23:35.524] H:\自动化框架\auto_test_framework\cases\daxue.py:27 [INFO]: 2023-03-30 22:23:33 >>>>>> 开始执行：
[2023-03-30  22:23:35.528] H:\自动化框架\auto_test_framework\cases\daxue.py:30 [INFO]: 2023-03-30 22:23:33 >>>>>> 执行结束！
[2023-03-30  22:23:35.529] H:\自动化框架\auto_test_framework\cases\daxue.py:27 [INFO]: 2023-03-30 22:23:33 >>>>>> 开始执行：
[2023-03-30  22:23:35.532] H:\自动化框架\auto_test_framework\cases\daxue.py:30 [INFO]: 2023-03-30 22:23:33 >>>>>> 执行结束！
[2023-03-30  22:23:35.533] H:\自动化框架\auto_test_framework\cases\daxue.py:27 [INFO]: 2023-03-30 22:23:33 >>>>>> 开始执行：
[2023-03-30  22:23:35.536] H:\自动化框架\auto_test_framework\cases\daxue.py:30 [INFO]: 2023-03-30 22:23:33 >>>>>> 执行结束！
[2023-03-30  22:23:35.536] H:\自动化框架\auto_test_framework\cases\daxue.py:27 [INFO]: 2023-03-30 22:23:33 >>>>>> 开始执行：
[2023-03-30  22:23:35.540] H:\自动化框架\auto_test_framework\cases\daxue.py:30 [INFO]: 2023-03-30 22:23:33 >>>>>> 执行结束！
[2023-03-30  22:23:35.541] H:\自动化框架\auto_test_framework\cases\daxue.py:27 [INFO]: 2023-03-30 22:23:33 >>>>>> 开始执行：
[2023-03-30  22:23:35.543] H:\自动化框架\auto_test_framework\cases\daxue.py:30 [INFO]: 2023-03-30 22:23:33 >>>>>> 执行结束！
[2023-03-30  22:23:35.544] H:\自动化框架\auto_test_framework\cases\daxue.py:27 [INFO]: 2023-03-30 22:23:33 >>>>>> 开始执行：
[2023-03-30  22:23:35.547] H:\自动化框架\auto_test_framework\cases\daxue.py:30 [INFO]: 2023-03-30 22:23:33 >>>>>> 执行结束！
[2023-03-30  22:23:35.548] H:\自动化框架\auto_test_framework\cases\daxue.py:27 [INFO]: 2023-03-30 22:23:33 >>>>>> 开始执行：
[2023-03-30  22:23:35.550] H:\自动化框架\auto_test_framework\cases\daxue.py:30 [INFO]: 2023-03-30 22:23:33 >>>>>> 执行结束！
[2023-03-30  22:23:35.551] H:\自动化框架\auto_test_framework\cases\daxue.py:27 [INFO]: 2023-03-30 22:23:33 >>>>>> 开始执行：
[2023-03-30  22:23:35.553] H:\自动化框架\auto_test_framework\cases\daxue.py:30 [INFO]: 2023-03-30 22:23:33 >>>>>> 执行结束！
[2023-03-30  22:23:35.555] H:\自动化框架\auto_test_framework\cases\daxue.py:27 [INFO]: 2023-03-30 22:23:33 >>>>>> 开始执行：
[2023-03-30  22:23:35.557] H:\自动化框架\auto_test_framework\cases\daxue.py:30 [INFO]: 2023-03-30 22:23:33 >>>>>> 执行结束！
[2023-03-30  22:23:35.559] H:\自动化框架\auto_test_framework\cases\daxue.py:27 [INFO]: 2023-03-30 22:23:33 >>>>>> 开始执行：
[2023-03-30  22:23:35.562] H:\自动化框架\auto_test_framework\cases\daxue.py:30 [INFO]: 2023-03-30 22:23:33 >>>>>> 执行结束！
[2023-03-30  22:23:35.563] H:\自动化框架\auto_test_framework\cases\daxue.py:27 [INFO]: 2023-03-30 22:23:33 >>>>>> 开始执行：
[2023-03-30  22:23:35.566] H:\自动化框架\auto_test_framework\cases\daxue.py:30 [INFO]: 2023-03-30 22:23:33 >>>>>> 执行结束！
[2023-03-30  22:23:35.567] H:\自动化框架\auto_test_framework\cases\daxue.py:27 [INFO]: 2023-03-30 22:23:33 >>>>>> 开始执行：
[2023-03-30  22:23:35.569] H:\自动化框架\auto_test_framework\cases\daxue.py:30 [INFO]: 2023-03-30 22:23:33 >>>>>> 执行结束！
[2023-03-30  22:23:35.570] H:\自动化框架\auto_test_framework\cases\daxue.py:27 [INFO]: 2023-03-30 22:23:33 >>>>>> 开始执行：
[2023-03-30  22:23:35.573] H:\自动化框架\auto_test_framework\cases\daxue.py:30 [INFO]: 2023-03-30 22:23:33 >>>>>> 执行结束！
[2023-03-30  22:23:35.575] H:\自动化框架\auto_test_framework\cases\daxue.py:27 [INFO]: 2023-03-30 22:23:33 >>>>>> 开始执行：
[2023-03-30  22:23:35.577] H:\自动化框架\auto_test_framework\cases\daxue.py:30 [INFO]: 2023-03-30 22:23:33 >>>>>> 执行结束！
[2023-03-30  22:23:35.579] H:\自动化框架\auto_test_framework\cases\daxue.py:27 [INFO]: 2023-03-30 22:23:33 >>>>>> 开始执行：
[2023-03-30  22:23:35.581] H:\自动化框架\auto_test_framework\cases\daxue.py:30 [INFO]: 2023-03-30 22:23:33 >>>>>> 执行结束！
[2023-03-30  22:23:35.582] H:\自动化框架\auto_test_framework\cases\daxue.py:27 [INFO]: 2023-03-30 22:23:33 >>>>>> 开始执行：
[2023-03-30  22:23:35.585] H:\自动化框架\auto_test_framework\cases\daxue.py:30 [INFO]: 2023-03-30 22:23:33 >>>>>> 执行结束！
[2023-03-30  22:23:35.586] H:\自动化框架\auto_test_framework\cases\daxue.py:27 [INFO]: 2023-03-30 22:23:33 >>>>>> 开始执行：
[2023-03-30  22:23:35.590] H:\自动化框架\auto_test_framework\cases\daxue.py:30 [INFO]: 2023-03-30 22:23:33 >>>>>> 执行结束！
[2023-03-30  22:23:35.590] H:\自动化框架\auto_test_framework\cases\daxue.py:27 [INFO]: 2023-03-30 22:23:33 >>>>>> 开始执行：
[2023-03-30  22:23:35.593] H:\自动化框架\auto_test_framework\cases\daxue.py:30 [INFO]: 2023-03-30 22:23:33 >>>>>> 执行结束！
[2023-03-30  22:23:35.593] H:\自动化框架\auto_test_framework\cases\daxue.py:27 [INFO]: 2023-03-30 22:23:33 >>>>>> 开始执行：
[2023-03-30  22:23:35.596] H:\自动化框架\auto_test_framework\cases\daxue.py:30 [INFO]: 2023-03-30 22:23:33 >>>>>> 执行结束！
[2023-03-30  22:23:35.597] H:\自动化框架\auto_test_framework\cases\daxue.py:27 [INFO]: 2023-03-30 22:23:33 >>>>>> 开始执行：
[2023-03-30  22:23:35.600] H:\自动化框架\auto_test_framework\cases\daxue.py:30 [INFO]: 2023-03-30 22:23:33 >>>>>> 执行结束！
[2023-03-30  22:23:35.601] H:\自动化框架\auto_test_framework\cases\daxue.py:27 [INFO]: 2023-03-30 22:23:33 >>>>>> 开始执行：
[2023-03-30  22:23:35.604] H:\自动化框架\auto_test_framework\cases\daxue.py:30 [INFO]: 2023-03-30 22:23:33 >>>>>> 执行结束！
[2023-03-30  22:23:35.604] H:\自动化框架\auto_test_framework\cases\daxue.py:27 [INFO]: 2023-03-30 22:23:33 >>>>>> 开始执行：
[2023-03-30  22:23:35.608] H:\自动化框架\auto_test_framework\cases\daxue.py:30 [INFO]: 2023-03-30 22:23:33 >>>>>> 执行结束！
[2023-03-30  22:23:35.610] H:\自动化框架\auto_test_framework\cases\daxue.py:27 [INFO]: 2023-03-30 22:23:33 >>>>>> 开始执行：
[2023-03-30  22:23:35.612] H:\自动化框架\auto_test_framework\cases\daxue.py:30 [INFO]: 2023-03-30 22:23:33 >>>>>> 执行结束！
[2023-03-30  22:23:35.613] H:\自动化框架\auto_test_framework\cases\daxue.py:27 [INFO]: 2023-03-30 22:23:33 >>>>>> 开始执行：
[2023-03-30  22:23:35.616] H:\自动化框架\auto_test_framework\cases\daxue.py:30 [INFO]: 2023-03-30 22:23:33 >>>>>> 执行结束！
[2023-03-30  22:23:35.616] H:\自动化框架\auto_test_framework\cases\daxue.py:27 [INFO]: 2023-03-30 22:23:33 >>>>>> 开始执行：
[2023-03-30  22:23:35.619] H:\自动化框架\auto_test_framework\cases\daxue.py:30 [INFO]: 2023-03-30 22:23:33 >>>>>> 执行结束！
[2023-03-30  22:23:35.620] H:\自动化框架\auto_test_framework\cases\daxue.py:27 [INFO]: 2023-03-30 22:23:33 >>>>>> 开始执行：
[2023-03-30  22:23:35.623] H:\自动化框架\auto_test_framework\cases\daxue.py:30 [INFO]: 2023-03-30 22:23:33 >>>>>> 执行结束！
[2023-03-30  22:23:35.624] H:\自动化框架\auto_test_framework\cases\daxue.py:27 [INFO]: 2023-03-30 22:23:33 >>>>>> 开始执行：
[2023-03-30  22:23:35.627] H:\自动化框架\auto_test_framework\cases\daxue.py:30 [INFO]: 2023-03-30 22:23:33 >>>>>> 执行结束！
[2023-03-30  22:23:35.628] H:\自动化框架\auto_test_framework\cases\daxue.py:27 [INFO]: 2023-03-30 22:23:33 >>>>>> 开始执行：
[2023-03-30  22:23:35.630] H:\自动化框架\auto_test_framework\cases\daxue.py:30 [INFO]: 2023-03-30 22:23:33 >>>>>> 执行结束！
[2023-03-30  22:23:35.631] H:\自动化框架\auto_test_framework\cases\daxue.py:27 [INFO]: 2023-03-30 22:23:33 >>>>>> 开始执行：
[2023-03-30  22:23:35.634] H:\自动化框架\auto_test_framework\cases\daxue.py:30 [INFO]: 2023-03-30 22:23:33 >>>>>> 执行结束！
[2023-03-30  22:23:35.634] H:\自动化框架\auto_test_framework\cases\daxue.py:27 [INFO]: 2023-03-30 22:23:33 >>>>>> 开始执行：
[2023-03-30  22:23:35.637] H:\自动化框架\auto_test_framework\cases\daxue.py:30 [INFO]: 2023-03-30 22:23:33 >>>>>> 执行结束！
[2023-03-30  22:23:35.639] H:\自动化框架\auto_test_framework\cases\daxue.py:27 [INFO]: 2023-03-30 22:23:33 >>>>>> 开始执行：
[2023-03-30  22:23:35.642] H:\自动化框架\auto_test_framework\cases\daxue.py:30 [INFO]: 2023-03-30 22:23:33 >>>>>> 执行结束！
[2023-03-30  22:23:35.643] H:\自动化框架\auto_test_framework\cases\daxue.py:27 [INFO]: 2023-03-30 22:23:33 >>>>>> 开始执行：
[2023-03-30  22:23:35.645] H:\自动化框架\auto_test_framework\cases\daxue.py:30 [INFO]: 2023-03-30 22:23:33 >>>>>> 执行结束！
[2023-03-30  22:23:35.646] H:\自动化框架\auto_test_framework\cases\daxue.py:27 [INFO]: 2023-03-30 22:23:33 >>>>>> 开始执行：
[2023-03-30  22:23:35.649] H:\自动化框架\auto_test_framework\cases\daxue.py:30 [INFO]: 2023-03-30 22:23:33 >>>>>> 执行结束！
[2023-03-30  22:23:35.651] H:\自动化框架\auto_test_framework\cases\daxue.py:27 [INFO]: 2023-03-30 22:23:33 >>>>>> 开始执行：
[2023-03-30  22:23:35.654] H:\自动化框架\auto_test_framework\cases\daxue.py:30 [INFO]: 2023-03-30 22:23:33 >>>>>> 执行结束！
[2023-03-30  22:23:35.655] H:\自动化框架\auto_test_framework\cases\daxue.py:27 [INFO]: 2023-03-30 22:23:33 >>>>>> 开始执行：
[2023-03-30  22:23:35.658] H:\自动化框架\auto_test_framework\cases\daxue.py:30 [INFO]: 2023-03-30 22:23:33 >>>>>> 执行结束！
[2023-03-30  22:23:35.660] H:\自动化框架\auto_test_framework\cases\daxue.py:27 [INFO]: 2023-03-30 22:23:33 >>>>>> 开始执行：
[2023-03-30  22:23:35.662] H:\自动化框架\auto_test_framework\cases\daxue.py:30 [INFO]: 2023-03-30 22:23:33 >>>>>> 执行结束！
[2023-03-30  22:23:35.663] H:\自动化框架\auto_test_framework\cases\daxue.py:27 [INFO]: 2023-03-30 22:23:33 >>>>>> 开始执行：
[2023-03-30  22:23:35.665] H:\自动化框架\auto_test_framework\cases\daxue.py:30 [INFO]: 2023-03-30 22:23:33 >>>>>> 执行结束！
[2023-03-30  22:23:35.666] H:\自动化框架\auto_test_framework\cases\daxue.py:27 [INFO]: 2023-03-30 22:23:33 >>>>>> 开始执行：
[2023-03-30  22:23:35.669] H:\自动化框架\auto_test_framework\cases\daxue.py:30 [INFO]: 2023-03-30 22:23:33 >>>>>> 执行结束！
[2023-03-30  22:23:35.670] H:\自动化框架\auto_test_framework\cases\daxue.py:27 [INFO]: 2023-03-30 22:23:33 >>>>>> 开始执行：
[2023-03-30  22:23:35.673] H:\自动化框架\auto_test_framework\cases\daxue.py:30 [INFO]: 2023-03-30 22:23:33 >>>>>> 执行结束！
[2023-03-30  22:23:35.675] H:\自动化框架\auto_test_framework\cases\daxue.py:27 [INFO]: 2023-03-30 22:23:33 >>>>>> 开始执行：
[2023-03-30  22:23:35.677] H:\自动化框架\auto_test_framework\cases\daxue.py:30 [INFO]: 2023-03-30 22:23:33 >>>>>> 执行结束！
[2023-03-30  22:23:35.678] H:\自动化框架\auto_test_framework\cases\daxue.py:27 [INFO]: 2023-03-30 22:23:33 >>>>>> 开始执行：
[2023-03-30  22:23:35.681] H:\自动化框架\auto_test_framework\cases\daxue.py:30 [INFO]: 2023-03-30 22:23:33 >>>>>> 执行结束！
[2023-03-30  22:23:35.682] H:\自动化框架\auto_test_framework\cases\daxue.py:27 [INFO]: 2023-03-30 22:23:33 >>>>>> 开始执行：
[2023-03-30  22:23:35.684] H:\自动化框架\auto_test_framework\cases\daxue.py:30 [INFO]: 2023-03-30 22:23:33 >>>>>> 执行结束！
[2023-03-30  22:23:35.686] H:\自动化框架\auto_test_framework\cases\daxue.py:27 [INFO]: 2023-03-30 22:23:33 >>>>>> 开始执行：
[2023-03-30  22:23:35.688] H:\自动化框架\auto_test_framework\cases\daxue.py:30 [INFO]: 2023-03-30 22:23:33 >>>>>> 执行结束！
[2023-03-30  22:23:35.689] H:\自动化框架\auto_test_framework\cases\daxue.py:27 [INFO]: 2023-03-30 22:23:33 >>>>>> 开始执行：
[2023-03-30  22:23:35.692] H:\自动化框架\auto_test_framework\cases\daxue.py:30 [INFO]: 2023-03-30 22:23:33 >>>>>> 执行结束！
[2023-03-30  22:23:35.693] H:\自动化框架\auto_test_framework\cases\daxue.py:27 [INFO]: 2023-03-30 22:23:33 >>>>>> 开始执行：
[2023-03-30  22:23:35.695] H:\自动化框架\auto_test_framework\cases\daxue.py:30 [INFO]: 2023-03-30 22:23:33 >>>>>> 执行结束！
[2023-03-30  22:23:35.697] H:\自动化框架\auto_test_framework\cases\daxue.py:27 [INFO]: 2023-03-30 22:23:33 >>>>>> 开始执行：
[2023-03-30  22:23:35.699] H:\自动化框架\auto_test_framework\cases\daxue.py:30 [INFO]: 2023-03-30 22:23:33 >>>>>> 执行结束！
[2023-03-30  22:23:35.701] H:\自动化框架\auto_test_framework\cases\daxue.py:27 [INFO]: 2023-03-30 22:23:33 >>>>>> 开始执行：
[2023-03-30  22:23:35.703] H:\自动化框架\auto_test_framework\cases\daxue.py:30 [INFO]: 2023-03-30 22:23:33 >>>>>> 执行结束！
[2023-03-30  22:23:35.705] H:\自动化框架\auto_test_framework\cases\daxue.py:27 [INFO]: 2023-03-30 22:23:33 >>>>>> 开始执行：
[2023-03-30  22:23:35.707] H:\自动化框架\auto_test_framework\cases\daxue.py:30 [INFO]: 2023-03-30 22:23:33 >>>>>> 执行结束！
[2023-03-30  22:23:35.709] H:\自动化框架\auto_test_framework\cases\daxue.py:27 [INFO]: 2023-03-30 22:23:33 >>>>>> 开始执行：
[2023-03-30  22:23:35.711] H:\自动化框架\auto_test_framework\cases\daxue.py:30 [INFO]: 2023-03-30 22:23:33 >>>>>> 执行结束！
[2023-03-30  22:23:35.712] H:\自动化框架\auto_test_framework\cases\daxue.py:27 [INFO]: 2023-03-30 22:23:33 >>>>>> 开始执行：
[2023-03-30  22:23:35.715] H:\自动化框架\auto_test_framework\cases\daxue.py:30 [INFO]: 2023-03-30 22:23:33 >>>>>> 执行结束！
[2023-03-30  22:23:35.716] H:\自动化框架\auto_test_framework\cases\daxue.py:27 [INFO]: 2023-03-30 22:23:33 >>>>>> 开始执行：
[2023-03-30  22:23:35.719] H:\自动化框架\auto_test_framework\cases\daxue.py:30 [INFO]: 2023-03-30 22:23:33 >>>>>> 执行结束！
[2023-03-30  22:23:35.720] H:\自动化框架\auto_test_framework\cases\daxue.py:27 [INFO]: 2023-03-30 22:23:33 >>>>>> 开始执行：
[2023-03-30  22:23:35.723] H:\自动化框架\auto_test_framework\cases\daxue.py:30 [INFO]: 2023-03-30 22:23:33 >>>>>> 执行结束！
[2023-03-30  22:23:35.724] H:\自动化框架\auto_test_framework\cases\daxue.py:27 [INFO]: 2023-03-30 22:23:33 >>>>>> 开始执行：
[2023-03-30  22:23:35.727] H:\自动化框架\auto_test_framework\cases\daxue.py:30 [INFO]: 2023-03-30 22:23:33 >>>>>> 执行结束！
[2023-03-30  22:23:35.728] H:\自动化框架\auto_test_framework\cases\daxue.py:27 [INFO]: 2023-03-30 22:23:33 >>>>>> 开始执行：
[2023-03-30  22:23:35.730] H:\自动化框架\auto_test_framework\cases\daxue.py:30 [INFO]: 2023-03-30 22:23:33 >>>>>> 执行结束！
[2023-03-30  22:23:35.731] H:\自动化框架\auto_test_framework\cases\daxue.py:27 [INFO]: 2023-03-30 22:23:33 >>>>>> 开始执行：
[2023-03-30  22:23:35.735] H:\自动化框架\auto_test_framework\cases\daxue.py:30 [INFO]: 2023-03-30 22:23:33 >>>>>> 执行结束！
[2023-03-30  22:23:35.736] H:\自动化框架\auto_test_framework\cases\daxue.py:27 [INFO]: 2023-03-30 22:23:33 >>>>>> 开始执行：
[2023-03-30  22:23:35.738] H:\自动化框架\auto_test_framework\cases\daxue.py:30 [INFO]: 2023-03-30 22:23:33 >>>>>> 执行结束！
[2023-03-30  22:23:35.740] H:\自动化框架\auto_test_framework\cases\daxue.py:27 [INFO]: 2023-03-30 22:23:33 >>>>>> 开始执行：
[2023-03-30  22:23:35.743] H:\自动化框架\auto_test_framework\cases\daxue.py:30 [INFO]: 2023-03-30 22:23:33 >>>>>> 执行结束！
[2023-03-30  22:23:35.744] H:\自动化框架\auto_test_framework\cases\daxue.py:27 [INFO]: 2023-03-30 22:23:33 >>>>>> 开始执行：
[2023-03-30  22:23:35.747] H:\自动化框架\auto_test_framework\cases\daxue.py:30 [INFO]: 2023-03-30 22:23:33 >>>>>> 执行结束！
[2023-03-30  22:23:35.748] H:\自动化框架\auto_test_framework\cases\daxue.py:27 [INFO]: 2023-03-30 22:23:33 >>>>>> 开始执行：
[2023-03-30  22:23:35.751] H:\自动化框架\auto_test_framework\cases\daxue.py:30 [INFO]: 2023-03-30 22:23:33 >>>>>> 执行结束！
[2023-03-30  22:23:35.752] H:\自动化框架\auto_test_framework\cases\daxue.py:27 [INFO]: 2023-03-30 22:23:33 >>>>>> 开始执行：
[2023-03-30  22:23:35.755] H:\自动化框架\auto_test_framework\cases\daxue.py:30 [INFO]: 2023-03-30 22:23:33 >>>>>> 执行结束！
[2023-03-30  22:23:35.756] H:\自动化框架\auto_test_framework\cases\daxue.py:27 [INFO]: 2023-03-30 22:23:33 >>>>>> 开始执行：
[2023-03-30  22:23:35.759] H:\自动化框架\auto_test_framework\cases\daxue.py:30 [INFO]: 2023-03-30 22:23:33 >>>>>> 执行结束！
[2023-03-30  22:23:35.761] H:\自动化框架\auto_test_framework\cases\daxue.py:27 [INFO]: 2023-03-30 22:23:33 >>>>>> 开始执行：
[2023-03-30  22:23:35.764] H:\自动化框架\auto_test_framework\cases\daxue.py:30 [INFO]: 2023-03-30 22:23:33 >>>>>> 执行结束！
[2023-03-30  22:23:35.765] H:\自动化框架\auto_test_framework\cases\daxue.py:27 [INFO]: 2023-03-30 22:23:33 >>>>>> 开始执行：
[2023-03-30  22:23:35.768] H:\自动化框架\auto_test_framework\cases\daxue.py:30 [INFO]: 2023-03-30 22:23:33 >>>>>> 执行结束！
[2023-03-30  22:23:35.769] H:\自动化框架\auto_test_framework\cases\daxue.py:27 [INFO]: 2023-03-30 22:23:33 >>>>>> 开始执行：
[2023-03-30  22:23:35.771] H:\自动化框架\auto_test_framework\cases\daxue.py:30 [INFO]: 2023-03-30 22:23:33 >>>>>> 执行结束！
[2023-03-30  22:23:35.773] H:\自动化框架\auto_test_framework\cases\daxue.py:27 [INFO]: 2023-03-30 22:23:33 >>>>>> 开始执行：
[2023-03-30  22:23:35.775] H:\自动化框架\auto_test_framework\cases\daxue.py:30 [INFO]: 2023-03-30 22:23:33 >>>>>> 执行结束！
[2023-03-30  22:23:35.777] H:\自动化框架\auto_test_framework\cases\daxue.py:27 [INFO]: 2023-03-30 22:23:33 >>>>>> 开始执行：
[2023-03-30  22:23:35.788] H:\自动化框架\auto_test_framework\cases\daxue.py:30 [INFO]: 2023-03-30 22:23:33 >>>>>> 执行结束！
[2023-03-30  22:23:35.789] H:\自动化框架\auto_test_framework\cases\daxue.py:27 [INFO]: 2023-03-30 22:23:33 >>>>>> 开始执行：
[2023-03-30  22:23:35.792] H:\自动化框架\auto_test_framework\cases\daxue.py:30 [INFO]: 2023-03-30 22:23:33 >>>>>> 执行结束！
[2023-03-30  22:23:35.793] H:\自动化框架\auto_test_framework\cases\daxue.py:27 [INFO]: 2023-03-30 22:23:33 >>>>>> 开始执行：
[2023-03-30  22:23:35.797] H:\自动化框架\auto_test_framework\cases\daxue.py:30 [INFO]: 2023-03-30 22:23:33 >>>>>> 执行结束！
[2023-03-30  22:23:35.798] H:\自动化框架\auto_test_framework\cases\daxue.py:27 [INFO]: 2023-03-30 22:23:33 >>>>>> 开始执行：
[2023-03-30  22:23:35.801] H:\自动化框架\auto_test_framework\cases\daxue.py:30 [INFO]: 2023-03-30 22:23:33 >>>>>> 执行结束！
[2023-03-30  22:23:35.802] H:\自动化框架\auto_test_framework\cases\daxue.py:27 [INFO]: 2023-03-30 22:23:33 >>>>>> 开始执行：
[2023-03-30  22:23:35.805] H:\自动化框架\auto_test_framework\cases\daxue.py:30 [INFO]: 2023-03-30 22:23:33 >>>>>> 执行结束！
[2023-03-30  22:23:35.805] H:\自动化框架\auto_test_framework\cases\daxue.py:27 [INFO]: 2023-03-30 22:23:33 >>>>>> 开始执行：
[2023-03-30  22:23:35.808] H:\自动化框架\auto_test_framework\cases\daxue.py:30 [INFO]: 2023-03-30 22:23:33 >>>>>> 执行结束！
[2023-03-30  22:23:35.810] H:\自动化框架\auto_test_framework\cases\daxue.py:27 [INFO]: 2023-03-30 22:23:33 >>>>>> 开始执行：
[2023-03-30  22:23:35.812] H:\自动化框架\auto_test_framework\cases\daxue.py:30 [INFO]: 2023-03-30 22:23:33 >>>>>> 执行结束！
[2023-03-30  22:23:35.813] H:\自动化框架\auto_test_framework\cases\daxue.py:27 [INFO]: 2023-03-30 22:23:33 >>>>>> 开始执行：
[2023-03-30  22:23:35.816] H:\自动化框架\auto_test_framework\cases\daxue.py:30 [INFO]: 2023-03-30 22:23:33 >>>>>> 执行结束！
[2023-03-30  22:23:48.816] H:\自动化框架\auto_test_framework\cases\daxue.py:27 [INFO]: 2023-03-30 22:23:33 >>>>>> 开始执行：
[2023-03-30  22:23:48.819] H:\自动化框架\auto_test_framework\cases\daxue.py:30 [INFO]: 2023-03-30 22:23:33 >>>>>> 执行结束！
[2023-03-30  22:23:48.820] H:\自动化框架\auto_test_framework\cases\daxue.py:27 [INFO]: 2023-03-30 22:23:33 >>>>>> 开始执行：
[2023-03-30  22:23:48.823] H:\自动化框架\auto_test_framework\cases\daxue.py:30 [INFO]: 2023-03-30 22:23:33 >>>>>> 执行结束！
[2023-03-30  22:23:48.824] H:\自动化框架\auto_test_framework\cases\daxue.py:27 [INFO]: 2023-03-30 22:23:33 >>>>>> 开始执行：
[2023-03-30  22:23:48.827] H:\自动化框架\auto_test_framework\cases\daxue.py:30 [INFO]: 2023-03-30 22:23:33 >>>>>> 执行结束！
[2023-03-30  22:23:48.828] H:\自动化框架\auto_test_framework\cases\daxue.py:27 [INFO]: 2023-03-30 22:23:33 >>>>>> 开始执行：
[2023-03-30  22:23:48.831] H:\自动化框架\auto_test_framework\cases\daxue.py:30 [INFO]: 2023-03-30 22:23:33 >>>>>> 执行结束！
[2023-03-30  22:23:48.832] H:\自动化框架\auto_test_framework\cases\daxue.py:27 [INFO]: 2023-03-30 22:23:33 >>>>>> 开始执行：
[2023-03-30  22:23:48.835] H:\自动化框架\auto_test_framework\cases\daxue.py:30 [INFO]: 2023-03-30 22:23:33 >>>>>> 执行结束！
[2023-03-30  22:23:48.836] H:\自动化框架\auto_test_framework\cases\daxue.py:27 [INFO]: 2023-03-30 22:23:33 >>>>>> 开始执行：
[2023-03-30  22:23:48.839] H:\自动化框架\auto_test_framework\cases\daxue.py:30 [INFO]: 2023-03-30 22:23:33 >>>>>> 执行结束！
[2023-03-30  22:23:48.840] H:\自动化框架\auto_test_framework\cases\daxue.py:27 [INFO]: 2023-03-30 22:23:33 >>>>>> 开始执行：
[2023-03-30  22:23:48.843] H:\自动化框架\auto_test_framework\cases\daxue.py:30 [INFO]: 2023-03-30 22:23:33 >>>>>> 执行结束！
[2023-03-30  22:23:48.843] H:\自动化框架\auto_test_framework\cases\daxue.py:27 [INFO]: 2023-03-30 22:23:33 >>>>>> 开始执行：
[2023-03-30  22:23:48.847] H:\自动化框架\auto_test_framework\cases\daxue.py:30 [INFO]: 2023-03-30 22:23:33 >>>>>> 执行结束！
[2023-03-30  22:23:48.849] H:\自动化框架\auto_test_framework\cases\daxue.py:27 [INFO]: 2023-03-30 22:23:33 >>>>>> 开始执行：
[2023-03-30  22:23:48.854] H:\自动化框架\auto_test_framework\cases\daxue.py:30 [INFO]: 2023-03-30 22:23:33 >>>>>> 执行结束！
[2023-03-30  22:23:48.855] H:\自动化框架\auto_test_framework\cases\daxue.py:27 [INFO]: 2023-03-30 22:23:33 >>>>>> 开始执行：
[2023-03-30  22:23:48.858] H:\自动化框架\auto_test_framework\cases\daxue.py:30 [INFO]: 2023-03-30 22:23:33 >>>>>> 执行结束！
[2023-03-30  22:23:48.859] H:\自动化框架\auto_test_framework\cases\daxue.py:27 [INFO]: 2023-03-30 22:23:33 >>>>>> 开始执行：
[2023-03-30  22:23:48.861] H:\自动化框架\auto_test_framework\cases\daxue.py:30 [INFO]: 2023-03-30 22:23:33 >>>>>> 执行结束！
[2023-03-30  22:23:48.862] H:\自动化框架\auto_test_framework\cases\daxue.py:27 [INFO]: 2023-03-30 22:23:33 >>>>>> 开始执行：
[2023-03-30  22:23:48.865] H:\自动化框架\auto_test_framework\cases\daxue.py:30 [INFO]: 2023-03-30 22:23:33 >>>>>> 执行结束！
[2023-03-30  22:23:48.866] H:\自动化框架\auto_test_framework\cases\daxue.py:27 [INFO]: 2023-03-30 22:23:33 >>>>>> 开始执行：
[2023-03-30  22:23:48.871] H:\自动化框架\auto_test_framework\cases\daxue.py:30 [INFO]: 2023-03-30 22:23:33 >>>>>> 执行结束！
[2023-03-30  22:23:48.873] H:\自动化框架\auto_test_framework\cases\daxue.py:27 [INFO]: 2023-03-30 22:23:33 >>>>>> 开始执行：
[2023-03-30  22:23:48.876] H:\自动化框架\auto_test_framework\cases\daxue.py:30 [INFO]: 2023-03-30 22:23:33 >>>>>> 执行结束！
[2023-03-30  22:23:48.877] H:\自动化框架\auto_test_framework\cases\daxue.py:27 [INFO]: 2023-03-30 22:23:33 >>>>>> 开始执行：
[2023-03-30  22:23:48.879] H:\自动化框架\auto_test_framework\cases\daxue.py:30 [INFO]: 2023-03-30 22:23:33 >>>>>> 执行结束！
[2023-03-30  22:23:48.881] H:\自动化框架\auto_test_framework\cases\daxue.py:27 [INFO]: 2023-03-30 22:23:33 >>>>>> 开始执行：
[2023-03-30  22:23:48.884] H:\自动化框架\auto_test_framework\cases\daxue.py:30 [INFO]: 2023-03-30 22:23:33 >>>>>> 执行结束！
[2023-03-30  22:23:48.885] H:\自动化框架\auto_test_framework\cases\daxue.py:27 [INFO]: 2023-03-30 22:23:33 >>>>>> 开始执行：
[2023-03-30  22:23:48.888] H:\自动化框架\auto_test_framework\cases\daxue.py:30 [INFO]: 2023-03-30 22:23:33 >>>>>> 执行结束！
[2023-03-30  22:23:48.889] H:\自动化框架\auto_test_framework\cases\daxue.py:27 [INFO]: 2023-03-30 22:23:33 >>>>>> 开始执行：
[2023-03-30  22:23:48.891] H:\自动化框架\auto_test_framework\cases\daxue.py:30 [INFO]: 2023-03-30 22:23:33 >>>>>> 执行结束！
[2023-03-30  22:23:48.892] H:\自动化框架\auto_test_framework\cases\daxue.py:27 [INFO]: 2023-03-30 22:23:33 >>>>>> 开始执行：
[2023-03-30  22:23:48.895] H:\自动化框架\auto_test_framework\cases\daxue.py:30 [INFO]: 2023-03-30 22:23:33 >>>>>> 执行结束！
[2023-03-30  22:23:48.896] H:\自动化框架\auto_test_framework\cases\daxue.py:27 [INFO]: 2023-03-30 22:23:33 >>>>>> 开始执行：
[2023-03-30  22:23:48.899] H:\自动化框架\auto_test_framework\cases\daxue.py:30 [INFO]: 2023-03-30 22:23:33 >>>>>> 执行结束！
[2023-03-30  22:23:48.902] H:\自动化框架\auto_test_framework\cases\daxue.py:27 [INFO]: 2023-03-30 22:23:33 >>>>>> 开始执行：
[2023-03-30  22:23:48.905] H:\自动化框架\auto_test_framework\cases\daxue.py:30 [INFO]: 2023-03-30 22:23:33 >>>>>> 执行结束！
[2023-03-30  22:23:48.906] H:\自动化框架\auto_test_framework\cases\daxue.py:27 [INFO]: 2023-03-30 22:23:33 >>>>>> 开始执行：
[2023-03-30  22:23:48.910] H:\自动化框架\auto_test_framework\cases\daxue.py:30 [INFO]: 2023-03-30 22:23:33 >>>>>> 执行结束！
[2023-03-30  22:23:48.912] H:\自动化框架\auto_test_framework\cases\daxue.py:27 [INFO]: 2023-03-30 22:23:33 >>>>>> 开始执行：
[2023-03-30  22:23:48.915] H:\自动化框架\auto_test_framework\cases\daxue.py:30 [INFO]: 2023-03-30 22:23:33 >>>>>> 执行结束！
[2023-03-30  22:23:48.917] H:\自动化框架\auto_test_framework\cases\daxue.py:27 [INFO]: 2023-03-30 22:23:33 >>>>>> 开始执行：
[2023-03-30  22:23:48.920] H:\自动化框架\auto_test_framework\cases\daxue.py:30 [INFO]: 2023-03-30 22:23:33 >>>>>> 执行结束！
[2023-03-30  22:23:48.921] H:\自动化框架\auto_test_framework\cases\daxue.py:27 [INFO]: 2023-03-30 22:23:33 >>>>>> 开始执行：
[2023-03-30  22:23:48.924] H:\自动化框架\auto_test_framework\cases\daxue.py:30 [INFO]: 2023-03-30 22:23:33 >>>>>> 执行结束！
[2023-03-30  22:23:48.926] H:\自动化框架\auto_test_framework\cases\daxue.py:27 [INFO]: 2023-03-30 22:23:33 >>>>>> 开始执行：
[2023-03-30  22:23:48.929] H:\自动化框架\auto_test_framework\cases\daxue.py:30 [INFO]: 2023-03-30 22:23:33 >>>>>> 执行结束！
[2023-03-30  22:23:48.931] H:\自动化框架\auto_test_framework\cases\daxue.py:27 [INFO]: 2023-03-30 22:23:33 >>>>>> 开始执行：
[2023-03-30  22:23:48.934] H:\自动化框架\auto_test_framework\cases\daxue.py:30 [INFO]: 2023-03-30 22:23:33 >>>>>> 执行结束！
[2023-03-30  22:23:48.936] H:\自动化框架\auto_test_framework\cases\daxue.py:27 [INFO]: 2023-03-30 22:23:33 >>>>>> 开始执行：
[2023-03-30  22:23:48.939] H:\自动化框架\auto_test_framework\cases\daxue.py:30 [INFO]: 2023-03-30 22:23:33 >>>>>> 执行结束！
[2023-03-30  22:23:48.940] H:\自动化框架\auto_test_framework\cases\daxue.py:27 [INFO]: 2023-03-30 22:23:33 >>>>>> 开始执行：
[2023-03-30  22:23:48.942] H:\自动化框架\auto_test_framework\cases\daxue.py:30 [INFO]: 2023-03-30 22:23:33 >>>>>> 执行结束！
[2023-03-30  22:23:48.943] H:\自动化框架\auto_test_framework\cases\daxue.py:27 [INFO]: 2023-03-30 22:23:33 >>>>>> 开始执行：
[2023-03-30  22:23:48.947] H:\自动化框架\auto_test_framework\cases\daxue.py:30 [INFO]: 2023-03-30 22:23:33 >>>>>> 执行结束！
[2023-03-30  22:23:48.948] H:\自动化框架\auto_test_framework\cases\daxue.py:27 [INFO]: 2023-03-30 22:23:33 >>>>>> 开始执行：
[2023-03-30  22:23:48.953] H:\自动化框架\auto_test_framework\cases\daxue.py:30 [INFO]: 2023-03-30 22:23:33 >>>>>> 执行结束！
[2023-03-30  22:23:48.955] H:\自动化框架\auto_test_framework\cases\daxue.py:27 [INFO]: 2023-03-30 22:23:33 >>>>>> 开始执行：
[2023-03-30  22:23:48.958] H:\自动化框架\auto_test_framework\cases\daxue.py:30 [INFO]: 2023-03-30 22:23:33 >>>>>> 执行结束！
[2023-03-30  22:23:48.959] H:\自动化框架\auto_test_framework\cases\daxue.py:27 [INFO]: 2023-03-30 22:23:33 >>>>>> 开始执行：
[2023-03-30  22:23:48.962] H:\自动化框架\auto_test_framework\cases\daxue.py:30 [INFO]: 2023-03-30 22:23:33 >>>>>> 执行结束！
[2023-03-30  22:23:48.963] H:\自动化框架\auto_test_framework\cases\daxue.py:27 [INFO]: 2023-03-30 22:23:33 >>>>>> 开始执行：
[2023-03-30  22:23:48.967] H:\自动化框架\auto_test_framework\cases\daxue.py:30 [INFO]: 2023-03-30 22:23:33 >>>>>> 执行结束！
[2023-03-30  22:23:48.968] H:\自动化框架\auto_test_framework\cases\daxue.py:27 [INFO]: 2023-03-30 22:23:33 >>>>>> 开始执行：
[2023-03-30  22:23:48.972] H:\自动化框架\auto_test_framework\cases\daxue.py:30 [INFO]: 2023-03-30 22:23:33 >>>>>> 执行结束！
[2023-03-30  22:23:48.974] H:\自动化框架\auto_test_framework\cases\daxue.py:27 [INFO]: 2023-03-30 22:23:33 >>>>>> 开始执行：
[2023-03-30  22:23:48.978] H:\自动化框架\auto_test_framework\cases\daxue.py:30 [INFO]: 2023-03-30 22:23:33 >>>>>> 执行结束！
[2023-03-30  22:23:48.980] H:\自动化框架\auto_test_framework\cases\daxue.py:27 [INFO]: 2023-03-30 22:23:33 >>>>>> 开始执行：
[2023-03-30  22:23:48.983] H:\自动化框架\auto_test_framework\cases\daxue.py:30 [INFO]: 2023-03-30 22:23:33 >>>>>> 执行结束！
[2023-03-30  22:23:48.985] H:\自动化框架\auto_test_framework\cases\daxue.py:27 [INFO]: 2023-03-30 22:23:33 >>>>>> 开始执行：
[2023-03-30  22:23:48.987] H:\自动化框架\auto_test_framework\cases\daxue.py:30 [INFO]: 2023-03-30 22:23:33 >>>>>> 执行结束！
[2023-03-30  22:23:48.988] H:\自动化框架\auto_test_framework\cases\daxue.py:27 [INFO]: 2023-03-30 22:23:33 >>>>>> 开始执行：
[2023-03-30  22:23:48.991] H:\自动化框架\auto_test_framework\cases\daxue.py:30 [INFO]: 2023-03-30 22:23:33 >>>>>> 执行结束！
[2023-03-30  22:23:48.992] H:\自动化框架\auto_test_framework\cases\daxue.py:27 [INFO]: 2023-03-30 22:23:33 >>>>>> 开始执行：
[2023-03-30  22:23:48.996] H:\自动化框架\auto_test_framework\cases\daxue.py:30 [INFO]: 2023-03-30 22:23:33 >>>>>> 执行结束！
[2023-03-30  22:23:48.997] H:\自动化框架\auto_test_framework\cases\daxue.py:27 [INFO]: 2023-03-30 22:23:33 >>>>>> 开始执行：
[2023-03-30  22:23:48.999] H:\自动化框架\auto_test_framework\cases\daxue.py:30 [INFO]: 2023-03-30 22:23:33 >>>>>> 执行结束！
[2023-03-30  22:23:49.000] H:\自动化框架\auto_test_framework\cases\daxue.py:27 [INFO]: 2023-03-30 22:23:33 >>>>>> 开始执行：
[2023-03-30  22:23:49.003] H:\自动化框架\auto_test_framework\cases\daxue.py:30 [INFO]: 2023-03-30 22:23:33 >>>>>> 执行结束！
[2023-03-30  22:23:49.005] H:\自动化框架\auto_test_framework\cases\daxue.py:27 [INFO]: 2023-03-30 22:23:33 >>>>>> 开始执行：
[2023-03-30  22:23:49.008] H:\自动化框架\auto_test_framework\cases\daxue.py:30 [INFO]: 2023-03-30 22:23:33 >>>>>> 执行结束！
[2023-03-30  22:23:49.009] H:\自动化框架\auto_test_framework\cases\daxue.py:27 [INFO]: 2023-03-30 22:23:33 >>>>>> 开始执行：
[2023-03-30  22:23:49.031] H:\自动化框架\auto_test_framework\cases\daxue.py:30 [INFO]: 2023-03-30 22:23:33 >>>>>> 执行结束！
[2023-03-30  22:23:49.033] H:\自动化框架\auto_test_framework\cases\daxue.py:27 [INFO]: 2023-03-30 22:23:33 >>>>>> 开始执行：
[2023-03-30  22:23:49.035] H:\自动化框架\auto_test_framework\cases\daxue.py:30 [INFO]: 2023-03-30 22:23:33 >>>>>> 执行结束！
[2023-03-30  22:23:49.037] H:\自动化框架\auto_test_framework\cases\daxue.py:27 [INFO]: 2023-03-30 22:23:33 >>>>>> 开始执行：
[2023-03-30  22:23:49.040] H:\自动化框架\auto_test_framework\cases\daxue.py:30 [INFO]: 2023-03-30 22:23:33 >>>>>> 执行结束！
[2023-03-30  22:23:49.041] H:\自动化框架\auto_test_framework\cases\daxue.py:27 [INFO]: 2023-03-30 22:23:33 >>>>>> 开始执行：
[2023-03-30  22:23:49.044] H:\自动化框架\auto_test_framework\cases\daxue.py:30 [INFO]: 2023-03-30 22:23:33 >>>>>> 执行结束！
[2023-03-30  22:23:49.045] H:\自动化框架\auto_test_framework\cases\daxue.py:27 [INFO]: 2023-03-30 22:23:33 >>>>>> 开始执行：
[2023-03-30  22:23:49.048] H:\自动化框架\auto_test_framework\cases\daxue.py:30 [INFO]: 2023-03-30 22:23:33 >>>>>> 执行结束！
[2023-03-30  22:23:49.049] H:\自动化框架\auto_test_framework\cases\daxue.py:27 [INFO]: 2023-03-30 22:23:33 >>>>>> 开始执行：
[2023-03-30  22:23:49.052] H:\自动化框架\auto_test_framework\cases\daxue.py:30 [INFO]: 2023-03-30 22:23:33 >>>>>> 执行结束！
[2023-03-30  22:23:49.053] H:\自动化框架\auto_test_framework\cases\daxue.py:27 [INFO]: 2023-03-30 22:23:33 >>>>>> 开始执行：
[2023-03-30  22:23:49.056] H:\自动化框架\auto_test_framework\cases\daxue.py:30 [INFO]: 2023-03-30 22:23:33 >>>>>> 执行结束！
[2023-03-30  22:23:49.058] H:\自动化框架\auto_test_framework\cases\daxue.py:27 [INFO]: 2023-03-30 22:23:33 >>>>>> 开始执行：
[2023-03-30  22:23:49.060] H:\自动化框架\auto_test_framework\cases\daxue.py:30 [INFO]: 2023-03-30 22:23:33 >>>>>> 执行结束！
[2023-03-30  22:23:49.062] H:\自动化框架\auto_test_framework\cases\daxue.py:27 [INFO]: 2023-03-30 22:23:33 >>>>>> 开始执行：
[2023-03-30  22:23:49.065] H:\自动化框架\auto_test_framework\cases\daxue.py:30 [INFO]: 2023-03-30 22:23:33 >>>>>> 执行结束！
[2023-03-30  22:23:49.066] H:\自动化框架\auto_test_framework\cases\daxue.py:27 [INFO]: 2023-03-30 22:23:33 >>>>>> 开始执行：
[2023-03-30  22:23:49.069] H:\自动化框架\auto_test_framework\cases\daxue.py:30 [INFO]: 2023-03-30 22:23:33 >>>>>> 执行结束！
[2023-03-30  22:23:49.070] H:\自动化框架\auto_test_framework\cases\daxue.py:27 [INFO]: 2023-03-30 22:23:33 >>>>>> 开始执行：
[2023-03-30  22:23:49.073] H:\自动化框架\auto_test_framework\cases\daxue.py:30 [INFO]: 2023-03-30 22:23:33 >>>>>> 执行结束！
[2023-03-30  22:23:49.074] H:\自动化框架\auto_test_framework\cases\daxue.py:27 [INFO]: 2023-03-30 22:23:33 >>>>>> 开始执行：
[2023-03-30  22:23:49.076] H:\自动化框架\auto_test_framework\cases\daxue.py:30 [INFO]: 2023-03-30 22:23:33 >>>>>> 执行结束！
[2023-03-30  22:23:49.077] H:\自动化框架\auto_test_framework\cases\daxue.py:27 [INFO]: 2023-03-30 22:23:33 >>>>>> 开始执行：
[2023-03-30  22:23:49.079] H:\自动化框架\auto_test_framework\cases\daxue.py:30 [INFO]: 2023-03-30 22:23:33 >>>>>> 执行结束！
[2023-03-30  22:23:49.081] H:\自动化框架\auto_test_framework\cases\daxue.py:27 [INFO]: 2023-03-30 22:23:33 >>>>>> 开始执行：
[2023-03-30  22:23:49.083] H:\自动化框架\auto_test_framework\cases\daxue.py:30 [INFO]: 2023-03-30 22:23:33 >>>>>> 执行结束！
[2023-03-30  22:23:49.085] H:\自动化框架\auto_test_framework\cases\daxue.py:27 [INFO]: 2023-03-30 22:23:33 >>>>>> 开始执行：
[2023-03-30  22:23:49.087] H:\自动化框架\auto_test_framework\cases\daxue.py:30 [INFO]: 2023-03-30 22:23:33 >>>>>> 执行结束！
[2023-03-30  22:23:49.089] H:\自动化框架\auto_test_framework\cases\daxue.py:27 [INFO]: 2023-03-30 22:23:33 >>>>>> 开始执行：
[2023-03-30  22:23:49.091] H:\自动化框架\auto_test_framework\cases\daxue.py:30 [INFO]: 2023-03-30 22:23:33 >>>>>> 执行结束！
[2023-03-30  22:23:49.092] H:\自动化框架\auto_test_framework\cases\daxue.py:27 [INFO]: 2023-03-30 22:23:33 >>>>>> 开始执行：
[2023-03-30  22:23:49.095] H:\自动化框架\auto_test_framework\cases\daxue.py:30 [INFO]: 2023-03-30 22:23:33 >>>>>> 执行结束！
[2023-03-30  22:23:49.096] H:\自动化框架\auto_test_framework\cases\daxue.py:27 [INFO]: 2023-03-30 22:23:33 >>>>>> 开始执行：
[2023-03-30  22:23:49.098] H:\自动化框架\auto_test_framework\cases\daxue.py:30 [INFO]: 2023-03-30 22:23:33 >>>>>> 执行结束！
[2023-03-30  22:23:49.100] H:\自动化框架\auto_test_framework\cases\daxue.py:27 [INFO]: 2023-03-30 22:23:33 >>>>>> 开始执行：
[2023-03-30  22:23:49.103] H:\自动化框架\auto_test_framework\cases\daxue.py:30 [INFO]: 2023-03-30 22:23:33 >>>>>> 执行结束！
[2023-03-30  22:23:49.104] H:\自动化框架\auto_test_framework\cases\daxue.py:27 [INFO]: 2023-03-30 22:23:33 >>>>>> 开始执行：
[2023-03-30  22:23:49.107] H:\自动化框架\auto_test_framework\cases\daxue.py:30 [INFO]: 2023-03-30 22:23:33 >>>>>> 执行结束！
[2023-03-30  22:23:49.109] H:\自动化框架\auto_test_framework\cases\daxue.py:27 [INFO]: 2023-03-30 22:23:33 >>>>>> 开始执行：
[2023-03-30  22:23:49.111] H:\自动化框架\auto_test_framework\cases\daxue.py:30 [INFO]: 2023-03-30 22:23:33 >>>>>> 执行结束！
[2023-03-30  22:23:49.112] H:\自动化框架\auto_test_framework\cases\daxue.py:27 [INFO]: 2023-03-30 22:23:33 >>>>>> 开始执行：
[2023-03-30  22:23:49.115] H:\自动化框架\auto_test_framework\cases\daxue.py:30 [INFO]: 2023-03-30 22:23:33 >>>>>> 执行结束！
[2023-03-30  22:23:49.116] H:\自动化框架\auto_test_framework\cases\daxue.py:27 [INFO]: 2023-03-30 22:23:33 >>>>>> 开始执行：
[2023-03-30  22:23:49.119] H:\自动化框架\auto_test_framework\cases\daxue.py:30 [INFO]: 2023-03-30 22:23:33 >>>>>> 执行结束！
[2023-03-30  22:23:49.120] H:\自动化框架\auto_test_framework\cases\daxue.py:27 [INFO]: 2023-03-30 22:23:33 >>>>>> 开始执行：
[2023-03-30  22:23:49.122] H:\自动化框架\auto_test_framework\cases\daxue.py:30 [INFO]: 2023-03-30 22:23:33 >>>>>> 执行结束！
[2023-03-30  22:23:49.123] H:\自动化框架\auto_test_framework\cases\daxue.py:27 [INFO]: 2023-03-30 22:23:33 >>>>>> 开始执行：
[2023-03-30  22:23:49.126] H:\自动化框架\auto_test_framework\cases\daxue.py:30 [INFO]: 2023-03-30 22:23:33 >>>>>> 执行结束！
[2023-03-30  22:23:49.127] H:\自动化框架\auto_test_framework\cases\daxue.py:27 [INFO]: 2023-03-30 22:23:33 >>>>>> 开始执行：
[2023-03-30  22:23:49.130] H:\自动化框架\auto_test_framework\cases\daxue.py:30 [INFO]: 2023-03-30 22:23:33 >>>>>> 执行结束！
[2023-03-30  22:23:49.131] H:\自动化框架\auto_test_framework\cases\daxue.py:27 [INFO]: 2023-03-30 22:23:33 >>>>>> 开始执行：
[2023-03-30  22:23:49.133] H:\自动化框架\auto_test_framework\cases\daxue.py:30 [INFO]: 2023-03-30 22:23:33 >>>>>> 执行结束！
[2023-03-30  22:23:49.135] H:\自动化框架\auto_test_framework\cases\daxue.py:27 [INFO]: 2023-03-30 22:23:33 >>>>>> 开始执行：
[2023-03-30  22:23:49.138] H:\自动化框架\auto_test_framework\cases\daxue.py:30 [INFO]: 2023-03-30 22:23:33 >>>>>> 执行结束！
[2023-03-30  22:23:49.139] H:\自动化框架\auto_test_framework\cases\daxue.py:27 [INFO]: 2023-03-30 22:23:33 >>>>>> 开始执行：
[2023-03-30  22:23:49.142] H:\自动化框架\auto_test_framework\cases\daxue.py:30 [INFO]: 2023-03-30 22:23:33 >>>>>> 执行结束！
[2023-03-30  22:23:49.143] H:\自动化框架\auto_test_framework\cases\daxue.py:27 [INFO]: 2023-03-30 22:23:33 >>>>>> 开始执行：
[2023-03-30  22:23:49.145] H:\自动化框架\auto_test_framework\cases\daxue.py:30 [INFO]: 2023-03-30 22:23:33 >>>>>> 执行结束！
[2023-03-30  22:23:49.146] H:\自动化框架\auto_test_framework\cases\daxue.py:27 [INFO]: 2023-03-30 22:23:33 >>>>>> 开始执行：
[2023-03-30  22:23:49.149] H:\自动化框架\auto_test_framework\cases\daxue.py:30 [INFO]: 2023-03-30 22:23:33 >>>>>> 执行结束！
[2023-03-30  22:23:49.150] H:\自动化框架\auto_test_framework\cases\daxue.py:27 [INFO]: 2023-03-30 22:23:33 >>>>>> 开始执行：
[2023-03-30  22:23:49.152] H:\自动化框架\auto_test_framework\cases\daxue.py:30 [INFO]: 2023-03-30 22:23:33 >>>>>> 执行结束！
[2023-03-30  22:23:49.154] H:\自动化框架\auto_test_framework\cases\daxue.py:27 [INFO]: 2023-03-30 22:23:33 >>>>>> 开始执行：
[2023-03-30  22:23:49.157] H:\自动化框架\auto_test_framework\cases\daxue.py:30 [INFO]: 2023-03-30 22:23:33 >>>>>> 执行结束！
[2023-03-30  22:23:49.158] H:\自动化框架\auto_test_framework\cases\daxue.py:27 [INFO]: 2023-03-30 22:23:33 >>>>>> 开始执行：
[2023-03-30  22:23:49.160] H:\自动化框架\auto_test_framework\cases\daxue.py:30 [INFO]: 2023-03-30 22:23:33 >>>>>> 执行结束！
[2023-03-30  22:23:49.161] H:\自动化框架\auto_test_framework\cases\daxue.py:27 [INFO]: 2023-03-30 22:23:33 >>>>>> 开始执行：
[2023-03-30  22:23:49.164] H:\自动化框架\auto_test_framework\cases\daxue.py:30 [INFO]: 2023-03-30 22:23:33 >>>>>> 执行结束！
[2023-03-30  22:23:49.165] H:\自动化框架\auto_test_framework\cases\daxue.py:27 [INFO]: 2023-03-30 22:23:33 >>>>>> 开始执行：
[2023-03-30  22:23:49.168] H:\自动化框架\auto_test_framework\cases\daxue.py:30 [INFO]: 2023-03-30 22:23:33 >>>>>> 执行结束！
[2023-03-30  22:23:49.168] H:\自动化框架\auto_test_framework\cases\daxue.py:27 [INFO]: 2023-03-30 22:23:33 >>>>>> 开始执行：
[2023-03-30  22:23:49.171] H:\自动化框架\auto_test_framework\cases\daxue.py:30 [INFO]: 2023-03-30 22:23:33 >>>>>> 执行结束！
[2023-03-30  22:23:49.173] H:\自动化框架\auto_test_framework\cases\daxue.py:27 [INFO]: 2023-03-30 22:23:33 >>>>>> 开始执行：
[2023-03-30  22:23:49.175] H:\自动化框架\auto_test_framework\cases\daxue.py:30 [INFO]: 2023-03-30 22:23:33 >>>>>> 执行结束！
[2023-03-30  22:23:49.176] H:\自动化框架\auto_test_framework\cases\daxue.py:27 [INFO]: 2023-03-30 22:23:33 >>>>>> 开始执行：
[2023-03-30  22:23:49.179] H:\自动化框架\auto_test_framework\cases\daxue.py:30 [INFO]: 2023-03-30 22:23:33 >>>>>> 执行结束！
[2023-03-30  22:23:49.180] H:\自动化框架\auto_test_framework\cases\daxue.py:27 [INFO]: 2023-03-30 22:23:33 >>>>>> 开始执行：
[2023-03-30  22:23:49.183] H:\自动化框架\auto_test_framework\cases\daxue.py:30 [INFO]: 2023-03-30 22:23:33 >>>>>> 执行结束！
[2023-03-30  22:23:49.184] H:\自动化框架\auto_test_framework\cases\daxue.py:27 [INFO]: 2023-03-30 22:23:33 >>>>>> 开始执行：
[2023-03-30  22:23:49.186] H:\自动化框架\auto_test_framework\cases\daxue.py:30 [INFO]: 2023-03-30 22:23:33 >>>>>> 执行结束！
[2023-03-30  22:23:49.188] H:\自动化框架\auto_test_framework\cases\daxue.py:27 [INFO]: 2023-03-30 22:23:33 >>>>>> 开始执行：
[2023-03-30  22:23:49.191] H:\自动化框架\auto_test_framework\cases\daxue.py:30 [INFO]: 2023-03-30 22:23:33 >>>>>> 执行结束！
[2023-03-30  22:23:49.192] H:\自动化框架\auto_test_framework\cases\daxue.py:27 [INFO]: 2023-03-30 22:23:33 >>>>>> 开始执行：
[2023-03-30  22:23:49.196] H:\自动化框架\auto_test_framework\cases\daxue.py:30 [INFO]: 2023-03-30 22:23:33 >>>>>> 执行结束！
[2023-03-30  22:23:49.197] H:\自动化框架\auto_test_framework\cases\daxue.py:27 [INFO]: 2023-03-30 22:23:33 >>>>>> 开始执行：
[2023-03-30  22:23:49.201] H:\自动化框架\auto_test_framework\cases\daxue.py:30 [INFO]: 2023-03-30 22:23:33 >>>>>> 执行结束！
[2023-03-30  22:23:49.202] H:\自动化框架\auto_test_framework\cases\daxue.py:27 [INFO]: 2023-03-30 22:23:33 >>>>>> 开始执行：
[2023-03-30  22:23:49.205] H:\自动化框架\auto_test_framework\cases\daxue.py:30 [INFO]: 2023-03-30 22:23:33 >>>>>> 执行结束！
[2023-03-30  22:23:49.206] H:\自动化框架\auto_test_framework\cases\daxue.py:27 [INFO]: 2023-03-30 22:23:33 >>>>>> 开始执行：
[2023-03-30  22:23:49.210] H:\自动化框架\auto_test_framework\cases\daxue.py:30 [INFO]: 2023-03-30 22:23:33 >>>>>> 执行结束！
[2023-03-30  22:23:49.211] H:\自动化框架\auto_test_framework\cases\daxue.py:27 [INFO]: 2023-03-30 22:23:33 >>>>>> 开始执行：
[2023-03-30  22:23:49.213] H:\自动化框架\auto_test_framework\cases\daxue.py:30 [INFO]: 2023-03-30 22:23:33 >>>>>> 执行结束！
[2023-03-30  22:23:49.213] H:\自动化框架\auto_test_framework\cases\daxue.py:27 [INFO]: 2023-03-30 22:23:33 >>>>>> 开始执行：
[2023-03-30  22:23:49.216] H:\自动化框架\auto_test_framework\cases\daxue.py:30 [INFO]: 2023-03-30 22:23:33 >>>>>> 执行结束！
[2023-03-30  22:23:49.217] H:\自动化框架\auto_test_framework\cases\daxue.py:27 [INFO]: 2023-03-30 22:23:33 >>>>>> 开始执行：
[2023-03-30  22:23:49.220] H:\自动化框架\auto_test_framework\cases\daxue.py:30 [INFO]: 2023-03-30 22:23:33 >>>>>> 执行结束！
[2023-03-30  22:23:49.221] H:\自动化框架\auto_test_framework\cases\daxue.py:27 [INFO]: 2023-03-30 22:23:33 >>>>>> 开始执行：
[2023-03-30  22:23:49.223] H:\自动化框架\auto_test_framework\cases\daxue.py:30 [INFO]: 2023-03-30 22:23:33 >>>>>> 执行结束！
[2023-03-30  22:23:49.225] H:\自动化框架\auto_test_framework\cases\daxue.py:27 [INFO]: 2023-03-30 22:23:33 >>>>>> 开始执行：
[2023-03-30  22:23:49.228] H:\自动化框架\auto_test_framework\cases\daxue.py:30 [INFO]: 2023-03-30 22:23:33 >>>>>> 执行结束！
[2023-03-30  22:23:49.229] H:\自动化框架\auto_test_framework\cases\daxue.py:27 [INFO]: 2023-03-30 22:23:33 >>>>>> 开始执行：
[2023-03-30  22:23:49.231] H:\自动化框架\auto_test_framework\cases\daxue.py:30 [INFO]: 2023-03-30 22:23:33 >>>>>> 执行结束！
[2023-03-30  22:23:49.232] H:\自动化框架\auto_test_framework\cases\daxue.py:27 [INFO]: 2023-03-30 22:23:33 >>>>>> 开始执行：
[2023-03-30  22:23:49.235] H:\自动化框架\auto_test_framework\cases\daxue.py:30 [INFO]: 2023-03-30 22:23:33 >>>>>> 执行结束！
[2023-03-30  22:23:49.236] H:\自动化框架\auto_test_framework\cases\daxue.py:27 [INFO]: 2023-03-30 22:23:33 >>>>>> 开始执行：
[2023-03-30  22:23:49.238] H:\自动化框架\auto_test_framework\cases\daxue.py:30 [INFO]: 2023-03-30 22:23:33 >>>>>> 执行结束！
[2023-03-30  22:23:49.239] H:\自动化框架\auto_test_framework\cases\daxue.py:27 [INFO]: 2023-03-30 22:23:33 >>>>>> 开始执行：
[2023-03-30  22:23:49.242] H:\自动化框架\auto_test_framework\cases\daxue.py:30 [INFO]: 2023-03-30 22:23:33 >>>>>> 执行结束！
[2023-03-30  22:23:49.243] H:\自动化框架\auto_test_framework\cases\daxue.py:27 [INFO]: 2023-03-30 22:23:33 >>>>>> 开始执行：
[2023-03-30  22:23:49.246] H:\自动化框架\auto_test_framework\cases\daxue.py:30 [INFO]: 2023-03-30 22:23:33 >>>>>> 执行结束！
[2023-03-30  22:23:49.247] H:\自动化框架\auto_test_framework\cases\daxue.py:27 [INFO]: 2023-03-30 22:23:33 >>>>>> 开始执行：
[2023-03-30  22:23:49.249] H:\自动化框架\auto_test_framework\cases\daxue.py:30 [INFO]: 2023-03-30 22:23:33 >>>>>> 执行结束！
[2023-03-30  22:23:49.250] H:\自动化框架\auto_test_framework\cases\daxue.py:27 [INFO]: 2023-03-30 22:23:33 >>>>>> 开始执行：
[2023-03-30  22:23:49.253] H:\自动化框架\auto_test_framework\cases\daxue.py:30 [INFO]: 2023-03-30 22:23:33 >>>>>> 执行结束！
[2023-03-30  22:23:49.254] H:\自动化框架\auto_test_framework\cases\daxue.py:27 [INFO]: 2023-03-30 22:23:33 >>>>>> 开始执行：
[2023-03-30  22:23:49.257] H:\自动化框架\auto_test_framework\cases\daxue.py:30 [INFO]: 2023-03-30 22:23:33 >>>>>> 执行结束！
[2023-03-30  22:23:49.259] H:\自动化框架\auto_test_framework\cases\daxue.py:27 [INFO]: 2023-03-30 22:23:33 >>>>>> 开始执行：
[2023-03-30  22:23:49.261] H:\自动化框架\auto_test_framework\cases\daxue.py:30 [INFO]: 2023-03-30 22:23:33 >>>>>> 执行结束！
[2023-03-30  22:23:49.262] H:\自动化框架\auto_test_framework\cases\daxue.py:27 [INFO]: 2023-03-30 22:23:33 >>>>>> 开始执行：
[2023-03-30  22:23:49.265] H:\自动化框架\auto_test_framework\cases\daxue.py:30 [INFO]: 2023-03-30 22:23:33 >>>>>> 执行结束！
[2023-03-30  22:23:49.266] H:\自动化框架\auto_test_framework\cases\daxue.py:27 [INFO]: 2023-03-30 22:23:33 >>>>>> 开始执行：
[2023-03-30  22:23:49.268] H:\自动化框架\auto_test_framework\cases\daxue.py:30 [INFO]: 2023-03-30 22:23:33 >>>>>> 执行结束！
[2023-03-30  22:23:49.269] H:\自动化框架\auto_test_framework\cases\daxue.py:27 [INFO]: 2023-03-30 22:23:33 >>>>>> 开始执行：
[2023-03-30  22:23:49.272] H:\自动化框架\auto_test_framework\cases\daxue.py:30 [INFO]: 2023-03-30 22:23:33 >>>>>> 执行结束！
[2023-03-30  22:23:49.273] H:\自动化框架\auto_test_framework\cases\daxue.py:27 [INFO]: 2023-03-30 22:23:33 >>>>>> 开始执行：
[2023-03-30  22:23:49.276] H:\自动化框架\auto_test_framework\cases\daxue.py:30 [INFO]: 2023-03-30 22:23:33 >>>>>> 执行结束！
[2023-03-30  22:23:49.277] H:\自动化框架\auto_test_framework\cases\daxue.py:27 [INFO]: 2023-03-30 22:23:33 >>>>>> 开始执行：
[2023-03-30  22:23:49.279] H:\自动化框架\auto_test_framework\cases\daxue.py:30 [INFO]: 2023-03-30 22:23:33 >>>>>> 执行结束！
[2023-03-30  22:23:49.280] H:\自动化框架\auto_test_framework\cases\daxue.py:27 [INFO]: 2023-03-30 22:23:33 >>>>>> 开始执行：
[2023-03-30  22:23:49.282] H:\自动化框架\auto_test_framework\cases\daxue.py:30 [INFO]: 2023-03-30 22:23:33 >>>>>> 执行结束！
[2023-03-30  22:23:49.284] H:\自动化框架\auto_test_framework\cases\daxue.py:27 [INFO]: 2023-03-30 22:23:33 >>>>>> 开始执行：
[2023-03-30  22:23:49.286] H:\自动化框架\auto_test_framework\cases\daxue.py:30 [INFO]: 2023-03-30 22:23:33 >>>>>> 执行结束！
[2023-03-30  22:23:49.287] H:\自动化框架\auto_test_framework\cases\daxue.py:27 [INFO]: 2023-03-30 22:23:33 >>>>>> 开始执行：
[2023-03-30  22:23:49.290] H:\自动化框架\auto_test_framework\cases\daxue.py:30 [INFO]: 2023-03-30 22:23:33 >>>>>> 执行结束！
[2023-03-30  22:23:49.291] H:\自动化框架\auto_test_framework\cases\daxue.py:27 [INFO]: 2023-03-30 22:23:33 >>>>>> 开始执行：
[2023-03-30  22:23:49.293] H:\自动化框架\auto_test_framework\cases\daxue.py:30 [INFO]: 2023-03-30 22:23:33 >>>>>> 执行结束！
[2023-03-30  22:23:49.294] H:\自动化框架\auto_test_framework\cases\daxue.py:27 [INFO]: 2023-03-30 22:23:33 >>>>>> 开始执行：
[2023-03-30  22:23:49.296] H:\自动化框架\auto_test_framework\cases\daxue.py:30 [INFO]: 2023-03-30 22:23:33 >>>>>> 执行结束！
[2023-03-30  22:23:49.297] H:\自动化框架\auto_test_framework\cases\daxue.py:27 [INFO]: 2023-03-30 22:23:33 >>>>>> 开始执行：
[2023-03-30  22:23:49.300] H:\自动化框架\auto_test_framework\cases\daxue.py:30 [INFO]: 2023-03-30 22:23:33 >>>>>> 执行结束！
[2023-03-30  22:23:49.301] H:\自动化框架\auto_test_framework\cases\daxue.py:27 [INFO]: 2023-03-30 22:23:33 >>>>>> 开始执行：
[2023-03-30  22:23:49.303] H:\自动化框架\auto_test_framework\cases\daxue.py:30 [INFO]: 2023-03-30 22:23:33 >>>>>> 执行结束！
[2023-03-30  22:23:49.304] H:\自动化框架\auto_test_framework\cases\daxue.py:27 [INFO]: 2023-03-30 22:23:33 >>>>>> 开始执行：
[2023-03-30  22:23:49.306] H:\自动化框架\auto_test_framework\cases\daxue.py:30 [INFO]: 2023-03-30 22:23:33 >>>>>> 执行结束！
[2023-03-30  22:23:49.308] H:\自动化框架\auto_test_framework\cases\daxue.py:27 [INFO]: 2023-03-30 22:23:33 >>>>>> 开始执行：
[2023-03-30  22:23:49.311] H:\自动化框架\auto_test_framework\cases\daxue.py:30 [INFO]: 2023-03-30 22:23:33 >>>>>> 执行结束！
[2023-03-30  22:23:49.312] H:\自动化框架\auto_test_framework\cases\daxue.py:27 [INFO]: 2023-03-30 22:23:33 >>>>>> 开始执行：
[2023-03-30  22:23:49.314] H:\自动化框架\auto_test_framework\cases\daxue.py:30 [INFO]: 2023-03-30 22:23:33 >>>>>> 执行结束！
[2023-03-30  22:23:49.315] H:\自动化框架\auto_test_framework\cases\daxue.py:27 [INFO]: 2023-03-30 22:23:33 >>>>>> 开始执行：
[2023-03-30  22:23:49.318] H:\自动化框架\auto_test_framework\cases\daxue.py:30 [INFO]: 2023-03-30 22:23:33 >>>>>> 执行结束！
[2023-03-30  22:23:49.319] H:\自动化框架\auto_test_framework\cases\daxue.py:27 [INFO]: 2023-03-30 22:23:33 >>>>>> 开始执行：
[2023-03-30  22:23:49.322] H:\自动化框架\auto_test_framework\cases\daxue.py:30 [INFO]: 2023-03-30 22:23:33 >>>>>> 执行结束！
[2023-03-30  22:23:49.323] H:\自动化框架\auto_test_framework\cases\daxue.py:27 [INFO]: 2023-03-30 22:23:33 >>>>>> 开始执行：
[2023-03-30  22:23:49.327] H:\自动化框架\auto_test_framework\cases\daxue.py:30 [INFO]: 2023-03-30 22:23:33 >>>>>> 执行结束！
[2023-03-30  22:23:49.328] H:\自动化框架\auto_test_framework\cases\daxue.py:27 [INFO]: 2023-03-30 22:23:33 >>>>>> 开始执行：
[2023-03-30  22:23:49.330] H:\自动化框架\auto_test_framework\cases\daxue.py:30 [INFO]: 2023-03-30 22:23:33 >>>>>> 执行结束！
[2023-03-30  22:23:49.332] H:\自动化框架\auto_test_framework\cases\daxue.py:27 [INFO]: 2023-03-30 22:23:33 >>>>>> 开始执行：
[2023-03-30  22:23:49.334] H:\自动化框架\auto_test_framework\cases\daxue.py:30 [INFO]: 2023-03-30 22:23:33 >>>>>> 执行结束！
[2023-03-30  22:23:49.335] H:\自动化框架\auto_test_framework\cases\daxue.py:27 [INFO]: 2023-03-30 22:23:33 >>>>>> 开始执行：
[2023-03-30  22:23:53.102] H:\自动化框架\auto_test_framework\cases\daxue.py:30 [INFO]: 2023-03-30 22:23:33 >>>>>> 执行结束！
[2023-03-30  22:23:53.103] H:\自动化框架\auto_test_framework\cases\daxue.py:27 [INFO]: 2023-03-30 22:23:33 >>>>>> 开始执行：
[2023-03-30  22:23:53.107] H:\自动化框架\auto_test_framework\cases\daxue.py:30 [INFO]: 2023-03-30 22:23:33 >>>>>> 执行结束！
[2023-03-30  22:23:53.108] H:\自动化框架\auto_test_framework\cases\daxue.py:27 [INFO]: 2023-03-30 22:23:33 >>>>>> 开始执行：
[2023-03-30  22:23:53.111] H:\自动化框架\auto_test_framework\cases\daxue.py:30 [INFO]: 2023-03-30 22:23:33 >>>>>> 执行结束！
[2023-03-30  22:23:53.113] H:\自动化框架\auto_test_framework\cases\daxue.py:27 [INFO]: 2023-03-30 22:23:33 >>>>>> 开始执行：
[2023-03-30  22:23:53.116] H:\自动化框架\auto_test_framework\cases\daxue.py:30 [INFO]: 2023-03-30 22:23:33 >>>>>> 执行结束！
[2023-03-30  22:23:53.117] H:\自动化框架\auto_test_framework\cases\daxue.py:27 [INFO]: 2023-03-30 22:23:33 >>>>>> 开始执行：
[2023-03-30  22:23:53.120] H:\自动化框架\auto_test_framework\cases\daxue.py:30 [INFO]: 2023-03-30 22:23:33 >>>>>> 执行结束！
[2023-03-30  22:23:53.121] H:\自动化框架\auto_test_framework\cases\daxue.py:27 [INFO]: 2023-03-30 22:23:33 >>>>>> 开始执行：
[2023-03-30  22:23:53.124] H:\自动化框架\auto_test_framework\cases\daxue.py:30 [INFO]: 2023-03-30 22:23:33 >>>>>> 执行结束！
[2023-03-30  22:23:53.125] H:\自动化框架\auto_test_framework\cases\daxue.py:27 [INFO]: 2023-03-30 22:23:33 >>>>>> 开始执行：
[2023-03-30  22:23:53.128] H:\自动化框架\auto_test_framework\cases\daxue.py:30 [INFO]: 2023-03-30 22:23:33 >>>>>> 执行结束！
[2023-03-30  22:23:53.130] H:\自动化框架\auto_test_framework\cases\daxue.py:27 [INFO]: 2023-03-30 22:23:33 >>>>>> 开始执行：
[2023-03-30  22:23:53.133] H:\自动化框架\auto_test_framework\cases\daxue.py:30 [INFO]: 2023-03-30 22:23:33 >>>>>> 执行结束！
[2023-03-30  22:23:53.133] H:\自动化框架\auto_test_framework\cases\daxue.py:27 [INFO]: 2023-03-30 22:23:33 >>>>>> 开始执行：
[2023-03-30  22:23:53.136] H:\自动化框架\auto_test_framework\cases\daxue.py:30 [INFO]: 2023-03-30 22:23:33 >>>>>> 执行结束！
[2023-03-30  22:23:53.137] H:\自动化框架\auto_test_framework\cases\daxue.py:27 [INFO]: 2023-03-30 22:23:33 >>>>>> 开始执行：
[2023-03-30  22:23:53.141] H:\自动化框架\auto_test_framework\cases\daxue.py:30 [INFO]: 2023-03-30 22:23:33 >>>>>> 执行结束！
[2023-03-30  22:23:53.142] H:\自动化框架\auto_test_framework\cases\daxue.py:27 [INFO]: 2023-03-30 22:23:33 >>>>>> 开始执行：
[2023-03-30  22:23:53.145] H:\自动化框架\auto_test_framework\cases\daxue.py:30 [INFO]: 2023-03-30 22:23:33 >>>>>> 执行结束！
[2023-03-30  22:23:53.145] H:\自动化框架\auto_test_framework\cases\daxue.py:27 [INFO]: 2023-03-30 22:23:33 >>>>>> 开始执行：
[2023-03-30  22:23:53.148] H:\自动化框架\auto_test_framework\cases\daxue.py:30 [INFO]: 2023-03-30 22:23:33 >>>>>> 执行结束！
[2023-03-30  22:23:53.149] H:\自动化框架\auto_test_framework\cases\daxue.py:27 [INFO]: 2023-03-30 22:23:33 >>>>>> 开始执行：
[2023-03-30  22:23:53.151] H:\自动化框架\auto_test_framework\cases\daxue.py:30 [INFO]: 2023-03-30 22:23:33 >>>>>> 执行结束！
[2023-03-30  22:23:53.153] H:\自动化框架\auto_test_framework\cases\daxue.py:27 [INFO]: 2023-03-30 22:23:33 >>>>>> 开始执行：
[2023-03-30  22:23:53.156] H:\自动化框架\auto_test_framework\cases\daxue.py:30 [INFO]: 2023-03-30 22:23:33 >>>>>> 执行结束！
[2023-03-30  22:23:53.156] H:\自动化框架\auto_test_framework\cases\daxue.py:27 [INFO]: 2023-03-30 22:23:33 >>>>>> 开始执行：
[2023-03-30  22:23:53.159] H:\自动化框架\auto_test_framework\cases\daxue.py:30 [INFO]: 2023-03-30 22:23:33 >>>>>> 执行结束！
[2023-03-30  22:23:53.160] H:\自动化框架\auto_test_framework\cases\daxue.py:27 [INFO]: 2023-03-30 22:23:33 >>>>>> 开始执行：
[2023-03-30  22:23:53.163] H:\自动化框架\auto_test_framework\cases\daxue.py:30 [INFO]: 2023-03-30 22:23:33 >>>>>> 执行结束！
[2023-03-30  22:23:53.164] H:\自动化框架\auto_test_framework\cases\daxue.py:27 [INFO]: 2023-03-30 22:23:33 >>>>>> 开始执行：
[2023-03-30  22:23:53.167] H:\自动化框架\auto_test_framework\cases\daxue.py:30 [INFO]: 2023-03-30 22:23:33 >>>>>> 执行结束！
[2023-03-30  22:23:53.169] H:\自动化框架\auto_test_framework\cases\daxue.py:27 [INFO]: 2023-03-30 22:23:33 >>>>>> 开始执行：
[2023-03-30  22:23:53.172] H:\自动化框架\auto_test_framework\cases\daxue.py:30 [INFO]: 2023-03-30 22:23:33 >>>>>> 执行结束！
[2023-03-30  22:23:53.173] H:\自动化框架\auto_test_framework\cases\daxue.py:27 [INFO]: 2023-03-30 22:23:33 >>>>>> 开始执行：
[2023-03-30  22:23:53.177] H:\自动化框架\auto_test_framework\cases\daxue.py:30 [INFO]: 2023-03-30 22:23:33 >>>>>> 执行结束！
[2023-03-30  22:23:53.178] H:\自动化框架\auto_test_framework\cases\daxue.py:27 [INFO]: 2023-03-30 22:23:33 >>>>>> 开始执行：
[2023-03-30  22:23:53.180] H:\自动化框架\auto_test_framework\cases\daxue.py:30 [INFO]: 2023-03-30 22:23:33 >>>>>> 执行结束！
[2023-03-30  22:23:53.181] H:\自动化框架\auto_test_framework\cases\daxue.py:27 [INFO]: 2023-03-30 22:23:33 >>>>>> 开始执行：
[2023-03-30  22:23:53.185] H:\自动化框架\auto_test_framework\cases\daxue.py:30 [INFO]: 2023-03-30 22:23:33 >>>>>> 执行结束！
[2023-03-30  22:23:53.187] H:\自动化框架\auto_test_framework\cases\daxue.py:27 [INFO]: 2023-03-30 22:23:33 >>>>>> 开始执行：
[2023-03-30  22:23:53.189] H:\自动化框架\auto_test_framework\cases\daxue.py:30 [INFO]: 2023-03-30 22:23:33 >>>>>> 执行结束！
[2023-03-30  22:23:53.190] H:\自动化框架\auto_test_framework\cases\daxue.py:27 [INFO]: 2023-03-30 22:23:33 >>>>>> 开始执行：
[2023-03-30  22:23:53.193] H:\自动化框架\auto_test_framework\cases\daxue.py:30 [INFO]: 2023-03-30 22:23:33 >>>>>> 执行结束！
[2023-03-30  22:23:53.194] H:\自动化框架\auto_test_framework\cases\daxue.py:27 [INFO]: 2023-03-30 22:23:33 >>>>>> 开始执行：
[2023-03-30  22:23:53.196] H:\自动化框架\auto_test_framework\cases\daxue.py:30 [INFO]: 2023-03-30 22:23:33 >>>>>> 执行结束！
[2023-03-30  22:23:53.197] H:\自动化框架\auto_test_framework\cases\daxue.py:27 [INFO]: 2023-03-30 22:23:33 >>>>>> 开始执行：
[2023-03-30  22:23:53.199] H:\自动化框架\auto_test_framework\cases\daxue.py:30 [INFO]: 2023-03-30 22:23:33 >>>>>> 执行结束！
[2023-03-30  22:23:53.201] H:\自动化框架\auto_test_framework\cases\daxue.py:27 [INFO]: 2023-03-30 22:23:33 >>>>>> 开始执行：
[2023-03-30  22:23:53.203] H:\自动化框架\auto_test_framework\cases\daxue.py:30 [INFO]: 2023-03-30 22:23:33 >>>>>> 执行结束！
[2023-03-30  22:23:53.204] H:\自动化框架\auto_test_framework\cases\daxue.py:27 [INFO]: 2023-03-30 22:23:33 >>>>>> 开始执行：
[2023-03-30  22:23:53.206] H:\自动化框架\auto_test_framework\cases\daxue.py:30 [INFO]: 2023-03-30 22:23:33 >>>>>> 执行结束！
[2023-03-30  22:23:53.207] H:\自动化框架\auto_test_framework\cases\daxue.py:27 [INFO]: 2023-03-30 22:23:33 >>>>>> 开始执行：
[2023-03-30  22:23:53.210] H:\自动化框架\auto_test_framework\cases\daxue.py:30 [INFO]: 2023-03-30 22:23:33 >>>>>> 执行结束！
[2023-03-30  22:23:53.210] H:\自动化框架\auto_test_framework\cases\daxue.py:27 [INFO]: 2023-03-30 22:23:33 >>>>>> 开始执行：
[2023-03-30  22:23:53.213] H:\自动化框架\auto_test_framework\cases\daxue.py:30 [INFO]: 2023-03-30 22:23:33 >>>>>> 执行结束！
[2023-03-30  22:23:53.213] H:\自动化框架\auto_test_framework\cases\daxue.py:27 [INFO]: 2023-03-30 22:23:33 >>>>>> 开始执行：
[2023-03-30  22:23:53.217] H:\自动化框架\auto_test_framework\cases\daxue.py:30 [INFO]: 2023-03-30 22:23:33 >>>>>> 执行结束！
[2023-03-30  22:23:53.219] H:\自动化框架\auto_test_framework\cases\daxue.py:27 [INFO]: 2023-03-30 22:23:33 >>>>>> 开始执行：
[2023-03-30  22:23:53.221] H:\自动化框架\auto_test_framework\cases\daxue.py:30 [INFO]: 2023-03-30 22:23:33 >>>>>> 执行结束！
[2023-03-30  22:23:53.222] H:\自动化框架\auto_test_framework\cases\daxue.py:27 [INFO]: 2023-03-30 22:23:33 >>>>>> 开始执行：
[2023-03-30  22:23:53.225] H:\自动化框架\auto_test_framework\cases\daxue.py:30 [INFO]: 2023-03-30 22:23:33 >>>>>> 执行结束！
[2023-03-30  22:23:53.226] H:\自动化框架\auto_test_framework\cases\daxue.py:27 [INFO]: 2023-03-30 22:23:33 >>>>>> 开始执行：
[2023-03-30  22:23:53.228] H:\自动化框架\auto_test_framework\cases\daxue.py:30 [INFO]: 2023-03-30 22:23:33 >>>>>> 执行结束！
[2023-03-30  22:23:53.229] H:\自动化框架\auto_test_framework\cases\daxue.py:27 [INFO]: 2023-03-30 22:23:33 >>>>>> 开始执行：
[2023-03-30  22:23:53.233] H:\自动化框架\auto_test_framework\cases\daxue.py:30 [INFO]: 2023-03-30 22:23:33 >>>>>> 执行结束！
[2023-03-30  22:23:53.234] H:\自动化框架\auto_test_framework\cases\daxue.py:27 [INFO]: 2023-03-30 22:23:33 >>>>>> 开始执行：
[2023-03-30  22:23:53.237] H:\自动化框架\auto_test_framework\cases\daxue.py:30 [INFO]: 2023-03-30 22:23:33 >>>>>> 执行结束！
[2023-03-30  22:23:53.238] H:\自动化框架\auto_test_framework\cases\daxue.py:27 [INFO]: 2023-03-30 22:23:33 >>>>>> 开始执行：
[2023-03-30  22:23:53.241] H:\自动化框架\auto_test_framework\cases\daxue.py:30 [INFO]: 2023-03-30 22:23:33 >>>>>> 执行结束！
[2023-03-30  22:23:53.242] H:\自动化框架\auto_test_framework\cases\daxue.py:27 [INFO]: 2023-03-30 22:23:33 >>>>>> 开始执行：
[2023-03-30  22:23:53.245] H:\自动化框架\auto_test_framework\cases\daxue.py:30 [INFO]: 2023-03-30 22:23:33 >>>>>> 执行结束！
[2023-03-30  22:23:53.246] H:\自动化框架\auto_test_framework\cases\daxue.py:27 [INFO]: 2023-03-30 22:23:33 >>>>>> 开始执行：
[2023-03-30  22:23:53.249] H:\自动化框架\auto_test_framework\cases\daxue.py:30 [INFO]: 2023-03-30 22:23:33 >>>>>> 执行结束！
[2023-03-30  22:23:53.251] H:\自动化框架\auto_test_framework\cases\daxue.py:27 [INFO]: 2023-03-30 22:23:33 >>>>>> 开始执行：
[2023-03-30  22:23:53.253] H:\自动化框架\auto_test_framework\cases\daxue.py:30 [INFO]: 2023-03-30 22:23:33 >>>>>> 执行结束！
[2023-03-30  22:23:53.255] H:\自动化框架\auto_test_framework\cases\daxue.py:27 [INFO]: 2023-03-30 22:23:33 >>>>>> 开始执行：
[2023-03-30  22:23:53.257] H:\自动化框架\auto_test_framework\cases\daxue.py:30 [INFO]: 2023-03-30 22:23:33 >>>>>> 执行结束！
[2023-03-30  22:23:53.258] H:\自动化框架\auto_test_framework\cases\daxue.py:27 [INFO]: 2023-03-30 22:23:33 >>>>>> 开始执行：
[2023-03-30  22:23:53.261] H:\自动化框架\auto_test_framework\cases\daxue.py:30 [INFO]: 2023-03-30 22:23:33 >>>>>> 执行结束！
[2023-03-30  22:23:53.262] H:\自动化框架\auto_test_framework\cases\daxue.py:27 [INFO]: 2023-03-30 22:23:33 >>>>>> 开始执行：
[2023-03-30  22:23:53.265] H:\自动化框架\auto_test_framework\cases\daxue.py:30 [INFO]: 2023-03-30 22:23:33 >>>>>> 执行结束！
[2023-03-30  22:23:53.266] H:\自动化框架\auto_test_framework\cases\daxue.py:27 [INFO]: 2023-03-30 22:23:33 >>>>>> 开始执行：
[2023-03-30  22:23:53.269] H:\自动化框架\auto_test_framework\cases\daxue.py:30 [INFO]: 2023-03-30 22:23:33 >>>>>> 执行结束！
[2023-03-30  22:23:53.270] H:\自动化框架\auto_test_framework\cases\daxue.py:27 [INFO]: 2023-03-30 22:23:33 >>>>>> 开始执行：
[2023-03-30  22:23:53.272] H:\自动化框架\auto_test_framework\cases\daxue.py:30 [INFO]: 2023-03-30 22:23:33 >>>>>> 执行结束！
[2023-03-30  22:23:53.273] H:\自动化框架\auto_test_framework\cases\daxue.py:27 [INFO]: 2023-03-30 22:23:33 >>>>>> 开始执行：
[2023-03-30  22:23:53.276] H:\自动化框架\auto_test_framework\cases\daxue.py:30 [INFO]: 2023-03-30 22:23:33 >>>>>> 执行结束！
[2023-03-30  22:23:53.277] H:\自动化框架\auto_test_framework\cases\daxue.py:27 [INFO]: 2023-03-30 22:23:33 >>>>>> 开始执行：
[2023-03-30  22:23:53.280] H:\自动化框架\auto_test_framework\cases\daxue.py:30 [INFO]: 2023-03-30 22:23:33 >>>>>> 执行结束！
[2023-03-30  22:23:53.281] H:\自动化框架\auto_test_framework\cases\daxue.py:27 [INFO]: 2023-03-30 22:23:33 >>>>>> 开始执行：
[2023-03-30  22:23:53.283] H:\自动化框架\auto_test_framework\cases\daxue.py:30 [INFO]: 2023-03-30 22:23:33 >>>>>> 执行结束！
[2023-03-30  22:23:53.285] H:\自动化框架\auto_test_framework\cases\daxue.py:27 [INFO]: 2023-03-30 22:23:33 >>>>>> 开始执行：
[2023-03-30  22:23:53.287] H:\自动化框架\auto_test_framework\cases\daxue.py:30 [INFO]: 2023-03-30 22:23:33 >>>>>> 执行结束！
[2023-03-30  22:23:53.288] H:\自动化框架\auto_test_framework\cases\daxue.py:27 [INFO]: 2023-03-30 22:23:33 >>>>>> 开始执行：
[2023-03-30  22:23:53.290] H:\自动化框架\auto_test_framework\cases\daxue.py:30 [INFO]: 2023-03-30 22:23:33 >>>>>> 执行结束！
[2023-03-30  22:23:53.291] H:\自动化框架\auto_test_framework\cases\daxue.py:27 [INFO]: 2023-03-30 22:23:33 >>>>>> 开始执行：
[2023-03-30  22:23:53.294] H:\自动化框架\auto_test_framework\cases\daxue.py:30 [INFO]: 2023-03-30 22:23:33 >>>>>> 执行结束！
[2023-03-30  22:23:53.294] H:\自动化框架\auto_test_framework\cases\daxue.py:27 [INFO]: 2023-03-30 22:23:33 >>>>>> 开始执行：
[2023-03-30  22:23:53.298] H:\自动化框架\auto_test_framework\cases\daxue.py:30 [INFO]: 2023-03-30 22:23:33 >>>>>> 执行结束！
[2023-03-30  22:23:53.299] H:\自动化框架\auto_test_framework\cases\daxue.py:27 [INFO]: 2023-03-30 22:23:33 >>>>>> 开始执行：
[2023-03-30  22:23:53.301] H:\自动化框架\auto_test_framework\cases\daxue.py:30 [INFO]: 2023-03-30 22:23:33 >>>>>> 执行结束！
[2023-03-30  22:23:53.302] H:\自动化框架\auto_test_framework\cases\daxue.py:27 [INFO]: 2023-03-30 22:23:33 >>>>>> 开始执行：
[2023-03-30  22:23:53.305] H:\自动化框架\auto_test_framework\cases\daxue.py:30 [INFO]: 2023-03-30 22:23:33 >>>>>> 执行结束！
[2023-03-30  22:23:53.306] H:\自动化框架\auto_test_framework\cases\daxue.py:27 [INFO]: 2023-03-30 22:23:33 >>>>>> 开始执行：
[2023-03-30  22:23:53.308] H:\自动化框架\auto_test_framework\cases\daxue.py:30 [INFO]: 2023-03-30 22:23:33 >>>>>> 执行结束！
[2023-03-30  22:23:53.310] H:\自动化框架\auto_test_framework\cases\daxue.py:27 [INFO]: 2023-03-30 22:23:33 >>>>>> 开始执行：
[2023-03-30  22:23:53.313] H:\自动化框架\auto_test_framework\cases\daxue.py:30 [INFO]: 2023-03-30 22:23:33 >>>>>> 执行结束！
[2023-03-30  22:23:53.314] H:\自动化框架\auto_test_framework\cases\daxue.py:27 [INFO]: 2023-03-30 22:23:33 >>>>>> 开始执行：
[2023-03-30  22:23:53.317] H:\自动化框架\auto_test_framework\cases\daxue.py:30 [INFO]: 2023-03-30 22:23:33 >>>>>> 执行结束！
[2023-03-30  22:23:53.318] H:\自动化框架\auto_test_framework\cases\daxue.py:27 [INFO]: 2023-03-30 22:23:33 >>>>>> 开始执行：
[2023-03-30  22:23:53.320] H:\自动化框架\auto_test_framework\cases\daxue.py:30 [INFO]: 2023-03-30 22:23:33 >>>>>> 执行结束！
[2023-03-30  22:23:53.321] H:\自动化框架\auto_test_framework\cases\daxue.py:27 [INFO]: 2023-03-30 22:23:33 >>>>>> 开始执行：
[2023-03-30  22:23:53.324] H:\自动化框架\auto_test_framework\cases\daxue.py:30 [INFO]: 2023-03-30 22:23:33 >>>>>> 执行结束！
[2023-03-30  22:23:53.325] H:\自动化框架\auto_test_framework\cases\daxue.py:27 [INFO]: 2023-03-30 22:23:33 >>>>>> 开始执行：
[2023-03-30  22:23:53.327] H:\自动化框架\auto_test_framework\cases\daxue.py:30 [INFO]: 2023-03-30 22:23:33 >>>>>> 执行结束！
[2023-03-30  22:23:53.328] H:\自动化框架\auto_test_framework\cases\daxue.py:27 [INFO]: 2023-03-30 22:23:33 >>>>>> 开始执行：
[2023-03-30  22:23:53.331] H:\自动化框架\auto_test_framework\cases\daxue.py:30 [INFO]: 2023-03-30 22:23:33 >>>>>> 执行结束！
[2023-03-30  22:23:53.332] H:\自动化框架\auto_test_framework\cases\daxue.py:27 [INFO]: 2023-03-30 22:23:33 >>>>>> 开始执行：
[2023-03-30  22:23:53.334] H:\自动化框架\auto_test_framework\cases\daxue.py:30 [INFO]: 2023-03-30 22:23:33 >>>>>> 执行结束！
[2023-03-30  22:23:53.334] H:\自动化框架\auto_test_framework\cases\daxue.py:27 [INFO]: 2023-03-30 22:23:33 >>>>>> 开始执行：
[2023-03-30  22:23:53.339] H:\自动化框架\auto_test_framework\cases\daxue.py:30 [INFO]: 2023-03-30 22:23:33 >>>>>> 执行结束！
[2023-03-30  22:23:53.340] H:\自动化框架\auto_test_framework\cases\daxue.py:27 [INFO]: 2023-03-30 22:23:33 >>>>>> 开始执行：
[2023-03-30  22:23:53.343] H:\自动化框架\auto_test_framework\cases\daxue.py:30 [INFO]: 2023-03-30 22:23:33 >>>>>> 执行结束！
[2023-03-30  22:23:53.343] H:\自动化框架\auto_test_framework\cases\daxue.py:27 [INFO]: 2023-03-30 22:23:33 >>>>>> 开始执行：
[2023-03-30  22:23:53.347] H:\自动化框架\auto_test_framework\cases\daxue.py:30 [INFO]: 2023-03-30 22:23:33 >>>>>> 执行结束！
[2023-03-30  22:23:53.348] H:\自动化框架\auto_test_framework\cases\daxue.py:27 [INFO]: 2023-03-30 22:23:33 >>>>>> 开始执行：
[2023-03-30  22:23:53.351] H:\自动化框架\auto_test_framework\cases\daxue.py:30 [INFO]: 2023-03-30 22:23:33 >>>>>> 执行结束！
[2023-03-30  22:23:53.352] H:\自动化框架\auto_test_framework\cases\daxue.py:27 [INFO]: 2023-03-30 22:23:33 >>>>>> 开始执行：
[2023-03-30  22:23:53.355] H:\自动化框架\auto_test_framework\cases\daxue.py:30 [INFO]: 2023-03-30 22:23:33 >>>>>> 执行结束！
[2023-03-30  22:23:53.356] H:\自动化框架\auto_test_framework\cases\daxue.py:27 [INFO]: 2023-03-30 22:23:33 >>>>>> 开始执行：
[2023-03-30  22:23:53.360] H:\自动化框架\auto_test_framework\cases\daxue.py:30 [INFO]: 2023-03-30 22:23:33 >>>>>> 执行结束！
[2023-03-30  22:23:53.361] H:\自动化框架\auto_test_framework\cases\daxue.py:27 [INFO]: 2023-03-30 22:23:33 >>>>>> 开始执行：
[2023-03-30  22:23:53.363] H:\自动化框架\auto_test_framework\cases\daxue.py:30 [INFO]: 2023-03-30 22:23:33 >>>>>> 执行结束！
[2023-03-30  22:23:53.365] H:\自动化框架\auto_test_framework\cases\daxue.py:27 [INFO]: 2023-03-30 22:23:33 >>>>>> 开始执行：
[2023-03-30  22:23:53.368] H:\自动化框架\auto_test_framework\cases\daxue.py:30 [INFO]: 2023-03-30 22:23:33 >>>>>> 执行结束！
[2023-03-30  22:23:53.370] H:\自动化框架\auto_test_framework\cases\daxue.py:27 [INFO]: 2023-03-30 22:23:33 >>>>>> 开始执行：
[2023-03-30  22:23:53.373] H:\自动化框架\auto_test_framework\cases\daxue.py:30 [INFO]: 2023-03-30 22:23:33 >>>>>> 执行结束！
[2023-03-30  22:23:53.375] H:\自动化框架\auto_test_framework\cases\daxue.py:27 [INFO]: 2023-03-30 22:23:33 >>>>>> 开始执行：
[2023-03-30  22:23:53.377] H:\自动化框架\auto_test_framework\cases\daxue.py:30 [INFO]: 2023-03-30 22:23:33 >>>>>> 执行结束！
[2023-03-30  22:23:53.379] H:\自动化框架\auto_test_framework\cases\daxue.py:27 [INFO]: 2023-03-30 22:23:33 >>>>>> 开始执行：
[2023-03-30  22:23:53.381] H:\自动化框架\auto_test_framework\cases\daxue.py:30 [INFO]: 2023-03-30 22:23:33 >>>>>> 执行结束！
[2023-03-30  22:23:53.382] H:\自动化框架\auto_test_framework\cases\daxue.py:27 [INFO]: 2023-03-30 22:23:33 >>>>>> 开始执行：
[2023-03-30  22:23:53.385] H:\自动化框架\auto_test_framework\cases\daxue.py:30 [INFO]: 2023-03-30 22:23:33 >>>>>> 执行结束！
[2023-03-30  22:23:53.386] H:\自动化框架\auto_test_framework\cases\daxue.py:27 [INFO]: 2023-03-30 22:23:33 >>>>>> 开始执行：
[2023-03-30  22:23:53.389] H:\自动化框架\auto_test_framework\cases\daxue.py:30 [INFO]: 2023-03-30 22:23:33 >>>>>> 执行结束！
[2023-03-30  22:23:53.390] H:\自动化框架\auto_test_framework\cases\daxue.py:27 [INFO]: 2023-03-30 22:23:33 >>>>>> 开始执行：
[2023-03-30  22:23:53.392] H:\自动化框架\auto_test_framework\cases\daxue.py:30 [INFO]: 2023-03-30 22:23:33 >>>>>> 执行结束！
[2023-03-30  22:23:53.393] H:\自动化框架\auto_test_framework\cases\daxue.py:27 [INFO]: 2023-03-30 22:23:33 >>>>>> 开始执行：
[2023-03-30  22:23:53.396] H:\自动化框架\auto_test_framework\cases\daxue.py:30 [INFO]: 2023-03-30 22:23:33 >>>>>> 执行结束！
[2023-03-30  22:23:53.397] H:\自动化框架\auto_test_framework\cases\daxue.py:27 [INFO]: 2023-03-30 22:23:33 >>>>>> 开始执行：
[2023-03-30  22:23:53.399] H:\自动化框架\auto_test_framework\cases\daxue.py:30 [INFO]: 2023-03-30 22:23:33 >>>>>> 执行结束！
[2023-03-30  22:23:53.400] H:\自动化框架\auto_test_framework\cases\daxue.py:27 [INFO]: 2023-03-30 22:23:33 >>>>>> 开始执行：
[2023-03-30  22:23:53.403] H:\自动化框架\auto_test_framework\cases\daxue.py:30 [INFO]: 2023-03-30 22:23:33 >>>>>> 执行结束！
[2023-03-30  22:23:53.403] H:\自动化框架\auto_test_framework\cases\daxue.py:27 [INFO]: 2023-03-30 22:23:33 >>>>>> 开始执行：
[2023-03-30  22:23:53.407] H:\自动化框架\auto_test_framework\cases\daxue.py:30 [INFO]: 2023-03-30 22:23:33 >>>>>> 执行结束！
[2023-03-30  22:23:53.408] H:\自动化框架\auto_test_framework\cases\daxue.py:27 [INFO]: 2023-03-30 22:23:33 >>>>>> 开始执行：
[2023-03-30  22:23:53.410] H:\自动化框架\auto_test_framework\cases\daxue.py:30 [INFO]: 2023-03-30 22:23:33 >>>>>> 执行结束！
[2023-03-30  22:23:53.411] H:\自动化框架\auto_test_framework\cases\daxue.py:27 [INFO]: 2023-03-30 22:23:33 >>>>>> 开始执行：
[2023-03-30  22:23:53.414] H:\自动化框架\auto_test_framework\cases\daxue.py:30 [INFO]: 2023-03-30 22:23:33 >>>>>> 执行结束！
[2023-03-30  22:23:53.415] H:\自动化框架\auto_test_framework\cases\daxue.py:27 [INFO]: 2023-03-30 22:23:33 >>>>>> 开始执行：
[2023-03-30  22:23:53.417] H:\自动化框架\auto_test_framework\cases\daxue.py:30 [INFO]: 2023-03-30 22:23:33 >>>>>> 执行结束！
[2023-03-30  22:23:53.418] H:\自动化框架\auto_test_framework\cases\daxue.py:27 [INFO]: 2023-03-30 22:23:33 >>>>>> 开始执行：
[2023-03-30  22:23:53.421] H:\自动化框架\auto_test_framework\cases\daxue.py:30 [INFO]: 2023-03-30 22:23:33 >>>>>> 执行结束！
[2023-03-30  22:23:53.422] H:\自动化框架\auto_test_framework\cases\daxue.py:27 [INFO]: 2023-03-30 22:23:33 >>>>>> 开始执行：
[2023-03-30  22:23:53.424] H:\自动化框架\auto_test_framework\cases\daxue.py:30 [INFO]: 2023-03-30 22:23:33 >>>>>> 执行结束！
[2023-03-30  22:23:53.425] H:\自动化框架\auto_test_framework\cases\daxue.py:27 [INFO]: 2023-03-30 22:23:33 >>>>>> 开始执行：
[2023-03-30  22:23:53.427] H:\自动化框架\auto_test_framework\cases\daxue.py:30 [INFO]: 2023-03-30 22:23:33 >>>>>> 执行结束！
[2023-03-30  22:23:53.428] H:\自动化框架\auto_test_framework\cases\daxue.py:27 [INFO]: 2023-03-30 22:23:33 >>>>>> 开始执行：
[2023-03-30  22:23:53.430] H:\自动化框架\auto_test_framework\cases\daxue.py:30 [INFO]: 2023-03-30 22:23:33 >>>>>> 执行结束！
[2023-03-30  22:23:53.431] H:\自动化框架\auto_test_framework\cases\daxue.py:27 [INFO]: 2023-03-30 22:23:33 >>>>>> 开始执行：
[2023-03-30  22:23:53.433] H:\自动化框架\auto_test_framework\cases\daxue.py:30 [INFO]: 2023-03-30 22:23:33 >>>>>> 执行结束！
[2023-03-30  22:23:53.435] H:\自动化框架\auto_test_framework\cases\daxue.py:27 [INFO]: 2023-03-30 22:23:33 >>>>>> 开始执行：
[2023-03-30  22:23:53.438] H:\自动化框架\auto_test_framework\cases\daxue.py:30 [INFO]: 2023-03-30 22:23:33 >>>>>> 执行结束！
[2023-03-30  22:23:53.439] H:\自动化框架\auto_test_framework\cases\daxue.py:27 [INFO]: 2023-03-30 22:23:33 >>>>>> 开始执行：
[2023-03-30  22:23:53.441] H:\自动化框架\auto_test_framework\cases\daxue.py:30 [INFO]: 2023-03-30 22:23:33 >>>>>> 执行结束！
[2023-03-30  22:23:53.442] H:\自动化框架\auto_test_framework\cases\daxue.py:27 [INFO]: 2023-03-30 22:23:33 >>>>>> 开始执行：
[2023-03-30  22:23:53.445] H:\自动化框架\auto_test_framework\cases\daxue.py:30 [INFO]: 2023-03-30 22:23:33 >>>>>> 执行结束！
[2023-03-30  22:23:53.446] H:\自动化框架\auto_test_framework\cases\daxue.py:27 [INFO]: 2023-03-30 22:23:33 >>>>>> 开始执行：
[2023-03-30  22:23:53.448] H:\自动化框架\auto_test_framework\cases\daxue.py:30 [INFO]: 2023-03-30 22:23:33 >>>>>> 执行结束！
[2023-03-30  22:23:53.449] H:\自动化框架\auto_test_framework\cases\daxue.py:27 [INFO]: 2023-03-30 22:23:33 >>>>>> 开始执行：
[2023-03-30  22:23:53.452] H:\自动化框架\auto_test_framework\cases\daxue.py:30 [INFO]: 2023-03-30 22:23:33 >>>>>> 执行结束！
[2023-03-30  22:23:53.452] H:\自动化框架\auto_test_framework\cases\daxue.py:27 [INFO]: 2023-03-30 22:23:33 >>>>>> 开始执行：
[2023-03-30  22:23:53.456] H:\自动化框架\auto_test_framework\cases\daxue.py:30 [INFO]: 2023-03-30 22:23:33 >>>>>> 执行结束！
[2023-03-30  22:23:53.457] H:\自动化框架\auto_test_framework\cases\daxue.py:27 [INFO]: 2023-03-30 22:23:33 >>>>>> 开始执行：
[2023-03-30  22:23:53.459] H:\自动化框架\auto_test_framework\cases\daxue.py:30 [INFO]: 2023-03-30 22:23:33 >>>>>> 执行结束！
[2023-03-30  22:23:53.460] H:\自动化框架\auto_test_framework\cases\daxue.py:27 [INFO]: 2023-03-30 22:23:33 >>>>>> 开始执行：
[2023-03-30  22:23:53.463] H:\自动化框架\auto_test_framework\cases\daxue.py:30 [INFO]: 2023-03-30 22:23:33 >>>>>> 执行结束！
[2023-03-30  22:23:53.464] H:\自动化框架\auto_test_framework\cases\daxue.py:27 [INFO]: 2023-03-30 22:23:33 >>>>>> 开始执行：
[2023-03-30  22:23:53.467] H:\自动化框架\auto_test_framework\cases\daxue.py:30 [INFO]: 2023-03-30 22:23:33 >>>>>> 执行结束！
[2023-03-30  22:23:53.468] H:\自动化框架\auto_test_framework\cases\daxue.py:27 [INFO]: 2023-03-30 22:23:33 >>>>>> 开始执行：
[2023-03-30  22:23:53.470] H:\自动化框架\auto_test_framework\cases\daxue.py:30 [INFO]: 2023-03-30 22:23:33 >>>>>> 执行结束！
[2023-03-30  22:23:53.471] H:\自动化框架\auto_test_framework\cases\daxue.py:27 [INFO]: 2023-03-30 22:23:33 >>>>>> 开始执行：
[2023-03-30  22:23:53.475] H:\自动化框架\auto_test_framework\cases\daxue.py:30 [INFO]: 2023-03-30 22:23:33 >>>>>> 执行结束！
[2023-03-30  22:23:53.476] H:\自动化框架\auto_test_framework\cases\daxue.py:27 [INFO]: 2023-03-30 22:23:33 >>>>>> 开始执行：
[2023-03-30  22:23:53.479] H:\自动化框架\auto_test_framework\cases\daxue.py:30 [INFO]: 2023-03-30 22:23:33 >>>>>> 执行结束！
[2023-03-30  22:23:53.480] H:\自动化框架\auto_test_framework\cases\daxue.py:27 [INFO]: 2023-03-30 22:23:33 >>>>>> 开始执行：
[2023-03-30  22:23:53.483] H:\自动化框架\auto_test_framework\cases\daxue.py:30 [INFO]: 2023-03-30 22:23:33 >>>>>> 执行结束！
[2023-03-30  22:23:53.484] H:\自动化框架\auto_test_framework\cases\daxue.py:27 [INFO]: 2023-03-30 22:23:33 >>>>>> 开始执行：
[2023-03-30  22:23:53.486] H:\自动化框架\auto_test_framework\cases\daxue.py:30 [INFO]: 2023-03-30 22:23:33 >>>>>> 执行结束！
[2023-03-30  22:23:53.487] H:\自动化框架\auto_test_framework\cases\daxue.py:27 [INFO]: 2023-03-30 22:23:33 >>>>>> 开始执行：
[2023-03-30  22:23:53.489] H:\自动化框架\auto_test_framework\cases\daxue.py:30 [INFO]: 2023-03-30 22:23:33 >>>>>> 执行结束！
[2023-03-30  22:23:53.490] H:\自动化框架\auto_test_framework\cases\daxue.py:27 [INFO]: 2023-03-30 22:23:33 >>>>>> 开始执行：
[2023-03-30  22:23:53.493] H:\自动化框架\auto_test_framework\cases\daxue.py:30 [INFO]: 2023-03-30 22:23:33 >>>>>> 执行结束！
[2023-03-30  22:23:58.037] H:\自动化框架\auto_test_framework\cases\daxue.py:27 [INFO]: 2023-03-30 22:23:33 >>>>>> 开始执行：
[2023-03-30  22:23:58.040] H:\自动化框架\auto_test_framework\cases\daxue.py:30 [INFO]: 2023-03-30 22:23:33 >>>>>> 执行结束！
[2023-03-30  22:23:58.041] H:\自动化框架\auto_test_framework\cases\daxue.py:27 [INFO]: 2023-03-30 22:23:33 >>>>>> 开始执行：
[2023-03-30  22:23:58.044] H:\自动化框架\auto_test_framework\cases\daxue.py:30 [INFO]: 2023-03-30 22:23:33 >>>>>> 执行结束！
[2023-03-30  22:23:58.045] H:\自动化框架\auto_test_framework\cases\daxue.py:27 [INFO]: 2023-03-30 22:23:33 >>>>>> 开始执行：
[2023-03-30  22:23:58.047] H:\自动化框架\auto_test_framework\cases\daxue.py:30 [INFO]: 2023-03-30 22:23:33 >>>>>> 执行结束！
[2023-03-30  22:23:58.048] H:\自动化框架\auto_test_framework\cases\daxue.py:27 [INFO]: 2023-03-30 22:23:33 >>>>>> 开始执行：
[2023-03-30  22:23:58.051] H:\自动化框架\auto_test_framework\cases\daxue.py:30 [INFO]: 2023-03-30 22:23:33 >>>>>> 执行结束！
[2023-03-30  22:23:58.052] H:\自动化框架\auto_test_framework\cases\daxue.py:27 [INFO]: 2023-03-30 22:23:33 >>>>>> 开始执行：
[2023-03-30  22:23:58.056] H:\自动化框架\auto_test_framework\cases\daxue.py:30 [INFO]: 2023-03-30 22:23:33 >>>>>> 执行结束！
[2023-03-30  22:23:58.057] H:\自动化框架\auto_test_framework\cases\daxue.py:27 [INFO]: 2023-03-30 22:23:33 >>>>>> 开始执行：
[2023-03-30  22:23:58.060] H:\自动化框架\auto_test_framework\cases\daxue.py:30 [INFO]: 2023-03-30 22:23:33 >>>>>> 执行结束！
[2023-03-30  22:23:58.061] H:\自动化框架\auto_test_framework\cases\daxue.py:27 [INFO]: 2023-03-30 22:23:33 >>>>>> 开始执行：
[2023-03-30  22:23:58.064] H:\自动化框架\auto_test_framework\cases\daxue.py:30 [INFO]: 2023-03-30 22:23:33 >>>>>> 执行结束！
[2023-03-30  22:23:58.065] H:\自动化框架\auto_test_framework\cases\daxue.py:27 [INFO]: 2023-03-30 22:23:33 >>>>>> 开始执行：
[2023-03-30  22:23:58.068] H:\自动化框架\auto_test_framework\cases\daxue.py:30 [INFO]: 2023-03-30 22:23:33 >>>>>> 执行结束！
[2023-03-30  22:23:58.069] H:\自动化框架\auto_test_framework\cases\daxue.py:27 [INFO]: 2023-03-30 22:23:33 >>>>>> 开始执行：
[2023-03-30  22:23:58.072] H:\自动化框架\auto_test_framework\cases\daxue.py:30 [INFO]: 2023-03-30 22:23:33 >>>>>> 执行结束！
[2023-03-30  22:23:58.073] H:\自动化框架\auto_test_framework\cases\daxue.py:27 [INFO]: 2023-03-30 22:23:33 >>>>>> 开始执行：
[2023-03-30  22:23:58.078] H:\自动化框架\auto_test_framework\cases\daxue.py:30 [INFO]: 2023-03-30 22:23:33 >>>>>> 执行结束！
[2023-03-30  22:23:58.080] H:\自动化框架\auto_test_framework\cases\daxue.py:27 [INFO]: 2023-03-30 22:23:33 >>>>>> 开始执行：
[2023-03-30  22:23:58.084] H:\自动化框架\auto_test_framework\cases\daxue.py:30 [INFO]: 2023-03-30 22:23:33 >>>>>> 执行结束！
[2023-03-30  22:23:58.085] H:\自动化框架\auto_test_framework\cases\daxue.py:27 [INFO]: 2023-03-30 22:23:33 >>>>>> 开始执行：
[2023-03-30  22:23:58.089] H:\自动化框架\auto_test_framework\cases\daxue.py:30 [INFO]: 2023-03-30 22:23:33 >>>>>> 执行结束！
[2023-03-30  22:23:58.091] H:\自动化框架\auto_test_framework\cases\daxue.py:27 [INFO]: 2023-03-30 22:23:33 >>>>>> 开始执行：
[2023-03-30  22:23:58.097] H:\自动化框架\auto_test_framework\cases\daxue.py:30 [INFO]: 2023-03-30 22:23:33 >>>>>> 执行结束！
[2023-03-30  22:23:58.098] H:\自动化框架\auto_test_framework\cases\daxue.py:27 [INFO]: 2023-03-30 22:23:33 >>>>>> 开始执行：
[2023-03-30  22:23:58.104] H:\自动化框架\auto_test_framework\cases\daxue.py:30 [INFO]: 2023-03-30 22:23:33 >>>>>> 执行结束！
[2023-03-30  22:23:58.106] H:\自动化框架\auto_test_framework\cases\daxue.py:27 [INFO]: 2023-03-30 22:23:33 >>>>>> 开始执行：
[2023-03-30  22:23:58.109] H:\自动化框架\auto_test_framework\cases\daxue.py:30 [INFO]: 2023-03-30 22:23:33 >>>>>> 执行结束！
[2023-03-30  22:23:58.111] H:\自动化框架\auto_test_framework\cases\daxue.py:27 [INFO]: 2023-03-30 22:23:33 >>>>>> 开始执行：
[2023-03-30  22:23:58.115] H:\自动化框架\auto_test_framework\cases\daxue.py:30 [INFO]: 2023-03-30 22:23:33 >>>>>> 执行结束！
[2023-03-30  22:23:58.116] H:\自动化框架\auto_test_framework\cases\daxue.py:27 [INFO]: 2023-03-30 22:23:33 >>>>>> 开始执行：
[2023-03-30  22:23:58.119] H:\自动化框架\auto_test_framework\cases\daxue.py:30 [INFO]: 2023-03-30 22:23:33 >>>>>> 执行结束！
[2023-03-30  22:23:58.120] H:\自动化框架\auto_test_framework\cases\daxue.py:27 [INFO]: 2023-03-30 22:23:33 >>>>>> 开始执行：
[2023-03-30  22:23:58.123] H:\自动化框架\auto_test_framework\cases\daxue.py:30 [INFO]: 2023-03-30 22:23:33 >>>>>> 执行结束！
[2023-03-30  22:23:58.125] H:\自动化框架\auto_test_framework\cases\daxue.py:27 [INFO]: 2023-03-30 22:23:33 >>>>>> 开始执行：
[2023-03-30  22:23:58.127] H:\自动化框架\auto_test_framework\cases\daxue.py:30 [INFO]: 2023-03-30 22:23:33 >>>>>> 执行结束！
[2023-03-30  22:23:58.129] H:\自动化框架\auto_test_framework\cases\daxue.py:27 [INFO]: 2023-03-30 22:23:33 >>>>>> 开始执行：
[2023-03-30  22:23:58.131] H:\自动化框架\auto_test_framework\cases\daxue.py:30 [INFO]: 2023-03-30 22:23:33 >>>>>> 执行结束！
[2023-03-30  22:23:58.132] H:\自动化框架\auto_test_framework\cases\daxue.py:27 [INFO]: 2023-03-30 22:23:33 >>>>>> 开始执行：
[2023-03-30  22:23:58.136] H:\自动化框架\auto_test_framework\cases\daxue.py:30 [INFO]: 2023-03-30 22:23:33 >>>>>> 执行结束！
[2023-03-30  22:23:58.137] H:\自动化框架\auto_test_framework\cases\daxue.py:27 [INFO]: 2023-03-30 22:23:33 >>>>>> 开始执行：
[2023-03-30  22:23:58.141] H:\自动化框架\auto_test_framework\cases\daxue.py:30 [INFO]: 2023-03-30 22:23:33 >>>>>> 执行结束！
[2023-03-30  22:23:58.142] H:\自动化框架\auto_test_framework\cases\daxue.py:27 [INFO]: 2023-03-30 22:23:33 >>>>>> 开始执行：
[2023-03-30  22:23:58.146] H:\自动化框架\auto_test_framework\cases\daxue.py:30 [INFO]: 2023-03-30 22:23:33 >>>>>> 执行结束！
[2023-03-30  22:23:58.148] H:\自动化框架\auto_test_framework\cases\daxue.py:27 [INFO]: 2023-03-30 22:23:33 >>>>>> 开始执行：
[2023-03-30  22:23:58.151] H:\自动化框架\auto_test_framework\cases\daxue.py:30 [INFO]: 2023-03-30 22:23:33 >>>>>> 执行结束！
[2023-03-30  22:23:58.153] H:\自动化框架\auto_test_framework\cases\daxue.py:27 [INFO]: 2023-03-30 22:23:33 >>>>>> 开始执行：
[2023-03-30  22:23:58.161] H:\自动化框架\auto_test_framework\cases\daxue.py:30 [INFO]: 2023-03-30 22:23:33 >>>>>> 执行结束！
[2023-03-30  22:23:58.162] H:\自动化框架\auto_test_framework\cases\daxue.py:27 [INFO]: 2023-03-30 22:23:33 >>>>>> 开始执行：
[2023-03-30  22:23:58.166] H:\自动化框架\auto_test_framework\cases\daxue.py:30 [INFO]: 2023-03-30 22:23:33 >>>>>> 执行结束！
[2023-03-30  22:23:58.167] H:\自动化框架\auto_test_framework\cases\daxue.py:27 [INFO]: 2023-03-30 22:23:33 >>>>>> 开始执行：
[2023-03-30  22:23:58.170] H:\自动化框架\auto_test_framework\cases\daxue.py:30 [INFO]: 2023-03-30 22:23:33 >>>>>> 执行结束！
[2023-03-30  22:23:58.171] H:\自动化框架\auto_test_framework\cases\daxue.py:27 [INFO]: 2023-03-30 22:23:33 >>>>>> 开始执行：
[2023-03-30  22:23:58.174] H:\自动化框架\auto_test_framework\cases\daxue.py:30 [INFO]: 2023-03-30 22:23:33 >>>>>> 执行结束！
[2023-03-30  22:23:58.175] H:\自动化框架\auto_test_framework\cases\daxue.py:27 [INFO]: 2023-03-30 22:23:33 >>>>>> 开始执行：
[2023-03-30  22:23:58.177] H:\自动化框架\auto_test_framework\cases\daxue.py:30 [INFO]: 2023-03-30 22:23:33 >>>>>> 执行结束！
[2023-03-30  22:23:58.178] H:\自动化框架\auto_test_framework\cases\daxue.py:27 [INFO]: 2023-03-30 22:23:33 >>>>>> 开始执行：
[2023-03-30  22:23:58.181] H:\自动化框架\auto_test_framework\cases\daxue.py:30 [INFO]: 2023-03-30 22:23:33 >>>>>> 执行结束！
[2023-03-30  22:23:58.183] H:\自动化框架\auto_test_framework\cases\daxue.py:27 [INFO]: 2023-03-30 22:23:33 >>>>>> 开始执行：
[2023-03-30  22:23:58.185] H:\自动化框架\auto_test_framework\cases\daxue.py:30 [INFO]: 2023-03-30 22:23:33 >>>>>> 执行结束！
[2023-03-30  22:23:58.186] H:\自动化框架\auto_test_framework\cases\daxue.py:27 [INFO]: 2023-03-30 22:23:33 >>>>>> 开始执行：
[2023-03-30  22:23:58.189] H:\自动化框架\auto_test_framework\cases\daxue.py:30 [INFO]: 2023-03-30 22:23:33 >>>>>> 执行结束！
[2023-03-30  22:23:58.190] H:\自动化框架\auto_test_framework\cases\daxue.py:27 [INFO]: 2023-03-30 22:23:33 >>>>>> 开始执行：
[2023-03-30  22:23:58.193] H:\自动化框架\auto_test_framework\cases\daxue.py:30 [INFO]: 2023-03-30 22:23:33 >>>>>> 执行结束！
[2023-03-30  22:23:58.194] H:\自动化框架\auto_test_framework\cases\daxue.py:27 [INFO]: 2023-03-30 22:23:33 >>>>>> 开始执行：
[2023-03-30  22:23:58.196] H:\自动化框架\auto_test_framework\cases\daxue.py:30 [INFO]: 2023-03-30 22:23:33 >>>>>> 执行结束！
[2023-03-30  22:23:58.197] H:\自动化框架\auto_test_framework\cases\daxue.py:27 [INFO]: 2023-03-30 22:23:33 >>>>>> 开始执行：
[2023-03-30  22:23:58.200] H:\自动化框架\auto_test_framework\cases\daxue.py:30 [INFO]: 2023-03-30 22:23:33 >>>>>> 执行结束！
[2023-03-30  22:23:58.201] H:\自动化框架\auto_test_framework\cases\daxue.py:27 [INFO]: 2023-03-30 22:23:33 >>>>>> 开始执行：
[2023-03-30  22:23:58.203] H:\自动化框架\auto_test_framework\cases\daxue.py:30 [INFO]: 2023-03-30 22:23:33 >>>>>> 执行结束！
[2023-03-30  22:23:58.204] H:\自动化框架\auto_test_framework\cases\daxue.py:27 [INFO]: 2023-03-30 22:23:33 >>>>>> 开始执行：
[2023-03-30  22:23:58.207] H:\自动化框架\auto_test_framework\cases\daxue.py:30 [INFO]: 2023-03-30 22:23:33 >>>>>> 执行结束！
[2023-03-30  22:23:58.207] H:\自动化框架\auto_test_framework\cases\daxue.py:27 [INFO]: 2023-03-30 22:23:33 >>>>>> 开始执行：
[2023-03-30  22:23:58.210] H:\自动化框架\auto_test_framework\cases\daxue.py:30 [INFO]: 2023-03-30 22:23:33 >>>>>> 执行结束！
[2023-03-30  22:23:58.211] H:\自动化框架\auto_test_framework\cases\daxue.py:27 [INFO]: 2023-03-30 22:23:33 >>>>>> 开始执行：
[2023-03-30  22:23:58.213] H:\自动化框架\auto_test_framework\cases\daxue.py:30 [INFO]: 2023-03-30 22:23:33 >>>>>> 执行结束！
[2023-03-30  22:23:58.215] H:\自动化框架\auto_test_framework\cases\daxue.py:27 [INFO]: 2023-03-30 22:23:33 >>>>>> 开始执行：
[2023-03-30  22:23:58.218] H:\自动化框架\auto_test_framework\cases\daxue.py:30 [INFO]: 2023-03-30 22:23:33 >>>>>> 执行结束！
[2023-03-30  22:23:58.219] H:\自动化框架\auto_test_framework\cases\daxue.py:27 [INFO]: 2023-03-30 22:23:33 >>>>>> 开始执行：
[2023-03-30  22:23:58.221] H:\自动化框架\auto_test_framework\cases\daxue.py:30 [INFO]: 2023-03-30 22:23:33 >>>>>> 执行结束！
[2023-03-30  22:23:58.222] H:\自动化框架\auto_test_framework\cases\daxue.py:27 [INFO]: 2023-03-30 22:23:33 >>>>>> 开始执行：
[2023-03-30  22:23:58.224] H:\自动化框架\auto_test_framework\cases\daxue.py:30 [INFO]: 2023-03-30 22:23:33 >>>>>> 执行结束！
[2023-03-30  22:23:58.225] H:\自动化框架\auto_test_framework\cases\daxue.py:27 [INFO]: 2023-03-30 22:23:33 >>>>>> 开始执行：
[2023-03-30  22:23:58.228] H:\自动化框架\auto_test_framework\cases\daxue.py:30 [INFO]: 2023-03-30 22:23:33 >>>>>> 执行结束！
[2023-03-30  22:23:58.229] H:\自动化框架\auto_test_framework\cases\daxue.py:27 [INFO]: 2023-03-30 22:23:33 >>>>>> 开始执行：
[2023-03-30  22:23:58.231] H:\自动化框架\auto_test_framework\cases\daxue.py:30 [INFO]: 2023-03-30 22:23:33 >>>>>> 执行结束！
[2023-03-30  22:23:58.232] H:\自动化框架\auto_test_framework\cases\daxue.py:27 [INFO]: 2023-03-30 22:23:33 >>>>>> 开始执行：
[2023-03-30  22:23:58.235] H:\自动化框架\auto_test_framework\cases\daxue.py:30 [INFO]: 2023-03-30 22:23:33 >>>>>> 执行结束！
[2023-03-30  22:23:58.236] H:\自动化框架\auto_test_framework\cases\daxue.py:27 [INFO]: 2023-03-30 22:23:33 >>>>>> 开始执行：
[2023-03-30  22:23:58.238] H:\自动化框架\auto_test_framework\cases\daxue.py:30 [INFO]: 2023-03-30 22:23:33 >>>>>> 执行结束！
[2023-03-30  22:23:58.239] H:\自动化框架\auto_test_framework\cases\daxue.py:27 [INFO]: 2023-03-30 22:23:33 >>>>>> 开始执行：
[2023-03-30  22:23:58.241] H:\自动化框架\auto_test_framework\cases\daxue.py:30 [INFO]: 2023-03-30 22:23:33 >>>>>> 执行结束！
[2023-03-30  22:23:58.242] H:\自动化框架\auto_test_framework\cases\daxue.py:27 [INFO]: 2023-03-30 22:23:33 >>>>>> 开始执行：
[2023-03-30  22:23:58.245] H:\自动化框架\auto_test_framework\cases\daxue.py:30 [INFO]: 2023-03-30 22:23:33 >>>>>> 执行结束！
[2023-03-30  22:23:58.246] H:\自动化框架\auto_test_framework\cases\daxue.py:27 [INFO]: 2023-03-30 22:23:33 >>>>>> 开始执行：
[2023-03-30  22:23:58.248] H:\自动化框架\auto_test_framework\cases\daxue.py:30 [INFO]: 2023-03-30 22:23:33 >>>>>> 执行结束！
[2023-03-30  22:23:58.249] H:\自动化框架\auto_test_framework\cases\daxue.py:27 [INFO]: 2023-03-30 22:23:33 >>>>>> 开始执行：
[2023-03-30  22:23:58.252] H:\自动化框架\auto_test_framework\cases\daxue.py:30 [INFO]: 2023-03-30 22:23:33 >>>>>> 执行结束！
[2023-03-30  22:23:58.253] H:\自动化框架\auto_test_framework\cases\daxue.py:27 [INFO]: 2023-03-30 22:23:33 >>>>>> 开始执行：
[2023-03-30  22:23:58.256] H:\自动化框架\auto_test_framework\cases\daxue.py:30 [INFO]: 2023-03-30 22:23:33 >>>>>> 执行结束！
[2023-03-30  22:23:58.256] H:\自动化框架\auto_test_framework\cases\daxue.py:27 [INFO]: 2023-03-30 22:23:33 >>>>>> 开始执行：
[2023-03-30  22:23:58.260] H:\自动化框架\auto_test_framework\cases\daxue.py:30 [INFO]: 2023-03-30 22:23:33 >>>>>> 执行结束！
[2023-03-30  22:23:58.261] H:\自动化框架\auto_test_framework\cases\daxue.py:27 [INFO]: 2023-03-30 22:23:33 >>>>>> 开始执行：
[2023-03-30  22:23:58.262] H:\自动化框架\auto_test_framework\cases\daxue.py:30 [INFO]: 2023-03-30 22:23:33 >>>>>> 执行结束！
[2023-03-30  22:23:58.264] H:\自动化框架\auto_test_framework\cases\daxue.py:27 [INFO]: 2023-03-30 22:23:33 >>>>>> 开始执行：
[2023-03-30  22:23:58.268] H:\自动化框架\auto_test_framework\cases\daxue.py:30 [INFO]: 2023-03-30 22:23:33 >>>>>> 执行结束！
[2023-03-30  22:23:58.269] H:\自动化框架\auto_test_framework\cases\daxue.py:27 [INFO]: 2023-03-30 22:23:33 >>>>>> 开始执行：
[2023-03-30  22:23:58.272] H:\自动化框架\auto_test_framework\cases\daxue.py:30 [INFO]: 2023-03-30 22:23:33 >>>>>> 执行结束！
[2023-03-30  22:23:58.273] H:\自动化框架\auto_test_framework\cases\daxue.py:27 [INFO]: 2023-03-30 22:23:33 >>>>>> 开始执行：
[2023-03-30  22:23:58.275] H:\自动化框架\auto_test_framework\cases\daxue.py:30 [INFO]: 2023-03-30 22:23:33 >>>>>> 执行结束！
[2023-03-30  22:23:58.277] H:\自动化框架\auto_test_framework\cases\daxue.py:27 [INFO]: 2023-03-30 22:23:33 >>>>>> 开始执行：
[2023-03-30  22:23:58.279] H:\自动化框架\auto_test_framework\cases\daxue.py:30 [INFO]: 2023-03-30 22:23:33 >>>>>> 执行结束！
[2023-03-30  22:23:58.281] H:\自动化框架\auto_test_framework\cases\daxue.py:27 [INFO]: 2023-03-30 22:23:33 >>>>>> 开始执行：
[2023-03-30  22:23:58.285] H:\自动化框架\auto_test_framework\cases\daxue.py:30 [INFO]: 2023-03-30 22:23:33 >>>>>> 执行结束！
[2023-03-30  22:23:58.287] H:\自动化框架\auto_test_framework\cases\daxue.py:27 [INFO]: 2023-03-30 22:23:33 >>>>>> 开始执行：
[2023-03-30  22:23:58.289] H:\自动化框架\auto_test_framework\cases\daxue.py:30 [INFO]: 2023-03-30 22:23:33 >>>>>> 执行结束！
[2023-03-30  22:23:58.290] H:\自动化框架\auto_test_framework\cases\daxue.py:27 [INFO]: 2023-03-30 22:23:33 >>>>>> 开始执行：
[2023-03-30  22:23:58.293] H:\自动化框架\auto_test_framework\cases\daxue.py:30 [INFO]: 2023-03-30 22:23:33 >>>>>> 执行结束！
[2023-03-30  22:23:58.295] H:\自动化框架\auto_test_framework\cases\daxue.py:27 [INFO]: 2023-03-30 22:23:33 >>>>>> 开始执行：
[2023-03-30  22:23:58.298] H:\自动化框架\auto_test_framework\cases\daxue.py:30 [INFO]: 2023-03-30 22:23:33 >>>>>> 执行结束！
[2023-03-30  22:23:58.299] H:\自动化框架\auto_test_framework\cases\daxue.py:27 [INFO]: 2023-03-30 22:23:33 >>>>>> 开始执行：
[2023-03-30  22:23:58.302] H:\自动化框架\auto_test_framework\cases\daxue.py:30 [INFO]: 2023-03-30 22:23:33 >>>>>> 执行结束！
[2023-03-30  22:23:58.303] H:\自动化框架\auto_test_framework\cases\daxue.py:27 [INFO]: 2023-03-30 22:23:33 >>>>>> 开始执行：
[2023-03-30  22:23:58.306] H:\自动化框架\auto_test_framework\cases\daxue.py:30 [INFO]: 2023-03-30 22:23:33 >>>>>> 执行结束！
[2023-03-30  22:23:58.307] H:\自动化框架\auto_test_framework\cases\daxue.py:27 [INFO]: 2023-03-30 22:23:33 >>>>>> 开始执行：
[2023-03-30  22:23:58.310] H:\自动化框架\auto_test_framework\cases\daxue.py:30 [INFO]: 2023-03-30 22:23:33 >>>>>> 执行结束！
[2023-03-30  22:23:58.311] H:\自动化框架\auto_test_framework\cases\daxue.py:27 [INFO]: 2023-03-30 22:23:33 >>>>>> 开始执行：
[2023-03-30  22:23:58.314] H:\自动化框架\auto_test_framework\cases\daxue.py:30 [INFO]: 2023-03-30 22:23:33 >>>>>> 执行结束！
[2023-03-30  22:23:58.315] H:\自动化框架\auto_test_framework\cases\daxue.py:27 [INFO]: 2023-03-30 22:23:33 >>>>>> 开始执行：
[2023-03-30  22:23:58.318] H:\自动化框架\auto_test_framework\cases\daxue.py:30 [INFO]: 2023-03-30 22:23:33 >>>>>> 执行结束！
[2023-03-30  22:23:58.319] H:\自动化框架\auto_test_framework\cases\daxue.py:27 [INFO]: 2023-03-30 22:23:33 >>>>>> 开始执行：
[2023-03-30  22:23:58.322] H:\自动化框架\auto_test_framework\cases\daxue.py:30 [INFO]: 2023-03-30 22:23:33 >>>>>> 执行结束！
[2023-03-30  22:23:58.323] H:\自动化框架\auto_test_framework\cases\daxue.py:27 [INFO]: 2023-03-30 22:23:33 >>>>>> 开始执行：
[2023-03-30  22:23:58.325] H:\自动化框架\auto_test_framework\cases\daxue.py:30 [INFO]: 2023-03-30 22:23:33 >>>>>> 执行结束！
[2023-03-30  22:23:58.326] H:\自动化框架\auto_test_framework\cases\daxue.py:27 [INFO]: 2023-03-30 22:23:33 >>>>>> 开始执行：
[2023-03-30  22:23:58.328] H:\自动化框架\auto_test_framework\cases\daxue.py:30 [INFO]: 2023-03-30 22:23:33 >>>>>> 执行结束！
[2023-03-30  22:23:58.330] H:\自动化框架\auto_test_framework\cases\daxue.py:27 [INFO]: 2023-03-30 22:23:33 >>>>>> 开始执行：
[2023-03-30  22:23:58.333] H:\自动化框架\auto_test_framework\cases\daxue.py:30 [INFO]: 2023-03-30 22:23:33 >>>>>> 执行结束！
[2023-03-30  22:23:58.335] H:\自动化框架\auto_test_framework\cases\daxue.py:27 [INFO]: 2023-03-30 22:23:33 >>>>>> 开始执行：
[2023-03-30  22:23:58.336] H:\自动化框架\auto_test_framework\cases\daxue.py:30 [INFO]: 2023-03-30 22:23:33 >>>>>> 执行结束！
[2023-03-30  22:23:58.338] H:\自动化框架\auto_test_framework\cases\daxue.py:27 [INFO]: 2023-03-30 22:23:33 >>>>>> 开始执行：
[2023-03-30  22:23:58.340] H:\自动化框架\auto_test_framework\cases\daxue.py:30 [INFO]: 2023-03-30 22:23:33 >>>>>> 执行结束！
[2023-03-30  22:23:58.341] H:\自动化框架\auto_test_framework\cases\daxue.py:27 [INFO]: 2023-03-30 22:23:33 >>>>>> 开始执行：
[2023-03-30  22:23:58.344] H:\自动化框架\auto_test_framework\cases\daxue.py:30 [INFO]: 2023-03-30 22:23:33 >>>>>> 执行结束！
[2023-03-30  22:23:58.345] H:\自动化框架\auto_test_framework\cases\daxue.py:27 [INFO]: 2023-03-30 22:23:33 >>>>>> 开始执行：
[2023-03-30  22:23:58.347] H:\自动化框架\auto_test_framework\cases\daxue.py:30 [INFO]: 2023-03-30 22:23:33 >>>>>> 执行结束！
[2023-03-30  22:23:58.349] H:\自动化框架\auto_test_framework\cases\daxue.py:27 [INFO]: 2023-03-30 22:23:33 >>>>>> 开始执行：
[2023-03-30  22:23:58.351] H:\自动化框架\auto_test_framework\cases\daxue.py:30 [INFO]: 2023-03-30 22:23:33 >>>>>> 执行结束！
[2023-03-30  22:23:58.353] H:\自动化框架\auto_test_framework\cases\daxue.py:27 [INFO]: 2023-03-30 22:23:33 >>>>>> 开始执行：
[2023-03-30  22:23:58.356] H:\自动化框架\auto_test_framework\cases\daxue.py:30 [INFO]: 2023-03-30 22:23:33 >>>>>> 执行结束！
[2023-03-30  22:23:58.356] H:\自动化框架\auto_test_framework\cases\daxue.py:27 [INFO]: 2023-03-30 22:23:33 >>>>>> 开始执行：
[2023-03-30  22:23:58.360] H:\自动化框架\auto_test_framework\cases\daxue.py:30 [INFO]: 2023-03-30 22:23:33 >>>>>> 执行结束！
[2023-03-30  22:23:58.362] H:\自动化框架\auto_test_framework\cases\daxue.py:27 [INFO]: 2023-03-30 22:23:33 >>>>>> 开始执行：
[2023-03-30  22:23:58.364] H:\自动化框架\auto_test_framework\cases\daxue.py:30 [INFO]: 2023-03-30 22:23:33 >>>>>> 执行结束！
[2023-03-30  22:23:58.364] H:\自动化框架\auto_test_framework\cases\daxue.py:27 [INFO]: 2023-03-30 22:23:33 >>>>>> 开始执行：
[2023-03-30  22:23:58.368] H:\自动化框架\auto_test_framework\cases\daxue.py:30 [INFO]: 2023-03-30 22:23:33 >>>>>> 执行结束！
[2023-03-30  22:23:58.369] H:\自动化框架\auto_test_framework\cases\daxue.py:27 [INFO]: 2023-03-30 22:23:33 >>>>>> 开始执行：
[2023-03-30  22:23:58.372] H:\自动化框架\auto_test_framework\cases\daxue.py:30 [INFO]: 2023-03-30 22:23:33 >>>>>> 执行结束！
[2023-03-30  22:23:58.373] H:\自动化框架\auto_test_framework\cases\daxue.py:27 [INFO]: 2023-03-30 22:23:33 >>>>>> 开始执行：
[2023-03-30  22:23:58.375] H:\自动化框架\auto_test_framework\cases\daxue.py:30 [INFO]: 2023-03-30 22:23:33 >>>>>> 执行结束！
[2023-03-30  22:23:58.376] H:\自动化框架\auto_test_framework\cases\daxue.py:27 [INFO]: 2023-03-30 22:23:33 >>>>>> 开始执行：
[2023-03-30  22:23:58.379] H:\自动化框架\auto_test_framework\cases\daxue.py:30 [INFO]: 2023-03-30 22:23:33 >>>>>> 执行结束！
[2023-03-30  22:23:58.380] H:\自动化框架\auto_test_framework\cases\daxue.py:27 [INFO]: 2023-03-30 22:23:33 >>>>>> 开始执行：
[2023-03-30  22:23:58.383] H:\自动化框架\auto_test_framework\cases\daxue.py:30 [INFO]: 2023-03-30 22:23:33 >>>>>> 执行结束！
[2023-03-30  22:23:58.384] H:\自动化框架\auto_test_framework\cases\daxue.py:27 [INFO]: 2023-03-30 22:23:33 >>>>>> 开始执行：
[2023-03-30  22:23:58.387] H:\自动化框架\auto_test_framework\cases\daxue.py:30 [INFO]: 2023-03-30 22:23:33 >>>>>> 执行结束！
[2023-03-30  22:23:58.389] H:\自动化框架\auto_test_framework\cases\daxue.py:27 [INFO]: 2023-03-30 22:23:33 >>>>>> 开始执行：
[2023-03-30  22:23:58.391] H:\自动化框架\auto_test_framework\cases\daxue.py:30 [INFO]: 2023-03-30 22:23:33 >>>>>> 执行结束！
[2023-03-30  22:23:58.392] H:\自动化框架\auto_test_framework\cases\daxue.py:27 [INFO]: 2023-03-30 22:23:33 >>>>>> 开始执行：
[2023-03-30  22:23:58.395] H:\自动化框架\auto_test_framework\cases\daxue.py:30 [INFO]: 2023-03-30 22:23:33 >>>>>> 执行结束！
[2023-03-30  22:23:58.396] H:\自动化框架\auto_test_framework\cases\daxue.py:27 [INFO]: 2023-03-30 22:23:33 >>>>>> 开始执行：
[2023-03-30  22:23:58.398] H:\自动化框架\auto_test_framework\cases\daxue.py:30 [INFO]: 2023-03-30 22:23:33 >>>>>> 执行结束！
[2023-03-30  22:23:58.399] H:\自动化框架\auto_test_framework\cases\daxue.py:27 [INFO]: 2023-03-30 22:23:33 >>>>>> 开始执行：
[2023-03-30  22:23:58.403] H:\自动化框架\auto_test_framework\cases\daxue.py:30 [INFO]: 2023-03-30 22:23:33 >>>>>> 执行结束！
[2023-03-30  22:23:58.404] H:\自动化框架\auto_test_framework\cases\daxue.py:27 [INFO]: 2023-03-30 22:23:33 >>>>>> 开始执行：
[2023-03-30  22:23:58.406] H:\自动化框架\auto_test_framework\cases\daxue.py:30 [INFO]: 2023-03-30 22:23:33 >>>>>> 执行结束！
[2023-03-30  22:23:58.407] H:\自动化框架\auto_test_framework\cases\daxue.py:27 [INFO]: 2023-03-30 22:23:33 >>>>>> 开始执行：
[2023-03-30  22:23:58.410] H:\自动化框架\auto_test_framework\cases\daxue.py:30 [INFO]: 2023-03-30 22:23:33 >>>>>> 执行结束！
[2023-03-30  22:23:58.411] H:\自动化框架\auto_test_framework\cases\daxue.py:27 [INFO]: 2023-03-30 22:23:33 >>>>>> 开始执行：
[2023-03-30  22:23:58.413] H:\自动化框架\auto_test_framework\cases\daxue.py:30 [INFO]: 2023-03-30 22:23:33 >>>>>> 执行结束！
[2023-03-30  22:23:58.415] H:\自动化框架\auto_test_framework\cases\daxue.py:27 [INFO]: 2023-03-30 22:23:33 >>>>>> 开始执行：
[2023-03-30  22:23:58.417] H:\自动化框架\auto_test_framework\cases\daxue.py:30 [INFO]: 2023-03-30 22:23:33 >>>>>> 执行结束！
[2023-03-30  22:23:58.417] H:\自动化框架\auto_test_framework\cases\daxue.py:27 [INFO]: 2023-03-30 22:23:33 >>>>>> 开始执行：
[2023-03-30  22:23:58.421] H:\自动化框架\auto_test_framework\cases\daxue.py:30 [INFO]: 2023-03-30 22:23:33 >>>>>> 执行结束！
[2023-03-30  22:23:58.422] H:\自动化框架\auto_test_framework\cases\daxue.py:27 [INFO]: 2023-03-30 22:23:33 >>>>>> 开始执行：
[2023-03-30  22:23:58.425] H:\自动化框架\auto_test_framework\cases\daxue.py:30 [INFO]: 2023-03-30 22:23:33 >>>>>> 执行结束！
[2023-03-30  22:23:58.427] H:\自动化框架\auto_test_framework\cases\daxue.py:27 [INFO]: 2023-03-30 22:23:33 >>>>>> 开始执行：
[2023-03-30  22:23:58.429] H:\自动化框架\auto_test_framework\cases\daxue.py:30 [INFO]: 2023-03-30 22:23:33 >>>>>> 执行结束！
[2023-03-30  22:23:58.430] H:\自动化框架\auto_test_framework\cases\daxue.py:27 [INFO]: 2023-03-30 22:23:33 >>>>>> 开始执行：
[2023-03-30  22:23:58.433] H:\自动化框架\auto_test_framework\cases\daxue.py:30 [INFO]: 2023-03-30 22:23:33 >>>>>> 执行结束！
[2023-03-30  22:23:58.433] H:\自动化框架\auto_test_framework\cases\daxue.py:27 [INFO]: 2023-03-30 22:23:33 >>>>>> 开始执行：
[2023-03-30  22:23:58.436] H:\自动化框架\auto_test_framework\cases\daxue.py:30 [INFO]: 2023-03-30 22:23:33 >>>>>> 执行结束！
[2023-03-30  22:23:58.438] H:\自动化框架\auto_test_framework\cases\daxue.py:27 [INFO]: 2023-03-30 22:23:33 >>>>>> 开始执行：
[2023-03-30  22:23:58.440] H:\自动化框架\auto_test_framework\cases\daxue.py:30 [INFO]: 2023-03-30 22:23:33 >>>>>> 执行结束！
[2023-03-30  22:23:58.441] H:\自动化框架\auto_test_framework\cases\daxue.py:27 [INFO]: 2023-03-30 22:23:33 >>>>>> 开始执行：
[2023-03-30  22:23:58.444] H:\自动化框架\auto_test_framework\cases\daxue.py:30 [INFO]: 2023-03-30 22:23:33 >>>>>> 执行结束！
[2023-03-30  22:23:58.445] H:\自动化框架\auto_test_framework\cases\daxue.py:27 [INFO]: 2023-03-30 22:23:33 >>>>>> 开始执行：
[2023-03-30  22:23:58.447] H:\自动化框架\auto_test_framework\cases\daxue.py:30 [INFO]: 2023-03-30 22:23:33 >>>>>> 执行结束！
[2023-03-30  22:23:58.448] H:\自动化框架\auto_test_framework\cases\daxue.py:27 [INFO]: 2023-03-30 22:23:33 >>>>>> 开始执行：
[2023-03-30  22:23:58.451] H:\自动化框架\auto_test_framework\cases\daxue.py:30 [INFO]: 2023-03-30 22:23:33 >>>>>> 执行结束！
[2023-03-30  22:23:58.452] H:\自动化框架\auto_test_framework\cases\daxue.py:27 [INFO]: 2023-03-30 22:23:33 >>>>>> 开始执行：
[2023-03-30  22:23:58.454] H:\自动化框架\auto_test_framework\cases\daxue.py:30 [INFO]: 2023-03-30 22:23:33 >>>>>> 执行结束！
[2023-03-30  22:23:58.455] H:\自动化框架\auto_test_framework\cases\daxue.py:27 [INFO]: 2023-03-30 22:23:33 >>>>>> 开始执行：
[2023-03-30  22:23:58.458] H:\自动化框架\auto_test_framework\cases\daxue.py:30 [INFO]: 2023-03-30 22:23:33 >>>>>> 执行结束！
[2023-03-30  22:23:58.459] H:\自动化框架\auto_test_framework\cases\daxue.py:27 [INFO]: 2023-03-30 22:23:33 >>>>>> 开始执行：
[2023-03-30  22:23:58.461] H:\自动化框架\auto_test_framework\cases\daxue.py:30 [INFO]: 2023-03-30 22:23:33 >>>>>> 执行结束！
[2023-03-30  22:23:58.463] H:\自动化框架\auto_test_framework\cases\daxue.py:27 [INFO]: 2023-03-30 22:23:33 >>>>>> 开始执行：
[2023-03-30  22:23:58.465] H:\自动化框架\auto_test_framework\cases\daxue.py:30 [INFO]: 2023-03-30 22:23:33 >>>>>> 执行结束！
[2023-03-30  22:23:58.466] H:\自动化框架\auto_test_framework\cases\daxue.py:27 [INFO]: 2023-03-30 22:23:33 >>>>>> 开始执行：
[2023-03-30  22:23:58.469] H:\自动化框架\auto_test_framework\cases\daxue.py:30 [INFO]: 2023-03-30 22:23:33 >>>>>> 执行结束！
[2023-03-30  22:23:58.470] H:\自动化框架\auto_test_framework\cases\daxue.py:27 [INFO]: 2023-03-30 22:23:33 >>>>>> 开始执行：
[2023-03-30  22:23:58.473] H:\自动化框架\auto_test_framework\cases\daxue.py:30 [INFO]: 2023-03-30 22:23:33 >>>>>> 执行结束！
[2023-03-30  22:23:58.474] H:\自动化框架\auto_test_framework\cases\daxue.py:27 [INFO]: 2023-03-30 22:23:33 >>>>>> 开始执行：
[2023-03-30  22:23:58.476] H:\自动化框架\auto_test_framework\cases\daxue.py:30 [INFO]: 2023-03-30 22:23:33 >>>>>> 执行结束！
[2023-03-30  22:23:58.477] H:\自动化框架\auto_test_framework\cases\daxue.py:27 [INFO]: 2023-03-30 22:23:33 >>>>>> 开始执行：
[2023-03-30  22:23:58.480] H:\自动化框架\auto_test_framework\cases\daxue.py:30 [INFO]: 2023-03-30 22:23:33 >>>>>> 执行结束！
[2023-03-30  22:23:58.481] H:\自动化框架\auto_test_framework\cases\daxue.py:27 [INFO]: 2023-03-30 22:23:33 >>>>>> 开始执行：
[2023-03-30  22:23:58.485] H:\自动化框架\auto_test_framework\cases\daxue.py:30 [INFO]: 2023-03-30 22:23:33 >>>>>> 执行结束！
[2023-03-30  22:23:58.485] H:\自动化框架\auto_test_framework\cases\daxue.py:27 [INFO]: 2023-03-30 22:23:33 >>>>>> 开始执行：
[2023-03-30  22:23:58.488] H:\自动化框架\auto_test_framework\cases\daxue.py:30 [INFO]: 2023-03-30 22:23:33 >>>>>> 执行结束！
[2023-03-30  22:23:58.490] H:\自动化框架\auto_test_framework\cases\daxue.py:27 [INFO]: 2023-03-30 22:23:33 >>>>>> 开始执行：
[2023-03-30  22:23:58.492] H:\自动化框架\auto_test_framework\cases\daxue.py:30 [INFO]: 2023-03-30 22:23:33 >>>>>> 执行结束！
[2023-03-30  22:23:58.493] H:\自动化框架\auto_test_framework\cases\daxue.py:27 [INFO]: 2023-03-30 22:23:33 >>>>>> 开始执行：
[2023-03-30  22:23:58.497] H:\自动化框架\auto_test_framework\cases\daxue.py:30 [INFO]: 2023-03-30 22:23:33 >>>>>> 执行结束！
[2023-03-30  22:23:58.498] H:\自动化框架\auto_test_framework\cases\daxue.py:27 [INFO]: 2023-03-30 22:23:33 >>>>>> 开始执行：
[2023-03-30  22:23:58.501] H:\自动化框架\auto_test_framework\cases\daxue.py:30 [INFO]: 2023-03-30 22:23:33 >>>>>> 执行结束！
[2023-03-30  22:23:58.502] H:\自动化框架\auto_test_framework\cases\daxue.py:27 [INFO]: 2023-03-30 22:23:33 >>>>>> 开始执行：
[2023-03-30  22:23:58.505] H:\自动化框架\auto_test_framework\cases\daxue.py:30 [INFO]: 2023-03-30 22:23:33 >>>>>> 执行结束！
[2023-03-30  22:23:58.506] H:\自动化框架\auto_test_framework\cases\daxue.py:27 [INFO]: 2023-03-30 22:23:33 >>>>>> 开始执行：
[2023-03-30  22:23:58.509] H:\自动化框架\auto_test_framework\cases\daxue.py:30 [INFO]: 2023-03-30 22:23:33 >>>>>> 执行结束！
[2023-03-30  22:23:58.510] H:\自动化框架\auto_test_framework\cases\daxue.py:27 [INFO]: 2023-03-30 22:23:33 >>>>>> 开始执行：
[2023-03-30  22:23:58.513] H:\自动化框架\auto_test_framework\cases\daxue.py:30 [INFO]: 2023-03-30 22:23:33 >>>>>> 执行结束！
[2023-03-30  22:23:58.513] H:\自动化框架\auto_test_framework\cases\daxue.py:27 [INFO]: 2023-03-30 22:23:33 >>>>>> 开始执行：
[2023-03-30  22:23:58.516] H:\自动化框架\auto_test_framework\cases\daxue.py:30 [INFO]: 2023-03-30 22:23:33 >>>>>> 执行结束！
[2023-03-30  22:23:58.518] H:\自动化框架\auto_test_framework\cases\daxue.py:27 [INFO]: 2023-03-30 22:23:33 >>>>>> 开始执行：
[2023-03-30  22:23:58.520] H:\自动化框架\auto_test_framework\cases\daxue.py:30 [INFO]: 2023-03-30 22:23:33 >>>>>> 执行结束！
[2023-03-30  22:23:58.522] H:\自动化框架\auto_test_framework\cases\daxue.py:27 [INFO]: 2023-03-30 22:23:33 >>>>>> 开始执行：
[2023-03-30  22:23:58.525] H:\自动化框架\auto_test_framework\cases\daxue.py:30 [INFO]: 2023-03-30 22:23:33 >>>>>> 执行结束！
[2023-03-30  22:23:58.526] H:\自动化框架\auto_test_framework\cases\daxue.py:27 [INFO]: 2023-03-30 22:23:33 >>>>>> 开始执行：
[2023-03-30  22:23:58.528] H:\自动化框架\auto_test_framework\cases\daxue.py:30 [INFO]: 2023-03-30 22:23:33 >>>>>> 执行结束！
[2023-03-30  22:23:58.529] H:\自动化框架\auto_test_framework\cases\daxue.py:27 [INFO]: 2023-03-30 22:23:33 >>>>>> 开始执行：
[2023-03-30  22:23:58.532] H:\自动化框架\auto_test_framework\cases\daxue.py:30 [INFO]: 2023-03-30 22:23:33 >>>>>> 执行结束！
[2023-03-30  22:23:58.533] H:\自动化框架\auto_test_framework\cases\daxue.py:27 [INFO]: 2023-03-30 22:23:33 >>>>>> 开始执行：
[2023-03-30  22:23:58.536] H:\自动化框架\auto_test_framework\cases\daxue.py:30 [INFO]: 2023-03-30 22:23:33 >>>>>> 执行结束！
[2023-03-30  22:23:58.538] H:\自动化框架\auto_test_framework\cases\daxue.py:27 [INFO]: 2023-03-30 22:23:33 >>>>>> 开始执行：
[2023-03-30  22:23:58.541] H:\自动化框架\auto_test_framework\cases\daxue.py:30 [INFO]: 2023-03-30 22:23:33 >>>>>> 执行结束！
[2023-03-30  22:23:58.542] H:\自动化框架\auto_test_framework\cases\daxue.py:27 [INFO]: 2023-03-30 22:23:33 >>>>>> 开始执行：
[2023-03-30  22:23:58.545] H:\自动化框架\auto_test_framework\cases\daxue.py:30 [INFO]: 2023-03-30 22:23:33 >>>>>> 执行结束！
[2023-03-30  22:23:58.546] H:\自动化框架\auto_test_framework\cases\daxue.py:27 [INFO]: 2023-03-30 22:23:33 >>>>>> 开始执行：
[2023-03-30  22:23:58.548] H:\自动化框架\auto_test_framework\cases\daxue.py:30 [INFO]: 2023-03-30 22:23:33 >>>>>> 执行结束！
[2023-03-30  22:23:58.549] H:\自动化框架\auto_test_framework\cases\daxue.py:27 [INFO]: 2023-03-30 22:23:33 >>>>>> 开始执行：
[2023-03-30  22:23:58.552] H:\自动化框架\auto_test_framework\cases\daxue.py:30 [INFO]: 2023-03-30 22:23:33 >>>>>> 执行结束！
[2023-03-30  22:23:58.553] H:\自动化框架\auto_test_framework\cases\daxue.py:27 [INFO]: 2023-03-30 22:23:33 >>>>>> 开始执行：
[2023-03-30  22:23:58.556] H:\自动化框架\auto_test_framework\cases\daxue.py:30 [INFO]: 2023-03-30 22:23:33 >>>>>> 执行结束！
[2023-03-30  22:23:58.556] H:\自动化框架\auto_test_framework\cases\daxue.py:27 [INFO]: 2023-03-30 22:23:33 >>>>>> 开始执行：
[2023-03-30  22:23:58.559] H:\自动化框架\auto_test_framework\cases\daxue.py:30 [INFO]: 2023-03-30 22:23:33 >>>>>> 执行结束！
[2023-03-30  22:23:58.560] H:\自动化框架\auto_test_framework\cases\daxue.py:27 [INFO]: 2023-03-30 22:23:33 >>>>>> 开始执行：
[2023-03-30  22:23:58.562] H:\自动化框架\auto_test_framework\cases\daxue.py:30 [INFO]: 2023-03-30 22:23:33 >>>>>> 执行结束！
[2023-03-30  22:23:58.564] H:\自动化框架\auto_test_framework\cases\daxue.py:27 [INFO]: 2023-03-30 22:23:33 >>>>>> 开始执行：
[2023-03-30  22:23:58.566] H:\自动化框架\auto_test_framework\cases\daxue.py:30 [INFO]: 2023-03-30 22:23:33 >>>>>> 执行结束！
[2023-03-30  22:23:58.567] H:\自动化框架\auto_test_framework\cases\daxue.py:27 [INFO]: 2023-03-30 22:23:33 >>>>>> 开始执行：
[2023-03-30  22:23:58.570] H:\自动化框架\auto_test_framework\cases\daxue.py:30 [INFO]: 2023-03-30 22:23:33 >>>>>> 执行结束！
[2023-03-30  22:23:58.571] H:\自动化框架\auto_test_framework\cases\daxue.py:27 [INFO]: 2023-03-30 22:23:33 >>>>>> 开始执行：
[2023-03-30  22:23:58.575] H:\自动化框架\auto_test_framework\cases\daxue.py:30 [INFO]: 2023-03-30 22:23:33 >>>>>> 执行结束！
[2023-03-30  22:23:58.576] H:\自动化框架\auto_test_framework\cases\daxue.py:27 [INFO]: 2023-03-30 22:23:33 >>>>>> 开始执行：
[2023-03-30  22:23:58.577] H:\自动化框架\auto_test_framework\cases\daxue.py:30 [INFO]: 2023-03-30 22:23:33 >>>>>> 执行结束！
[2023-03-30  22:23:58.579] H:\自动化框架\auto_test_framework\cases\daxue.py:27 [INFO]: 2023-03-30 22:23:33 >>>>>> 开始执行：
[2023-03-30  22:23:58.581] H:\自动化框架\auto_test_framework\cases\daxue.py:30 [INFO]: 2023-03-30 22:23:33 >>>>>> 执行结束！
[2023-03-30  22:23:58.582] H:\自动化框架\auto_test_framework\cases\daxue.py:27 [INFO]: 2023-03-30 22:23:33 >>>>>> 开始执行：
[2023-03-30  22:23:58.585] H:\自动化框架\auto_test_framework\cases\daxue.py:30 [INFO]: 2023-03-30 22:23:33 >>>>>> 执行结束！
[2023-03-30  22:23:58.586] H:\自动化框架\auto_test_framework\cases\daxue.py:27 [INFO]: 2023-03-30 22:23:33 >>>>>> 开始执行：
[2023-03-30  22:23:58.589] H:\自动化框架\auto_test_framework\cases\daxue.py:30 [INFO]: 2023-03-30 22:23:33 >>>>>> 执行结束！
[2023-03-30  22:23:58.590] H:\自动化框架\auto_test_framework\cases\daxue.py:27 [INFO]: 2023-03-30 22:23:33 >>>>>> 开始执行：
[2023-03-30  22:23:58.593] H:\自动化框架\auto_test_framework\cases\daxue.py:30 [INFO]: 2023-03-30 22:23:33 >>>>>> 执行结束！
[2023-03-30  22:23:58.593] H:\自动化框架\auto_test_framework\cases\daxue.py:27 [INFO]: 2023-03-30 22:23:33 >>>>>> 开始执行：
[2023-03-30  22:23:58.596] H:\自动化框架\auto_test_framework\cases\daxue.py:30 [INFO]: 2023-03-30 22:23:33 >>>>>> 执行结束！
[2023-03-30  22:23:58.598] H:\自动化框架\auto_test_framework\cases\daxue.py:27 [INFO]: 2023-03-30 22:23:33 >>>>>> 开始执行：
[2023-03-30  22:23:58.600] H:\自动化框架\auto_test_framework\cases\daxue.py:30 [INFO]: 2023-03-30 22:23:33 >>>>>> 执行结束！
[2023-03-30  22:23:58.601] H:\自动化框架\auto_test_framework\cases\daxue.py:27 [INFO]: 2023-03-30 22:23:33 >>>>>> 开始执行：
[2023-03-30  22:23:58.604] H:\自动化框架\auto_test_framework\cases\daxue.py:30 [INFO]: 2023-03-30 22:23:33 >>>>>> 执行结束！
[2023-03-30  22:23:58.605] H:\自动化框架\auto_test_framework\cases\daxue.py:27 [INFO]: 2023-03-30 22:23:33 >>>>>> 开始执行：
[2023-03-30  22:23:58.608] H:\自动化框架\auto_test_framework\cases\daxue.py:30 [INFO]: 2023-03-30 22:23:33 >>>>>> 执行结束！
[2023-03-30  22:23:58.609] H:\自动化框架\auto_test_framework\cases\daxue.py:27 [INFO]: 2023-03-30 22:23:33 >>>>>> 开始执行：
[2023-03-30  22:23:58.612] H:\自动化框架\auto_test_framework\cases\daxue.py:30 [INFO]: 2023-03-30 22:23:33 >>>>>> 执行结束！
[2023-03-30  22:23:58.614] H:\自动化框架\auto_test_framework\cases\daxue.py:27 [INFO]: 2023-03-30 22:23:33 >>>>>> 开始执行：
[2023-03-30  22:23:58.616] H:\自动化框架\auto_test_framework\cases\daxue.py:30 [INFO]: 2023-03-30 22:23:33 >>>>>> 执行结束！
[2023-03-30  22:23:58.617] H:\自动化框架\auto_test_framework\cases\daxue.py:27 [INFO]: 2023-03-30 22:23:33 >>>>>> 开始执行：
[2023-03-30  22:23:58.620] H:\自动化框架\auto_test_framework\cases\daxue.py:30 [INFO]: 2023-03-30 22:23:33 >>>>>> 执行结束！
[2023-03-30  22:23:58.621] H:\自动化框架\auto_test_framework\cases\daxue.py:27 [INFO]: 2023-03-30 22:23:33 >>>>>> 开始执行：
[2023-03-30  22:23:58.625] H:\自动化框架\auto_test_framework\cases\daxue.py:30 [INFO]: 2023-03-30 22:23:33 >>>>>> 执行结束！
[2023-03-30  22:23:58.626] H:\自动化框架\auto_test_framework\cases\daxue.py:27 [INFO]: 2023-03-30 22:23:33 >>>>>> 开始执行：
[2023-03-30  22:23:58.629] H:\自动化框架\auto_test_framework\cases\daxue.py:30 [INFO]: 2023-03-30 22:23:33 >>>>>> 执行结束！
[2023-03-30  22:23:58.630] H:\自动化框架\auto_test_framework\cases\daxue.py:27 [INFO]: 2023-03-30 22:23:33 >>>>>> 开始执行：
[2023-03-30  22:23:58.632] H:\自动化框架\auto_test_framework\cases\daxue.py:30 [INFO]: 2023-03-30 22:23:33 >>>>>> 执行结束！
[2023-03-30  22:23:58.633] H:\自动化框架\auto_test_framework\cases\daxue.py:27 [INFO]: 2023-03-30 22:23:33 >>>>>> 开始执行：
[2023-03-30  22:23:58.636] H:\自动化框架\auto_test_framework\cases\daxue.py:30 [INFO]: 2023-03-30 22:23:33 >>>>>> 执行结束！
[2023-03-30  22:23:58.637] H:\自动化框架\auto_test_framework\cases\daxue.py:27 [INFO]: 2023-03-30 22:23:33 >>>>>> 开始执行：
[2023-03-30  22:23:58.641] H:\自动化框架\auto_test_framework\cases\daxue.py:30 [INFO]: 2023-03-30 22:23:33 >>>>>> 执行结束！
[2023-03-30  22:23:58.642] H:\自动化框架\auto_test_framework\cases\daxue.py:27 [INFO]: 2023-03-30 22:23:33 >>>>>> 开始执行：
[2023-03-30  22:23:58.645] H:\自动化框架\auto_test_framework\cases\daxue.py:30 [INFO]: 2023-03-30 22:23:33 >>>>>> 执行结束！
[2023-03-30  22:23:58.646] H:\自动化框架\auto_test_framework\cases\daxue.py:27 [INFO]: 2023-03-30 22:23:33 >>>>>> 开始执行：
[2023-03-30  22:23:58.649] H:\自动化框架\auto_test_framework\cases\daxue.py:30 [INFO]: 2023-03-30 22:23:33 >>>>>> 执行结束！
[2023-03-30  22:23:58.650] H:\自动化框架\auto_test_framework\cases\daxue.py:27 [INFO]: 2023-03-30 22:23:33 >>>>>> 开始执行：
[2023-03-30  22:23:58.652] H:\自动化框架\auto_test_framework\cases\daxue.py:30 [INFO]: 2023-03-30 22:23:33 >>>>>> 执行结束！
[2023-03-30  22:23:58.653] H:\自动化框架\auto_test_framework\cases\daxue.py:27 [INFO]: 2023-03-30 22:23:33 >>>>>> 开始执行：
[2023-03-30  22:23:58.656] H:\自动化框架\auto_test_framework\cases\daxue.py:30 [INFO]: 2023-03-30 22:23:33 >>>>>> 执行结束！
[2023-03-30  22:23:58.656] H:\自动化框架\auto_test_framework\cases\daxue.py:27 [INFO]: 2023-03-30 22:23:33 >>>>>> 开始执行：
[2023-03-30  22:23:58.660] H:\自动化框架\auto_test_framework\cases\daxue.py:30 [INFO]: 2023-03-30 22:23:33 >>>>>> 执行结束！
[2023-03-30  22:23:58.662] H:\自动化框架\auto_test_framework\cases\daxue.py:27 [INFO]: 2023-03-30 22:23:33 >>>>>> 开始执行：
[2023-03-30  22:23:58.664] H:\自动化框架\auto_test_framework\cases\daxue.py:30 [INFO]: 2023-03-30 22:23:33 >>>>>> 执行结束！
[2023-03-30  22:23:58.665] H:\自动化框架\auto_test_framework\cases\daxue.py:27 [INFO]: 2023-03-30 22:23:33 >>>>>> 开始执行：
[2023-03-30  22:23:58.667] H:\自动化框架\auto_test_framework\cases\daxue.py:30 [INFO]: 2023-03-30 22:23:33 >>>>>> 执行结束！
[2023-03-30  22:23:58.669] H:\自动化框架\auto_test_framework\cases\daxue.py:27 [INFO]: 2023-03-30 22:23:33 >>>>>> 开始执行：
[2023-03-30  22:23:58.671] H:\自动化框架\auto_test_framework\cases\daxue.py:30 [INFO]: 2023-03-30 22:23:33 >>>>>> 执行结束！
[2023-03-30  22:23:58.672] H:\自动化框架\auto_test_framework\cases\daxue.py:27 [INFO]: 2023-03-30 22:23:33 >>>>>> 开始执行：
[2023-03-30  22:23:58.674] H:\自动化框架\auto_test_framework\cases\daxue.py:30 [INFO]: 2023-03-30 22:23:33 >>>>>> 执行结束！
[2023-03-30  22:23:58.674] H:\自动化框架\auto_test_framework\cases\daxue.py:27 [INFO]: 2023-03-30 22:23:33 >>>>>> 开始执行：
[2023-03-30  22:23:58.678] H:\自动化框架\auto_test_framework\cases\daxue.py:30 [INFO]: 2023-03-30 22:23:33 >>>>>> 执行结束！
[2023-03-30  22:23:58.679] H:\自动化框架\auto_test_framework\cases\daxue.py:27 [INFO]: 2023-03-30 22:23:33 >>>>>> 开始执行：
[2023-03-30  22:23:58.682] H:\自动化框架\auto_test_framework\cases\daxue.py:30 [INFO]: 2023-03-30 22:23:33 >>>>>> 执行结束！
[2023-03-30  22:23:58.683] H:\自动化框架\auto_test_framework\cases\daxue.py:27 [INFO]: 2023-03-30 22:23:33 >>>>>> 开始执行：
[2023-03-30  22:23:58.686] H:\自动化框架\auto_test_framework\cases\daxue.py:30 [INFO]: 2023-03-30 22:23:33 >>>>>> 执行结束！
[2023-03-30  22:23:58.688] H:\自动化框架\auto_test_framework\cases\daxue.py:27 [INFO]: 2023-03-30 22:23:33 >>>>>> 开始执行：
[2023-03-30  22:23:58.690] H:\自动化框架\auto_test_framework\cases\daxue.py:30 [INFO]: 2023-03-30 22:23:33 >>>>>> 执行结束！
[2023-03-30  22:23:58.692] H:\自动化框架\auto_test_framework\cases\daxue.py:27 [INFO]: 2023-03-30 22:23:33 >>>>>> 开始执行：
[2023-03-30  22:23:58.694] H:\自动化框架\auto_test_framework\cases\daxue.py:30 [INFO]: 2023-03-30 22:23:33 >>>>>> 执行结束！
[2023-03-30  22:23:58.695] H:\自动化框架\auto_test_framework\cases\daxue.py:27 [INFO]: 2023-03-30 22:23:33 >>>>>> 开始执行：
[2023-03-30  22:23:58.698] H:\自动化框架\auto_test_framework\cases\daxue.py:30 [INFO]: 2023-03-30 22:23:33 >>>>>> 执行结束！
[2023-03-30  22:23:58.699] H:\自动化框架\auto_test_framework\cases\daxue.py:27 [INFO]: 2023-03-30 22:23:33 >>>>>> 开始执行：
[2023-03-30  22:23:58.701] H:\自动化框架\auto_test_framework\cases\daxue.py:30 [INFO]: 2023-03-30 22:23:33 >>>>>> 执行结束！
[2023-03-30  22:23:58.702] H:\自动化框架\auto_test_framework\cases\daxue.py:27 [INFO]: 2023-03-30 22:23:33 >>>>>> 开始执行：
[2023-03-30  22:23:58.705] H:\自动化框架\auto_test_framework\cases\daxue.py:30 [INFO]: 2023-03-30 22:23:33 >>>>>> 执行结束！
[2023-03-30  22:23:58.707] H:\自动化框架\auto_test_framework\cases\daxue.py:27 [INFO]: 2023-03-30 22:23:33 >>>>>> 开始执行：
[2023-03-30  22:23:58.709] H:\自动化框架\auto_test_framework\cases\daxue.py:30 [INFO]: 2023-03-30 22:23:33 >>>>>> 执行结束！
[2023-03-30  22:23:58.710] H:\自动化框架\auto_test_framework\cases\daxue.py:27 [INFO]: 2023-03-30 22:23:33 >>>>>> 开始执行：
[2023-03-30  22:23:58.713] H:\自动化框架\auto_test_framework\cases\daxue.py:30 [INFO]: 2023-03-30 22:23:33 >>>>>> 执行结束！
[2023-03-30  22:23:58.714] H:\自动化框架\auto_test_framework\cases\daxue.py:27 [INFO]: 2023-03-30 22:23:33 >>>>>> 开始执行：
[2023-03-30  22:23:58.716] H:\自动化框架\auto_test_framework\cases\daxue.py:30 [INFO]: 2023-03-30 22:23:33 >>>>>> 执行结束！
[2023-03-30  22:23:58.717] H:\自动化框架\auto_test_framework\cases\daxue.py:27 [INFO]: 2023-03-30 22:23:33 >>>>>> 开始执行：
[2023-03-30  22:23:58.719] H:\自动化框架\auto_test_framework\cases\daxue.py:30 [INFO]: 2023-03-30 22:23:33 >>>>>> 执行结束！
[2023-03-30  22:23:58.720] H:\自动化框架\auto_test_framework\cases\daxue.py:27 [INFO]: 2023-03-30 22:23:33 >>>>>> 开始执行：
[2023-03-30  22:23:58.723] H:\自动化框架\auto_test_framework\cases\daxue.py:30 [INFO]: 2023-03-30 22:23:33 >>>>>> 执行结束！
[2023-03-30  22:23:58.723] H:\自动化框架\auto_test_framework\cases\daxue.py:27 [INFO]: 2023-03-30 22:23:33 >>>>>> 开始执行：
[2023-03-30  22:23:58.726] H:\自动化框架\auto_test_framework\cases\daxue.py:30 [INFO]: 2023-03-30 22:23:33 >>>>>> 执行结束！
[2023-03-30  22:23:58.727] H:\自动化框架\auto_test_framework\cases\daxue.py:27 [INFO]: 2023-03-30 22:23:33 >>>>>> 开始执行：
[2023-03-30  22:23:58.730] H:\自动化框架\auto_test_framework\cases\daxue.py:30 [INFO]: 2023-03-30 22:23:33 >>>>>> 执行结束！
[2023-03-30  22:23:58.731] H:\自动化框架\auto_test_framework\cases\daxue.py:27 [INFO]: 2023-03-30 22:23:33 >>>>>> 开始执行：
[2023-03-30  22:23:58.734] H:\自动化框架\auto_test_framework\cases\daxue.py:30 [INFO]: 2023-03-30 22:23:33 >>>>>> 执行结束！
[2023-03-30  22:23:58.734] H:\自动化框架\auto_test_framework\cases\daxue.py:27 [INFO]: 2023-03-30 22:23:33 >>>>>> 开始执行：
[2023-03-30  22:23:58.737] H:\自动化框架\auto_test_framework\cases\daxue.py:30 [INFO]: 2023-03-30 22:23:33 >>>>>> 执行结束！
[2023-03-30  22:23:58.738] H:\自动化框架\auto_test_framework\cases\daxue.py:27 [INFO]: 2023-03-30 22:23:33 >>>>>> 开始执行：
[2023-03-30  22:23:58.740] H:\自动化框架\auto_test_framework\cases\daxue.py:30 [INFO]: 2023-03-30 22:23:33 >>>>>> 执行结束！
[2023-03-30  22:23:58.742] H:\自动化框架\auto_test_framework\cases\daxue.py:27 [INFO]: 2023-03-30 22:23:33 >>>>>> 开始执行：
[2023-03-30  22:23:58.745] H:\自动化框架\auto_test_framework\cases\daxue.py:30 [INFO]: 2023-03-30 22:23:33 >>>>>> 执行结束！
[2023-03-30  22:23:58.746] H:\自动化框架\auto_test_framework\cases\daxue.py:27 [INFO]: 2023-03-30 22:23:33 >>>>>> 开始执行：
[2023-03-30  22:23:58.747] H:\自动化框架\auto_test_framework\cases\daxue.py:30 [INFO]: 2023-03-30 22:23:33 >>>>>> 执行结束！
[2023-03-30  22:23:58.749] H:\自动化框架\auto_test_framework\cases\daxue.py:27 [INFO]: 2023-03-30 22:23:33 >>>>>> 开始执行：
[2023-03-30  22:23:58.751] H:\自动化框架\auto_test_framework\cases\daxue.py:30 [INFO]: 2023-03-30 22:23:33 >>>>>> 执行结束！
[2023-03-30  22:23:58.753] H:\自动化框架\auto_test_framework\cases\daxue.py:27 [INFO]: 2023-03-30 22:23:33 >>>>>> 开始执行：
[2023-03-30  22:23:58.756] H:\自动化框架\auto_test_framework\cases\daxue.py:30 [INFO]: 2023-03-30 22:23:33 >>>>>> 执行结束！
[2023-03-30  22:23:58.757] H:\自动化框架\auto_test_framework\cases\daxue.py:27 [INFO]: 2023-03-30 22:23:33 >>>>>> 开始执行：
[2023-03-30  22:23:58.761] H:\自动化框架\auto_test_framework\cases\daxue.py:30 [INFO]: 2023-03-30 22:23:33 >>>>>> 执行结束！
[2023-03-30  22:23:58.762] H:\自动化框架\auto_test_framework\cases\daxue.py:27 [INFO]: 2023-03-30 22:23:33 >>>>>> 开始执行：
[2023-03-30  22:23:58.765] H:\自动化框架\auto_test_framework\cases\daxue.py:30 [INFO]: 2023-03-30 22:23:33 >>>>>> 执行结束！
[2023-03-30  22:23:58.766] H:\自动化框架\auto_test_framework\cases\daxue.py:27 [INFO]: 2023-03-30 22:23:33 >>>>>> 开始执行：
[2023-03-30  22:23:58.768] H:\自动化框架\auto_test_framework\cases\daxue.py:30 [INFO]: 2023-03-30 22:23:33 >>>>>> 执行结束！
[2023-03-30  22:23:58.769] H:\自动化框架\auto_test_framework\cases\daxue.py:27 [INFO]: 2023-03-30 22:23:33 >>>>>> 开始执行：
[2023-03-30  22:23:58.772] H:\自动化框架\auto_test_framework\cases\daxue.py:30 [INFO]: 2023-03-30 22:23:33 >>>>>> 执行结束！
[2023-03-30  22:23:58.773] H:\自动化框架\auto_test_framework\cases\daxue.py:27 [INFO]: 2023-03-30 22:23:33 >>>>>> 开始执行：
[2023-03-30  22:23:58.775] H:\自动化框架\auto_test_framework\cases\daxue.py:30 [INFO]: 2023-03-30 22:23:33 >>>>>> 执行结束！
[2023-03-30  22:23:58.776] H:\自动化框架\auto_test_framework\cases\daxue.py:27 [INFO]: 2023-03-30 22:23:33 >>>>>> 开始执行：
[2023-03-30  22:23:58.780] H:\自动化框架\auto_test_framework\cases\daxue.py:30 [INFO]: 2023-03-30 22:23:33 >>>>>> 执行结束！
[2023-03-30  22:23:58.781] H:\自动化框架\auto_test_framework\cases\daxue.py:27 [INFO]: 2023-03-30 22:23:33 >>>>>> 开始执行：
[2023-03-30  22:23:58.783] H:\自动化框架\auto_test_framework\cases\daxue.py:30 [INFO]: 2023-03-30 22:23:33 >>>>>> 执行结束！
[2023-03-30  22:23:58.785] H:\自动化框架\auto_test_framework\cases\daxue.py:27 [INFO]: 2023-03-30 22:23:33 >>>>>> 开始执行：
[2023-03-30  22:23:58.787] H:\自动化框架\auto_test_framework\cases\daxue.py:30 [INFO]: 2023-03-30 22:23:33 >>>>>> 执行结束！
[2023-03-30  22:23:58.788] H:\自动化框架\auto_test_framework\cases\daxue.py:27 [INFO]: 2023-03-30 22:23:33 >>>>>> 开始执行：
[2023-03-30  22:23:58.790] H:\自动化框架\auto_test_framework\cases\daxue.py:30 [INFO]: 2023-03-30 22:23:33 >>>>>> 执行结束！
[2023-03-30  22:23:58.791] H:\自动化框架\auto_test_framework\cases\daxue.py:27 [INFO]: 2023-03-30 22:23:33 >>>>>> 开始执行：
[2023-03-30  22:23:58.796] H:\自动化框架\auto_test_framework\cases\daxue.py:30 [INFO]: 2023-03-30 22:23:33 >>>>>> 执行结束！
[2023-03-30  22:23:58.797] H:\自动化框架\auto_test_framework\cases\daxue.py:27 [INFO]: 2023-03-30 22:23:33 >>>>>> 开始执行：
[2023-03-30  22:23:58.799] H:\自动化框架\auto_test_framework\cases\daxue.py:30 [INFO]: 2023-03-30 22:23:33 >>>>>> 执行结束！
[2023-03-30  22:23:58.800] H:\自动化框架\auto_test_framework\cases\daxue.py:27 [INFO]: 2023-03-30 22:23:33 >>>>>> 开始执行：
[2023-03-30  22:23:58.803] H:\自动化框架\auto_test_framework\cases\daxue.py:30 [INFO]: 2023-03-30 22:23:33 >>>>>> 执行结束！
[2023-03-30  22:23:58.803] H:\自动化框架\auto_test_framework\cases\daxue.py:27 [INFO]: 2023-03-30 22:23:33 >>>>>> 开始执行：
[2023-03-30  22:23:58.806] H:\自动化框架\auto_test_framework\cases\daxue.py:30 [INFO]: 2023-03-30 22:23:33 >>>>>> 执行结束！
[2023-03-30  22:23:58.808] H:\自动化框架\auto_test_framework\cases\daxue.py:27 [INFO]: 2023-03-30 22:23:33 >>>>>> 开始执行：
[2023-03-30  22:23:58.810] H:\自动化框架\auto_test_framework\cases\daxue.py:30 [INFO]: 2023-03-30 22:23:33 >>>>>> 执行结束！
[2023-03-30  22:23:58.812] H:\自动化框架\auto_test_framework\cases\daxue.py:27 [INFO]: 2023-03-30 22:23:33 >>>>>> 开始执行：
[2023-03-30  22:23:58.815] H:\自动化框架\auto_test_framework\cases\daxue.py:30 [INFO]: 2023-03-30 22:23:33 >>>>>> 执行结束！
[2023-03-30  22:23:58.816] H:\自动化框架\auto_test_framework\cases\daxue.py:27 [INFO]: 2023-03-30 22:23:33 >>>>>> 开始执行：
[2023-03-30  22:23:58.818] H:\自动化框架\auto_test_framework\cases\daxue.py:30 [INFO]: 2023-03-30 22:23:33 >>>>>> 执行结束！
[2023-03-30  22:23:58.819] H:\自动化框架\auto_test_framework\cases\daxue.py:27 [INFO]: 2023-03-30 22:23:33 >>>>>> 开始执行：
[2023-03-30  22:23:58.822] H:\自动化框架\auto_test_framework\cases\daxue.py:30 [INFO]: 2023-03-30 22:23:33 >>>>>> 执行结束！
[2023-03-30  22:23:58.823] H:\自动化框架\auto_test_framework\cases\daxue.py:27 [INFO]: 2023-03-30 22:23:33 >>>>>> 开始执行：
[2023-03-30  22:23:58.825] H:\自动化框架\auto_test_framework\cases\daxue.py:30 [INFO]: 2023-03-30 22:23:33 >>>>>> 执行结束！
[2023-03-30  22:23:58.826] H:\自动化框架\auto_test_framework\cases\daxue.py:27 [INFO]: 2023-03-30 22:23:33 >>>>>> 开始执行：
[2023-03-30  22:23:58.830] H:\自动化框架\auto_test_framework\cases\daxue.py:30 [INFO]: 2023-03-30 22:23:33 >>>>>> 执行结束！
[2023-03-30  22:23:58.832] H:\自动化框架\auto_test_framework\cases\daxue.py:27 [INFO]: 2023-03-30 22:23:33 >>>>>> 开始执行：
[2023-03-30  22:23:58.834] H:\自动化框架\auto_test_framework\cases\daxue.py:30 [INFO]: 2023-03-30 22:23:33 >>>>>> 执行结束！
[2023-03-30  22:23:58.836] H:\自动化框架\auto_test_framework\cases\daxue.py:27 [INFO]: 2023-03-30 22:23:33 >>>>>> 开始执行：
[2023-03-30  22:23:58.839] H:\自动化框架\auto_test_framework\cases\daxue.py:30 [INFO]: 2023-03-30 22:23:33 >>>>>> 执行结束！
[2023-03-30  22:23:58.841] H:\自动化框架\auto_test_framework\cases\daxue.py:27 [INFO]: 2023-03-30 22:23:33 >>>>>> 开始执行：
[2023-03-30  22:23:58.844] H:\自动化框架\auto_test_framework\cases\daxue.py:30 [INFO]: 2023-03-30 22:23:33 >>>>>> 执行结束！
[2023-03-30  22:23:58.846] H:\自动化框架\auto_test_framework\cases\daxue.py:27 [INFO]: 2023-03-30 22:23:33 >>>>>> 开始执行：
[2023-03-30  22:23:58.848] H:\自动化框架\auto_test_framework\cases\daxue.py:30 [INFO]: 2023-03-30 22:23:33 >>>>>> 执行结束！
[2023-03-30  22:23:58.849] H:\自动化框架\auto_test_framework\cases\daxue.py:27 [INFO]: 2023-03-30 22:23:33 >>>>>> 开始执行：
[2023-03-30  22:23:58.852] H:\自动化框架\auto_test_framework\cases\daxue.py:30 [INFO]: 2023-03-30 22:23:33 >>>>>> 执行结束！
[2023-03-30  22:23:58.853] H:\自动化框架\auto_test_framework\cases\daxue.py:27 [INFO]: 2023-03-30 22:23:33 >>>>>> 开始执行：
[2023-03-30  22:23:58.856] H:\自动化框架\auto_test_framework\cases\daxue.py:30 [INFO]: 2023-03-30 22:23:33 >>>>>> 执行结束！
[2023-03-30  22:23:58.857] H:\自动化框架\auto_test_framework\cases\daxue.py:27 [INFO]: 2023-03-30 22:23:33 >>>>>> 开始执行：
[2023-03-30  22:23:58.860] H:\自动化框架\auto_test_framework\cases\daxue.py:30 [INFO]: 2023-03-30 22:23:33 >>>>>> 执行结束！
[2023-03-30  22:23:58.862] H:\自动化框架\auto_test_framework\cases\daxue.py:27 [INFO]: 2023-03-30 22:23:33 >>>>>> 开始执行：
[2023-03-30  22:23:58.865] H:\自动化框架\auto_test_framework\cases\daxue.py:30 [INFO]: 2023-03-30 22:23:33 >>>>>> 执行结束！
[2023-03-30  22:23:58.867] H:\自动化框架\auto_test_framework\cases\daxue.py:27 [INFO]: 2023-03-30 22:23:33 >>>>>> 开始执行：
[2023-03-30  22:23:58.869] H:\自动化框架\auto_test_framework\cases\daxue.py:30 [INFO]: 2023-03-30 22:23:33 >>>>>> 执行结束！
[2023-03-30  22:23:58.870] H:\自动化框架\auto_test_framework\cases\daxue.py:27 [INFO]: 2023-03-30 22:23:33 >>>>>> 开始执行：
[2023-03-30  22:23:58.873] H:\自动化框架\auto_test_framework\cases\daxue.py:30 [INFO]: 2023-03-30 22:23:33 >>>>>> 执行结束！
[2023-03-30  22:23:58.873] H:\自动化框架\auto_test_framework\cases\daxue.py:27 [INFO]: 2023-03-30 22:23:33 >>>>>> 开始执行：
[2023-03-30  22:23:58.877] H:\自动化框架\auto_test_framework\cases\daxue.py:30 [INFO]: 2023-03-30 22:23:33 >>>>>> 执行结束！
[2023-03-30  22:23:58.878] H:\自动化框架\auto_test_framework\cases\daxue.py:27 [INFO]: 2023-03-30 22:23:33 >>>>>> 开始执行：
[2023-03-30  22:23:58.881] H:\自动化框架\auto_test_framework\cases\daxue.py:30 [INFO]: 2023-03-30 22:23:33 >>>>>> 执行结束！
[2023-03-30  22:23:58.882] H:\自动化框架\auto_test_framework\cases\daxue.py:27 [INFO]: 2023-03-30 22:23:33 >>>>>> 开始执行：
[2023-03-30  22:23:58.885] H:\自动化框架\auto_test_framework\cases\daxue.py:30 [INFO]: 2023-03-30 22:23:33 >>>>>> 执行结束！
[2023-03-30  22:23:58.886] H:\自动化框架\auto_test_framework\cases\daxue.py:27 [INFO]: 2023-03-30 22:23:33 >>>>>> 开始执行：
[2023-03-30  22:23:58.889] H:\自动化框架\auto_test_framework\cases\daxue.py:30 [INFO]: 2023-03-30 22:23:33 >>>>>> 执行结束！
[2023-03-30  22:23:58.890] H:\自动化框架\auto_test_framework\cases\daxue.py:27 [INFO]: 2023-03-30 22:23:33 >>>>>> 开始执行：
[2023-03-30  22:23:58.893] H:\自动化框架\auto_test_framework\cases\daxue.py:30 [INFO]: 2023-03-30 22:23:33 >>>>>> 执行结束！
[2023-03-30  22:23:58.896] H:\自动化框架\auto_test_framework\cases\daxue.py:27 [INFO]: 2023-03-30 22:23:33 >>>>>> 开始执行：
[2023-03-30  22:23:58.899] H:\自动化框架\auto_test_framework\cases\daxue.py:30 [INFO]: 2023-03-30 22:23:33 >>>>>> 执行结束！
[2023-03-30  22:23:58.900] H:\自动化框架\auto_test_framework\cases\daxue.py:27 [INFO]: 2023-03-30 22:23:33 >>>>>> 开始执行：
[2023-03-30  22:23:58.903] H:\自动化框架\auto_test_framework\cases\daxue.py:30 [INFO]: 2023-03-30 22:23:33 >>>>>> 执行结束！
[2023-03-30  22:23:58.903] H:\自动化框架\auto_test_framework\cases\daxue.py:27 [INFO]: 2023-03-30 22:23:33 >>>>>> 开始执行：
[2023-03-30  22:23:58.906] H:\自动化框架\auto_test_framework\cases\daxue.py:30 [INFO]: 2023-03-30 22:23:33 >>>>>> 执行结束！
[2023-03-30  22:23:58.907] H:\自动化框架\auto_test_framework\cases\daxue.py:27 [INFO]: 2023-03-30 22:23:33 >>>>>> 开始执行：
[2023-03-30  22:23:58.910] H:\自动化框架\auto_test_framework\cases\daxue.py:30 [INFO]: 2023-03-30 22:23:33 >>>>>> 执行结束！
[2023-03-30  22:23:58.911] H:\自动化框架\auto_test_framework\cases\daxue.py:27 [INFO]: 2023-03-30 22:23:33 >>>>>> 开始执行：
[2023-03-30  22:23:58.915] H:\自动化框架\auto_test_framework\cases\daxue.py:30 [INFO]: 2023-03-30 22:23:33 >>>>>> 执行结束！
[2023-03-30  22:23:58.916] H:\自动化框架\auto_test_framework\cases\daxue.py:27 [INFO]: 2023-03-30 22:23:33 >>>>>> 开始执行：
[2023-03-30  22:23:58.920] H:\自动化框架\auto_test_framework\cases\daxue.py:30 [INFO]: 2023-03-30 22:23:33 >>>>>> 执行结束！
[2023-03-30  22:23:58.921] H:\自动化框架\auto_test_framework\cases\daxue.py:27 [INFO]: 2023-03-30 22:23:33 >>>>>> 开始执行：
[2023-03-30  22:23:58.924] H:\自动化框架\auto_test_framework\cases\daxue.py:30 [INFO]: 2023-03-30 22:23:33 >>>>>> 执行结束！
[2023-03-30  22:23:58.926] H:\自动化框架\auto_test_framework\cases\daxue.py:27 [INFO]: 2023-03-30 22:23:33 >>>>>> 开始执行：
[2023-03-30  22:23:58.928] H:\自动化框架\auto_test_framework\cases\daxue.py:30 [INFO]: 2023-03-30 22:23:33 >>>>>> 执行结束！
[2023-03-30  22:23:58.930] H:\自动化框架\auto_test_framework\cases\daxue.py:27 [INFO]: 2023-03-30 22:23:33 >>>>>> 开始执行：
[2023-03-30  22:23:58.933] H:\自动化框架\auto_test_framework\cases\daxue.py:30 [INFO]: 2023-03-30 22:23:33 >>>>>> 执行结束！
[2023-03-30  22:24:23.992] H:\自动化框架\auto_test_framework\cases\daxue.py:27 [INFO]: 2023-03-30 22:24:23 >>>>>> 开始执行：
[2023-03-30  22:24:24.190] H:\自动化框架\auto_test_framework\cases\daxue.py:30 [INFO]: 2023-03-30 22:24:23 >>>>>> 执行结束！
[2023-03-30  22:24:24.195] H:\自动化框架\auto_test_framework\cases\daxue.py:27 [INFO]: 2023-03-30 22:24:23 >>>>>> 开始执行：
[2023-03-30  22:24:24.299] H:\自动化框架\auto_test_framework\cases\daxue.py:30 [INFO]: 2023-03-30 22:24:23 >>>>>> 执行结束！
[2023-03-30  22:24:24.300] H:\自动化框架\auto_test_framework\cases\daxue.py:27 [INFO]: 2023-03-30 22:24:23 >>>>>> 开始执行：
[2023-03-30  22:24:24.412] H:\自动化框架\auto_test_framework\cases\daxue.py:30 [INFO]: 2023-03-30 22:24:23 >>>>>> 执行结束！
[2023-03-30  22:27:56.119] H:\自动化框架\auto_test_framework\cases\daxue.py:27 [INFO]: 2023-03-30 22:27:56 >>>>>> 开始执行：
[2023-03-30  22:27:57.306] H:\自动化框架\auto_test_framework\cases\daxue.py:30 [INFO]: 2023-03-30 22:27:56 >>>>>> 执行结束！
[2023-03-30  22:27:57.358] H:\自动化框架\auto_test_framework\cases\daxue.py:27 [INFO]: 2023-03-30 22:27:56 >>>>>> 开始执行：
[2023-03-30  22:27:57.489] H:\自动化框架\auto_test_framework\cases\daxue.py:30 [INFO]: 2023-03-30 22:27:56 >>>>>> 执行结束！
[2023-03-30  22:27:57.549] H:\自动化框架\auto_test_framework\cases\daxue.py:27 [INFO]: 2023-03-30 22:27:56 >>>>>> 开始执行：
[2023-03-30  22:27:57.696] H:\自动化框架\auto_test_framework\cases\daxue.py:30 [INFO]: 2023-03-30 22:27:56 >>>>>> 执行结束！
[2023-03-30  22:33:29.615] H:\自动化框架\auto_test_framework\cases\daxue.py:27 [INFO]: 2023-03-30 22:33:29 >>>>>> 开始执行：
[2023-03-30  22:33:29.811] H:\自动化框架\auto_test_framework\cases\daxue.py:30 [INFO]: 2023-03-30 22:33:29 >>>>>> 执行结束！
[2023-03-30  22:33:29.874] H:\自动化框架\auto_test_framework\cases\daxue.py:27 [INFO]: 2023-03-30 22:33:29 >>>>>> 开始执行：
[2023-03-30  22:33:30.002] H:\自动化框架\auto_test_framework\cases\daxue.py:30 [INFO]: 2023-03-30 22:33:29 >>>>>> 执行结束！
[2023-03-30  22:33:30.050] H:\自动化框架\auto_test_framework\cases\daxue.py:27 [INFO]: 2023-03-30 22:33:29 >>>>>> 开始执行：
[2023-03-30  22:33:30.178] H:\自动化框架\auto_test_framework\cases\daxue.py:30 [INFO]: 2023-03-30 22:33:29 >>>>>> 执行结束！
[2023-03-30  22:40:24.036] H:\自动化框架\auto_test_framework\utils\get_yml_data.py:68 [ERROR]: 'utf-8' codec can't decode byte 0xd5 in position 210: invalid continuation byte
[2023-03-30  22:56:39.633] H:\自动化框架\auto_test_framework\cases\daxue.py:28 [INFO]: 2023-03-30 22:56:39 >>>>>> 开始执行：
[2023-03-30  22:56:39.839] H:\自动化框架\auto_test_framework\cases\daxue.py:31 [INFO]: 2023-03-30 22:56:39 >>>>>> 执行结束！
[2023-03-30  22:56:39.841] H:\自动化框架\auto_test_framework\cases\daxue.py:28 [INFO]: 2023-03-30 22:56:39 >>>>>> 开始执行：
[2023-03-30  22:56:39.955] H:\自动化框架\auto_test_framework\cases\daxue.py:31 [INFO]: 2023-03-30 22:56:39 >>>>>> 执行结束！
[2023-03-30  22:56:39.957] H:\自动化框架\auto_test_framework\cases\daxue.py:28 [INFO]: 2023-03-30 22:56:39 >>>>>> 开始执行：
[2023-03-30  22:56:40.079] H:\自动化框架\auto_test_framework\cases\daxue.py:31 [INFO]: 2023-03-30 22:56:39 >>>>>> 执行结束！
[2023-03-30  22:57:11.887] H:\自动化框架\auto_test_framework\cases\daxue.py:28 [INFO]: 2023-03-30 22:57:11 >>>>>> 开始执行：
[2023-03-30  22:57:12.030] H:\自动化框架\auto_test_framework\cases\daxue.py:31 [INFO]: 2023-03-30 22:57:11 >>>>>> 执行结束！
[2023-03-30  22:57:12.032] H:\自动化框架\auto_test_framework\cases\daxue.py:28 [INFO]: 2023-03-30 22:57:11 >>>>>> 开始执行：
[2023-03-30  22:57:12.125] H:\自动化框架\auto_test_framework\cases\daxue.py:31 [INFO]: 2023-03-30 22:57:11 >>>>>> 执行结束！
[2023-03-30  22:57:12.127] H:\自动化框架\auto_test_framework\cases\daxue.py:28 [INFO]: 2023-03-30 22:57:11 >>>>>> 开始执行：
[2023-03-30  22:57:12.229] H:\自动化框架\auto_test_framework\cases\daxue.py:31 [INFO]: 2023-03-30 22:57:11 >>>>>> 执行结束！
[2023-03-30  23:01:56.296] H:\自动化框架\auto_test_framework\cases\daxue.py:28 [INFO]: 2023-03-30 23:01:56 >>>>>> 开始执行：
[2023-03-30  23:01:56.450] H:\自动化框架\auto_test_framework\cases\daxue.py:31 [INFO]: 2023-03-30 23:01:56 >>>>>> 执行结束！
[2023-03-30  23:01:56.452] H:\自动化框架\auto_test_framework\cases\daxue.py:28 [INFO]: 2023-03-30 23:01:56 >>>>>> 开始执行：
[2023-03-30  23:01:56.596] H:\自动化框架\auto_test_framework\cases\daxue.py:31 [INFO]: 2023-03-30 23:01:56 >>>>>> 执行结束！
[2023-03-30  23:01:56.598] H:\自动化框架\auto_test_framework\cases\daxue.py:28 [INFO]: 2023-03-30 23:01:56 >>>>>> 开始执行：
[2023-03-30  23:01:56.752] H:\自动化框架\auto_test_framework\cases\daxue.py:31 [INFO]: 2023-03-30 23:01:56 >>>>>> 执行结束！
[2023-03-30  23:03:59.389] H:\自动化框架\auto_test_framework\cases\daxue.py:28 [INFO]: 2023-03-30 23:03:59 >>>>>> 开始执行：
[2023-03-30  23:03:59.864] H:\自动化框架\auto_test_framework\cases\daxue.py:31 [INFO]: 2023-03-30 23:03:59 >>>>>> 执行结束！
[2023-03-30  23:03:59.931] H:\自动化框架\auto_test_framework\cases\daxue.py:28 [INFO]: 2023-03-30 23:03:59 >>>>>> 开始执行：
[2023-03-30  23:04:00.072] H:\自动化框架\auto_test_framework\cases\daxue.py:31 [INFO]: 2023-03-30 23:03:59 >>>>>> 执行结束！
[2023-03-30  23:04:00.132] H:\自动化框架\auto_test_framework\cases\daxue.py:28 [INFO]: 2023-03-30 23:03:59 >>>>>> 开始执行：
[2023-03-30  23:04:00.300] H:\自动化框架\auto_test_framework\cases\daxue.py:31 [INFO]: 2023-03-30 23:03:59 >>>>>> 执行结束！
[2023-03-30  23:05:07.758] H:\自动化框架\auto_test_framework\cases\daxue.py:28 [INFO]: 2023-03-30 23:05:07 >>>>>> 开始执行：
[2023-03-30  23:05:07.904] H:\自动化框架\auto_test_framework\cases\daxue.py:31 [INFO]: 2023-03-30 23:05:07 >>>>>> 执行结束！
[2023-03-30  23:05:07.905] H:\自动化框架\auto_test_framework\cases\daxue.py:28 [INFO]: 2023-03-30 23:05:07 >>>>>> 开始执行：
[2023-03-30  23:05:08.007] H:\自动化框架\auto_test_framework\cases\daxue.py:31 [INFO]: 2023-03-30 23:05:07 >>>>>> 执行结束！
[2023-03-30  23:05:08.008] H:\自动化框架\auto_test_framework\cases\daxue.py:28 [INFO]: 2023-03-30 23:05:07 >>>>>> 开始执行：
[2023-03-30  23:05:08.110] H:\自动化框架\auto_test_framework\cases\daxue.py:31 [INFO]: 2023-03-30 23:05:07 >>>>>> 执行结束！
[2023-03-30  23:09:26.275] H:\自动化框架\auto_test_framework\cases\daxue.py:28 [INFO]: 2023-03-30 23:09:26 >>>>>> 开始执行：
[2023-03-30  23:09:26.279] H:\自动化框架\auto_test_framework\cases\daxue.py:31 [INFO]: 2023-03-30 23:09:26 >>>>>> 执行结束！
[2023-03-30  23:09:26.281] H:\自动化框架\auto_test_framework\cases\daxue.py:28 [INFO]: 2023-03-30 23:09:26 >>>>>> 开始执行：
[2023-03-30  23:09:26.283] H:\自动化框架\auto_test_framework\cases\daxue.py:31 [INFO]: 2023-03-30 23:09:26 >>>>>> 执行结束！
[2023-03-30  23:09:26.285] H:\自动化框架\auto_test_framework\cases\daxue.py:28 [INFO]: 2023-03-30 23:09:26 >>>>>> 开始执行：
[2023-03-30  23:09:26.286] H:\自动化框架\auto_test_framework\cases\daxue.py:31 [INFO]: 2023-03-30 23:09:26 >>>>>> 执行结束！
[2023-03-30  23:09:48.883] H:\自动化框架\auto_test_framework\cases\daxue.py:28 [INFO]: 2023-03-30 23:09:48 >>>>>> 开始执行：
[2023-03-30  23:09:49.288] H:\自动化框架\auto_test_framework\cases\daxue.py:31 [INFO]: 2023-03-30 23:09:48 >>>>>> 执行结束！
[2023-03-30  23:09:49.290] H:\自动化框架\auto_test_framework\cases\daxue.py:28 [INFO]: 2023-03-30 23:09:48 >>>>>> 开始执行：
[2023-03-30  23:09:49.391] H:\自动化框架\auto_test_framework\cases\daxue.py:31 [INFO]: 2023-03-30 23:09:48 >>>>>> 执行结束！
[2023-03-30  23:09:49.392] H:\自动化框架\auto_test_framework\cases\daxue.py:28 [INFO]: 2023-03-30 23:09:48 >>>>>> 开始执行：
[2023-03-30  23:09:49.491] H:\自动化框架\auto_test_framework\cases\daxue.py:31 [INFO]: 2023-03-30 23:09:48 >>>>>> 执行结束！
[2023-03-30  23:12:39.606] H:\自动化框架\auto_test_framework\cases\daxue.py:28 [INFO]: 2023-03-30 23:12:39 >>>>>> 开始执行：
[2023-03-30  23:12:44.056] H:\自动化框架\auto_test_framework\cases\daxue.py:31 [INFO]: 2023-03-30 23:12:39 >>>>>> 执行结束！
[2023-03-30  23:12:48.394] H:\自动化框架\auto_test_framework\cases\daxue.py:28 [INFO]: 2023-03-30 23:12:39 >>>>>> 开始执行：
[2023-03-30  23:12:48.575] H:\自动化框架\auto_test_framework\cases\daxue.py:31 [INFO]: 2023-03-30 23:12:39 >>>>>> 执行结束！
[2023-03-30  23:12:48.583] H:\自动化框架\auto_test_framework\cases\daxue.py:28 [INFO]: 2023-03-30 23:12:48 >>>>>> 开始执行：
[2023-03-30  23:12:48.713] H:\自动化框架\auto_test_framework\cases\daxue.py:31 [INFO]: 2023-03-30 23:12:48 >>>>>> 执行结束！
[2023-03-30  23:12:48.715] H:\自动化框架\auto_test_framework\cases\daxue.py:28 [INFO]: 2023-03-30 23:12:48 >>>>>> 开始执行：
[2023-03-30  23:12:48.830] H:\自动化框架\auto_test_framework\cases\daxue.py:31 [INFO]: 2023-03-30 23:12:48 >>>>>> 执行结束！
[2023-03-30  23:12:48.831] H:\自动化框架\auto_test_framework\cases\daxue.py:28 [INFO]: 2023-03-30 23:12:48 >>>>>> 开始执行：
[2023-03-30  23:12:48.961] H:\自动化框架\auto_test_framework\cases\daxue.py:31 [INFO]: 2023-03-30 23:12:48 >>>>>> 执行结束！
[2023-03-30  23:12:52.903] H:\自动化框架\auto_test_framework\cases\daxue.py:28 [INFO]: 2023-03-30 23:12:39 >>>>>> 开始执行：
[2023-03-30  23:12:53.064] H:\自动化框架\auto_test_framework\cases\daxue.py:31 [INFO]: 2023-03-30 23:12:39 >>>>>> 执行结束！
