INFO    2023-04-24 20:56:19,448G:\auto_api1_framework\logs\info-2023-04-24.log:log_decorator.py:42 
======================================================
用例标题: 创建用户成功（必填参数）
请求路径: http://127.0.0.1:8888/api/private/v1/users
请求方式: POST
请求头:   {'User-Agent': 'python-requests/2.28.2', 'Accept-Encoding': 'gzip, deflate', 'Accept': '*/*', 'Connection': 'keep-alive', 'Content-Type': 'application/json', 'Authorization': 'Bearer eyJhbGciOiJIUzI1NiIsInR5cCI6IkpXVCJ9.eyJ1aWQiOjUwMCwicmlkIjowLCJpYXQiOjE2ODIzNDA5NzksImV4cCI6MTY4MjQyNzM3OX0.5PnXYoqxEkh4G7xgurtyG4ynSxznvom_rJsrnS-m4Mc', 'Content-Length': '50'}
请求内容: {'username': 'NTU44ug521', 'password': 'W^20XxT1'}
接口响应内容: {'data': {'id': 1082, 'username': 'NTU44ug521', 'role_id': -1, 'create_time': 1682340979}, 'meta': {'msg': '创建成功', 'status': 201}}
接口响应时长: 88 ms
Http状态码: 200
断言结果: 200
=====================================================
INFO    2023-04-24 21:00:22,984G:\auto_api1_framework\logs\info-2023-04-24.log:log_decorator.py:42 
======================================================
用例标题: 创建用户成功（全部参数）
请求路径: http://127.0.0.1:8888/api/private/v1/users
请求方式: POST
请求头:   {'User-Agent': 'python-requests/2.28.2', 'Accept-Encoding': 'gzip, deflate', 'Accept': '*/*', 'Connection': 'keep-alive', 'Content-Type': 'application/json', 'Authorization': 'Bearer eyJhbGciOiJIUzI1NiIsInR5cCI6IkpXVCJ9.eyJ1aWQiOjUwMCwicmlkIjowLCJpYXQiOjE2ODIzNDEyMjIsImV4cCI6MTY4MjQyNzYyMn0.CRVxo_JocrrunV5t707EAzIFwbpmc5RJQe9qGTtucvg', 'Content-Length': '101'}
请求内容: {'username': 'YCLwf959', 'password': '*Y16!Mer', 'email': 'futao@yahoo.com', 'mobile': '13619263304'}
接口响应内容: {'data': {'id': 1083, 'username': 'YCLwf959', 'mobile': '13619263304', 'email': 'futao@yahoo.com', 'role_id': -1, 'create_time': 1682341222}, 'meta': {'msg': '创建成功', 'status': 201}}
接口响应时长: 98 ms
Http状态码: 200
断言结果: 200
=====================================================
INFO    2023-04-24 21:00:22,996G:\auto_api1_framework\logs\info-2023-04-24.log:log_decorator.py:42 
======================================================
用例标题: 修改用户状态成功
请求路径: http://127.0.0.1:8888/api/private/v1/users/1083/state/true
请求方式: PUT
请求头:   {'User-Agent': 'python-requests/2.28.2', 'Accept-Encoding': 'gzip, deflate', 'Accept': '*/*', 'Connection': 'keep-alive', 'Authorization': 'Bearer eyJhbGciOiJIUzI1NiIsInR5cCI6IkpXVCJ9.eyJ1aWQiOjUwMCwicmlkIjowLCJpYXQiOjE2ODIzNDEyMjIsImV4cCI6MTY4MjQyNzYyMn0.CRVxo_JocrrunV5t707EAzIFwbpmc5RJQe9qGTtucvg', 'Content-Length': '0'}
请求内容: None
接口响应内容: {'data': {'id': 1083, 'rid': -1, 'username': 'YCLwf959', 'mobile': '13619263304', 'email': 'futao@yahoo.com', 'mg_state': 1}, 'meta': {'msg': '设置状态成功', 'status': 200}}
接口响应时长: 9 ms
Http状态码: 200
断言结果: 200
=====================================================
INFO    2023-04-24 21:00:23,003G:\auto_api1_framework\logs\info-2023-04-24.log:log_decorator.py:42 
======================================================
用例标题: 修改用户状态失败（id为字符串）
请求路径: http://127.0.0.1:8888/api/private/v1/users/WQNjfV/state/false
请求方式: PUT
请求头:   {'User-Agent': 'python-requests/2.28.2', 'Accept-Encoding': 'gzip, deflate', 'Accept': '*/*', 'Connection': 'keep-alive', 'Authorization': 'Bearer eyJhbGciOiJIUzI1NiIsInR5cCI6IkpXVCJ9.eyJ1aWQiOjUwMCwicmlkIjowLCJpYXQiOjE2ODIzNDEyMjIsImV4cCI6MTY4MjQyNzYyMn0.CRVxo_JocrrunV5t707EAzIFwbpmc5RJQe9qGTtucvg', 'Content-Length': '0'}
请求内容: None
接口响应内容: {'data': None, 'meta': {'msg': '用户ID必须是数字', 'status': 400}}
接口响应时长: 2 ms
Http状态码: 200
断言结果: 200
=====================================================
INFO    2023-04-24 21:00:23,009G:\auto_api1_framework\logs\info-2023-04-24.log:log_decorator.py:42 
======================================================
用例标题: 修改用户状态失败（id包含特殊字符）
请求路径: http://127.0.0.1:8888/api/private/v1/users/%25)%5E$#/state/false
请求方式: PUT
请求头:   {'User-Agent': 'python-requests/2.28.2', 'Accept-Encoding': 'gzip, deflate', 'Accept': '*/*', 'Connection': 'keep-alive', 'Authorization': 'Bearer eyJhbGciOiJIUzI1NiIsInR5cCI6IkpXVCJ9.eyJ1aWQiOjUwMCwicmlkIjowLCJpYXQiOjE2ODIzNDEyMjIsImV4cCI6MTY4MjQyNzYyMn0.CRVxo_JocrrunV5t707EAzIFwbpmc5RJQe9qGTtucvg', 'Content-Length': '0'}
请求内容: None
接口响应内容: {'data': None, 'meta': {'msg': '用户ID必须是数字', 'status': 400}}
接口响应时长: 2 ms
Http状态码: 200
断言结果: 200
=====================================================
INFO    2023-04-24 21:00:23,018G:\auto_api1_framework\logs\info-2023-04-24.log:log_decorator.py:42 
======================================================
用例标题: 修改用户状态失败（id不存在）
请求路径: http://127.0.0.1:8888/api/private/v1/users/state/false
请求方式: PUT
请求头:   {'User-Agent': 'python-requests/2.28.2', 'Accept-Encoding': 'gzip, deflate', 'Accept': '*/*', 'Connection': 'keep-alive', 'Authorization': 'Bearer eyJhbGciOiJIUzI1NiIsInR5cCI6IkpXVCJ9.eyJ1aWQiOjUwMCwicmlkIjowLCJpYXQiOjE2ODIzNDEyMjIsImV4cCI6MTY4MjQyNzYyMn0.CRVxo_JocrrunV5t707EAzIFwbpmc5RJQe9qGTtucvg', 'Content-Length': '0'}
请求内容: None
接口响应内容: {'data': None, 'meta': {'msg': 'Not Found', 'status': 404}}
接口响应时长: 4 ms
Http状态码: 200
断言结果: 200
=====================================================
INFO    2023-04-24 21:00:23,257G:\auto_api1_framework\logs\info-2023-04-24.log:log_decorator.py:42 
======================================================
用例标题: 创建用户成功（全部参数）
请求路径: http://127.0.0.1:8888/api/private/v1/users
请求方式: POST
请求头:   {'User-Agent': 'python-requests/2.28.2', 'Accept-Encoding': 'gzip, deflate', 'Accept': '*/*', 'Connection': 'keep-alive', 'Content-Type': 'application/json', 'Authorization': 'Bearer eyJhbGciOiJIUzI1NiIsInR5cCI6IkpXVCJ9.eyJ1aWQiOjUwMCwicmlkIjowLCJpYXQiOjE2ODIzNDEyMjIsImV4cCI6MTY4MjQyNzYyMn0.CRVxo_JocrrunV5t707EAzIFwbpmc5RJQe9qGTtucvg', 'Content-Length': '103'}
请求内容: {'username': 'TQbhd369', 'password': 'w(6qEUWa', 'email': 'zhaowei@yahoo.com', 'mobile': '15190128267'}
接口响应内容: {'data': {'id': 1084, 'username': 'TQbhd369', 'mobile': '15190128267', 'email': 'zhaowei@yahoo.com', 'role_id': -1, 'create_time': 1682341223}, 'meta': {'msg': '创建成功', 'status': 201}}
接口响应时长: 71 ms
Http状态码: 200
断言结果: 200
=====================================================
INFO    2023-04-24 21:00:23,261G:\auto_api1_framework\logs\info-2023-04-24.log:log_decorator.py:42 
======================================================
用例标题: 修改用户状态失败（state为空）
请求路径: http://127.0.0.1:8888/api/private/v1/users/1084/state
请求方式: PUT
请求头:   {'User-Agent': 'python-requests/2.28.2', 'Accept-Encoding': 'gzip, deflate', 'Accept': '*/*', 'Connection': 'keep-alive', 'Authorization': 'Bearer eyJhbGciOiJIUzI1NiIsInR5cCI6IkpXVCJ9.eyJ1aWQiOjUwMCwicmlkIjowLCJpYXQiOjE2ODIzNDEyMjIsImV4cCI6MTY4MjQyNzYyMn0.CRVxo_JocrrunV5t707EAzIFwbpmc5RJQe9qGTtucvg', 'Content-Length': '0'}
请求内容: None
接口响应内容: {'data': None, 'meta': {'msg': 'Not Found', 'status': 404}}
接口响应时长: 2 ms
Http状态码: 200
断言结果: 200
=====================================================
INFO    2023-04-24 21:00:23,570G:\auto_api1_framework\logs\info-2023-04-24.log:log_decorator.py:42 
======================================================
用例标题: 创建用户成功（全部参数）
请求路径: http://127.0.0.1:8888/api/private/v1/users
请求方式: POST
请求头:   {'User-Agent': 'python-requests/2.28.2', 'Accept-Encoding': 'gzip, deflate', 'Accept': '*/*', 'Connection': 'keep-alive', 'Content-Type': 'application/json', 'Authorization': 'Bearer eyJhbGciOiJIUzI1NiIsInR5cCI6IkpXVCJ9.eyJ1aWQiOjUwMCwicmlkIjowLCJpYXQiOjE2ODIzNDEyMjIsImV4cCI6MTY4MjQyNzYyMn0.CRVxo_JocrrunV5t707EAzIFwbpmc5RJQe9qGTtucvg', 'Content-Length': '101'}
请求内容: {'username': 'MnuXn384', 'password': '9$D8YnYy', 'email': 'yan00@gmail.com', 'mobile': '18849741209'}
接口响应内容: {'data': {'id': 1085, 'username': 'MnuXn384', 'mobile': '18849741209', 'email': 'yan00@gmail.com', 'role_id': -1, 'create_time': 1682341223}, 'meta': {'msg': '创建成功', 'status': 201}}
接口响应时长: 72 ms
Http状态码: 200
断言结果: 200
=====================================================
INFO    2023-04-24 21:00:23,578G:\auto_api1_framework\logs\info-2023-04-24.log:log_decorator.py:42 
======================================================
用例标题: 修改用户状态成功（state为纯数字）
请求路径: http://127.0.0.1:8888/api/private/v1/users/1085/state/418968
请求方式: PUT
请求头:   {'User-Agent': 'python-requests/2.28.2', 'Accept-Encoding': 'gzip, deflate', 'Accept': '*/*', 'Connection': 'keep-alive', 'Authorization': 'Bearer eyJhbGciOiJIUzI1NiIsInR5cCI6IkpXVCJ9.eyJ1aWQiOjUwMCwicmlkIjowLCJpYXQiOjE2ODIzNDEyMjIsImV4cCI6MTY4MjQyNzYyMn0.CRVxo_JocrrunV5t707EAzIFwbpmc5RJQe9qGTtucvg', 'Content-Length': '0'}
请求内容: None
接口响应内容: {'data': {'id': 1085, 'rid': -1, 'username': 'MnuXn384', 'mobile': '18849741209', 'email': 'yan00@gmail.com', 'mg_state': 0}, 'meta': {'msg': '设置状态成功', 'status': 200}}
接口响应时长: 5 ms
Http状态码: 200
断言结果: 200
=====================================================
INFO    2023-04-24 21:00:23,826G:\auto_api1_framework\logs\info-2023-04-24.log:log_decorator.py:42 
======================================================
用例标题: 创建用户成功（全部参数）
请求路径: http://127.0.0.1:8888/api/private/v1/users
请求方式: POST
请求头:   {'User-Agent': 'python-requests/2.28.2', 'Accept-Encoding': 'gzip, deflate', 'Accept': '*/*', 'Connection': 'keep-alive', 'Content-Type': 'application/json', 'Authorization': 'Bearer eyJhbGciOiJIUzI1NiIsInR5cCI6IkpXVCJ9.eyJ1aWQiOjUwMCwicmlkIjowLCJpYXQiOjE2ODIzNDEyMjIsImV4cCI6MTY4MjQyNzYyMn0.CRVxo_JocrrunV5t707EAzIFwbpmc5RJQe9qGTtucvg', 'Content-Length': '105'}
请求内容: {'username': 'QGXxu736', 'password': ')d#^0Ry8', 'email': 'junxiao@hotmail.com', 'mobile': '18726899556'}
接口响应内容: {'data': {'id': 1086, 'username': 'QGXxu736', 'mobile': '18726899556', 'email': 'junxiao@hotmail.com', 'role_id': -1, 'create_time': 1682341223}, 'meta': {'msg': '创建成功', 'status': 201}}
接口响应时长: 91 ms
Http状态码: 200
断言结果: 200
=====================================================
INFO    2023-04-24 21:00:23,836G:\auto_api1_framework\logs\info-2023-04-24.log:log_decorator.py:42 
======================================================
用例标题: 修改用户状态成功（state为纯字母）
请求路径: http://127.0.0.1:8888/api/private/v1/users/1086/state/fPbJWs
请求方式: PUT
请求头:   {'User-Agent': 'python-requests/2.28.2', 'Accept-Encoding': 'gzip, deflate', 'Accept': '*/*', 'Connection': 'keep-alive', 'Authorization': 'Bearer eyJhbGciOiJIUzI1NiIsInR5cCI6IkpXVCJ9.eyJ1aWQiOjUwMCwicmlkIjowLCJpYXQiOjE2ODIzNDEyMjIsImV4cCI6MTY4MjQyNzYyMn0.CRVxo_JocrrunV5t707EAzIFwbpmc5RJQe9qGTtucvg', 'Content-Length': '0'}
请求内容: None
接口响应内容: {'data': {'id': 1086, 'rid': -1, 'username': 'QGXxu736', 'mobile': '18726899556', 'email': 'junxiao@hotmail.com', 'mg_state': 0}, 'meta': {'msg': '设置状态成功', 'status': 200}}
接口响应时长: 7 ms
Http状态码: 200
断言结果: 200
=====================================================
INFO    2023-04-24 21:00:24,068G:\auto_api1_framework\logs\info-2023-04-24.log:log_decorator.py:42 
======================================================
用例标题: 创建用户成功（全部参数）
请求路径: http://127.0.0.1:8888/api/private/v1/users
请求方式: POST
请求头:   {'User-Agent': 'python-requests/2.28.2', 'Accept-Encoding': 'gzip, deflate', 'Accept': '*/*', 'Connection': 'keep-alive', 'Content-Type': 'application/json', 'Authorization': 'Bearer eyJhbGciOiJIUzI1NiIsInR5cCI6IkpXVCJ9.eyJ1aWQiOjUwMCwicmlkIjowLCJpYXQiOjE2ODIzNDEyMjIsImV4cCI6MTY4MjQyNzYyMn0.CRVxo_JocrrunV5t707EAzIFwbpmc5RJQe9qGTtucvg', 'Content-Length': '102'}
请求内容: {'username': 'yoJBV396', 'password': 'gQb)4DRn', 'email': 'ptao@hotmail.com', 'mobile': '13111790900'}
接口响应内容: {'data': {'id': 1087, 'username': 'yoJBV396', 'mobile': '13111790900', 'email': 'ptao@hotmail.com', 'role_id': -1, 'create_time': 1682341224}, 'meta': {'msg': '创建成功', 'status': 201}}
接口响应时长: 76 ms
Http状态码: 200
断言结果: 200
=====================================================
INFO    2023-04-24 21:00:24,076G:\auto_api1_framework\logs\info-2023-04-24.log:log_decorator.py:42 
======================================================
用例标题: 修改用户状态成功（state包含特殊字符）
请求路径: http://127.0.0.1:8888/api/private/v1/users/1087/state/!_&#$
请求方式: PUT
请求头:   {'User-Agent': 'python-requests/2.28.2', 'Accept-Encoding': 'gzip, deflate', 'Accept': '*/*', 'Connection': 'keep-alive', 'Authorization': 'Bearer eyJhbGciOiJIUzI1NiIsInR5cCI6IkpXVCJ9.eyJ1aWQiOjUwMCwicmlkIjowLCJpYXQiOjE2ODIzNDEyMjIsImV4cCI6MTY4MjQyNzYyMn0.CRVxo_JocrrunV5t707EAzIFwbpmc5RJQe9qGTtucvg', 'Content-Length': '0'}
请求内容: None
接口响应内容: {'data': {'id': 1087, 'rid': -1, 'username': 'yoJBV396', 'mobile': '13111790900', 'email': 'ptao@hotmail.com', 'mg_state': 0}, 'meta': {'msg': '设置状态成功', 'status': 200}}
接口响应时长: 5 ms
Http状态码: 200
断言结果: 200
=====================================================
INFO    2023-04-24 21:01:50,339G:\auto_api1_framework\logs\info-2023-04-24.log:log_decorator.py:42 
======================================================
用例标题: 创建用户成功（全部参数）
请求路径: http://127.0.0.1:8888/api/private/v1/users
请求方式: POST
请求头:   {'User-Agent': 'python-requests/2.28.2', 'Accept-Encoding': 'gzip, deflate', 'Accept': '*/*', 'Connection': 'keep-alive', 'Content-Type': 'application/json', 'Authorization': 'Bearer eyJhbGciOiJIUzI1NiIsInR5cCI6IkpXVCJ9.eyJ1aWQiOjUwMCwicmlkIjowLCJpYXQiOjE2ODIzNDEzMTAsImV4cCI6MTY4MjQyNzcxMH0.z7d3vnBAMJmzjj-7f3DoPFh7-cCS-hmHeAfbah3f3LM', 'Content-Length': '107'}
请求内容: {'username': 'IJUxu996', 'password': 'T^$7dMsJ', 'email': 'qiangyuan@hotmail.com', 'mobile': '15325552770'}
接口响应内容: {'data': {'id': 1088, 'username': 'IJUxu996', 'mobile': '15325552770', 'email': 'qiangyuan@hotmail.com', 'role_id': -1, 'create_time': 1682341310}, 'meta': {'msg': '创建成功', 'status': 201}}
接口响应时长: 82 ms
Http状态码: 200
断言结果: 200
=====================================================
INFO    2023-04-24 21:01:50,348G:\auto_api1_framework\logs\info-2023-04-24.log:log_decorator.py:42 
======================================================
用例标题: 修改用户状态成功
请求路径: http://127.0.0.1:8888/api/private/v1/users/1088/state/true
请求方式: PUT
请求头:   {'User-Agent': 'python-requests/2.28.2', 'Accept-Encoding': 'gzip, deflate', 'Accept': '*/*', 'Connection': 'keep-alive', 'Authorization': 'Bearer eyJhbGciOiJIUzI1NiIsInR5cCI6IkpXVCJ9.eyJ1aWQiOjUwMCwicmlkIjowLCJpYXQiOjE2ODIzNDEzMTAsImV4cCI6MTY4MjQyNzcxMH0.z7d3vnBAMJmzjj-7f3DoPFh7-cCS-hmHeAfbah3f3LM', 'Content-Length': '0'}
请求内容: None
接口响应内容: {'data': {'id': 1088, 'rid': -1, 'username': 'IJUxu996', 'mobile': '15325552770', 'email': 'qiangyuan@hotmail.com', 'mg_state': 1}, 'meta': {'msg': '设置状态成功', 'status': 200}}
接口响应时长: 6 ms
Http状态码: 200
断言结果: 200
=====================================================
INFO    2023-04-24 21:01:50,358G:\auto_api1_framework\logs\info-2023-04-24.log:log_decorator.py:42 
======================================================
用例标题: 修改用户状态失败（id为字符串）
请求路径: http://127.0.0.1:8888/api/private/v1/users/vlbWEi/state/false
请求方式: PUT
请求头:   {'User-Agent': 'python-requests/2.28.2', 'Accept-Encoding': 'gzip, deflate', 'Accept': '*/*', 'Connection': 'keep-alive', 'Authorization': 'Bearer eyJhbGciOiJIUzI1NiIsInR5cCI6IkpXVCJ9.eyJ1aWQiOjUwMCwicmlkIjowLCJpYXQiOjE2ODIzNDEzMTAsImV4cCI6MTY4MjQyNzcxMH0.z7d3vnBAMJmzjj-7f3DoPFh7-cCS-hmHeAfbah3f3LM', 'Content-Length': '0'}
请求内容: None
接口响应内容: {'data': None, 'meta': {'msg': '用户ID必须是数字', 'status': 400}}
接口响应时长: 2 ms
Http状态码: 200
断言结果: 200
=====================================================
INFO    2023-04-24 21:01:50,365G:\auto_api1_framework\logs\info-2023-04-24.log:log_decorator.py:42 
======================================================
用例标题: 修改用户状态失败（id包含特殊字符）
请求路径: http://127.0.0.1:8888/api/private/v1/users/)*)_&/state/false
请求方式: PUT
请求头:   {'User-Agent': 'python-requests/2.28.2', 'Accept-Encoding': 'gzip, deflate', 'Accept': '*/*', 'Connection': 'keep-alive', 'Authorization': 'Bearer eyJhbGciOiJIUzI1NiIsInR5cCI6IkpXVCJ9.eyJ1aWQiOjUwMCwicmlkIjowLCJpYXQiOjE2ODIzNDEzMTAsImV4cCI6MTY4MjQyNzcxMH0.z7d3vnBAMJmzjj-7f3DoPFh7-cCS-hmHeAfbah3f3LM', 'Content-Length': '0'}
请求内容: None
接口响应内容: {'data': None, 'meta': {'msg': '用户ID必须是数字', 'status': 400}}
接口响应时长: 2 ms
Http状态码: 200
断言结果: 200
=====================================================
INFO    2023-04-24 21:01:50,371G:\auto_api1_framework\logs\info-2023-04-24.log:log_decorator.py:42 
======================================================
用例标题: 修改用户状态失败（id不存在）
请求路径: http://127.0.0.1:8888/api/private/v1/users/state/false
请求方式: PUT
请求头:   {'User-Agent': 'python-requests/2.28.2', 'Accept-Encoding': 'gzip, deflate', 'Accept': '*/*', 'Connection': 'keep-alive', 'Authorization': 'Bearer eyJhbGciOiJIUzI1NiIsInR5cCI6IkpXVCJ9.eyJ1aWQiOjUwMCwicmlkIjowLCJpYXQiOjE2ODIzNDEzMTAsImV4cCI6MTY4MjQyNzcxMH0.z7d3vnBAMJmzjj-7f3DoPFh7-cCS-hmHeAfbah3f3LM', 'Content-Length': '0'}
请求内容: None
接口响应内容: {'data': None, 'meta': {'msg': 'Not Found', 'status': 404}}
接口响应时长: 2 ms
Http状态码: 200
断言结果: 200
=====================================================
INFO    2023-04-24 21:01:50,607G:\auto_api1_framework\logs\info-2023-04-24.log:log_decorator.py:42 
======================================================
用例标题: 创建用户成功（全部参数）
请求路径: http://127.0.0.1:8888/api/private/v1/users
请求方式: POST
请求头:   {'User-Agent': 'python-requests/2.28.2', 'Accept-Encoding': 'gzip, deflate', 'Accept': '*/*', 'Connection': 'keep-alive', 'Content-Type': 'application/json', 'Authorization': 'Bearer eyJhbGciOiJIUzI1NiIsInR5cCI6IkpXVCJ9.eyJ1aWQiOjUwMCwicmlkIjowLCJpYXQiOjE2ODIzNDEzMTAsImV4cCI6MTY4MjQyNzcxMH0.z7d3vnBAMJmzjj-7f3DoPFh7-cCS-hmHeAfbah3f3LM', 'Content-Length': '103'}
请求内容: {'username': 'mguea469', 'password': '%9D1KWgw', 'email': 'nachang@gmail.com', 'mobile': '18527728031'}
接口响应内容: {'data': {'id': 1089, 'username': 'mguea469', 'mobile': '18527728031', 'email': 'nachang@gmail.com', 'role_id': -1, 'create_time': 1682341310}, 'meta': {'msg': '创建成功', 'status': 201}}
接口响应时长: 83 ms
Http状态码: 200
断言结果: 200
=====================================================
INFO    2023-04-24 21:01:50,610G:\auto_api1_framework\logs\info-2023-04-24.log:log_decorator.py:42 
======================================================
用例标题: 修改用户状态失败（state为空）
请求路径: http://127.0.0.1:8888/api/private/v1/users/1089/state
请求方式: PUT
请求头:   {'User-Agent': 'python-requests/2.28.2', 'Accept-Encoding': 'gzip, deflate', 'Accept': '*/*', 'Connection': 'keep-alive', 'Authorization': 'Bearer eyJhbGciOiJIUzI1NiIsInR5cCI6IkpXVCJ9.eyJ1aWQiOjUwMCwicmlkIjowLCJpYXQiOjE2ODIzNDEzMTAsImV4cCI6MTY4MjQyNzcxMH0.z7d3vnBAMJmzjj-7f3DoPFh7-cCS-hmHeAfbah3f3LM', 'Content-Length': '0'}
请求内容: None
接口响应内容: {'data': None, 'meta': {'msg': 'Not Found', 'status': 404}}
接口响应时长: 2 ms
Http状态码: 200
断言结果: 200
=====================================================
INFO    2023-04-24 21:01:50,912G:\auto_api1_framework\logs\info-2023-04-24.log:log_decorator.py:42 
======================================================
用例标题: 创建用户成功（全部参数）
请求路径: http://127.0.0.1:8888/api/private/v1/users
请求方式: POST
请求头:   {'User-Agent': 'python-requests/2.28.2', 'Accept-Encoding': 'gzip, deflate', 'Accept': '*/*', 'Connection': 'keep-alive', 'Content-Type': 'application/json', 'Authorization': 'Bearer eyJhbGciOiJIUzI1NiIsInR5cCI6IkpXVCJ9.eyJ1aWQiOjUwMCwicmlkIjowLCJpYXQiOjE2ODIzNDEzMTAsImV4cCI6MTY4MjQyNzcxMH0.z7d3vnBAMJmzjj-7f3DoPFh7-cCS-hmHeAfbah3f3LM', 'Content-Length': '102'}
请求内容: {'username': 'tNMqV330', 'password': 'h@8P7Eks', 'email': 'renxia@gmail.com', 'mobile': '13460337597'}
接口响应内容: {'data': {'id': 1090, 'username': 'tNMqV330', 'mobile': '13460337597', 'email': 'renxia@gmail.com', 'role_id': -1, 'create_time': 1682341310}, 'meta': {'msg': '创建成功', 'status': 201}}
接口响应时长: 80 ms
Http状态码: 200
断言结果: 200
=====================================================
INFO    2023-04-24 21:01:50,919G:\auto_api1_framework\logs\info-2023-04-24.log:log_decorator.py:42 
======================================================
用例标题: 修改用户状态成功（state为纯数字）
请求路径: http://127.0.0.1:8888/api/private/v1/users/1090/state/336720
请求方式: PUT
请求头:   {'User-Agent': 'python-requests/2.28.2', 'Accept-Encoding': 'gzip, deflate', 'Accept': '*/*', 'Connection': 'keep-alive', 'Authorization': 'Bearer eyJhbGciOiJIUzI1NiIsInR5cCI6IkpXVCJ9.eyJ1aWQiOjUwMCwicmlkIjowLCJpYXQiOjE2ODIzNDEzMTAsImV4cCI6MTY4MjQyNzcxMH0.z7d3vnBAMJmzjj-7f3DoPFh7-cCS-hmHeAfbah3f3LM', 'Content-Length': '0'}
请求内容: None
接口响应内容: {'data': {'id': 1090, 'rid': -1, 'username': 'tNMqV330', 'mobile': '13460337597', 'email': 'renxia@gmail.com', 'mg_state': 0}, 'meta': {'msg': '设置状态成功', 'status': 200}}
接口响应时长: 5 ms
Http状态码: 200
断言结果: 200
=====================================================
INFO    2023-04-24 21:01:51,156G:\auto_api1_framework\logs\info-2023-04-24.log:log_decorator.py:42 
======================================================
用例标题: 创建用户成功（全部参数）
请求路径: http://127.0.0.1:8888/api/private/v1/users
请求方式: POST
请求头:   {'User-Agent': 'python-requests/2.28.2', 'Accept-Encoding': 'gzip, deflate', 'Accept': '*/*', 'Connection': 'keep-alive', 'Content-Type': 'application/json', 'Authorization': 'Bearer eyJhbGciOiJIUzI1NiIsInR5cCI6IkpXVCJ9.eyJ1aWQiOjUwMCwicmlkIjowLCJpYXQiOjE2ODIzNDEzMTAsImV4cCI6MTY4MjQyNzcxMH0.z7d3vnBAMJmzjj-7f3DoPFh7-cCS-hmHeAfbah3f3LM', 'Content-Length': '106'}
请求内容: {'username': 'axKAA438', 'password': '#f9mIlfv', 'email': 'xiulan81@hotmail.com', 'mobile': '15844205495'}
接口响应内容: {'data': {'id': 1091, 'username': 'axKAA438', 'mobile': '15844205495', 'email': 'xiulan81@hotmail.com', 'role_id': -1, 'create_time': 1682341311}, 'meta': {'msg': '创建成功', 'status': 201}}
接口响应时长: 75 ms
Http状态码: 200
断言结果: 200
=====================================================
INFO    2023-04-24 21:01:51,164G:\auto_api1_framework\logs\info-2023-04-24.log:log_decorator.py:42 
======================================================
用例标题: 修改用户状态成功（state为纯字母）
请求路径: http://127.0.0.1:8888/api/private/v1/users/1091/state/feVwnW
请求方式: PUT
请求头:   {'User-Agent': 'python-requests/2.28.2', 'Accept-Encoding': 'gzip, deflate', 'Accept': '*/*', 'Connection': 'keep-alive', 'Authorization': 'Bearer eyJhbGciOiJIUzI1NiIsInR5cCI6IkpXVCJ9.eyJ1aWQiOjUwMCwicmlkIjowLCJpYXQiOjE2ODIzNDEzMTAsImV4cCI6MTY4MjQyNzcxMH0.z7d3vnBAMJmzjj-7f3DoPFh7-cCS-hmHeAfbah3f3LM', 'Content-Length': '0'}
请求内容: None
接口响应内容: {'data': {'id': 1091, 'rid': -1, 'username': 'axKAA438', 'mobile': '15844205495', 'email': 'xiulan81@hotmail.com', 'mg_state': 0}, 'meta': {'msg': '设置状态成功', 'status': 200}}
接口响应时长: 6 ms
Http状态码: 200
断言结果: 200
=====================================================
INFO    2023-04-24 21:01:51,417G:\auto_api1_framework\logs\info-2023-04-24.log:log_decorator.py:42 
======================================================
用例标题: 创建用户成功（全部参数）
请求路径: http://127.0.0.1:8888/api/private/v1/users
请求方式: POST
请求头:   {'User-Agent': 'python-requests/2.28.2', 'Accept-Encoding': 'gzip, deflate', 'Accept': '*/*', 'Connection': 'keep-alive', 'Content-Type': 'application/json', 'Authorization': 'Bearer eyJhbGciOiJIUzI1NiIsInR5cCI6IkpXVCJ9.eyJ1aWQiOjUwMCwicmlkIjowLCJpYXQiOjE2ODIzNDEzMTAsImV4cCI6MTY4MjQyNzcxMH0.z7d3vnBAMJmzjj-7f3DoPFh7-cCS-hmHeAfbah3f3LM', 'Content-Length': '107'}
请求内容: {'username': 'pYNLo444', 'password': ')piZ1VvH', 'email': 'taoxiulan@hotmail.com', 'mobile': '15587600213'}
接口响应内容: {'data': {'id': 1092, 'username': 'pYNLo444', 'mobile': '15587600213', 'email': 'taoxiulan@hotmail.com', 'role_id': -1, 'create_time': 1682341311}, 'meta': {'msg': '创建成功', 'status': 201}}
接口响应时长: 86 ms
Http状态码: 200
断言结果: 200
=====================================================
INFO    2023-04-24 21:01:51,424G:\auto_api1_framework\logs\info-2023-04-24.log:log_decorator.py:42 
======================================================
用例标题: 修改用户状态成功（state包含特殊字符）
请求路径: http://127.0.0.1:8888/api/private/v1/users/1092/state/+!%25!%25
请求方式: PUT
请求头:   {'User-Agent': 'python-requests/2.28.2', 'Accept-Encoding': 'gzip, deflate', 'Accept': '*/*', 'Connection': 'keep-alive', 'Authorization': 'Bearer eyJhbGciOiJIUzI1NiIsInR5cCI6IkpXVCJ9.eyJ1aWQiOjUwMCwicmlkIjowLCJpYXQiOjE2ODIzNDEzMTAsImV4cCI6MTY4MjQyNzcxMH0.z7d3vnBAMJmzjj-7f3DoPFh7-cCS-hmHeAfbah3f3LM', 'Content-Length': '0'}
请求内容: None
接口响应内容: {'data': {'id': 1092, 'rid': -1, 'username': 'pYNLo444', 'mobile': '15587600213', 'email': 'taoxiulan@hotmail.com', 'mg_state': 0}, 'meta': {'msg': '设置状态成功', 'status': 200}}
接口响应时长: 4 ms
Http状态码: 200
断言结果: 200
=====================================================
INFO    2023-04-24 21:05:18,915G:\auto_api1_framework\logs\info-2023-04-24.log:log_decorator.py:42 
======================================================
用例标题: 创建用户成功（全部参数）
请求路径: http://127.0.0.1:8888/api/private/v1/users
请求方式: POST
请求头:   {'User-Agent': 'python-requests/2.28.2', 'Accept-Encoding': 'gzip, deflate', 'Accept': '*/*', 'Connection': 'keep-alive', 'Content-Type': 'application/json', 'Authorization': 'Bearer eyJhbGciOiJIUzI1NiIsInR5cCI6IkpXVCJ9.eyJ1aWQiOjUwMCwicmlkIjowLCJpYXQiOjE2ODIzNDE1MTgsImV4cCI6MTY4MjQyNzkxOH0.ZDNumk9QlMATqekLk8q2Aifsdi0Kd_KZWWv9QHvoiqE', 'Content-Length': '104'}
请求内容: {'username': 'KcBEf327', 'password': '4)G3BhHf', 'email': 'xiulan50@yahoo.com', 'mobile': '15047125561'}
接口响应内容: {'data': {'id': 1093, 'username': 'KcBEf327', 'mobile': '15047125561', 'email': 'xiulan50@yahoo.com', 'role_id': -1, 'create_time': 1682341518}, 'meta': {'msg': '创建成功', 'status': 201}}
接口响应时长: 85 ms
Http状态码: 200
断言结果: 200
=====================================================
INFO    2023-04-24 21:05:18,925G:\auto_api1_framework\logs\info-2023-04-24.log:log_decorator.py:42 
======================================================
用例标题: 修改用户状态成功
请求路径: http://127.0.0.1:8888/api/private/v1/users/1093/state/true
请求方式: PUT
请求头:   {'User-Agent': 'python-requests/2.28.2', 'Accept-Encoding': 'gzip, deflate', 'Accept': '*/*', 'Connection': 'keep-alive', 'Authorization': 'Bearer eyJhbGciOiJIUzI1NiIsInR5cCI6IkpXVCJ9.eyJ1aWQiOjUwMCwicmlkIjowLCJpYXQiOjE2ODIzNDE1MTgsImV4cCI6MTY4MjQyNzkxOH0.ZDNumk9QlMATqekLk8q2Aifsdi0Kd_KZWWv9QHvoiqE', 'Content-Length': '0'}
请求内容: None
接口响应内容: {'data': {'id': 1093, 'rid': -1, 'username': 'KcBEf327', 'mobile': '15047125561', 'email': 'xiulan50@yahoo.com', 'mg_state': 1}, 'meta': {'msg': '设置状态成功', 'status': 200}}
接口响应时长: 8 ms
Http状态码: 200
断言结果: 200
=====================================================
INFO    2023-04-24 21:05:18,931G:\auto_api1_framework\logs\info-2023-04-24.log:log_decorator.py:42 
======================================================
用例标题: 修改用户状态失败（id为字符串）
请求路径: http://127.0.0.1:8888/api/private/v1/users/wGZDqZ/state/false
请求方式: PUT
请求头:   {'User-Agent': 'python-requests/2.28.2', 'Accept-Encoding': 'gzip, deflate', 'Accept': '*/*', 'Connection': 'keep-alive', 'Authorization': 'Bearer eyJhbGciOiJIUzI1NiIsInR5cCI6IkpXVCJ9.eyJ1aWQiOjUwMCwicmlkIjowLCJpYXQiOjE2ODIzNDE1MTgsImV4cCI6MTY4MjQyNzkxOH0.ZDNumk9QlMATqekLk8q2Aifsdi0Kd_KZWWv9QHvoiqE', 'Content-Length': '0'}
请求内容: None
接口响应内容: {'data': None, 'meta': {'msg': '用户ID必须是数字', 'status': 400}}
接口响应时长: 1 ms
Http状态码: 200
断言结果: 200
=====================================================
INFO    2023-04-24 21:05:18,938G:\auto_api1_framework\logs\info-2023-04-24.log:log_decorator.py:42 
======================================================
用例标题: 修改用户状态失败（id包含特殊字符）
请求路径: http://127.0.0.1:8888/api/private/v1/users/(()+#/state/false
请求方式: PUT
请求头:   {'User-Agent': 'python-requests/2.28.2', 'Accept-Encoding': 'gzip, deflate', 'Accept': '*/*', 'Connection': 'keep-alive', 'Authorization': 'Bearer eyJhbGciOiJIUzI1NiIsInR5cCI6IkpXVCJ9.eyJ1aWQiOjUwMCwicmlkIjowLCJpYXQiOjE2ODIzNDE1MTgsImV4cCI6MTY4MjQyNzkxOH0.ZDNumk9QlMATqekLk8q2Aifsdi0Kd_KZWWv9QHvoiqE', 'Content-Length': '0'}
请求内容: None
接口响应内容: {'data': None, 'meta': {'msg': '用户ID必须是数字', 'status': 400}}
接口响应时长: 2 ms
Http状态码: 200
断言结果: 200
=====================================================
INFO    2023-04-24 21:05:18,945G:\auto_api1_framework\logs\info-2023-04-24.log:log_decorator.py:42 
======================================================
用例标题: 修改用户状态失败（id不存在）
请求路径: http://127.0.0.1:8888/api/private/v1/users/state/false
请求方式: PUT
请求头:   {'User-Agent': 'python-requests/2.28.2', 'Accept-Encoding': 'gzip, deflate', 'Accept': '*/*', 'Connection': 'keep-alive', 'Authorization': 'Bearer eyJhbGciOiJIUzI1NiIsInR5cCI6IkpXVCJ9.eyJ1aWQiOjUwMCwicmlkIjowLCJpYXQiOjE2ODIzNDE1MTgsImV4cCI6MTY4MjQyNzkxOH0.ZDNumk9QlMATqekLk8q2Aifsdi0Kd_KZWWv9QHvoiqE', 'Content-Length': '0'}
请求内容: None
接口响应内容: {'data': None, 'meta': {'msg': 'Not Found', 'status': 404}}
接口响应时长: 2 ms
Http状态码: 200
断言结果: 200
=====================================================
INFO    2023-04-24 21:05:19,227G:\auto_api1_framework\logs\info-2023-04-24.log:log_decorator.py:42 
======================================================
用例标题: 创建用户成功（全部参数）
请求路径: http://127.0.0.1:8888/api/private/v1/users
请求方式: POST
请求头:   {'User-Agent': 'python-requests/2.28.2', 'Accept-Encoding': 'gzip, deflate', 'Accept': '*/*', 'Connection': 'keep-alive', 'Content-Type': 'application/json', 'Authorization': 'Bearer eyJhbGciOiJIUzI1NiIsInR5cCI6IkpXVCJ9.eyJ1aWQiOjUwMCwicmlkIjowLCJpYXQiOjE2ODIzNDE1MTgsImV4cCI6MTY4MjQyNzkxOH0.ZDNumk9QlMATqekLk8q2Aifsdi0Kd_KZWWv9QHvoiqE', 'Content-Length': '102'}
请求内容: {'username': 'jcUvn981', 'password': '!2R8)rKi', 'email': 'heming@gmail.com', 'mobile': '18542656705'}
接口响应内容: {'data': {'id': 1094, 'username': 'jcUvn981', 'mobile': '18542656705', 'email': 'heming@gmail.com', 'role_id': -1, 'create_time': 1682341519}, 'meta': {'msg': '创建成功', 'status': 201}}
接口响应时长: 84 ms
Http状态码: 200
断言结果: 200
=====================================================
INFO    2023-04-24 21:05:19,230G:\auto_api1_framework\logs\info-2023-04-24.log:log_decorator.py:42 
======================================================
用例标题: 修改用户状态失败（state为空）
请求路径: http://127.0.0.1:8888/api/private/v1/users/1094/state
请求方式: PUT
请求头:   {'User-Agent': 'python-requests/2.28.2', 'Accept-Encoding': 'gzip, deflate', 'Accept': '*/*', 'Connection': 'keep-alive', 'Authorization': 'Bearer eyJhbGciOiJIUzI1NiIsInR5cCI6IkpXVCJ9.eyJ1aWQiOjUwMCwicmlkIjowLCJpYXQiOjE2ODIzNDE1MTgsImV4cCI6MTY4MjQyNzkxOH0.ZDNumk9QlMATqekLk8q2Aifsdi0Kd_KZWWv9QHvoiqE', 'Content-Length': '0'}
请求内容: None
接口响应内容: {'data': None, 'meta': {'msg': 'Not Found', 'status': 404}}
接口响应时长: 2 ms
Http状态码: 200
断言结果: 200
=====================================================
INFO    2023-04-24 21:05:19,587G:\auto_api1_framework\logs\info-2023-04-24.log:log_decorator.py:42 
======================================================
用例标题: 创建用户成功（全部参数）
请求路径: http://127.0.0.1:8888/api/private/v1/users
请求方式: POST
请求头:   {'User-Agent': 'python-requests/2.28.2', 'Accept-Encoding': 'gzip, deflate', 'Accept': '*/*', 'Connection': 'keep-alive', 'Content-Type': 'application/json', 'Authorization': 'Bearer eyJhbGciOiJIUzI1NiIsInR5cCI6IkpXVCJ9.eyJ1aWQiOjUwMCwicmlkIjowLCJpYXQiOjE2ODIzNDE1MTgsImV4cCI6MTY4MjQyNzkxOH0.ZDNumk9QlMATqekLk8q2Aifsdi0Kd_KZWWv9QHvoiqE', 'Content-Length': '108'}
请求内容: {'username': 'ceIuw554', 'password': '@0wUgrf9', 'email': 'guiyingxia@hotmail.com', 'mobile': '15963585675'}
接口响应内容: {'data': {'id': 1095, 'username': 'ceIuw554', 'mobile': '15963585675', 'email': 'guiyingxia@hotmail.com', 'role_id': -1, 'create_time': 1682341519}, 'meta': {'msg': '创建成功', 'status': 201}}
接口响应时长: 86 ms
Http状态码: 200
断言结果: 200
=====================================================
INFO    2023-04-24 21:05:19,595G:\auto_api1_framework\logs\info-2023-04-24.log:log_decorator.py:42 
======================================================
用例标题: 修改用户状态成功（state为纯数字）
请求路径: http://127.0.0.1:8888/api/private/v1/users/1095/state/164808
请求方式: PUT
请求头:   {'User-Agent': 'python-requests/2.28.2', 'Accept-Encoding': 'gzip, deflate', 'Accept': '*/*', 'Connection': 'keep-alive', 'Authorization': 'Bearer eyJhbGciOiJIUzI1NiIsInR5cCI6IkpXVCJ9.eyJ1aWQiOjUwMCwicmlkIjowLCJpYXQiOjE2ODIzNDE1MTgsImV4cCI6MTY4MjQyNzkxOH0.ZDNumk9QlMATqekLk8q2Aifsdi0Kd_KZWWv9QHvoiqE', 'Content-Length': '0'}
请求内容: None
接口响应内容: {'data': {'id': 1095, 'rid': -1, 'username': 'ceIuw554', 'mobile': '15963585675', 'email': 'guiyingxia@hotmail.com', 'mg_state': 0}, 'meta': {'msg': '设置状态成功', 'status': 200}}
接口响应时长: 5 ms
Http状态码: 200
断言结果: 200
=====================================================
INFO    2023-04-24 21:05:19,880G:\auto_api1_framework\logs\info-2023-04-24.log:log_decorator.py:42 
======================================================
用例标题: 创建用户成功（全部参数）
请求路径: http://127.0.0.1:8888/api/private/v1/users
请求方式: POST
请求头:   {'User-Agent': 'python-requests/2.28.2', 'Accept-Encoding': 'gzip, deflate', 'Accept': '*/*', 'Connection': 'keep-alive', 'Content-Type': 'application/json', 'Authorization': 'Bearer eyJhbGciOiJIUzI1NiIsInR5cCI6IkpXVCJ9.eyJ1aWQiOjUwMCwicmlkIjowLCJpYXQiOjE2ODIzNDE1MTgsImV4cCI6MTY4MjQyNzkxOH0.ZDNumk9QlMATqekLk8q2Aifsdi0Kd_KZWWv9QHvoiqE', 'Content-Length': '108'}
请求内容: {'username': 'LYJrP843', 'password': '*BD6Aqo%', 'email': 'duanxiulan@hotmail.com', 'mobile': '13716590680'}
接口响应内容: {'data': {'id': 1096, 'username': 'LYJrP843', 'mobile': '13716590680', 'email': 'duanxiulan@hotmail.com', 'role_id': -1, 'create_time': 1682341519}, 'meta': {'msg': '创建成功', 'status': 201}}
接口响应时长: 86 ms
Http状态码: 200
断言结果: 200
=====================================================
INFO    2023-04-24 21:05:19,888G:\auto_api1_framework\logs\info-2023-04-24.log:log_decorator.py:42 
======================================================
用例标题: 修改用户状态成功（state为纯字母）
请求路径: http://127.0.0.1:8888/api/private/v1/users/1096/state/gFZuBU
请求方式: PUT
请求头:   {'User-Agent': 'python-requests/2.28.2', 'Accept-Encoding': 'gzip, deflate', 'Accept': '*/*', 'Connection': 'keep-alive', 'Authorization': 'Bearer eyJhbGciOiJIUzI1NiIsInR5cCI6IkpXVCJ9.eyJ1aWQiOjUwMCwicmlkIjowLCJpYXQiOjE2ODIzNDE1MTgsImV4cCI6MTY4MjQyNzkxOH0.ZDNumk9QlMATqekLk8q2Aifsdi0Kd_KZWWv9QHvoiqE', 'Content-Length': '0'}
请求内容: None
接口响应内容: {'data': {'id': 1096, 'rid': -1, 'username': 'LYJrP843', 'mobile': '13716590680', 'email': 'duanxiulan@hotmail.com', 'mg_state': 0}, 'meta': {'msg': '设置状态成功', 'status': 200}}
接口响应时长: 6 ms
Http状态码: 200
断言结果: 200
=====================================================
INFO    2023-04-24 21:05:20,178G:\auto_api1_framework\logs\info-2023-04-24.log:log_decorator.py:42 
======================================================
用例标题: 创建用户成功（全部参数）
请求路径: http://127.0.0.1:8888/api/private/v1/users
请求方式: POST
请求头:   {'User-Agent': 'python-requests/2.28.2', 'Accept-Encoding': 'gzip, deflate', 'Accept': '*/*', 'Connection': 'keep-alive', 'Content-Type': 'application/json', 'Authorization': 'Bearer eyJhbGciOiJIUzI1NiIsInR5cCI6IkpXVCJ9.eyJ1aWQiOjUwMCwicmlkIjowLCJpYXQiOjE2ODIzNDE1MTgsImV4cCI6MTY4MjQyNzkxOH0.ZDNumk9QlMATqekLk8q2Aifsdi0Kd_KZWWv9QHvoiqE', 'Content-Length': '105'}
请求内容: {'username': 'zoSRi712', 'password': '0)5cAg!b', 'email': 'jiewang@hotmail.com', 'mobile': '13073783307'}
接口响应内容: {'data': {'id': 1097, 'username': 'zoSRi712', 'mobile': '13073783307', 'email': 'jiewang@hotmail.com', 'role_id': -1, 'create_time': 1682341520}, 'meta': {'msg': '创建成功', 'status': 201}}
接口响应时长: 93 ms
Http状态码: 200
断言结果: 200
=====================================================
INFO    2023-04-24 21:05:20,187G:\auto_api1_framework\logs\info-2023-04-24.log:log_decorator.py:42 
======================================================
用例标题: 修改用户状态成功（state包含特殊字符）
请求路径: http://127.0.0.1:8888/api/private/v1/users/1097/state/@+!!
请求方式: PUT
请求头:   {'User-Agent': 'python-requests/2.28.2', 'Accept-Encoding': 'gzip, deflate', 'Accept': '*/*', 'Connection': 'keep-alive', 'Authorization': 'Bearer eyJhbGciOiJIUzI1NiIsInR5cCI6IkpXVCJ9.eyJ1aWQiOjUwMCwicmlkIjowLCJpYXQiOjE2ODIzNDE1MTgsImV4cCI6MTY4MjQyNzkxOH0.ZDNumk9QlMATqekLk8q2Aifsdi0Kd_KZWWv9QHvoiqE', 'Content-Length': '0'}
请求内容: None
接口响应内容: {'data': {'id': 1097, 'rid': -1, 'username': 'zoSRi712', 'mobile': '13073783307', 'email': 'jiewang@hotmail.com', 'mg_state': 0}, 'meta': {'msg': '设置状态成功', 'status': 200}}
接口响应时长: 7 ms
Http状态码: 200
断言结果: 200
=====================================================
INFO    2023-04-24 21:08:38,265G:\auto_api1_framework\logs\info-2023-04-24.log:log_decorator.py:42 
======================================================
用例标题: 修改用户状态失败（id为字符串）
请求路径: http://127.0.0.1:8888/api/private/v1/users/YwQUGx/state/false
请求方式: PUT
请求头:   {'User-Agent': 'python-requests/2.28.2', 'Accept-Encoding': 'gzip, deflate', 'Accept': '*/*', 'Connection': 'keep-alive', 'Authorization': 'Bearer eyJhbGciOiJIUzI1NiIsInR5cCI6IkpXVCJ9.eyJ1aWQiOjUwMCwicmlkIjowLCJpYXQiOjE2ODIzNDE3MTgsImV4cCI6MTY4MjQyODExOH0.ciV-Aa5LsLHefj6I5fY0OfOGq_3L4etfy2U6fsrECGI', 'Content-Length': '0'}
请求内容: None
接口响应内容: {'data': None, 'meta': {'msg': '用户ID必须是数字', 'status': 400}}
接口响应时长: 1 ms
Http状态码: 200
断言结果: 200
=====================================================
INFO    2023-04-24 21:08:38,271G:\auto_api1_framework\logs\info-2023-04-24.log:log_decorator.py:42 
======================================================
用例标题: 修改用户状态失败（id包含特殊字符）
请求路径: http://127.0.0.1:8888/api/private/v1/users/)%5E(+*/state/false
请求方式: PUT
请求头:   {'User-Agent': 'python-requests/2.28.2', 'Accept-Encoding': 'gzip, deflate', 'Accept': '*/*', 'Connection': 'keep-alive', 'Authorization': 'Bearer eyJhbGciOiJIUzI1NiIsInR5cCI6IkpXVCJ9.eyJ1aWQiOjUwMCwicmlkIjowLCJpYXQiOjE2ODIzNDE3MTgsImV4cCI6MTY4MjQyODExOH0.ciV-Aa5LsLHefj6I5fY0OfOGq_3L4etfy2U6fsrECGI', 'Content-Length': '0'}
请求内容: None
接口响应内容: {'data': None, 'meta': {'msg': '用户ID必须是数字', 'status': 400}}
接口响应时长: 1 ms
Http状态码: 200
断言结果: 200
=====================================================
INFO    2023-04-24 21:08:38,275G:\auto_api1_framework\logs\info-2023-04-24.log:log_decorator.py:42 
======================================================
用例标题: 修改用户状态失败（id不存在）
请求路径: http://127.0.0.1:8888/api/private/v1/users/state/false
请求方式: PUT
请求头:   {'User-Agent': 'python-requests/2.28.2', 'Accept-Encoding': 'gzip, deflate', 'Accept': '*/*', 'Connection': 'keep-alive', 'Authorization': 'Bearer eyJhbGciOiJIUzI1NiIsInR5cCI6IkpXVCJ9.eyJ1aWQiOjUwMCwicmlkIjowLCJpYXQiOjE2ODIzNDE3MTgsImV4cCI6MTY4MjQyODExOH0.ciV-Aa5LsLHefj6I5fY0OfOGq_3L4etfy2U6fsrECGI', 'Content-Length': '0'}
请求内容: None
接口响应内容: {'data': None, 'meta': {'msg': 'Not Found', 'status': 404}}
接口响应时长: 1 ms
Http状态码: 200
断言结果: 200
=====================================================
INFO    2023-04-24 21:08:38,281G:\auto_api1_framework\logs\info-2023-04-24.log:log_decorator.py:42 
======================================================
用例标题: 修改用户状态失败（state为空）
请求路径: http://127.0.0.1:8888/api/private/v1/users/$cache%7Bid%7D/state
请求方式: PUT
请求头:   {'User-Agent': 'python-requests/2.28.2', 'Accept-Encoding': 'gzip, deflate', 'Accept': '*/*', 'Connection': 'keep-alive', 'Authorization': 'Bearer eyJhbGciOiJIUzI1NiIsInR5cCI6IkpXVCJ9.eyJ1aWQiOjUwMCwicmlkIjowLCJpYXQiOjE2ODIzNDE3MTgsImV4cCI6MTY4MjQyODExOH0.ciV-Aa5LsLHefj6I5fY0OfOGq_3L4etfy2U6fsrECGI', 'Content-Length': '0'}
请求内容: None
接口响应内容: {'data': None, 'meta': {'msg': 'Not Found', 'status': 404}}
接口响应时长: 1 ms
Http状态码: 200
断言结果: 200
=====================================================
INFO    2023-04-24 21:08:38,287G:\auto_api1_framework\logs\info-2023-04-24.log:log_decorator.py:42 
======================================================
用例标题: 修改用户状态成功（state为纯数字）
请求路径: http://127.0.0.1:8888/api/private/v1/users/$cache%7Bid%7D/state/159171
请求方式: PUT
请求头:   {'User-Agent': 'python-requests/2.28.2', 'Accept-Encoding': 'gzip, deflate', 'Accept': '*/*', 'Connection': 'keep-alive', 'Authorization': 'Bearer eyJhbGciOiJIUzI1NiIsInR5cCI6IkpXVCJ9.eyJ1aWQiOjUwMCwicmlkIjowLCJpYXQiOjE2ODIzNDE3MTgsImV4cCI6MTY4MjQyODExOH0.ciV-Aa5LsLHefj6I5fY0OfOGq_3L4etfy2U6fsrECGI', 'Content-Length': '0'}
请求内容: None
接口响应内容: {'data': None, 'meta': {'msg': '用户ID必须是数字', 'status': 400}}
接口响应时长: 1 ms
Http状态码: 200
断言结果: 200
=====================================================
INFO    2023-04-24 21:08:38,301G:\auto_api1_framework\logs\info-2023-04-24.log:log_decorator.py:42 
======================================================
用例标题: 修改用户状态成功（state为纯字母）
请求路径: http://127.0.0.1:8888/api/private/v1/users/$cache%7Bid%7D/state/auYWrr
请求方式: PUT
请求头:   {'User-Agent': 'python-requests/2.28.2', 'Accept-Encoding': 'gzip, deflate', 'Accept': '*/*', 'Connection': 'keep-alive', 'Authorization': 'Bearer eyJhbGciOiJIUzI1NiIsInR5cCI6IkpXVCJ9.eyJ1aWQiOjUwMCwicmlkIjowLCJpYXQiOjE2ODIzNDE3MTgsImV4cCI6MTY4MjQyODExOH0.ciV-Aa5LsLHefj6I5fY0OfOGq_3L4etfy2U6fsrECGI', 'Content-Length': '0'}
请求内容: None
接口响应内容: {'data': None, 'meta': {'msg': '用户ID必须是数字', 'status': 400}}
接口响应时长: 2 ms
Http状态码: 200
断言结果: 200
=====================================================
INFO    2023-04-24 21:08:38,316G:\auto_api1_framework\logs\info-2023-04-24.log:log_decorator.py:42 
======================================================
用例标题: 修改用户状态成功（state包含特殊字符）
请求路径: http://127.0.0.1:8888/api/private/v1/users/$cache%7Bid%7D/state/%25!$!(
请求方式: PUT
请求头:   {'User-Agent': 'python-requests/2.28.2', 'Accept-Encoding': 'gzip, deflate', 'Accept': '*/*', 'Connection': 'keep-alive', 'Authorization': 'Bearer eyJhbGciOiJIUzI1NiIsInR5cCI6IkpXVCJ9.eyJ1aWQiOjUwMCwicmlkIjowLCJpYXQiOjE2ODIzNDE3MTgsImV4cCI6MTY4MjQyODExOH0.ciV-Aa5LsLHefj6I5fY0OfOGq_3L4etfy2U6fsrECGI', 'Content-Length': '0'}
请求内容: None
接口响应内容: {'data': None, 'meta': {'msg': '用户ID必须是数字', 'status': 400}}
接口响应时长: 2 ms
Http状态码: 200
断言结果: 200
=====================================================
INFO    2023-04-24 21:09:04,075G:\auto_api1_framework\logs\info-2023-04-24.log:log_decorator.py:42 
======================================================
用例标题: 修改用户状态失败（id为字符串）
请求路径: http://127.0.0.1:8888/api/private/v1/users/caAIAo/state/false
请求方式: PUT
请求头:   {'User-Agent': 'python-requests/2.28.2', 'Accept-Encoding': 'gzip, deflate', 'Accept': '*/*', 'Connection': 'keep-alive', 'Authorization': 'Bearer eyJhbGciOiJIUzI1NiIsInR5cCI6IkpXVCJ9.eyJ1aWQiOjUwMCwicmlkIjowLCJpYXQiOjE2ODIzNDE3NDMsImV4cCI6MTY4MjQyODE0M30.fnOST74IAcfgmZy5-gm3Q3UCzfOw4zfSzW60TE1cAfA', 'Content-Length': '0'}
请求内容: None
接口响应内容: {'data': None, 'meta': {'msg': '用户ID必须是数字', 'status': 400}}
接口响应时长: 1 ms
Http状态码: 200
断言结果: 200
=====================================================
INFO    2023-04-24 21:09:04,081G:\auto_api1_framework\logs\info-2023-04-24.log:log_decorator.py:42 
======================================================
用例标题: 修改用户状态失败（id包含特殊字符）
请求路径: http://127.0.0.1:8888/api/private/v1/users/&%5E&&)/state/false
请求方式: PUT
请求头:   {'User-Agent': 'python-requests/2.28.2', 'Accept-Encoding': 'gzip, deflate', 'Accept': '*/*', 'Connection': 'keep-alive', 'Authorization': 'Bearer eyJhbGciOiJIUzI1NiIsInR5cCI6IkpXVCJ9.eyJ1aWQiOjUwMCwicmlkIjowLCJpYXQiOjE2ODIzNDE3NDMsImV4cCI6MTY4MjQyODE0M30.fnOST74IAcfgmZy5-gm3Q3UCzfOw4zfSzW60TE1cAfA', 'Content-Length': '0'}
请求内容: None
接口响应内容: {'data': None, 'meta': {'msg': '用户ID必须是数字', 'status': 400}}
接口响应时长: 1 ms
Http状态码: 200
断言结果: 200
=====================================================
INFO    2023-04-24 21:09:04,086G:\auto_api1_framework\logs\info-2023-04-24.log:log_decorator.py:42 
======================================================
用例标题: 修改用户状态失败（id不存在）
请求路径: http://127.0.0.1:8888/api/private/v1/users/state/false
请求方式: PUT
请求头:   {'User-Agent': 'python-requests/2.28.2', 'Accept-Encoding': 'gzip, deflate', 'Accept': '*/*', 'Connection': 'keep-alive', 'Authorization': 'Bearer eyJhbGciOiJIUzI1NiIsInR5cCI6IkpXVCJ9.eyJ1aWQiOjUwMCwicmlkIjowLCJpYXQiOjE2ODIzNDE3NDMsImV4cCI6MTY4MjQyODE0M30.fnOST74IAcfgmZy5-gm3Q3UCzfOw4zfSzW60TE1cAfA', 'Content-Length': '0'}
请求内容: None
接口响应内容: {'data': None, 'meta': {'msg': 'Not Found', 'status': 404}}
接口响应时长: 1 ms
Http状态码: 200
断言结果: 200
=====================================================
INFO    2023-04-24 21:09:04,092G:\auto_api1_framework\logs\info-2023-04-24.log:log_decorator.py:42 
======================================================
用例标题: 修改用户状态失败（state为空）
请求路径: http://127.0.0.1:8888/api/private/v1/users/$cache%7Bid%7D/state
请求方式: PUT
请求头:   {'User-Agent': 'python-requests/2.28.2', 'Accept-Encoding': 'gzip, deflate', 'Accept': '*/*', 'Connection': 'keep-alive', 'Authorization': 'Bearer eyJhbGciOiJIUzI1NiIsInR5cCI6IkpXVCJ9.eyJ1aWQiOjUwMCwicmlkIjowLCJpYXQiOjE2ODIzNDE3NDMsImV4cCI6MTY4MjQyODE0M30.fnOST74IAcfgmZy5-gm3Q3UCzfOw4zfSzW60TE1cAfA', 'Content-Length': '0'}
请求内容: None
接口响应内容: {'data': None, 'meta': {'msg': 'Not Found', 'status': 404}}
接口响应时长: 1 ms
Http状态码: 200
断言结果: 200
=====================================================
INFO    2023-04-24 21:09:04,099G:\auto_api1_framework\logs\info-2023-04-24.log:log_decorator.py:42 
======================================================
用例标题: 修改用户状态成功（state为纯数字）
请求路径: http://127.0.0.1:8888/api/private/v1/users/$cache%7Bid%7D/state/236771
请求方式: PUT
请求头:   {'User-Agent': 'python-requests/2.28.2', 'Accept-Encoding': 'gzip, deflate', 'Accept': '*/*', 'Connection': 'keep-alive', 'Authorization': 'Bearer eyJhbGciOiJIUzI1NiIsInR5cCI6IkpXVCJ9.eyJ1aWQiOjUwMCwicmlkIjowLCJpYXQiOjE2ODIzNDE3NDMsImV4cCI6MTY4MjQyODE0M30.fnOST74IAcfgmZy5-gm3Q3UCzfOw4zfSzW60TE1cAfA', 'Content-Length': '0'}
请求内容: None
接口响应内容: {'data': None, 'meta': {'msg': '用户ID必须是数字', 'status': 400}}
接口响应时长: 2 ms
Http状态码: 200
断言结果: 200
=====================================================
INFO    2023-04-24 21:09:04,111G:\auto_api1_framework\logs\info-2023-04-24.log:log_decorator.py:42 
======================================================
用例标题: 修改用户状态成功（state为纯字母）
请求路径: http://127.0.0.1:8888/api/private/v1/users/$cache%7Bid%7D/state/yJqyqC
请求方式: PUT
请求头:   {'User-Agent': 'python-requests/2.28.2', 'Accept-Encoding': 'gzip, deflate', 'Accept': '*/*', 'Connection': 'keep-alive', 'Authorization': 'Bearer eyJhbGciOiJIUzI1NiIsInR5cCI6IkpXVCJ9.eyJ1aWQiOjUwMCwicmlkIjowLCJpYXQiOjE2ODIzNDE3NDMsImV4cCI6MTY4MjQyODE0M30.fnOST74IAcfgmZy5-gm3Q3UCzfOw4zfSzW60TE1cAfA', 'Content-Length': '0'}
请求内容: None
接口响应内容: {'data': None, 'meta': {'msg': '用户ID必须是数字', 'status': 400}}
接口响应时长: 2 ms
Http状态码: 200
断言结果: 200
=====================================================
INFO    2023-04-24 21:09:04,125G:\auto_api1_framework\logs\info-2023-04-24.log:log_decorator.py:42 
======================================================
用例标题: 修改用户状态成功（state包含特殊字符）
请求路径: http://127.0.0.1:8888/api/private/v1/users/$cache%7Bid%7D/state/+#**@
请求方式: PUT
请求头:   {'User-Agent': 'python-requests/2.28.2', 'Accept-Encoding': 'gzip, deflate', 'Accept': '*/*', 'Connection': 'keep-alive', 'Authorization': 'Bearer eyJhbGciOiJIUzI1NiIsInR5cCI6IkpXVCJ9.eyJ1aWQiOjUwMCwicmlkIjowLCJpYXQiOjE2ODIzNDE3NDMsImV4cCI6MTY4MjQyODE0M30.fnOST74IAcfgmZy5-gm3Q3UCzfOw4zfSzW60TE1cAfA', 'Content-Length': '0'}
请求内容: None
接口响应内容: {'data': None, 'meta': {'msg': '用户ID必须是数字', 'status': 400}}
接口响应时长: 1 ms
Http状态码: 200
断言结果: 200
=====================================================
INFO    2023-04-24 21:09:18,116G:\auto_api1_framework\logs\info-2023-04-24.log:log_decorator.py:42 
======================================================
用例标题: 修改用户状态失败（id为字符串）
请求路径: http://127.0.0.1:8888/api/private/v1/users/aPUMlI/state/false
请求方式: PUT
请求头:   {'User-Agent': 'python-requests/2.28.2', 'Accept-Encoding': 'gzip, deflate', 'Accept': '*/*', 'Connection': 'keep-alive', 'Authorization': 'Bearer eyJhbGciOiJIUzI1NiIsInR5cCI6IkpXVCJ9.eyJ1aWQiOjUwMCwicmlkIjowLCJpYXQiOjE2ODIzNDE3NTgsImV4cCI6MTY4MjQyODE1OH0.fM7IY0P0cw0qN5ubyaevcNj9WBDjrVcgE_kRukpMLvs', 'Content-Length': '0'}
请求内容: None
接口响应内容: {'data': None, 'meta': {'msg': '用户ID必须是数字', 'status': 400}}
接口响应时长: 1 ms
Http状态码: 200
断言结果: 200
=====================================================
INFO    2023-04-24 21:09:18,121G:\auto_api1_framework\logs\info-2023-04-24.log:log_decorator.py:42 
======================================================
用例标题: 修改用户状态失败（id包含特殊字符）
请求路径: http://127.0.0.1:8888/api/private/v1/users/*&!%25%5E/state/false
请求方式: PUT
请求头:   {'User-Agent': 'python-requests/2.28.2', 'Accept-Encoding': 'gzip, deflate', 'Accept': '*/*', 'Connection': 'keep-alive', 'Authorization': 'Bearer eyJhbGciOiJIUzI1NiIsInR5cCI6IkpXVCJ9.eyJ1aWQiOjUwMCwicmlkIjowLCJpYXQiOjE2ODIzNDE3NTgsImV4cCI6MTY4MjQyODE1OH0.fM7IY0P0cw0qN5ubyaevcNj9WBDjrVcgE_kRukpMLvs', 'Content-Length': '0'}
请求内容: None
接口响应内容: {'data': None, 'meta': {'msg': '用户ID必须是数字', 'status': 400}}
接口响应时长: 1 ms
Http状态码: 200
断言结果: 200
=====================================================
INFO    2023-04-24 21:09:18,127G:\auto_api1_framework\logs\info-2023-04-24.log:log_decorator.py:42 
======================================================
用例标题: 修改用户状态失败（id不存在）
请求路径: http://127.0.0.1:8888/api/private/v1/users/state/false
请求方式: PUT
请求头:   {'User-Agent': 'python-requests/2.28.2', 'Accept-Encoding': 'gzip, deflate', 'Accept': '*/*', 'Connection': 'keep-alive', 'Authorization': 'Bearer eyJhbGciOiJIUzI1NiIsInR5cCI6IkpXVCJ9.eyJ1aWQiOjUwMCwicmlkIjowLCJpYXQiOjE2ODIzNDE3NTgsImV4cCI6MTY4MjQyODE1OH0.fM7IY0P0cw0qN5ubyaevcNj9WBDjrVcgE_kRukpMLvs', 'Content-Length': '0'}
请求内容: None
接口响应内容: {'data': None, 'meta': {'msg': 'Not Found', 'status': 404}}
接口响应时长: 1 ms
Http状态码: 200
断言结果: 200
=====================================================
INFO    2023-04-24 21:09:18,131G:\auto_api1_framework\logs\info-2023-04-24.log:log_decorator.py:42 
======================================================
用例标题: 修改用户状态失败（state为空）
请求路径: http://127.0.0.1:8888/api/private/v1/users/$cache%7Bid%7D/state
请求方式: PUT
请求头:   {'User-Agent': 'python-requests/2.28.2', 'Accept-Encoding': 'gzip, deflate', 'Accept': '*/*', 'Connection': 'keep-alive', 'Authorization': 'Bearer eyJhbGciOiJIUzI1NiIsInR5cCI6IkpXVCJ9.eyJ1aWQiOjUwMCwicmlkIjowLCJpYXQiOjE2ODIzNDE3NTgsImV4cCI6MTY4MjQyODE1OH0.fM7IY0P0cw0qN5ubyaevcNj9WBDjrVcgE_kRukpMLvs', 'Content-Length': '0'}
请求内容: None
接口响应内容: {'data': None, 'meta': {'msg': 'Not Found', 'status': 404}}
接口响应时长: 1 ms
Http状态码: 200
断言结果: 200
=====================================================
INFO    2023-04-24 21:09:18,137G:\auto_api1_framework\logs\info-2023-04-24.log:log_decorator.py:42 
======================================================
用例标题: 修改用户状态成功（state为纯数字）
请求路径: http://127.0.0.1:8888/api/private/v1/users/$cache%7Bid%7D/state/701133
请求方式: PUT
请求头:   {'User-Agent': 'python-requests/2.28.2', 'Accept-Encoding': 'gzip, deflate', 'Accept': '*/*', 'Connection': 'keep-alive', 'Authorization': 'Bearer eyJhbGciOiJIUzI1NiIsInR5cCI6IkpXVCJ9.eyJ1aWQiOjUwMCwicmlkIjowLCJpYXQiOjE2ODIzNDE3NTgsImV4cCI6MTY4MjQyODE1OH0.fM7IY0P0cw0qN5ubyaevcNj9WBDjrVcgE_kRukpMLvs', 'Content-Length': '0'}
请求内容: None
接口响应内容: {'data': None, 'meta': {'msg': '用户ID必须是数字', 'status': 400}}
接口响应时长: 1 ms
Http状态码: 200
断言结果: 200
=====================================================
INFO    2023-04-24 21:09:18,149G:\auto_api1_framework\logs\info-2023-04-24.log:log_decorator.py:42 
======================================================
用例标题: 修改用户状态成功（state为纯字母）
请求路径: http://127.0.0.1:8888/api/private/v1/users/$cache%7Bid%7D/state/SUBnXE
请求方式: PUT
请求头:   {'User-Agent': 'python-requests/2.28.2', 'Accept-Encoding': 'gzip, deflate', 'Accept': '*/*', 'Connection': 'keep-alive', 'Authorization': 'Bearer eyJhbGciOiJIUzI1NiIsInR5cCI6IkpXVCJ9.eyJ1aWQiOjUwMCwicmlkIjowLCJpYXQiOjE2ODIzNDE3NTgsImV4cCI6MTY4MjQyODE1OH0.fM7IY0P0cw0qN5ubyaevcNj9WBDjrVcgE_kRukpMLvs', 'Content-Length': '0'}
请求内容: None
接口响应内容: {'data': None, 'meta': {'msg': '用户ID必须是数字', 'status': 400}}
接口响应时长: 1 ms
Http状态码: 200
断言结果: 200
=====================================================
INFO    2023-04-24 21:09:18,162G:\auto_api1_framework\logs\info-2023-04-24.log:log_decorator.py:42 
======================================================
用例标题: 修改用户状态成功（state包含特殊字符）
请求路径: http://127.0.0.1:8888/api/private/v1/users/$cache%7Bid%7D/state/#*&%25$
请求方式: PUT
请求头:   {'User-Agent': 'python-requests/2.28.2', 'Accept-Encoding': 'gzip, deflate', 'Accept': '*/*', 'Connection': 'keep-alive', 'Authorization': 'Bearer eyJhbGciOiJIUzI1NiIsInR5cCI6IkpXVCJ9.eyJ1aWQiOjUwMCwicmlkIjowLCJpYXQiOjE2ODIzNDE3NTgsImV4cCI6MTY4MjQyODE1OH0.fM7IY0P0cw0qN5ubyaevcNj9WBDjrVcgE_kRukpMLvs', 'Content-Length': '0'}
请求内容: None
接口响应内容: {'data': None, 'meta': {'msg': 'Not Found', 'status': 404}}
接口响应时长: 1 ms
Http状态码: 200
断言结果: 200
=====================================================
INFO    2023-04-24 21:10:17,608G:\auto_api1_framework\logs\info-2023-04-24.log:log_decorator.py:42 
======================================================
用例标题: 修改用户状态失败（id为字符串）
请求路径: http://127.0.0.1:8888/api/private/v1/users/dQInIT/state/false
请求方式: PUT
请求头:   {'User-Agent': 'python-requests/2.28.2', 'Accept-Encoding': 'gzip, deflate', 'Accept': '*/*', 'Connection': 'keep-alive', 'Authorization': 'Bearer eyJhbGciOiJIUzI1NiIsInR5cCI6IkpXVCJ9.eyJ1aWQiOjUwMCwicmlkIjowLCJpYXQiOjE2ODIzNDE4MTcsImV4cCI6MTY4MjQyODIxN30.5FwE5pNaROq6s0erRLGFCcm1l8u4X7Iz7FgPZiYW0Es', 'Content-Length': '0'}
请求内容: None
接口响应内容: {'data': None, 'meta': {'msg': '用户ID必须是数字', 'status': 400}}
接口响应时长: 2 ms
Http状态码: 200
断言结果: 200
=====================================================
INFO    2023-04-24 21:10:17,615G:\auto_api1_framework\logs\info-2023-04-24.log:log_decorator.py:42 
======================================================
用例标题: 修改用户状态失败（id包含特殊字符）
请求路径: http://127.0.0.1:8888/api/private/v1/users/$&**$/state/false
请求方式: PUT
请求头:   {'User-Agent': 'python-requests/2.28.2', 'Accept-Encoding': 'gzip, deflate', 'Accept': '*/*', 'Connection': 'keep-alive', 'Authorization': 'Bearer eyJhbGciOiJIUzI1NiIsInR5cCI6IkpXVCJ9.eyJ1aWQiOjUwMCwicmlkIjowLCJpYXQiOjE2ODIzNDE4MTcsImV4cCI6MTY4MjQyODIxN30.5FwE5pNaROq6s0erRLGFCcm1l8u4X7Iz7FgPZiYW0Es', 'Content-Length': '0'}
请求内容: None
接口响应内容: {'data': None, 'meta': {'msg': '用户ID必须是数字', 'status': 400}}
接口响应时长: 2 ms
Http状态码: 200
断言结果: 200
=====================================================
INFO    2023-04-24 21:10:17,620G:\auto_api1_framework\logs\info-2023-04-24.log:log_decorator.py:42 
======================================================
用例标题: 修改用户状态失败（id不存在）
请求路径: http://127.0.0.1:8888/api/private/v1/users/state/false
请求方式: PUT
请求头:   {'User-Agent': 'python-requests/2.28.2', 'Accept-Encoding': 'gzip, deflate', 'Accept': '*/*', 'Connection': 'keep-alive', 'Authorization': 'Bearer eyJhbGciOiJIUzI1NiIsInR5cCI6IkpXVCJ9.eyJ1aWQiOjUwMCwicmlkIjowLCJpYXQiOjE2ODIzNDE4MTcsImV4cCI6MTY4MjQyODIxN30.5FwE5pNaROq6s0erRLGFCcm1l8u4X7Iz7FgPZiYW0Es', 'Content-Length': '0'}
请求内容: None
接口响应内容: {'data': None, 'meta': {'msg': 'Not Found', 'status': 404}}
接口响应时长: 2 ms
Http状态码: 200
断言结果: 200
=====================================================
INFO    2023-04-24 21:10:17,626G:\auto_api1_framework\logs\info-2023-04-24.log:log_decorator.py:42 
======================================================
用例标题: 修改用户状态失败（state为空）
请求路径: http://127.0.0.1:8888/api/private/v1/users/$cache%7Bid%7D/state
请求方式: PUT
请求头:   {'User-Agent': 'python-requests/2.28.2', 'Accept-Encoding': 'gzip, deflate', 'Accept': '*/*', 'Connection': 'keep-alive', 'Authorization': 'Bearer eyJhbGciOiJIUzI1NiIsInR5cCI6IkpXVCJ9.eyJ1aWQiOjUwMCwicmlkIjowLCJpYXQiOjE2ODIzNDE4MTcsImV4cCI6MTY4MjQyODIxN30.5FwE5pNaROq6s0erRLGFCcm1l8u4X7Iz7FgPZiYW0Es', 'Content-Length': '0'}
请求内容: None
接口响应内容: {'data': None, 'meta': {'msg': 'Not Found', 'status': 404}}
接口响应时长: 2 ms
Http状态码: 200
断言结果: 200
=====================================================
INFO    2023-04-24 21:10:17,631G:\auto_api1_framework\logs\info-2023-04-24.log:log_decorator.py:42 
======================================================
用例标题: 修改用户状态成功（state为纯数字）
请求路径: http://127.0.0.1:8888/api/private/v1/users/$cache%7Bid%7D/state/330701
请求方式: PUT
请求头:   {'User-Agent': 'python-requests/2.28.2', 'Accept-Encoding': 'gzip, deflate', 'Accept': '*/*', 'Connection': 'keep-alive', 'Authorization': 'Bearer eyJhbGciOiJIUzI1NiIsInR5cCI6IkpXVCJ9.eyJ1aWQiOjUwMCwicmlkIjowLCJpYXQiOjE2ODIzNDE4MTcsImV4cCI6MTY4MjQyODIxN30.5FwE5pNaROq6s0erRLGFCcm1l8u4X7Iz7FgPZiYW0Es', 'Content-Length': '0'}
请求内容: None
接口响应内容: {'data': None, 'meta': {'msg': '用户ID必须是数字', 'status': 400}}
接口响应时长: 2 ms
Http状态码: 200
断言结果: 200
=====================================================
INFO    2023-04-24 21:10:17,646G:\auto_api1_framework\logs\info-2023-04-24.log:log_decorator.py:42 
======================================================
用例标题: 修改用户状态成功（state为纯字母）
请求路径: http://127.0.0.1:8888/api/private/v1/users/$cache%7Bid%7D/state/OmlABm
请求方式: PUT
请求头:   {'User-Agent': 'python-requests/2.28.2', 'Accept-Encoding': 'gzip, deflate', 'Accept': '*/*', 'Connection': 'keep-alive', 'Authorization': 'Bearer eyJhbGciOiJIUzI1NiIsInR5cCI6IkpXVCJ9.eyJ1aWQiOjUwMCwicmlkIjowLCJpYXQiOjE2ODIzNDE4MTcsImV4cCI6MTY4MjQyODIxN30.5FwE5pNaROq6s0erRLGFCcm1l8u4X7Iz7FgPZiYW0Es', 'Content-Length': '0'}
请求内容: None
接口响应内容: {'data': None, 'meta': {'msg': '用户ID必须是数字', 'status': 400}}
接口响应时长: 2 ms
Http状态码: 200
断言结果: 200
=====================================================
INFO    2023-04-24 21:10:17,660G:\auto_api1_framework\logs\info-2023-04-24.log:log_decorator.py:42 
======================================================
用例标题: 修改用户状态成功（state包含特殊字符）
请求路径: http://127.0.0.1:8888/api/private/v1/users/$cache%7Bid%7D/state/$%25!$$
请求方式: PUT
请求头:   {'User-Agent': 'python-requests/2.28.2', 'Accept-Encoding': 'gzip, deflate', 'Accept': '*/*', 'Connection': 'keep-alive', 'Authorization': 'Bearer eyJhbGciOiJIUzI1NiIsInR5cCI6IkpXVCJ9.eyJ1aWQiOjUwMCwicmlkIjowLCJpYXQiOjE2ODIzNDE4MTcsImV4cCI6MTY4MjQyODIxN30.5FwE5pNaROq6s0erRLGFCcm1l8u4X7Iz7FgPZiYW0Es', 'Content-Length': '0'}
请求内容: None
接口响应内容: {'data': None, 'meta': {'msg': '用户ID必须是数字', 'status': 400}}
接口响应时长: 2 ms
Http状态码: 200
断言结果: 200
=====================================================
INFO    2023-04-24 21:11:58,663G:\auto_api1_framework\logs\info-2023-04-24.log:log_decorator.py:42 
======================================================
用例标题: 创建用户成功（必填参数）
请求路径: http://127.0.0.1:8888/api/private/v1/users
请求方式: POST
请求头:   {'User-Agent': 'python-requests/2.28.2', 'Accept-Encoding': 'gzip, deflate', 'Accept': '*/*', 'Connection': 'keep-alive', 'Content-Type': 'application/json', 'Authorization': 'Bearer eyJhbGciOiJIUzI1NiIsInR5cCI6IkpXVCJ9.eyJ1aWQiOjUwMCwicmlkIjowLCJpYXQiOjE2ODIzNDE5MTgsImV4cCI6MTY4MjQyODMxOH0.1gQYyMUJ_v_9KGcbHUjS0dC5eD8M6j8ioFX-VdgA_Y8', 'Content-Length': '50'}
请求内容: {'username': 'NTU44ug521', 'password': 'W^20XxT1'}
接口响应内容: {'data': None, 'meta': {'msg': '用户名已存在', 'status': 400}}
接口响应时长: 3 ms
Http状态码: 200
断言结果: 200
=====================================================
INFO    2023-04-24 21:12:08,730G:\auto_api1_framework\logs\info-2023-04-24.log:log_decorator.py:42 
======================================================
用例标题: 修改用户状态失败（id为字符串）
请求路径: http://127.0.0.1:8888/api/private/v1/users/PLvqvq/state/false
请求方式: PUT
请求头:   {'User-Agent': 'python-requests/2.28.2', 'Accept-Encoding': 'gzip, deflate', 'Accept': '*/*', 'Connection': 'keep-alive', 'Authorization': 'Bearer eyJhbGciOiJIUzI1NiIsInR5cCI6IkpXVCJ9.eyJ1aWQiOjUwMCwicmlkIjowLCJpYXQiOjE2ODIzNDE5MjgsImV4cCI6MTY4MjQyODMyOH0.OziRjVnb89RiDXXTkWdmHjjaYU7F8nA6QRDyCL9K8w8', 'Content-Length': '0'}
请求内容: None
接口响应内容: {'data': None, 'meta': {'msg': '用户ID必须是数字', 'status': 400}}
接口响应时长: 1 ms
Http状态码: 200
断言结果: 200
=====================================================
INFO    2023-04-24 21:12:08,736G:\auto_api1_framework\logs\info-2023-04-24.log:log_decorator.py:42 
======================================================
用例标题: 修改用户状态失败（id包含特殊字符）
请求路径: http://127.0.0.1:8888/api/private/v1/users/_)&%25%5E/state/false
请求方式: PUT
请求头:   {'User-Agent': 'python-requests/2.28.2', 'Accept-Encoding': 'gzip, deflate', 'Accept': '*/*', 'Connection': 'keep-alive', 'Authorization': 'Bearer eyJhbGciOiJIUzI1NiIsInR5cCI6IkpXVCJ9.eyJ1aWQiOjUwMCwicmlkIjowLCJpYXQiOjE2ODIzNDE5MjgsImV4cCI6MTY4MjQyODMyOH0.OziRjVnb89RiDXXTkWdmHjjaYU7F8nA6QRDyCL9K8w8', 'Content-Length': '0'}
请求内容: None
接口响应内容: {'data': None, 'meta': {'msg': '用户ID必须是数字', 'status': 400}}
接口响应时长: 1 ms
Http状态码: 200
断言结果: 200
=====================================================
INFO    2023-04-24 21:12:08,741G:\auto_api1_framework\logs\info-2023-04-24.log:log_decorator.py:42 
======================================================
用例标题: 修改用户状态失败（id不存在）
请求路径: http://127.0.0.1:8888/api/private/v1/users/state/false
请求方式: PUT
请求头:   {'User-Agent': 'python-requests/2.28.2', 'Accept-Encoding': 'gzip, deflate', 'Accept': '*/*', 'Connection': 'keep-alive', 'Authorization': 'Bearer eyJhbGciOiJIUzI1NiIsInR5cCI6IkpXVCJ9.eyJ1aWQiOjUwMCwicmlkIjowLCJpYXQiOjE2ODIzNDE5MjgsImV4cCI6MTY4MjQyODMyOH0.OziRjVnb89RiDXXTkWdmHjjaYU7F8nA6QRDyCL9K8w8', 'Content-Length': '0'}
请求内容: None
接口响应内容: {'data': None, 'meta': {'msg': 'Not Found', 'status': 404}}
接口响应时长: 1 ms
Http状态码: 200
断言结果: 200
=====================================================
INFO    2023-04-24 21:12:08,746G:\auto_api1_framework\logs\info-2023-04-24.log:log_decorator.py:42 
======================================================
用例标题: 修改用户状态失败（state为空）
请求路径: http://127.0.0.1:8888/api/private/v1/users/$cache%7Bid%7D/state
请求方式: PUT
请求头:   {'User-Agent': 'python-requests/2.28.2', 'Accept-Encoding': 'gzip, deflate', 'Accept': '*/*', 'Connection': 'keep-alive', 'Authorization': 'Bearer eyJhbGciOiJIUzI1NiIsInR5cCI6IkpXVCJ9.eyJ1aWQiOjUwMCwicmlkIjowLCJpYXQiOjE2ODIzNDE5MjgsImV4cCI6MTY4MjQyODMyOH0.OziRjVnb89RiDXXTkWdmHjjaYU7F8nA6QRDyCL9K8w8', 'Content-Length': '0'}
请求内容: None
接口响应内容: {'data': None, 'meta': {'msg': 'Not Found', 'status': 404}}
接口响应时长: 1 ms
Http状态码: 200
断言结果: 200
=====================================================
INFO    2023-04-24 21:12:08,753G:\auto_api1_framework\logs\info-2023-04-24.log:log_decorator.py:42 
======================================================
用例标题: 修改用户状态成功（state为纯数字）
请求路径: http://127.0.0.1:8888/api/private/v1/users/$cache%7Bid%7D/state/649611
请求方式: PUT
请求头:   {'User-Agent': 'python-requests/2.28.2', 'Accept-Encoding': 'gzip, deflate', 'Accept': '*/*', 'Connection': 'keep-alive', 'Authorization': 'Bearer eyJhbGciOiJIUzI1NiIsInR5cCI6IkpXVCJ9.eyJ1aWQiOjUwMCwicmlkIjowLCJpYXQiOjE2ODIzNDE5MjgsImV4cCI6MTY4MjQyODMyOH0.OziRjVnb89RiDXXTkWdmHjjaYU7F8nA6QRDyCL9K8w8', 'Content-Length': '0'}
请求内容: None
接口响应内容: {'data': None, 'meta': {'msg': '用户ID必须是数字', 'status': 400}}
接口响应时长: 2 ms
Http状态码: 200
断言结果: 200
=====================================================
INFO    2023-04-24 21:12:08,765G:\auto_api1_framework\logs\info-2023-04-24.log:log_decorator.py:42 
======================================================
用例标题: 修改用户状态成功（state为纯字母）
请求路径: http://127.0.0.1:8888/api/private/v1/users/$cache%7Bid%7D/state/bEURXA
请求方式: PUT
请求头:   {'User-Agent': 'python-requests/2.28.2', 'Accept-Encoding': 'gzip, deflate', 'Accept': '*/*', 'Connection': 'keep-alive', 'Authorization': 'Bearer eyJhbGciOiJIUzI1NiIsInR5cCI6IkpXVCJ9.eyJ1aWQiOjUwMCwicmlkIjowLCJpYXQiOjE2ODIzNDE5MjgsImV4cCI6MTY4MjQyODMyOH0.OziRjVnb89RiDXXTkWdmHjjaYU7F8nA6QRDyCL9K8w8', 'Content-Length': '0'}
请求内容: None
接口响应内容: {'data': None, 'meta': {'msg': '用户ID必须是数字', 'status': 400}}
接口响应时长: 1 ms
Http状态码: 200
断言结果: 200
=====================================================
INFO    2023-04-24 21:12:08,780G:\auto_api1_framework\logs\info-2023-04-24.log:log_decorator.py:42 
======================================================
用例标题: 修改用户状态成功（state包含特殊字符）
请求路径: http://127.0.0.1:8888/api/private/v1/users/$cache%7Bid%7D/state/$!@)_
请求方式: PUT
请求头:   {'User-Agent': 'python-requests/2.28.2', 'Accept-Encoding': 'gzip, deflate', 'Accept': '*/*', 'Connection': 'keep-alive', 'Authorization': 'Bearer eyJhbGciOiJIUzI1NiIsInR5cCI6IkpXVCJ9.eyJ1aWQiOjUwMCwicmlkIjowLCJpYXQiOjE2ODIzNDE5MjgsImV4cCI6MTY4MjQyODMyOH0.OziRjVnb89RiDXXTkWdmHjjaYU7F8nA6QRDyCL9K8w8', 'Content-Length': '0'}
请求内容: None
接口响应内容: {'data': None, 'meta': {'msg': '用户ID必须是数字', 'status': 400}}
接口响应时长: 2 ms
Http状态码: 200
断言结果: 200
=====================================================
INFO    2023-04-24 21:16:07,426G:\auto_api1_framework\logs\info-2023-04-24.log:log_decorator.py:42 
======================================================
用例标题: 修改用户状态失败（id为字符串）
请求路径: http://127.0.0.1:8888/api/private/v1/users/TjXuCd/state/false
请求方式: PUT
请求头:   {'User-Agent': 'python-requests/2.28.2', 'Accept-Encoding': 'gzip, deflate', 'Accept': '*/*', 'Connection': 'keep-alive', 'Authorization': 'Bearer eyJhbGciOiJIUzI1NiIsInR5cCI6IkpXVCJ9.eyJ1aWQiOjUwMCwicmlkIjowLCJpYXQiOjE2ODIzNDIxNjcsImV4cCI6MTY4MjQyODU2N30.9iAwcebcscf6MCsnvfPU7Wl7Cn4VSu6-FqdvSNs7VSI', 'Content-Length': '0'}
请求内容: None
接口响应内容: {'data': None, 'meta': {'msg': '用户ID必须是数字', 'status': 400}}
接口响应时长: 2 ms
Http状态码: 200
断言结果: 200
=====================================================
INFO    2023-04-24 21:16:07,433G:\auto_api1_framework\logs\info-2023-04-24.log:log_decorator.py:42 
======================================================
用例标题: 修改用户状态失败（id包含特殊字符）
请求路径: http://127.0.0.1:8888/api/private/v1/users/!@&+%25/state/false
请求方式: PUT
请求头:   {'User-Agent': 'python-requests/2.28.2', 'Accept-Encoding': 'gzip, deflate', 'Accept': '*/*', 'Connection': 'keep-alive', 'Authorization': 'Bearer eyJhbGciOiJIUzI1NiIsInR5cCI6IkpXVCJ9.eyJ1aWQiOjUwMCwicmlkIjowLCJpYXQiOjE2ODIzNDIxNjcsImV4cCI6MTY4MjQyODU2N30.9iAwcebcscf6MCsnvfPU7Wl7Cn4VSu6-FqdvSNs7VSI', 'Content-Length': '0'}
请求内容: None
接口响应内容: {'data': None, 'meta': {'msg': '用户ID必须是数字', 'status': 400}}
接口响应时长: 2 ms
Http状态码: 200
断言结果: 200
=====================================================
INFO    2023-04-24 21:16:07,438G:\auto_api1_framework\logs\info-2023-04-24.log:log_decorator.py:42 
======================================================
用例标题: 修改用户状态失败（id不存在）
请求路径: http://127.0.0.1:8888/api/private/v1/users/state/false
请求方式: PUT
请求头:   {'User-Agent': 'python-requests/2.28.2', 'Accept-Encoding': 'gzip, deflate', 'Accept': '*/*', 'Connection': 'keep-alive', 'Authorization': 'Bearer eyJhbGciOiJIUzI1NiIsInR5cCI6IkpXVCJ9.eyJ1aWQiOjUwMCwicmlkIjowLCJpYXQiOjE2ODIzNDIxNjcsImV4cCI6MTY4MjQyODU2N30.9iAwcebcscf6MCsnvfPU7Wl7Cn4VSu6-FqdvSNs7VSI', 'Content-Length': '0'}
请求内容: None
接口响应内容: {'data': None, 'meta': {'msg': 'Not Found', 'status': 404}}
接口响应时长: 2 ms
Http状态码: 200
断言结果: 200
=====================================================
INFO    2023-04-24 21:16:07,444G:\auto_api1_framework\logs\info-2023-04-24.log:log_decorator.py:42 
======================================================
用例标题: 修改用户状态失败（state为空）
请求路径: http://127.0.0.1:8888/api/private/v1/users/$cache%7Bid%7D/state
请求方式: PUT
请求头:   {'User-Agent': 'python-requests/2.28.2', 'Accept-Encoding': 'gzip, deflate', 'Accept': '*/*', 'Connection': 'keep-alive', 'Authorization': 'Bearer eyJhbGciOiJIUzI1NiIsInR5cCI6IkpXVCJ9.eyJ1aWQiOjUwMCwicmlkIjowLCJpYXQiOjE2ODIzNDIxNjcsImV4cCI6MTY4MjQyODU2N30.9iAwcebcscf6MCsnvfPU7Wl7Cn4VSu6-FqdvSNs7VSI', 'Content-Length': '0'}
请求内容: None
接口响应内容: {'data': None, 'meta': {'msg': 'Not Found', 'status': 404}}
接口响应时长: 1 ms
Http状态码: 200
断言结果: 200
=====================================================
INFO    2023-04-24 21:16:07,449G:\auto_api1_framework\logs\info-2023-04-24.log:log_decorator.py:42 
======================================================
用例标题: 修改用户状态成功（state为纯数字）
请求路径: http://127.0.0.1:8888/api/private/v1/users/$cache%7Bid%7D/state/820654
请求方式: PUT
请求头:   {'User-Agent': 'python-requests/2.28.2', 'Accept-Encoding': 'gzip, deflate', 'Accept': '*/*', 'Connection': 'keep-alive', 'Authorization': 'Bearer eyJhbGciOiJIUzI1NiIsInR5cCI6IkpXVCJ9.eyJ1aWQiOjUwMCwicmlkIjowLCJpYXQiOjE2ODIzNDIxNjcsImV4cCI6MTY4MjQyODU2N30.9iAwcebcscf6MCsnvfPU7Wl7Cn4VSu6-FqdvSNs7VSI', 'Content-Length': '0'}
请求内容: None
接口响应内容: {'data': None, 'meta': {'msg': '用户ID必须是数字', 'status': 400}}
接口响应时长: 2 ms
Http状态码: 200
断言结果: 200
=====================================================
INFO    2023-04-24 21:16:07,461G:\auto_api1_framework\logs\info-2023-04-24.log:log_decorator.py:42 
======================================================
用例标题: 修改用户状态成功（state为纯字母）
请求路径: http://127.0.0.1:8888/api/private/v1/users/$cache%7Bid%7D/state/GZnUbj
请求方式: PUT
请求头:   {'User-Agent': 'python-requests/2.28.2', 'Accept-Encoding': 'gzip, deflate', 'Accept': '*/*', 'Connection': 'keep-alive', 'Authorization': 'Bearer eyJhbGciOiJIUzI1NiIsInR5cCI6IkpXVCJ9.eyJ1aWQiOjUwMCwicmlkIjowLCJpYXQiOjE2ODIzNDIxNjcsImV4cCI6MTY4MjQyODU2N30.9iAwcebcscf6MCsnvfPU7Wl7Cn4VSu6-FqdvSNs7VSI', 'Content-Length': '0'}
请求内容: None
接口响应内容: {'data': None, 'meta': {'msg': '用户ID必须是数字', 'status': 400}}
接口响应时长: 1 ms
Http状态码: 200
断言结果: 200
=====================================================
INFO    2023-04-24 21:16:07,476G:\auto_api1_framework\logs\info-2023-04-24.log:log_decorator.py:42 
======================================================
用例标题: 修改用户状态成功（state包含特殊字符）
请求路径: http://127.0.0.1:8888/api/private/v1/users/$cache%7Bid%7D/state/(++!*
请求方式: PUT
请求头:   {'User-Agent': 'python-requests/2.28.2', 'Accept-Encoding': 'gzip, deflate', 'Accept': '*/*', 'Connection': 'keep-alive', 'Authorization': 'Bearer eyJhbGciOiJIUzI1NiIsInR5cCI6IkpXVCJ9.eyJ1aWQiOjUwMCwicmlkIjowLCJpYXQiOjE2ODIzNDIxNjcsImV4cCI6MTY4MjQyODU2N30.9iAwcebcscf6MCsnvfPU7Wl7Cn4VSu6-FqdvSNs7VSI', 'Content-Length': '0'}
请求内容: None
接口响应内容: {'data': None, 'meta': {'msg': '用户ID必须是数字', 'status': 400}}
接口响应时长: 1 ms
Http状态码: 200
断言结果: 200
=====================================================
INFO    2023-04-24 21:20:09,758G:\auto_api1_framework\logs\info-2023-04-24.log:log_decorator.py:42 
======================================================
用例标题: 修改用户状态失败（id为字符串）
请求路径: http://127.0.0.1:8888/api/private/v1/users/FgaTFy/state/false
请求方式: PUT
请求头:   {'User-Agent': 'python-requests/2.28.2', 'Accept-Encoding': 'gzip, deflate', 'Accept': '*/*', 'Connection': 'keep-alive', 'Authorization': 'Bearer eyJhbGciOiJIUzI1NiIsInR5cCI6IkpXVCJ9.eyJ1aWQiOjUwMCwicmlkIjowLCJpYXQiOjE2ODIzNDI0MDksImV4cCI6MTY4MjQyODgwOX0.k5CByizTQkE0qtUeT3np4GMXfGnmrr5E9jVn_PLmTe0', 'Content-Length': '0'}
请求内容: None
接口响应内容: {'data': None, 'meta': {'msg': '用户ID必须是数字', 'status': 400}}
接口响应时长: 2 ms
Http状态码: 200
断言结果: 200
=====================================================
INFO    2023-04-24 21:20:09,764G:\auto_api1_framework\logs\info-2023-04-24.log:log_decorator.py:42 
======================================================
用例标题: 修改用户状态失败（id包含特殊字符）
请求路径: http://127.0.0.1:8888/api/private/v1/users/#@+_%25/state/false
请求方式: PUT
请求头:   {'User-Agent': 'python-requests/2.28.2', 'Accept-Encoding': 'gzip, deflate', 'Accept': '*/*', 'Connection': 'keep-alive', 'Authorization': 'Bearer eyJhbGciOiJIUzI1NiIsInR5cCI6IkpXVCJ9.eyJ1aWQiOjUwMCwicmlkIjowLCJpYXQiOjE2ODIzNDI0MDksImV4cCI6MTY4MjQyODgwOX0.k5CByizTQkE0qtUeT3np4GMXfGnmrr5E9jVn_PLmTe0', 'Content-Length': '0'}
请求内容: None
接口响应内容: {'data': None, 'meta': {'msg': 'Not Found', 'status': 404}}
接口响应时长: 2 ms
Http状态码: 200
断言结果: 200
=====================================================
INFO    2023-04-24 21:20:09,780G:\auto_api1_framework\logs\info-2023-04-24.log:log_decorator.py:42 
======================================================
用例标题: 修改用户状态失败（id不存在）
请求路径: http://127.0.0.1:8888/api/private/v1/users/state/false
请求方式: PUT
请求头:   {'User-Agent': 'python-requests/2.28.2', 'Accept-Encoding': 'gzip, deflate', 'Accept': '*/*', 'Connection': 'keep-alive', 'Authorization': 'Bearer eyJhbGciOiJIUzI1NiIsInR5cCI6IkpXVCJ9.eyJ1aWQiOjUwMCwicmlkIjowLCJpYXQiOjE2ODIzNDI0MDksImV4cCI6MTY4MjQyODgwOX0.k5CByizTQkE0qtUeT3np4GMXfGnmrr5E9jVn_PLmTe0', 'Content-Length': '0'}
请求内容: None
接口响应内容: {'data': None, 'meta': {'msg': 'Not Found', 'status': 404}}
接口响应时长: 2 ms
Http状态码: 200
断言结果: 200
=====================================================
INFO    2023-04-24 21:20:09,785G:\auto_api1_framework\logs\info-2023-04-24.log:log_decorator.py:42 
======================================================
用例标题: 修改用户状态失败（state为空）
请求路径: http://127.0.0.1:8888/api/private/v1/users/$cache%7Bid%7D/state
请求方式: PUT
请求头:   {'User-Agent': 'python-requests/2.28.2', 'Accept-Encoding': 'gzip, deflate', 'Accept': '*/*', 'Connection': 'keep-alive', 'Authorization': 'Bearer eyJhbGciOiJIUzI1NiIsInR5cCI6IkpXVCJ9.eyJ1aWQiOjUwMCwicmlkIjowLCJpYXQiOjE2ODIzNDI0MDksImV4cCI6MTY4MjQyODgwOX0.k5CByizTQkE0qtUeT3np4GMXfGnmrr5E9jVn_PLmTe0', 'Content-Length': '0'}
请求内容: None
接口响应内容: {'data': None, 'meta': {'msg': 'Not Found', 'status': 404}}
接口响应时长: 1 ms
Http状态码: 200
断言结果: 200
=====================================================
INFO    2023-04-24 21:20:09,791G:\auto_api1_framework\logs\info-2023-04-24.log:log_decorator.py:42 
======================================================
用例标题: 修改用户状态成功（state为纯数字）
请求路径: http://127.0.0.1:8888/api/private/v1/users/$cache%7Bid%7D/state/760688
请求方式: PUT
请求头:   {'User-Agent': 'python-requests/2.28.2', 'Accept-Encoding': 'gzip, deflate', 'Accept': '*/*', 'Connection': 'keep-alive', 'Authorization': 'Bearer eyJhbGciOiJIUzI1NiIsInR5cCI6IkpXVCJ9.eyJ1aWQiOjUwMCwicmlkIjowLCJpYXQiOjE2ODIzNDI0MDksImV4cCI6MTY4MjQyODgwOX0.k5CByizTQkE0qtUeT3np4GMXfGnmrr5E9jVn_PLmTe0', 'Content-Length': '0'}
请求内容: None
接口响应内容: {'data': None, 'meta': {'msg': '用户ID必须是数字', 'status': 400}}
接口响应时长: 2 ms
Http状态码: 200
断言结果: 200
=====================================================
INFO    2023-04-24 21:20:09,803G:\auto_api1_framework\logs\info-2023-04-24.log:log_decorator.py:42 
======================================================
用例标题: 修改用户状态成功（state为纯字母）
请求路径: http://127.0.0.1:8888/api/private/v1/users/$cache%7Bid%7D/state/TFVKUx
请求方式: PUT
请求头:   {'User-Agent': 'python-requests/2.28.2', 'Accept-Encoding': 'gzip, deflate', 'Accept': '*/*', 'Connection': 'keep-alive', 'Authorization': 'Bearer eyJhbGciOiJIUzI1NiIsInR5cCI6IkpXVCJ9.eyJ1aWQiOjUwMCwicmlkIjowLCJpYXQiOjE2ODIzNDI0MDksImV4cCI6MTY4MjQyODgwOX0.k5CByizTQkE0qtUeT3np4GMXfGnmrr5E9jVn_PLmTe0', 'Content-Length': '0'}
请求内容: None
接口响应内容: {'data': None, 'meta': {'msg': '用户ID必须是数字', 'status': 400}}
接口响应时长: 2 ms
Http状态码: 200
断言结果: 200
=====================================================
INFO    2023-04-24 21:20:09,818G:\auto_api1_framework\logs\info-2023-04-24.log:log_decorator.py:42 
======================================================
用例标题: 修改用户状态成功（state包含特殊字符）
请求路径: http://127.0.0.1:8888/api/private/v1/users/$cache%7Bid%7D/state/#)@@*
请求方式: PUT
请求头:   {'User-Agent': 'python-requests/2.28.2', 'Accept-Encoding': 'gzip, deflate', 'Accept': '*/*', 'Connection': 'keep-alive', 'Authorization': 'Bearer eyJhbGciOiJIUzI1NiIsInR5cCI6IkpXVCJ9.eyJ1aWQiOjUwMCwicmlkIjowLCJpYXQiOjE2ODIzNDI0MDksImV4cCI6MTY4MjQyODgwOX0.k5CByizTQkE0qtUeT3np4GMXfGnmrr5E9jVn_PLmTe0', 'Content-Length': '0'}
请求内容: None
接口响应内容: {'data': None, 'meta': {'msg': 'Not Found', 'status': 404}}
接口响应时长: 2 ms
Http状态码: 200
断言结果: 200
=====================================================
INFO    2023-04-24 21:25:00,672G:\auto_api1_framework\logs\info-2023-04-24.log:log_decorator.py:42 
======================================================
用例标题: 修改用户状态失败（id为字符串）
请求路径: http://127.0.0.1:8888/api/private/v1/users/aaNXoD/state/false
请求方式: PUT
请求头:   {'User-Agent': 'python-requests/2.28.2', 'Accept-Encoding': 'gzip, deflate', 'Accept': '*/*', 'Connection': 'keep-alive', 'Authorization': 'Bearer eyJhbGciOiJIUzI1NiIsInR5cCI6IkpXVCJ9.eyJ1aWQiOjUwMCwicmlkIjowLCJpYXQiOjE2ODIzNDI3MDAsImV4cCI6MTY4MjQyOTEwMH0.Hgj34trjDeP-m7D4t4hnscVBN0AvYecSywy0TybNLcw', 'Content-Length': '0'}
请求内容: None
接口响应内容: {'data': None, 'meta': {'msg': '用户ID必须是数字', 'status': 400}}
接口响应时长: 1 ms
Http状态码: 200
断言结果: 200
=====================================================
INFO    2023-04-24 21:25:00,678G:\auto_api1_framework\logs\info-2023-04-24.log:log_decorator.py:42 
======================================================
用例标题: 修改用户状态失败（id包含特殊字符）
请求路径: http://127.0.0.1:8888/api/private/v1/users/*%25))(/state/false
请求方式: PUT
请求头:   {'User-Agent': 'python-requests/2.28.2', 'Accept-Encoding': 'gzip, deflate', 'Accept': '*/*', 'Connection': 'keep-alive', 'Authorization': 'Bearer eyJhbGciOiJIUzI1NiIsInR5cCI6IkpXVCJ9.eyJ1aWQiOjUwMCwicmlkIjowLCJpYXQiOjE2ODIzNDI3MDAsImV4cCI6MTY4MjQyOTEwMH0.Hgj34trjDeP-m7D4t4hnscVBN0AvYecSywy0TybNLcw', 'Content-Length': '0'}
请求内容: None
接口响应内容: {'data': None, 'meta': {'msg': '用户ID必须是数字', 'status': 400}}
接口响应时长: 1 ms
Http状态码: 200
断言结果: 200
=====================================================
INFO    2023-04-24 21:25:00,683G:\auto_api1_framework\logs\info-2023-04-24.log:log_decorator.py:42 
======================================================
用例标题: 修改用户状态失败（id不存在）
请求路径: http://127.0.0.1:8888/api/private/v1/users/state/false
请求方式: PUT
请求头:   {'User-Agent': 'python-requests/2.28.2', 'Accept-Encoding': 'gzip, deflate', 'Accept': '*/*', 'Connection': 'keep-alive', 'Authorization': 'Bearer eyJhbGciOiJIUzI1NiIsInR5cCI6IkpXVCJ9.eyJ1aWQiOjUwMCwicmlkIjowLCJpYXQiOjE2ODIzNDI3MDAsImV4cCI6MTY4MjQyOTEwMH0.Hgj34trjDeP-m7D4t4hnscVBN0AvYecSywy0TybNLcw', 'Content-Length': '0'}
请求内容: None
接口响应内容: {'data': None, 'meta': {'msg': 'Not Found', 'status': 404}}
接口响应时长: 1 ms
Http状态码: 200
断言结果: 200
=====================================================
INFO    2023-04-24 21:25:00,689G:\auto_api1_framework\logs\info-2023-04-24.log:log_decorator.py:42 
======================================================
用例标题: 修改用户状态失败（state为空）
请求路径: http://127.0.0.1:8888/api/private/v1/users/$cache%7Bid%7D/state
请求方式: PUT
请求头:   {'User-Agent': 'python-requests/2.28.2', 'Accept-Encoding': 'gzip, deflate', 'Accept': '*/*', 'Connection': 'keep-alive', 'Authorization': 'Bearer eyJhbGciOiJIUzI1NiIsInR5cCI6IkpXVCJ9.eyJ1aWQiOjUwMCwicmlkIjowLCJpYXQiOjE2ODIzNDI3MDAsImV4cCI6MTY4MjQyOTEwMH0.Hgj34trjDeP-m7D4t4hnscVBN0AvYecSywy0TybNLcw', 'Content-Length': '0'}
请求内容: None
接口响应内容: {'data': None, 'meta': {'msg': 'Not Found', 'status': 404}}
接口响应时长: 2 ms
Http状态码: 200
断言结果: 200
=====================================================
INFO    2023-04-24 21:25:00,695G:\auto_api1_framework\logs\info-2023-04-24.log:log_decorator.py:42 
======================================================
用例标题: 修改用户状态成功（state为纯数字）
请求路径: http://127.0.0.1:8888/api/private/v1/users/$cache%7Bid%7D/state/830204
请求方式: PUT
请求头:   {'User-Agent': 'python-requests/2.28.2', 'Accept-Encoding': 'gzip, deflate', 'Accept': '*/*', 'Connection': 'keep-alive', 'Authorization': 'Bearer eyJhbGciOiJIUzI1NiIsInR5cCI6IkpXVCJ9.eyJ1aWQiOjUwMCwicmlkIjowLCJpYXQiOjE2ODIzNDI3MDAsImV4cCI6MTY4MjQyOTEwMH0.Hgj34trjDeP-m7D4t4hnscVBN0AvYecSywy0TybNLcw', 'Content-Length': '0'}
请求内容: None
接口响应内容: {'data': None, 'meta': {'msg': '用户ID必须是数字', 'status': 400}}
接口响应时长: 2 ms
Http状态码: 200
断言结果: 200
=====================================================
INFO    2023-04-24 21:25:00,711G:\auto_api1_framework\logs\info-2023-04-24.log:log_decorator.py:42 
======================================================
用例标题: 修改用户状态成功（state为纯字母）
请求路径: http://127.0.0.1:8888/api/private/v1/users/$cache%7Bid%7D/state/WIfLTm
请求方式: PUT
请求头:   {'User-Agent': 'python-requests/2.28.2', 'Accept-Encoding': 'gzip, deflate', 'Accept': '*/*', 'Connection': 'keep-alive', 'Authorization': 'Bearer eyJhbGciOiJIUzI1NiIsInR5cCI6IkpXVCJ9.eyJ1aWQiOjUwMCwicmlkIjowLCJpYXQiOjE2ODIzNDI3MDAsImV4cCI6MTY4MjQyOTEwMH0.Hgj34trjDeP-m7D4t4hnscVBN0AvYecSywy0TybNLcw', 'Content-Length': '0'}
请求内容: None
接口响应内容: {'data': None, 'meta': {'msg': '用户ID必须是数字', 'status': 400}}
接口响应时长: 2 ms
Http状态码: 200
断言结果: 200
=====================================================
INFO    2023-04-24 21:25:00,726G:\auto_api1_framework\logs\info-2023-04-24.log:log_decorator.py:42 
======================================================
用例标题: 修改用户状态成功（state包含特殊字符）
请求路径: http://127.0.0.1:8888/api/private/v1/users/$cache%7Bid%7D/state/%25$(#%25
请求方式: PUT
请求头:   {'User-Agent': 'python-requests/2.28.2', 'Accept-Encoding': 'gzip, deflate', 'Accept': '*/*', 'Connection': 'keep-alive', 'Authorization': 'Bearer eyJhbGciOiJIUzI1NiIsInR5cCI6IkpXVCJ9.eyJ1aWQiOjUwMCwicmlkIjowLCJpYXQiOjE2ODIzNDI3MDAsImV4cCI6MTY4MjQyOTEwMH0.Hgj34trjDeP-m7D4t4hnscVBN0AvYecSywy0TybNLcw', 'Content-Length': '0'}
请求内容: None
接口响应内容: {'data': None, 'meta': {'msg': '用户ID必须是数字', 'status': 400}}
接口响应时长: 4 ms
Http状态码: 200
断言结果: 200
=====================================================
INFO    2023-04-24 21:25:47,709G:\auto_api1_framework\logs\info-2023-04-24.log:log_decorator.py:42 
======================================================
用例标题: 创建用户成功（必填参数）
请求路径: http://127.0.0.1:8888/api/private/v1/users
请求方式: POST
请求头:   {'User-Agent': 'python-requests/2.28.2', 'Accept-Encoding': 'gzip, deflate', 'Accept': '*/*', 'Connection': 'keep-alive', 'Content-Type': 'application/json', 'Authorization': 'Bearer eyJhbGciOiJIUzI1NiIsInR5cCI6IkpXVCJ9.eyJ1aWQiOjUwMCwicmlkIjowLCJpYXQiOjE2ODIzNDI3NDcsImV4cCI6MTY4MjQyOTE0N30.b-7bGZ7_zqMuIP7ZM0HOm7Yz-QxXERlnTVrIMNYK9_Y', 'Content-Length': '50'}
请求内容: {'username': 'NTU44ug521', 'password': 'W^20XxT1'}
接口响应内容: {'data': None, 'meta': {'msg': '用户名已存在', 'status': 400}}
接口响应时长: 5 ms
Http状态码: 200
断言结果: 200
=====================================================
INFO    2023-04-24 21:25:47,804G:\auto_api1_framework\logs\info-2023-04-24.log:log_decorator.py:42 
======================================================
用例标题: 修改用户状态失败（id为字符串）
请求路径: http://127.0.0.1:8888/api/private/v1/users/axHOXP/state/false
请求方式: PUT
请求头:   {'User-Agent': 'python-requests/2.28.2', 'Accept-Encoding': 'gzip, deflate', 'Accept': '*/*', 'Connection': 'keep-alive', 'Authorization': 'Bearer eyJhbGciOiJIUzI1NiIsInR5cCI6IkpXVCJ9.eyJ1aWQiOjUwMCwicmlkIjowLCJpYXQiOjE2ODIzNDI3NDcsImV4cCI6MTY4MjQyOTE0N30.b-7bGZ7_zqMuIP7ZM0HOm7Yz-QxXERlnTVrIMNYK9_Y', 'Content-Length': '0'}
请求内容: None
接口响应内容: {'data': None, 'meta': {'msg': '用户ID必须是数字', 'status': 400}}
接口响应时长: 1 ms
Http状态码: 200
断言结果: 200
=====================================================
INFO    2023-04-24 21:25:47,810G:\auto_api1_framework\logs\info-2023-04-24.log:log_decorator.py:42 
======================================================
用例标题: 修改用户状态失败（id包含特殊字符）
请求路径: http://127.0.0.1:8888/api/private/v1/users/(+&&#/state/false
请求方式: PUT
请求头:   {'User-Agent': 'python-requests/2.28.2', 'Accept-Encoding': 'gzip, deflate', 'Accept': '*/*', 'Connection': 'keep-alive', 'Authorization': 'Bearer eyJhbGciOiJIUzI1NiIsInR5cCI6IkpXVCJ9.eyJ1aWQiOjUwMCwicmlkIjowLCJpYXQiOjE2ODIzNDI3NDcsImV4cCI6MTY4MjQyOTE0N30.b-7bGZ7_zqMuIP7ZM0HOm7Yz-QxXERlnTVrIMNYK9_Y', 'Content-Length': '0'}
请求内容: None
接口响应内容: {'data': None, 'meta': {'msg': '用户ID必须是数字', 'status': 400}}
接口响应时长: 1 ms
Http状态码: 200
断言结果: 200
=====================================================
INFO    2023-04-24 21:25:47,820G:\auto_api1_framework\logs\info-2023-04-24.log:log_decorator.py:42 
======================================================
用例标题: 修改用户状态失败（id不存在）
请求路径: http://127.0.0.1:8888/api/private/v1/users/state/false
请求方式: PUT
请求头:   {'User-Agent': 'python-requests/2.28.2', 'Accept-Encoding': 'gzip, deflate', 'Accept': '*/*', 'Connection': 'keep-alive', 'Authorization': 'Bearer eyJhbGciOiJIUzI1NiIsInR5cCI6IkpXVCJ9.eyJ1aWQiOjUwMCwicmlkIjowLCJpYXQiOjE2ODIzNDI3NDcsImV4cCI6MTY4MjQyOTE0N30.b-7bGZ7_zqMuIP7ZM0HOm7Yz-QxXERlnTVrIMNYK9_Y', 'Content-Length': '0'}
请求内容: None
接口响应内容: {'data': None, 'meta': {'msg': 'Not Found', 'status': 404}}
接口响应时长: 2 ms
Http状态码: 200
断言结果: 200
=====================================================
INFO    2023-04-24 21:25:47,827G:\auto_api1_framework\logs\info-2023-04-24.log:log_decorator.py:42 
======================================================
用例标题: 修改用户状态失败（state为空）
请求路径: http://127.0.0.1:8888/api/private/v1/users/$cache%7Bid%7D/state
请求方式: PUT
请求头:   {'User-Agent': 'python-requests/2.28.2', 'Accept-Encoding': 'gzip, deflate', 'Accept': '*/*', 'Connection': 'keep-alive', 'Authorization': 'Bearer eyJhbGciOiJIUzI1NiIsInR5cCI6IkpXVCJ9.eyJ1aWQiOjUwMCwicmlkIjowLCJpYXQiOjE2ODIzNDI3NDcsImV4cCI6MTY4MjQyOTE0N30.b-7bGZ7_zqMuIP7ZM0HOm7Yz-QxXERlnTVrIMNYK9_Y', 'Content-Length': '0'}
请求内容: None
接口响应内容: {'data': None, 'meta': {'msg': 'Not Found', 'status': 404}}
接口响应时长: 3 ms
Http状态码: 200
断言结果: 200
=====================================================
INFO    2023-04-24 21:25:47,836G:\auto_api1_framework\logs\info-2023-04-24.log:log_decorator.py:42 
======================================================
用例标题: 修改用户状态成功（state为纯数字）
请求路径: http://127.0.0.1:8888/api/private/v1/users/$cache%7Bid%7D/state/708793
请求方式: PUT
请求头:   {'User-Agent': 'python-requests/2.28.2', 'Accept-Encoding': 'gzip, deflate', 'Accept': '*/*', 'Connection': 'keep-alive', 'Authorization': 'Bearer eyJhbGciOiJIUzI1NiIsInR5cCI6IkpXVCJ9.eyJ1aWQiOjUwMCwicmlkIjowLCJpYXQiOjE2ODIzNDI3NDcsImV4cCI6MTY4MjQyOTE0N30.b-7bGZ7_zqMuIP7ZM0HOm7Yz-QxXERlnTVrIMNYK9_Y', 'Content-Length': '0'}
请求内容: None
接口响应内容: {'data': None, 'meta': {'msg': '用户ID必须是数字', 'status': 400}}
接口响应时长: 2 ms
Http状态码: 200
断言结果: 200
=====================================================
INFO    2023-04-24 21:25:47,852G:\auto_api1_framework\logs\info-2023-04-24.log:log_decorator.py:42 
======================================================
用例标题: 修改用户状态成功（state为纯字母）
请求路径: http://127.0.0.1:8888/api/private/v1/users/$cache%7Bid%7D/state/UEJJsf
请求方式: PUT
请求头:   {'User-Agent': 'python-requests/2.28.2', 'Accept-Encoding': 'gzip, deflate', 'Accept': '*/*', 'Connection': 'keep-alive', 'Authorization': 'Bearer eyJhbGciOiJIUzI1NiIsInR5cCI6IkpXVCJ9.eyJ1aWQiOjUwMCwicmlkIjowLCJpYXQiOjE2ODIzNDI3NDcsImV4cCI6MTY4MjQyOTE0N30.b-7bGZ7_zqMuIP7ZM0HOm7Yz-QxXERlnTVrIMNYK9_Y', 'Content-Length': '0'}
请求内容: None
接口响应内容: {'data': None, 'meta': {'msg': '用户ID必须是数字', 'status': 400}}
接口响应时长: 2 ms
Http状态码: 200
断言结果: 200
=====================================================
INFO    2023-04-24 21:25:47,866G:\auto_api1_framework\logs\info-2023-04-24.log:log_decorator.py:42 
======================================================
用例标题: 修改用户状态成功（state包含特殊字符）
请求路径: http://127.0.0.1:8888/api/private/v1/users/$cache%7Bid%7D/state/(&@(
请求方式: PUT
请求头:   {'User-Agent': 'python-requests/2.28.2', 'Accept-Encoding': 'gzip, deflate', 'Accept': '*/*', 'Connection': 'keep-alive', 'Authorization': 'Bearer eyJhbGciOiJIUzI1NiIsInR5cCI6IkpXVCJ9.eyJ1aWQiOjUwMCwicmlkIjowLCJpYXQiOjE2ODIzNDI3NDcsImV4cCI6MTY4MjQyOTE0N30.b-7bGZ7_zqMuIP7ZM0HOm7Yz-QxXERlnTVrIMNYK9_Y', 'Content-Length': '0'}
请求内容: None
接口响应内容: {'data': None, 'meta': {'msg': '用户ID必须是数字', 'status': 400}}
接口响应时长: 1 ms
Http状态码: 200
断言结果: 200
=====================================================
INFO    2023-04-24 21:26:57,684G:\auto_api1_framework\logs\info-2023-04-24.log:log_decorator.py:42 
======================================================
用例标题: 创建用户成功（必填参数）
请求路径: http://127.0.0.1:8888/api/private/v1/users
请求方式: POST
请求头:   {'User-Agent': 'python-requests/2.28.2', 'Accept-Encoding': 'gzip, deflate', 'Accept': '*/*', 'Connection': 'keep-alive', 'Content-Type': 'application/json', 'Authorization': 'Bearer eyJhbGciOiJIUzI1NiIsInR5cCI6IkpXVCJ9.eyJ1aWQiOjUwMCwicmlkIjowLCJpYXQiOjE2ODIzNDI4MTcsImV4cCI6MTY4MjQyOTIxN30.S6GLLGTGj4jxaIxKeo9MyvIWiCL8a2dxpOBqPrrbnVE', 'Content-Length': '48'}
请求内容: {'username': 'nRybX841', 'password': '*V8(HzGt'}
接口响应内容: {'data': {'id': 1098, 'username': 'nRybX841', 'role_id': -1, 'create_time': 1682342817}, 'meta': {'msg': '创建成功', 'status': 201}}
接口响应时长: 84 ms
Http状态码: 200
断言结果: 200
=====================================================
INFO    2023-04-24 21:26:57,693G:\auto_api1_framework\logs\info-2023-04-24.log:log_decorator.py:42 
======================================================
用例标题: 修改用户状态成功
请求路径: http://127.0.0.1:8888/api/private/v1/users/1098/state/true
请求方式: PUT
请求头:   {'User-Agent': 'python-requests/2.28.2', 'Accept-Encoding': 'gzip, deflate', 'Accept': '*/*', 'Connection': 'keep-alive', 'Authorization': 'Bearer eyJhbGciOiJIUzI1NiIsInR5cCI6IkpXVCJ9.eyJ1aWQiOjUwMCwicmlkIjowLCJpYXQiOjE2ODIzNDI4MTcsImV4cCI6MTY4MjQyOTIxN30.S6GLLGTGj4jxaIxKeo9MyvIWiCL8a2dxpOBqPrrbnVE', 'Content-Length': '0'}
请求内容: None
接口响应内容: {'data': {'id': 1098, 'rid': -1, 'username': 'nRybX841', 'mobile': None, 'email': None, 'mg_state': 1}, 'meta': {'msg': '设置状态成功', 'status': 200}}
接口响应时长: 6 ms
Http状态码: 200
断言结果: 200
=====================================================
INFO    2023-04-24 21:26:57,701G:\auto_api1_framework\logs\info-2023-04-24.log:log_decorator.py:42 
======================================================
用例标题: 修改用户状态失败（id为字符串）
请求路径: http://127.0.0.1:8888/api/private/v1/users/xIoGIj/state/false
请求方式: PUT
请求头:   {'User-Agent': 'python-requests/2.28.2', 'Accept-Encoding': 'gzip, deflate', 'Accept': '*/*', 'Connection': 'keep-alive', 'Authorization': 'Bearer eyJhbGciOiJIUzI1NiIsInR5cCI6IkpXVCJ9.eyJ1aWQiOjUwMCwicmlkIjowLCJpYXQiOjE2ODIzNDI4MTcsImV4cCI6MTY4MjQyOTIxN30.S6GLLGTGj4jxaIxKeo9MyvIWiCL8a2dxpOBqPrrbnVE', 'Content-Length': '0'}
请求内容: None
接口响应内容: {'data': None, 'meta': {'msg': '用户ID必须是数字', 'status': 400}}
接口响应时长: 1 ms
Http状态码: 200
断言结果: 200
=====================================================
INFO    2023-04-24 21:26:57,707G:\auto_api1_framework\logs\info-2023-04-24.log:log_decorator.py:42 
======================================================
用例标题: 修改用户状态失败（id包含特殊字符）
请求路径: http://127.0.0.1:8888/api/private/v1/users/@(()_/state/false
请求方式: PUT
请求头:   {'User-Agent': 'python-requests/2.28.2', 'Accept-Encoding': 'gzip, deflate', 'Accept': '*/*', 'Connection': 'keep-alive', 'Authorization': 'Bearer eyJhbGciOiJIUzI1NiIsInR5cCI6IkpXVCJ9.eyJ1aWQiOjUwMCwicmlkIjowLCJpYXQiOjE2ODIzNDI4MTcsImV4cCI6MTY4MjQyOTIxN30.S6GLLGTGj4jxaIxKeo9MyvIWiCL8a2dxpOBqPrrbnVE', 'Content-Length': '0'}
请求内容: None
接口响应内容: {'data': None, 'meta': {'msg': '用户ID必须是数字', 'status': 400}}
接口响应时长: 1 ms
Http状态码: 200
断言结果: 200
=====================================================
INFO    2023-04-24 21:26:57,713G:\auto_api1_framework\logs\info-2023-04-24.log:log_decorator.py:42 
======================================================
用例标题: 修改用户状态失败（id不存在）
请求路径: http://127.0.0.1:8888/api/private/v1/users/state/false
请求方式: PUT
请求头:   {'User-Agent': 'python-requests/2.28.2', 'Accept-Encoding': 'gzip, deflate', 'Accept': '*/*', 'Connection': 'keep-alive', 'Authorization': 'Bearer eyJhbGciOiJIUzI1NiIsInR5cCI6IkpXVCJ9.eyJ1aWQiOjUwMCwicmlkIjowLCJpYXQiOjE2ODIzNDI4MTcsImV4cCI6MTY4MjQyOTIxN30.S6GLLGTGj4jxaIxKeo9MyvIWiCL8a2dxpOBqPrrbnVE', 'Content-Length': '0'}
请求内容: None
接口响应内容: {'data': None, 'meta': {'msg': 'Not Found', 'status': 404}}
接口响应时长: 1 ms
Http状态码: 200
断言结果: 200
=====================================================
INFO    2023-04-24 21:26:57,719G:\auto_api1_framework\logs\info-2023-04-24.log:log_decorator.py:42 
======================================================
用例标题: 修改用户状态失败（state为空）
请求路径: http://127.0.0.1:8888/api/private/v1/users/1098/state
请求方式: PUT
请求头:   {'User-Agent': 'python-requests/2.28.2', 'Accept-Encoding': 'gzip, deflate', 'Accept': '*/*', 'Connection': 'keep-alive', 'Authorization': 'Bearer eyJhbGciOiJIUzI1NiIsInR5cCI6IkpXVCJ9.eyJ1aWQiOjUwMCwicmlkIjowLCJpYXQiOjE2ODIzNDI4MTcsImV4cCI6MTY4MjQyOTIxN30.S6GLLGTGj4jxaIxKeo9MyvIWiCL8a2dxpOBqPrrbnVE', 'Content-Length': '0'}
请求内容: None
接口响应内容: {'data': None, 'meta': {'msg': 'Not Found', 'status': 404}}
接口响应时长: 2 ms
Http状态码: 200
断言结果: 200
=====================================================
INFO    2023-04-24 21:26:57,728G:\auto_api1_framework\logs\info-2023-04-24.log:log_decorator.py:42 
======================================================
用例标题: 修改用户状态成功（state为纯数字）
请求路径: http://127.0.0.1:8888/api/private/v1/users/1098/state/688436
请求方式: PUT
请求头:   {'User-Agent': 'python-requests/2.28.2', 'Accept-Encoding': 'gzip, deflate', 'Accept': '*/*', 'Connection': 'keep-alive', 'Authorization': 'Bearer eyJhbGciOiJIUzI1NiIsInR5cCI6IkpXVCJ9.eyJ1aWQiOjUwMCwicmlkIjowLCJpYXQiOjE2ODIzNDI4MTcsImV4cCI6MTY4MjQyOTIxN30.S6GLLGTGj4jxaIxKeo9MyvIWiCL8a2dxpOBqPrrbnVE', 'Content-Length': '0'}
请求内容: None
接口响应内容: {'data': {'id': 1098, 'rid': -1, 'username': 'nRybX841', 'mobile': None, 'email': None, 'mg_state': 0}, 'meta': {'msg': '设置状态成功', 'status': 200}}
接口响应时长: 5 ms
Http状态码: 200
断言结果: 200
=====================================================
INFO    2023-04-24 21:26:57,736G:\auto_api1_framework\logs\info-2023-04-24.log:log_decorator.py:42 
======================================================
用例标题: 修改用户状态成功（state为纯字母）
请求路径: http://127.0.0.1:8888/api/private/v1/users/1098/state/JICSjb
请求方式: PUT
请求头:   {'User-Agent': 'python-requests/2.28.2', 'Accept-Encoding': 'gzip, deflate', 'Accept': '*/*', 'Connection': 'keep-alive', 'Authorization': 'Bearer eyJhbGciOiJIUzI1NiIsInR5cCI6IkpXVCJ9.eyJ1aWQiOjUwMCwicmlkIjowLCJpYXQiOjE2ODIzNDI4MTcsImV4cCI6MTY4MjQyOTIxN30.S6GLLGTGj4jxaIxKeo9MyvIWiCL8a2dxpOBqPrrbnVE', 'Content-Length': '0'}
请求内容: None
接口响应内容: {'data': {'id': 1098, 'rid': -1, 'username': 'nRybX841', 'mobile': None, 'email': None, 'mg_state': 0}, 'meta': {'msg': '设置状态成功', 'status': 200}}
接口响应时长: 4 ms
Http状态码: 200
断言结果: 200
=====================================================
INFO    2023-04-24 21:26:57,745G:\auto_api1_framework\logs\info-2023-04-24.log:log_decorator.py:42 
======================================================
用例标题: 修改用户状态成功（state包含特殊字符）
请求路径: http://127.0.0.1:8888/api/private/v1/users/1098/state/($%5E%25%5E
请求方式: PUT
请求头:   {'User-Agent': 'python-requests/2.28.2', 'Accept-Encoding': 'gzip, deflate', 'Accept': '*/*', 'Connection': 'keep-alive', 'Authorization': 'Bearer eyJhbGciOiJIUzI1NiIsInR5cCI6IkpXVCJ9.eyJ1aWQiOjUwMCwicmlkIjowLCJpYXQiOjE2ODIzNDI4MTcsImV4cCI6MTY4MjQyOTIxN30.S6GLLGTGj4jxaIxKeo9MyvIWiCL8a2dxpOBqPrrbnVE', 'Content-Length': '0'}
请求内容: None
接口响应内容: {'data': {'id': 1098, 'rid': -1, 'username': 'nRybX841', 'mobile': None, 'email': None, 'mg_state': 0}, 'meta': {'msg': '设置状态成功', 'status': 200}}
接口响应时长: 5 ms
Http状态码: 200
断言结果: 200
=====================================================
INFO    2023-04-24 21:27:45,090G:\auto_api1_framework\logs\info-2023-04-24.log:log_decorator.py:42 
======================================================
用例标题: 创建用户成功（全部参数）
请求路径: http://127.0.0.1:8888/api/private/v1/users
请求方式: POST
请求头:   {'User-Agent': 'python-requests/2.28.2', 'Accept-Encoding': 'gzip, deflate', 'Accept': '*/*', 'Connection': 'keep-alive', 'Content-Type': 'application/json', 'Authorization': 'Bearer eyJhbGciOiJIUzI1NiIsInR5cCI6IkpXVCJ9.eyJ1aWQiOjUwMCwicmlkIjowLCJpYXQiOjE2ODIzNDI4NjQsImV4cCI6MTY4MjQyOTI2NH0.1DSHg_mVMID1HBmZK92wkVhD2quc934Z_jENASdPcm0', 'Content-Length': '101'}
请求内容: {'username': 'TnndZ632', 'password': '@TU4RQxE', 'email': 'nahan@gmail.com', 'mobile': '13981646315'}
接口响应内容: {'data': {'id': 1099, 'username': 'TnndZ632', 'mobile': '13981646315', 'email': 'nahan@gmail.com', 'role_id': -1, 'create_time': 1682342865}, 'meta': {'msg': '创建成功', 'status': 201}}
接口响应时长: 74 ms
Http状态码: 200
断言结果: 200
=====================================================
INFO    2023-04-24 21:27:45,098G:\auto_api1_framework\logs\info-2023-04-24.log:log_decorator.py:42 
======================================================
用例标题: 修改用户状态成功
请求路径: http://127.0.0.1:8888/api/private/v1/users/1099/state/true
请求方式: PUT
请求头:   {'User-Agent': 'python-requests/2.28.2', 'Accept-Encoding': 'gzip, deflate', 'Accept': '*/*', 'Connection': 'keep-alive', 'Authorization': 'Bearer eyJhbGciOiJIUzI1NiIsInR5cCI6IkpXVCJ9.eyJ1aWQiOjUwMCwicmlkIjowLCJpYXQiOjE2ODIzNDI4NjQsImV4cCI6MTY4MjQyOTI2NH0.1DSHg_mVMID1HBmZK92wkVhD2quc934Z_jENASdPcm0', 'Content-Length': '0'}
请求内容: None
接口响应内容: {'data': {'id': 1099, 'rid': -1, 'username': 'TnndZ632', 'mobile': '13981646315', 'email': 'nahan@gmail.com', 'mg_state': 1}, 'meta': {'msg': '设置状态成功', 'status': 200}}
接口响应时长: 5 ms
Http状态码: 200
断言结果: 200
=====================================================
INFO    2023-04-24 21:27:45,103G:\auto_api1_framework\logs\info-2023-04-24.log:log_decorator.py:42 
======================================================
用例标题: 修改用户状态失败（id为字符串）
请求路径: http://127.0.0.1:8888/api/private/v1/users/UrgyEF/state/false
请求方式: PUT
请求头:   {'User-Agent': 'python-requests/2.28.2', 'Accept-Encoding': 'gzip, deflate', 'Accept': '*/*', 'Connection': 'keep-alive', 'Authorization': 'Bearer eyJhbGciOiJIUzI1NiIsInR5cCI6IkpXVCJ9.eyJ1aWQiOjUwMCwicmlkIjowLCJpYXQiOjE2ODIzNDI4NjQsImV4cCI6MTY4MjQyOTI2NH0.1DSHg_mVMID1HBmZK92wkVhD2quc934Z_jENASdPcm0', 'Content-Length': '0'}
请求内容: None
接口响应内容: {'data': None, 'meta': {'msg': '用户ID必须是数字', 'status': 400}}
接口响应时长: 1 ms
Http状态码: 200
断言结果: 200
=====================================================
INFO    2023-04-24 21:27:45,109G:\auto_api1_framework\logs\info-2023-04-24.log:log_decorator.py:42 
======================================================
用例标题: 修改用户状态失败（id包含特殊字符）
请求路径: http://127.0.0.1:8888/api/private/v1/users/&)#&$/state/false
请求方式: PUT
请求头:   {'User-Agent': 'python-requests/2.28.2', 'Accept-Encoding': 'gzip, deflate', 'Accept': '*/*', 'Connection': 'keep-alive', 'Authorization': 'Bearer eyJhbGciOiJIUzI1NiIsInR5cCI6IkpXVCJ9.eyJ1aWQiOjUwMCwicmlkIjowLCJpYXQiOjE2ODIzNDI4NjQsImV4cCI6MTY4MjQyOTI2NH0.1DSHg_mVMID1HBmZK92wkVhD2quc934Z_jENASdPcm0', 'Content-Length': '0'}
请求内容: None
接口响应内容: {'data': None, 'meta': {'msg': '用户ID必须是数字', 'status': 400}}
接口响应时长: 1 ms
Http状态码: 200
断言结果: 200
=====================================================
INFO    2023-04-24 21:27:45,114G:\auto_api1_framework\logs\info-2023-04-24.log:log_decorator.py:42 
======================================================
用例标题: 修改用户状态失败（id不存在）
请求路径: http://127.0.0.1:8888/api/private/v1/users/state/false
请求方式: PUT
请求头:   {'User-Agent': 'python-requests/2.28.2', 'Accept-Encoding': 'gzip, deflate', 'Accept': '*/*', 'Connection': 'keep-alive', 'Authorization': 'Bearer eyJhbGciOiJIUzI1NiIsInR5cCI6IkpXVCJ9.eyJ1aWQiOjUwMCwicmlkIjowLCJpYXQiOjE2ODIzNDI4NjQsImV4cCI6MTY4MjQyOTI2NH0.1DSHg_mVMID1HBmZK92wkVhD2quc934Z_jENASdPcm0', 'Content-Length': '0'}
请求内容: None
接口响应内容: {'data': None, 'meta': {'msg': 'Not Found', 'status': 404}}
接口响应时长: 1 ms
Http状态码: 200
断言结果: 200
=====================================================
INFO    2023-04-24 21:27:45,346G:\auto_api1_framework\logs\info-2023-04-24.log:log_decorator.py:42 
======================================================
用例标题: 创建用户成功（全部参数）
请求路径: http://127.0.0.1:8888/api/private/v1/users
请求方式: POST
请求头:   {'User-Agent': 'python-requests/2.28.2', 'Accept-Encoding': 'gzip, deflate', 'Accept': '*/*', 'Connection': 'keep-alive', 'Content-Type': 'application/json', 'Authorization': 'Bearer eyJhbGciOiJIUzI1NiIsInR5cCI6IkpXVCJ9.eyJ1aWQiOjUwMCwicmlkIjowLCJpYXQiOjE2ODIzNDI4NjQsImV4cCI6MTY4MjQyOTI2NH0.1DSHg_mVMID1HBmZK92wkVhD2quc934Z_jENASdPcm0', 'Content-Length': '101'}
请求内容: {'username': 'rqQOv662', 'password': '%6eOul2x', 'email': 'lei22@gmail.com', 'mobile': '14562449279'}
接口响应内容: {'data': {'id': 1100, 'username': 'rqQOv662', 'mobile': '14562449279', 'email': 'lei22@gmail.com', 'role_id': -1, 'create_time': 1682342865}, 'meta': {'msg': '创建成功', 'status': 201}}
接口响应时长: 69 ms
Http状态码: 200
断言结果: 200
=====================================================
INFO    2023-04-24 21:27:45,350G:\auto_api1_framework\logs\info-2023-04-24.log:log_decorator.py:42 
======================================================
用例标题: 修改用户状态失败（state为空）
请求路径: http://127.0.0.1:8888/api/private/v1/users/1100/state
请求方式: PUT
请求头:   {'User-Agent': 'python-requests/2.28.2', 'Accept-Encoding': 'gzip, deflate', 'Accept': '*/*', 'Connection': 'keep-alive', 'Authorization': 'Bearer eyJhbGciOiJIUzI1NiIsInR5cCI6IkpXVCJ9.eyJ1aWQiOjUwMCwicmlkIjowLCJpYXQiOjE2ODIzNDI4NjQsImV4cCI6MTY4MjQyOTI2NH0.1DSHg_mVMID1HBmZK92wkVhD2quc934Z_jENASdPcm0', 'Content-Length': '0'}
请求内容: None
接口响应内容: {'data': None, 'meta': {'msg': 'Not Found', 'status': 404}}
接口响应时长: 1 ms
Http状态码: 200
断言结果: 200
=====================================================
INFO    2023-04-24 21:27:45,673G:\auto_api1_framework\logs\info-2023-04-24.log:log_decorator.py:42 
======================================================
用例标题: 创建用户成功（全部参数）
请求路径: http://127.0.0.1:8888/api/private/v1/users
请求方式: POST
请求头:   {'User-Agent': 'python-requests/2.28.2', 'Accept-Encoding': 'gzip, deflate', 'Accept': '*/*', 'Connection': 'keep-alive', 'Content-Type': 'application/json', 'Authorization': 'Bearer eyJhbGciOiJIUzI1NiIsInR5cCI6IkpXVCJ9.eyJ1aWQiOjUwMCwicmlkIjowLCJpYXQiOjE2ODIzNDI4NjQsImV4cCI6MTY4MjQyOTI2NH0.1DSHg_mVMID1HBmZK92wkVhD2quc934Z_jENASdPcm0', 'Content-Length': '102'}
请求内容: {'username': 'CnzfM611', 'password': 'xrP$1Fv_', 'email': 'na30@hotmail.com', 'mobile': '15387878535'}
接口响应内容: {'data': {'id': 1101, 'username': 'CnzfM611', 'mobile': '15387878535', 'email': 'na30@hotmail.com', 'role_id': -1, 'create_time': 1682342865}, 'meta': {'msg': '创建成功', 'status': 201}}
接口响应时长: 82 ms
Http状态码: 200
断言结果: 200
=====================================================
INFO    2023-04-24 21:27:45,680G:\auto_api1_framework\logs\info-2023-04-24.log:log_decorator.py:42 
======================================================
用例标题: 修改用户状态成功（state为纯数字）
请求路径: http://127.0.0.1:8888/api/private/v1/users/1101/state/283920
请求方式: PUT
请求头:   {'User-Agent': 'python-requests/2.28.2', 'Accept-Encoding': 'gzip, deflate', 'Accept': '*/*', 'Connection': 'keep-alive', 'Authorization': 'Bearer eyJhbGciOiJIUzI1NiIsInR5cCI6IkpXVCJ9.eyJ1aWQiOjUwMCwicmlkIjowLCJpYXQiOjE2ODIzNDI4NjQsImV4cCI6MTY4MjQyOTI2NH0.1DSHg_mVMID1HBmZK92wkVhD2quc934Z_jENASdPcm0', 'Content-Length': '0'}
请求内容: None
接口响应内容: {'data': {'id': 1101, 'rid': -1, 'username': 'CnzfM611', 'mobile': '15387878535', 'email': 'na30@hotmail.com', 'mg_state': 0}, 'meta': {'msg': '设置状态成功', 'status': 200}}
接口响应时长: 5 ms
Http状态码: 200
断言结果: 200
=====================================================
INFO    2023-04-24 21:27:45,922G:\auto_api1_framework\logs\info-2023-04-24.log:log_decorator.py:42 
======================================================
用例标题: 创建用户成功（全部参数）
请求路径: http://127.0.0.1:8888/api/private/v1/users
请求方式: POST
请求头:   {'User-Agent': 'python-requests/2.28.2', 'Accept-Encoding': 'gzip, deflate', 'Accept': '*/*', 'Connection': 'keep-alive', 'Content-Type': 'application/json', 'Authorization': 'Bearer eyJhbGciOiJIUzI1NiIsInR5cCI6IkpXVCJ9.eyJ1aWQiOjUwMCwicmlkIjowLCJpYXQiOjE2ODIzNDI4NjQsImV4cCI6MTY4MjQyOTI2NH0.1DSHg_mVMID1HBmZK92wkVhD2quc934Z_jENASdPcm0', 'Content-Length': '105'}
请求内容: {'username': 'ATSpB379', 'password': 'fJ_0OYe9', 'email': 'xiulanhao@gmail.com', 'mobile': '15601211574'}
接口响应内容: {'data': {'id': 1102, 'username': 'ATSpB379', 'mobile': '15601211574', 'email': 'xiulanhao@gmail.com', 'role_id': -1, 'create_time': 1682342865}, 'meta': {'msg': '创建成功', 'status': 201}}
接口响应时长: 70 ms
Http状态码: 200
断言结果: 200
=====================================================
INFO    2023-04-24 21:27:45,928G:\auto_api1_framework\logs\info-2023-04-24.log:log_decorator.py:42 
======================================================
用例标题: 修改用户状态成功（state为纯字母）
请求路径: http://127.0.0.1:8888/api/private/v1/users/1102/state/NyiMaj
请求方式: PUT
请求头:   {'User-Agent': 'python-requests/2.28.2', 'Accept-Encoding': 'gzip, deflate', 'Accept': '*/*', 'Connection': 'keep-alive', 'Authorization': 'Bearer eyJhbGciOiJIUzI1NiIsInR5cCI6IkpXVCJ9.eyJ1aWQiOjUwMCwicmlkIjowLCJpYXQiOjE2ODIzNDI4NjQsImV4cCI6MTY4MjQyOTI2NH0.1DSHg_mVMID1HBmZK92wkVhD2quc934Z_jENASdPcm0', 'Content-Length': '0'}
请求内容: None
接口响应内容: {'data': {'id': 1102, 'rid': -1, 'username': 'ATSpB379', 'mobile': '15601211574', 'email': 'xiulanhao@gmail.com', 'mg_state': 0}, 'meta': {'msg': '设置状态成功', 'status': 200}}
接口响应时长: 4 ms
Http状态码: 200
断言结果: 200
=====================================================
INFO    2023-04-24 21:27:46,173G:\auto_api1_framework\logs\info-2023-04-24.log:log_decorator.py:42 
======================================================
用例标题: 创建用户成功（全部参数）
请求路径: http://127.0.0.1:8888/api/private/v1/users
请求方式: POST
请求头:   {'User-Agent': 'python-requests/2.28.2', 'Accept-Encoding': 'gzip, deflate', 'Accept': '*/*', 'Connection': 'keep-alive', 'Content-Type': 'application/json', 'Authorization': 'Bearer eyJhbGciOiJIUzI1NiIsInR5cCI6IkpXVCJ9.eyJ1aWQiOjUwMCwicmlkIjowLCJpYXQiOjE2ODIzNDI4NjQsImV4cCI6MTY4MjQyOTI2NH0.1DSHg_mVMID1HBmZK92wkVhD2quc934Z_jENASdPcm0', 'Content-Length': '103'}
请求内容: {'username': 'uvzUc665', 'password': '!0UqrzJg', 'email': 'wanyang@yahoo.com', 'mobile': '15700535909'}
接口响应内容: {'data': {'id': 1103, 'username': 'uvzUc665', 'mobile': '15700535909', 'email': 'wanyang@yahoo.com', 'role_id': -1, 'create_time': 1682342866}, 'meta': {'msg': '创建成功', 'status': 201}}
接口响应时长: 72 ms
Http状态码: 200
断言结果: 200
=====================================================
INFO    2023-04-24 21:27:46,180G:\auto_api1_framework\logs\info-2023-04-24.log:log_decorator.py:42 
======================================================
用例标题: 修改用户状态成功（state包含特殊字符）
请求路径: http://127.0.0.1:8888/api/private/v1/users/1103/state/!+)!$
请求方式: PUT
请求头:   {'User-Agent': 'python-requests/2.28.2', 'Accept-Encoding': 'gzip, deflate', 'Accept': '*/*', 'Connection': 'keep-alive', 'Authorization': 'Bearer eyJhbGciOiJIUzI1NiIsInR5cCI6IkpXVCJ9.eyJ1aWQiOjUwMCwicmlkIjowLCJpYXQiOjE2ODIzNDI4NjQsImV4cCI6MTY4MjQyOTI2NH0.1DSHg_mVMID1HBmZK92wkVhD2quc934Z_jENASdPcm0', 'Content-Length': '0'}
请求内容: None
接口响应内容: {'data': {'id': 1103, 'rid': -1, 'username': 'uvzUc665', 'mobile': '15700535909', 'email': 'wanyang@yahoo.com', 'mg_state': 0}, 'meta': {'msg': '设置状态成功', 'status': 200}}
接口响应时长: 5 ms
Http状态码: 200
断言结果: 200
=====================================================
INFO    2023-04-24 21:29:33,145G:\auto_api1_framework\logs\info-2023-04-24.log:log_decorator.py:42 
======================================================
用例标题: 创建用户成功（必填参数）
请求路径: http://127.0.0.1:8888/api/private/v1/users
请求方式: POST
请求头:   {'User-Agent': 'python-requests/2.28.2', 'Accept-Encoding': 'gzip, deflate', 'Accept': '*/*', 'Connection': 'keep-alive', 'Content-Type': 'application/json', 'Authorization': 'Bearer eyJhbGciOiJIUzI1NiIsInR5cCI6IkpXVCJ9.eyJ1aWQiOjUwMCwicmlkIjowLCJpYXQiOjE2ODIzNDI5NzIsImV4cCI6MTY4MjQyOTM3Mn0.kzPea3otNTWl1S1g-JxqY3JG2OFOY_nQ0DLbLyg1xvY', 'Content-Length': '48'}
请求内容: {'username': 'ehkGk997', 'password': '&9L#kva!'}
接口响应内容: {'data': {'id': 1104, 'username': 'ehkGk997', 'role_id': -1, 'create_time': 1682342973}, 'meta': {'msg': '创建成功', 'status': 201}}
接口响应时长: 77 ms
Http状态码: 200
断言结果: 200
=====================================================
INFO    2023-04-24 21:29:33,151G:\auto_api1_framework\logs\info-2023-04-24.log:log_decorator.py:42 
======================================================
用例标题: 修改用户状态成功
请求路径: http://127.0.0.1:8888/api/private/v1/users/1104/state/true
请求方式: PUT
请求头:   {'User-Agent': 'python-requests/2.28.2', 'Accept-Encoding': 'gzip, deflate', 'Accept': '*/*', 'Connection': 'keep-alive', 'Authorization': 'Bearer eyJhbGciOiJIUzI1NiIsInR5cCI6IkpXVCJ9.eyJ1aWQiOjUwMCwicmlkIjowLCJpYXQiOjE2ODIzNDI5NzIsImV4cCI6MTY4MjQyOTM3Mn0.kzPea3otNTWl1S1g-JxqY3JG2OFOY_nQ0DLbLyg1xvY', 'Content-Length': '0'}
请求内容: None
接口响应内容: {'data': {'id': 1104, 'rid': -1, 'username': 'ehkGk997', 'mobile': None, 'email': None, 'mg_state': 1}, 'meta': {'msg': '设置状态成功', 'status': 200}}
接口响应时长: 4 ms
Http状态码: 200
断言结果: 200
=====================================================
INFO    2023-04-24 21:29:33,156G:\auto_api1_framework\logs\info-2023-04-24.log:log_decorator.py:42 
======================================================
用例标题: 修改用户状态失败（id为字符串）
请求路径: http://127.0.0.1:8888/api/private/v1/users/HjUXAJ/state/false
请求方式: PUT
请求头:   {'User-Agent': 'python-requests/2.28.2', 'Accept-Encoding': 'gzip, deflate', 'Accept': '*/*', 'Connection': 'keep-alive', 'Authorization': 'Bearer eyJhbGciOiJIUzI1NiIsInR5cCI6IkpXVCJ9.eyJ1aWQiOjUwMCwicmlkIjowLCJpYXQiOjE2ODIzNDI5NzIsImV4cCI6MTY4MjQyOTM3Mn0.kzPea3otNTWl1S1g-JxqY3JG2OFOY_nQ0DLbLyg1xvY', 'Content-Length': '0'}
请求内容: None
接口响应内容: {'data': None, 'meta': {'msg': '用户ID必须是数字', 'status': 400}}
接口响应时长: 1 ms
Http状态码: 200
断言结果: 200
=====================================================
INFO    2023-04-24 21:29:33,162G:\auto_api1_framework\logs\info-2023-04-24.log:log_decorator.py:42 
======================================================
用例标题: 修改用户状态失败（id包含特殊字符）
请求路径: http://127.0.0.1:8888/api/private/v1/users/%25)!!#/state/false
请求方式: PUT
请求头:   {'User-Agent': 'python-requests/2.28.2', 'Accept-Encoding': 'gzip, deflate', 'Accept': '*/*', 'Connection': 'keep-alive', 'Authorization': 'Bearer eyJhbGciOiJIUzI1NiIsInR5cCI6IkpXVCJ9.eyJ1aWQiOjUwMCwicmlkIjowLCJpYXQiOjE2ODIzNDI5NzIsImV4cCI6MTY4MjQyOTM3Mn0.kzPea3otNTWl1S1g-JxqY3JG2OFOY_nQ0DLbLyg1xvY', 'Content-Length': '0'}
请求内容: None
接口响应内容: {'data': None, 'meta': {'msg': '用户ID必须是数字', 'status': 400}}
接口响应时长: 1 ms
Http状态码: 200
断言结果: 200
=====================================================
INFO    2023-04-24 21:29:33,166G:\auto_api1_framework\logs\info-2023-04-24.log:log_decorator.py:42 
======================================================
用例标题: 修改用户状态失败（id不存在）
请求路径: http://127.0.0.1:8888/api/private/v1/users/state/false
请求方式: PUT
请求头:   {'User-Agent': 'python-requests/2.28.2', 'Accept-Encoding': 'gzip, deflate', 'Accept': '*/*', 'Connection': 'keep-alive', 'Authorization': 'Bearer eyJhbGciOiJIUzI1NiIsInR5cCI6IkpXVCJ9.eyJ1aWQiOjUwMCwicmlkIjowLCJpYXQiOjE2ODIzNDI5NzIsImV4cCI6MTY4MjQyOTM3Mn0.kzPea3otNTWl1S1g-JxqY3JG2OFOY_nQ0DLbLyg1xvY', 'Content-Length': '0'}
请求内容: None
接口响应内容: {'data': None, 'meta': {'msg': 'Not Found', 'status': 404}}
接口响应时长: 1 ms
Http状态码: 200
断言结果: 200
=====================================================
INFO    2023-04-24 21:29:33,171G:\auto_api1_framework\logs\info-2023-04-24.log:log_decorator.py:42 
======================================================
用例标题: 修改用户状态失败（state为空）
请求路径: http://127.0.0.1:8888/api/private/v1/users/1104/state
请求方式: PUT
请求头:   {'User-Agent': 'python-requests/2.28.2', 'Accept-Encoding': 'gzip, deflate', 'Accept': '*/*', 'Connection': 'keep-alive', 'Authorization': 'Bearer eyJhbGciOiJIUzI1NiIsInR5cCI6IkpXVCJ9.eyJ1aWQiOjUwMCwicmlkIjowLCJpYXQiOjE2ODIzNDI5NzIsImV4cCI6MTY4MjQyOTM3Mn0.kzPea3otNTWl1S1g-JxqY3JG2OFOY_nQ0DLbLyg1xvY', 'Content-Length': '0'}
请求内容: None
接口响应内容: {'data': None, 'meta': {'msg': 'Not Found', 'status': 404}}
接口响应时长: 1 ms
Http状态码: 200
断言结果: 200
=====================================================
INFO    2023-04-24 21:29:33,181G:\auto_api1_framework\logs\info-2023-04-24.log:log_decorator.py:42 
======================================================
用例标题: 修改用户状态成功（state为纯数字）
请求路径: http://127.0.0.1:8888/api/private/v1/users/1104/state/230971
请求方式: PUT
请求头:   {'User-Agent': 'python-requests/2.28.2', 'Accept-Encoding': 'gzip, deflate', 'Accept': '*/*', 'Connection': 'keep-alive', 'Authorization': 'Bearer eyJhbGciOiJIUzI1NiIsInR5cCI6IkpXVCJ9.eyJ1aWQiOjUwMCwicmlkIjowLCJpYXQiOjE2ODIzNDI5NzIsImV4cCI6MTY4MjQyOTM3Mn0.kzPea3otNTWl1S1g-JxqY3JG2OFOY_nQ0DLbLyg1xvY', 'Content-Length': '0'}
请求内容: None
接口响应内容: {'data': {'id': 1104, 'rid': -1, 'username': 'ehkGk997', 'mobile': None, 'email': None, 'mg_state': 0}, 'meta': {'msg': '设置状态成功', 'status': 200}}
接口响应时长: 5 ms
Http状态码: 200
断言结果: 200
=====================================================
INFO    2023-04-24 21:29:33,189G:\auto_api1_framework\logs\info-2023-04-24.log:log_decorator.py:42 
======================================================
用例标题: 修改用户状态成功（state为纯字母）
请求路径: http://127.0.0.1:8888/api/private/v1/users/1104/state/FXSuKx
请求方式: PUT
请求头:   {'User-Agent': 'python-requests/2.28.2', 'Accept-Encoding': 'gzip, deflate', 'Accept': '*/*', 'Connection': 'keep-alive', 'Authorization': 'Bearer eyJhbGciOiJIUzI1NiIsInR5cCI6IkpXVCJ9.eyJ1aWQiOjUwMCwicmlkIjowLCJpYXQiOjE2ODIzNDI5NzIsImV4cCI6MTY4MjQyOTM3Mn0.kzPea3otNTWl1S1g-JxqY3JG2OFOY_nQ0DLbLyg1xvY', 'Content-Length': '0'}
请求内容: None
接口响应内容: {'data': {'id': 1104, 'rid': -1, 'username': 'ehkGk997', 'mobile': None, 'email': None, 'mg_state': 0}, 'meta': {'msg': '设置状态成功', 'status': 200}}
接口响应时长: 4 ms
Http状态码: 200
断言结果: 200
=====================================================
INFO    2023-04-24 21:29:33,197G:\auto_api1_framework\logs\info-2023-04-24.log:log_decorator.py:42 
======================================================
用例标题: 修改用户状态成功（state包含特殊字符）
请求路径: http://127.0.0.1:8888/api/private/v1/users/1104/state/+_#&!
请求方式: PUT
请求头:   {'User-Agent': 'python-requests/2.28.2', 'Accept-Encoding': 'gzip, deflate', 'Accept': '*/*', 'Connection': 'keep-alive', 'Authorization': 'Bearer eyJhbGciOiJIUzI1NiIsInR5cCI6IkpXVCJ9.eyJ1aWQiOjUwMCwicmlkIjowLCJpYXQiOjE2ODIzNDI5NzIsImV4cCI6MTY4MjQyOTM3Mn0.kzPea3otNTWl1S1g-JxqY3JG2OFOY_nQ0DLbLyg1xvY', 'Content-Length': '0'}
请求内容: None
接口响应内容: {'data': {'id': 1104, 'rid': -1, 'username': 'ehkGk997', 'mobile': None, 'email': None, 'mg_state': 0}, 'meta': {'msg': '设置状态成功', 'status': 200}}
接口响应时长: 5 ms
Http状态码: 200
断言结果: 200
=====================================================
INFO    2023-04-24 21:31:06,218G:\auto_api1_framework\logs\info-2023-04-24.log:log_decorator.py:42 
======================================================
用例标题: 创建用户成功（必填参数）
请求路径: http://127.0.0.1:8888/api/private/v1/users
请求方式: POST
请求头:   {'User-Agent': 'python-requests/2.28.2', 'Accept-Encoding': 'gzip, deflate', 'Accept': '*/*', 'Connection': 'keep-alive', 'Content-Type': 'application/json', 'Authorization': 'Bearer eyJhbGciOiJIUzI1NiIsInR5cCI6IkpXVCJ9.eyJ1aWQiOjUwMCwicmlkIjowLCJpYXQiOjE2ODIzNDMwNjYsImV4cCI6MTY4MjQyOTQ2Nn0.4I3InrVADwzBunhJnBojhbRlQV5fmA3_AI_qi4UxgKY', 'Content-Length': '48'}
请求内容: {'username': 'eSING976', 'password': 'Xq#6n4Ge'}
接口响应内容: {'data': {'id': 1105, 'username': 'eSING976', 'role_id': -1, 'create_time': 1682343066}, 'meta': {'msg': '创建成功', 'status': 201}}
接口响应时长: 94 ms
Http状态码: 200
断言结果: 200
=====================================================
INFO    2023-04-24 21:31:06,225G:\auto_api1_framework\logs\info-2023-04-24.log:log_decorator.py:42 
======================================================
用例标题: 修改用户状态成功
请求路径: http://127.0.0.1:8888/api/private/v1/users/1105/state/true
请求方式: PUT
请求头:   {'User-Agent': 'python-requests/2.28.2', 'Accept-Encoding': 'gzip, deflate', 'Accept': '*/*', 'Connection': 'keep-alive', 'Authorization': 'Bearer eyJhbGciOiJIUzI1NiIsInR5cCI6IkpXVCJ9.eyJ1aWQiOjUwMCwicmlkIjowLCJpYXQiOjE2ODIzNDMwNjYsImV4cCI6MTY4MjQyOTQ2Nn0.4I3InrVADwzBunhJnBojhbRlQV5fmA3_AI_qi4UxgKY', 'Content-Length': '0'}
请求内容: None
接口响应内容: {'data': {'id': 1105, 'rid': -1, 'username': 'eSING976', 'mobile': None, 'email': None, 'mg_state': 1}, 'meta': {'msg': '设置状态成功', 'status': 200}}
接口响应时长: 5 ms
Http状态码: 200
断言结果: 200
=====================================================
INFO    2023-04-24 21:31:06,231G:\auto_api1_framework\logs\info-2023-04-24.log:log_decorator.py:42 
======================================================
用例标题: 修改用户状态失败（id为字符串）
请求路径: http://127.0.0.1:8888/api/private/v1/users/hDuMFM/state/false
请求方式: PUT
请求头:   {'User-Agent': 'python-requests/2.28.2', 'Accept-Encoding': 'gzip, deflate', 'Accept': '*/*', 'Connection': 'keep-alive', 'Authorization': 'Bearer eyJhbGciOiJIUzI1NiIsInR5cCI6IkpXVCJ9.eyJ1aWQiOjUwMCwicmlkIjowLCJpYXQiOjE2ODIzNDMwNjYsImV4cCI6MTY4MjQyOTQ2Nn0.4I3InrVADwzBunhJnBojhbRlQV5fmA3_AI_qi4UxgKY', 'Content-Length': '0'}
请求内容: None
接口响应内容: {'data': None, 'meta': {'msg': '用户ID必须是数字', 'status': 400}}
接口响应时长: 1 ms
Http状态码: 200
断言结果: 200
=====================================================
INFO    2023-04-24 21:31:06,236G:\auto_api1_framework\logs\info-2023-04-24.log:log_decorator.py:42 
======================================================
用例标题: 修改用户状态失败（id包含特殊字符）
请求路径: http://127.0.0.1:8888/api/private/v1/users/(@+!$/state/false
请求方式: PUT
请求头:   {'User-Agent': 'python-requests/2.28.2', 'Accept-Encoding': 'gzip, deflate', 'Accept': '*/*', 'Connection': 'keep-alive', 'Authorization': 'Bearer eyJhbGciOiJIUzI1NiIsInR5cCI6IkpXVCJ9.eyJ1aWQiOjUwMCwicmlkIjowLCJpYXQiOjE2ODIzNDMwNjYsImV4cCI6MTY4MjQyOTQ2Nn0.4I3InrVADwzBunhJnBojhbRlQV5fmA3_AI_qi4UxgKY', 'Content-Length': '0'}
请求内容: None
接口响应内容: {'data': None, 'meta': {'msg': '用户ID必须是数字', 'status': 400}}
接口响应时长: 1 ms
Http状态码: 200
断言结果: 200
=====================================================
INFO    2023-04-24 21:31:06,242G:\auto_api1_framework\logs\info-2023-04-24.log:log_decorator.py:42 
======================================================
用例标题: 修改用户状态失败（id不存在）
请求路径: http://127.0.0.1:8888/api/private/v1/users/state/false
请求方式: PUT
请求头:   {'User-Agent': 'python-requests/2.28.2', 'Accept-Encoding': 'gzip, deflate', 'Accept': '*/*', 'Connection': 'keep-alive', 'Authorization': 'Bearer eyJhbGciOiJIUzI1NiIsInR5cCI6IkpXVCJ9.eyJ1aWQiOjUwMCwicmlkIjowLCJpYXQiOjE2ODIzNDMwNjYsImV4cCI6MTY4MjQyOTQ2Nn0.4I3InrVADwzBunhJnBojhbRlQV5fmA3_AI_qi4UxgKY', 'Content-Length': '0'}
请求内容: None
接口响应内容: {'data': None, 'meta': {'msg': 'Not Found', 'status': 404}}
接口响应时长: 2 ms
Http状态码: 200
断言结果: 200
=====================================================
INFO    2023-04-24 21:31:06,247G:\auto_api1_framework\logs\info-2023-04-24.log:log_decorator.py:42 
======================================================
用例标题: 修改用户状态失败（state为空）
请求路径: http://127.0.0.1:8888/api/private/v1/users/1105/state
请求方式: PUT
请求头:   {'User-Agent': 'python-requests/2.28.2', 'Accept-Encoding': 'gzip, deflate', 'Accept': '*/*', 'Connection': 'keep-alive', 'Authorization': 'Bearer eyJhbGciOiJIUzI1NiIsInR5cCI6IkpXVCJ9.eyJ1aWQiOjUwMCwicmlkIjowLCJpYXQiOjE2ODIzNDMwNjYsImV4cCI6MTY4MjQyOTQ2Nn0.4I3InrVADwzBunhJnBojhbRlQV5fmA3_AI_qi4UxgKY', 'Content-Length': '0'}
请求内容: None
接口响应内容: {'data': None, 'meta': {'msg': 'Not Found', 'status': 404}}
接口响应时长: 1 ms
Http状态码: 200
断言结果: 200
=====================================================
INFO    2023-04-24 21:31:06,259G:\auto_api1_framework\logs\info-2023-04-24.log:log_decorator.py:42 
======================================================
用例标题: 修改用户状态成功（state为纯数字）
请求路径: http://127.0.0.1:8888/api/private/v1/users/1105/state/540206
请求方式: PUT
请求头:   {'User-Agent': 'python-requests/2.28.2', 'Accept-Encoding': 'gzip, deflate', 'Accept': '*/*', 'Connection': 'keep-alive', 'Authorization': 'Bearer eyJhbGciOiJIUzI1NiIsInR5cCI6IkpXVCJ9.eyJ1aWQiOjUwMCwicmlkIjowLCJpYXQiOjE2ODIzNDMwNjYsImV4cCI6MTY4MjQyOTQ2Nn0.4I3InrVADwzBunhJnBojhbRlQV5fmA3_AI_qi4UxgKY', 'Content-Length': '0'}
请求内容: None
接口响应内容: {'data': {'id': 1105, 'rid': -1, 'username': 'eSING976', 'mobile': None, 'email': None, 'mg_state': 0}, 'meta': {'msg': '设置状态成功', 'status': 200}}
接口响应时长: 8 ms
Http状态码: 200
断言结果: 200
=====================================================
INFO    2023-04-24 21:31:06,267G:\auto_api1_framework\logs\info-2023-04-24.log:log_decorator.py:42 
======================================================
用例标题: 修改用户状态成功（state为纯字母）
请求路径: http://127.0.0.1:8888/api/private/v1/users/1105/state/GisoAw
请求方式: PUT
请求头:   {'User-Agent': 'python-requests/2.28.2', 'Accept-Encoding': 'gzip, deflate', 'Accept': '*/*', 'Connection': 'keep-alive', 'Authorization': 'Bearer eyJhbGciOiJIUzI1NiIsInR5cCI6IkpXVCJ9.eyJ1aWQiOjUwMCwicmlkIjowLCJpYXQiOjE2ODIzNDMwNjYsImV4cCI6MTY4MjQyOTQ2Nn0.4I3InrVADwzBunhJnBojhbRlQV5fmA3_AI_qi4UxgKY', 'Content-Length': '0'}
请求内容: None
接口响应内容: {'data': {'id': 1105, 'rid': -1, 'username': 'eSING976', 'mobile': None, 'email': None, 'mg_state': 0}, 'meta': {'msg': '设置状态成功', 'status': 200}}
接口响应时长: 4 ms
Http状态码: 200
断言结果: 200
=====================================================
INFO    2023-04-24 21:31:06,275G:\auto_api1_framework\logs\info-2023-04-24.log:log_decorator.py:42 
======================================================
用例标题: 修改用户状态成功（state包含特殊字符）
请求路径: http://127.0.0.1:8888/api/private/v1/users/1105/state/%5E(#*_
请求方式: PUT
请求头:   {'User-Agent': 'python-requests/2.28.2', 'Accept-Encoding': 'gzip, deflate', 'Accept': '*/*', 'Connection': 'keep-alive', 'Authorization': 'Bearer eyJhbGciOiJIUzI1NiIsInR5cCI6IkpXVCJ9.eyJ1aWQiOjUwMCwicmlkIjowLCJpYXQiOjE2ODIzNDMwNjYsImV4cCI6MTY4MjQyOTQ2Nn0.4I3InrVADwzBunhJnBojhbRlQV5fmA3_AI_qi4UxgKY', 'Content-Length': '0'}
请求内容: None
接口响应内容: {'data': {'id': 1105, 'rid': -1, 'username': 'eSING976', 'mobile': None, 'email': None, 'mg_state': 0}, 'meta': {'msg': '设置状态成功', 'status': 200}}
接口响应时长: 4 ms
Http状态码: 200
断言结果: 200
=====================================================
INFO    2023-04-24 21:31:38,129G:\auto_api1_framework\logs\info-2023-04-24.log:log_decorator.py:42 
======================================================
用例标题: 创建用户成功（全部参数）
请求路径: http://127.0.0.1:8888/api/private/v1/users
请求方式: POST
请求头:   {'User-Agent': 'python-requests/2.28.2', 'Accept-Encoding': 'gzip, deflate', 'Accept': '*/*', 'Connection': 'keep-alive', 'Content-Type': 'application/json', 'Authorization': 'Bearer eyJhbGciOiJIUzI1NiIsInR5cCI6IkpXVCJ9.eyJ1aWQiOjUwMCwicmlkIjowLCJpYXQiOjE2ODIzNDMwOTcsImV4cCI6MTY4MjQyOTQ5N30.Q-hwE8JPqnR4rQsYgOVL16Co1OSuSDwZ9lBzZJAGL2Q', 'Content-Length': '105'}
请求内容: {'username': 'gPSmL736', 'password': 'k)w9*Jei', 'email': 'pingzheng@gmail.com', 'mobile': '18095885488'}
接口响应内容: {'data': {'id': 1106, 'username': 'gPSmL736', 'mobile': '18095885488', 'email': 'pingzheng@gmail.com', 'role_id': -1, 'create_time': 1682343098}, 'meta': {'msg': '创建成功', 'status': 201}}
接口响应时长: 78 ms
Http状态码: 200
断言结果: 200
=====================================================
INFO    2023-04-24 21:31:38,136G:\auto_api1_framework\logs\info-2023-04-24.log:log_decorator.py:42 
======================================================
用例标题: 修改用户状态成功
请求路径: http://127.0.0.1:8888/api/private/v1/users/1106/state/true
请求方式: PUT
请求头:   {'User-Agent': 'python-requests/2.28.2', 'Accept-Encoding': 'gzip, deflate', 'Accept': '*/*', 'Connection': 'keep-alive', 'Authorization': 'Bearer eyJhbGciOiJIUzI1NiIsInR5cCI6IkpXVCJ9.eyJ1aWQiOjUwMCwicmlkIjowLCJpYXQiOjE2ODIzNDMwOTcsImV4cCI6MTY4MjQyOTQ5N30.Q-hwE8JPqnR4rQsYgOVL16Co1OSuSDwZ9lBzZJAGL2Q', 'Content-Length': '0'}
请求内容: None
接口响应内容: {'data': {'id': 1106, 'rid': -1, 'username': 'gPSmL736', 'mobile': '18095885488', 'email': 'pingzheng@gmail.com', 'mg_state': 1}, 'meta': {'msg': '设置状态成功', 'status': 200}}
接口响应时长: 4 ms
Http状态码: 200
断言结果: 200
=====================================================
INFO    2023-04-24 21:31:38,141G:\auto_api1_framework\logs\info-2023-04-24.log:log_decorator.py:42 
======================================================
用例标题: 修改用户状态失败（id为字符串）
请求路径: http://127.0.0.1:8888/api/private/v1/users/jAlpOb/state/false
请求方式: PUT
请求头:   {'User-Agent': 'python-requests/2.28.2', 'Accept-Encoding': 'gzip, deflate', 'Accept': '*/*', 'Connection': 'keep-alive', 'Authorization': 'Bearer eyJhbGciOiJIUzI1NiIsInR5cCI6IkpXVCJ9.eyJ1aWQiOjUwMCwicmlkIjowLCJpYXQiOjE2ODIzNDMwOTcsImV4cCI6MTY4MjQyOTQ5N30.Q-hwE8JPqnR4rQsYgOVL16Co1OSuSDwZ9lBzZJAGL2Q', 'Content-Length': '0'}
请求内容: None
接口响应内容: {'data': None, 'meta': {'msg': '用户ID必须是数字', 'status': 400}}
接口响应时长: 1 ms
Http状态码: 200
断言结果: 200
=====================================================
INFO    2023-04-24 21:31:38,147G:\auto_api1_framework\logs\info-2023-04-24.log:log_decorator.py:42 
======================================================
用例标题: 修改用户状态失败（id包含特殊字符）
请求路径: http://127.0.0.1:8888/api/private/v1/users/_)(!)/state/false
请求方式: PUT
请求头:   {'User-Agent': 'python-requests/2.28.2', 'Accept-Encoding': 'gzip, deflate', 'Accept': '*/*', 'Connection': 'keep-alive', 'Authorization': 'Bearer eyJhbGciOiJIUzI1NiIsInR5cCI6IkpXVCJ9.eyJ1aWQiOjUwMCwicmlkIjowLCJpYXQiOjE2ODIzNDMwOTcsImV4cCI6MTY4MjQyOTQ5N30.Q-hwE8JPqnR4rQsYgOVL16Co1OSuSDwZ9lBzZJAGL2Q', 'Content-Length': '0'}
请求内容: None
接口响应内容: {'data': None, 'meta': {'msg': '用户ID必须是数字', 'status': 400}}
接口响应时长: 1 ms
Http状态码: 200
断言结果: 200
=====================================================
INFO    2023-04-24 21:31:38,151G:\auto_api1_framework\logs\info-2023-04-24.log:log_decorator.py:42 
======================================================
用例标题: 修改用户状态失败（id不存在）
请求路径: http://127.0.0.1:8888/api/private/v1/users/state/false
请求方式: PUT
请求头:   {'User-Agent': 'python-requests/2.28.2', 'Accept-Encoding': 'gzip, deflate', 'Accept': '*/*', 'Connection': 'keep-alive', 'Authorization': 'Bearer eyJhbGciOiJIUzI1NiIsInR5cCI6IkpXVCJ9.eyJ1aWQiOjUwMCwicmlkIjowLCJpYXQiOjE2ODIzNDMwOTcsImV4cCI6MTY4MjQyOTQ5N30.Q-hwE8JPqnR4rQsYgOVL16Co1OSuSDwZ9lBzZJAGL2Q', 'Content-Length': '0'}
请求内容: None
接口响应内容: {'data': None, 'meta': {'msg': 'Not Found', 'status': 404}}
接口响应时长: 1 ms
Http状态码: 200
断言结果: 200
=====================================================
INFO    2023-04-24 21:31:38,387G:\auto_api1_framework\logs\info-2023-04-24.log:log_decorator.py:42 
======================================================
用例标题: 创建用户成功（全部参数）
请求路径: http://127.0.0.1:8888/api/private/v1/users
请求方式: POST
请求头:   {'User-Agent': 'python-requests/2.28.2', 'Accept-Encoding': 'gzip, deflate', 'Accept': '*/*', 'Connection': 'keep-alive', 'Content-Type': 'application/json', 'Authorization': 'Bearer eyJhbGciOiJIUzI1NiIsInR5cCI6IkpXVCJ9.eyJ1aWQiOjUwMCwicmlkIjowLCJpYXQiOjE2ODIzNDMwOTcsImV4cCI6MTY4MjQyOTQ5N30.Q-hwE8JPqnR4rQsYgOVL16Co1OSuSDwZ9lBzZJAGL2Q', 'Content-Length': '106'}
请求内容: {'username': 'emPaB040', 'password': '_2+)Yc4J', 'email': 'gongyong@hotmail.com', 'mobile': '13397235757'}
接口响应内容: {'data': {'id': 1107, 'username': 'emPaB040', 'mobile': '13397235757', 'email': 'gongyong@hotmail.com', 'role_id': -1, 'create_time': 1682343098}, 'meta': {'msg': '创建成功', 'status': 201}}
接口响应时长: 68 ms
Http状态码: 200
断言结果: 200
=====================================================
INFO    2023-04-24 21:31:38,390G:\auto_api1_framework\logs\info-2023-04-24.log:log_decorator.py:42 
======================================================
用例标题: 修改用户状态失败（state为空）
请求路径: http://127.0.0.1:8888/api/private/v1/users/1107/state
请求方式: PUT
请求头:   {'User-Agent': 'python-requests/2.28.2', 'Accept-Encoding': 'gzip, deflate', 'Accept': '*/*', 'Connection': 'keep-alive', 'Authorization': 'Bearer eyJhbGciOiJIUzI1NiIsInR5cCI6IkpXVCJ9.eyJ1aWQiOjUwMCwicmlkIjowLCJpYXQiOjE2ODIzNDMwOTcsImV4cCI6MTY4MjQyOTQ5N30.Q-hwE8JPqnR4rQsYgOVL16Co1OSuSDwZ9lBzZJAGL2Q', 'Content-Length': '0'}
请求内容: None
接口响应内容: {'data': None, 'meta': {'msg': 'Not Found', 'status': 404}}
接口响应时长: 1 ms
Http状态码: 200
断言结果: 200
=====================================================
INFO    2023-04-24 21:31:38,710G:\auto_api1_framework\logs\info-2023-04-24.log:log_decorator.py:42 
======================================================
用例标题: 创建用户成功（全部参数）
请求路径: http://127.0.0.1:8888/api/private/v1/users
请求方式: POST
请求头:   {'User-Agent': 'python-requests/2.28.2', 'Accept-Encoding': 'gzip, deflate', 'Accept': '*/*', 'Connection': 'keep-alive', 'Content-Type': 'application/json', 'Authorization': 'Bearer eyJhbGciOiJIUzI1NiIsInR5cCI6IkpXVCJ9.eyJ1aWQiOjUwMCwicmlkIjowLCJpYXQiOjE2ODIzNDMwOTcsImV4cCI6MTY4MjQyOTQ5N30.Q-hwE8JPqnR4rQsYgOVL16Co1OSuSDwZ9lBzZJAGL2Q', 'Content-Length': '105'}
请求内容: {'username': 'rsWyK996', 'password': '^8vjyUgn', 'email': 'gangxiang@yahoo.com', 'mobile': '15990329785'}
接口响应内容: {'data': {'id': 1108, 'username': 'rsWyK996', 'mobile': '15990329785', 'email': 'gangxiang@yahoo.com', 'role_id': -1, 'create_time': 1682343098}, 'meta': {'msg': '创建成功', 'status': 201}}
接口响应时长: 82 ms
Http状态码: 200
断言结果: 200
=====================================================
INFO    2023-04-24 21:31:38,715G:\auto_api1_framework\logs\info-2023-04-24.log:log_decorator.py:42 
======================================================
用例标题: 修改用户状态成功（state为纯数字）
请求路径: http://127.0.0.1:8888/api/private/v1/users/1108/state/981800
请求方式: PUT
请求头:   {'User-Agent': 'python-requests/2.28.2', 'Accept-Encoding': 'gzip, deflate', 'Accept': '*/*', 'Connection': 'keep-alive', 'Authorization': 'Bearer eyJhbGciOiJIUzI1NiIsInR5cCI6IkpXVCJ9.eyJ1aWQiOjUwMCwicmlkIjowLCJpYXQiOjE2ODIzNDMwOTcsImV4cCI6MTY4MjQyOTQ5N30.Q-hwE8JPqnR4rQsYgOVL16Co1OSuSDwZ9lBzZJAGL2Q', 'Content-Length': '0'}
请求内容: None
接口响应内容: {'data': {'id': 1108, 'rid': -1, 'username': 'rsWyK996', 'mobile': '15990329785', 'email': 'gangxiang@yahoo.com', 'mg_state': 0}, 'meta': {'msg': '设置状态成功', 'status': 200}}
接口响应时长: 4 ms
Http状态码: 200
断言结果: 200
=====================================================
INFO    2023-04-24 21:31:38,955G:\auto_api1_framework\logs\info-2023-04-24.log:log_decorator.py:42 
======================================================
用例标题: 创建用户成功（全部参数）
请求路径: http://127.0.0.1:8888/api/private/v1/users
请求方式: POST
请求头:   {'User-Agent': 'python-requests/2.28.2', 'Accept-Encoding': 'gzip, deflate', 'Accept': '*/*', 'Connection': 'keep-alive', 'Content-Type': 'application/json', 'Authorization': 'Bearer eyJhbGciOiJIUzI1NiIsInR5cCI6IkpXVCJ9.eyJ1aWQiOjUwMCwicmlkIjowLCJpYXQiOjE2ODIzNDMwOTcsImV4cCI6MTY4MjQyOTQ5N30.Q-hwE8JPqnR4rQsYgOVL16Co1OSuSDwZ9lBzZJAGL2Q', 'Content-Length': '105'}
请求内容: {'username': 'WJITK822', 'password': '#5*JQr*i', 'email': 'qianggu@hotmail.com', 'mobile': '15142979497'}
接口响应内容: {'data': {'id': 1109, 'username': 'WJITK822', 'mobile': '15142979497', 'email': 'qianggu@hotmail.com', 'role_id': -1, 'create_time': 1682343098}, 'meta': {'msg': '创建成功', 'status': 201}}
接口响应时长: 68 ms
Http状态码: 200
断言结果: 200
=====================================================
INFO    2023-04-24 21:31:38,963G:\auto_api1_framework\logs\info-2023-04-24.log:log_decorator.py:42 
======================================================
用例标题: 修改用户状态成功（state为纯字母）
请求路径: http://127.0.0.1:8888/api/private/v1/users/1109/state/qOZYuM
请求方式: PUT
请求头:   {'User-Agent': 'python-requests/2.28.2', 'Accept-Encoding': 'gzip, deflate', 'Accept': '*/*', 'Connection': 'keep-alive', 'Authorization': 'Bearer eyJhbGciOiJIUzI1NiIsInR5cCI6IkpXVCJ9.eyJ1aWQiOjUwMCwicmlkIjowLCJpYXQiOjE2ODIzNDMwOTcsImV4cCI6MTY4MjQyOTQ5N30.Q-hwE8JPqnR4rQsYgOVL16Co1OSuSDwZ9lBzZJAGL2Q', 'Content-Length': '0'}
请求内容: None
接口响应内容: {'data': {'id': 1109, 'rid': -1, 'username': 'WJITK822', 'mobile': '15142979497', 'email': 'qianggu@hotmail.com', 'mg_state': 0}, 'meta': {'msg': '设置状态成功', 'status': 200}}
接口响应时长: 5 ms
Http状态码: 200
断言结果: 200
=====================================================
INFO    2023-04-24 21:31:39,211G:\auto_api1_framework\logs\info-2023-04-24.log:log_decorator.py:42 
======================================================
用例标题: 创建用户成功（全部参数）
请求路径: http://127.0.0.1:8888/api/private/v1/users
请求方式: POST
请求头:   {'User-Agent': 'python-requests/2.28.2', 'Accept-Encoding': 'gzip, deflate', 'Accept': '*/*', 'Connection': 'keep-alive', 'Content-Type': 'application/json', 'Authorization': 'Bearer eyJhbGciOiJIUzI1NiIsInR5cCI6IkpXVCJ9.eyJ1aWQiOjUwMCwicmlkIjowLCJpYXQiOjE2ODIzNDMwOTcsImV4cCI6MTY4MjQyOTQ5N30.Q-hwE8JPqnR4rQsYgOVL16Co1OSuSDwZ9lBzZJAGL2Q', 'Content-Length': '100'}
请求内容: {'username': 'aVAtW494', 'password': ')eZ2TgyU', 'email': 'thou@gmail.com', 'mobile': '18972418731'}
接口响应内容: {'data': {'id': 1110, 'username': 'aVAtW494', 'mobile': '18972418731', 'email': 'thou@gmail.com', 'role_id': -1, 'create_time': 1682343099}, 'meta': {'msg': '创建成功', 'status': 201}}
接口响应时长: 71 ms
Http状态码: 200
断言结果: 200
=====================================================
INFO    2023-04-24 21:31:39,214G:\auto_api1_framework\logs\info-2023-04-24.log:log_decorator.py:42 
======================================================
用例标题: 修改用户状态成功（state包含特殊字符）
请求路径: http://127.0.0.1:8888/api/private/v1/users/1110/state/#)&%5E_
请求方式: PUT
请求头:   {'User-Agent': 'python-requests/2.28.2', 'Accept-Encoding': 'gzip, deflate', 'Accept': '*/*', 'Connection': 'keep-alive', 'Authorization': 'Bearer eyJhbGciOiJIUzI1NiIsInR5cCI6IkpXVCJ9.eyJ1aWQiOjUwMCwicmlkIjowLCJpYXQiOjE2ODIzNDMwOTcsImV4cCI6MTY4MjQyOTQ5N30.Q-hwE8JPqnR4rQsYgOVL16Co1OSuSDwZ9lBzZJAGL2Q', 'Content-Length': '0'}
请求内容: None
接口响应内容: {'data': None, 'meta': {'msg': 'Not Found', 'status': 404}}
接口响应时长: 1 ms
Http状态码: 200
断言结果: 200
=====================================================
INFO    2023-04-24 21:31:45,861G:\auto_api1_framework\logs\info-2023-04-24.log:log_decorator.py:42 
======================================================
用例标题: 创建用户成功（全部参数）
请求路径: http://127.0.0.1:8888/api/private/v1/users
请求方式: POST
请求头:   {'User-Agent': 'python-requests/2.28.2', 'Accept-Encoding': 'gzip, deflate', 'Accept': '*/*', 'Connection': 'keep-alive', 'Content-Type': 'application/json', 'Authorization': 'Bearer eyJhbGciOiJIUzI1NiIsInR5cCI6IkpXVCJ9.eyJ1aWQiOjUwMCwicmlkIjowLCJpYXQiOjE2ODIzNDMxMDUsImV4cCI6MTY4MjQyOTUwNX0.rYnKWFLwi8YONxbLeAEzFRJynEv5IcSLzGcmxx2CI7Q', 'Content-Length': '108'}
请求内容: {'username': 'jybDN545', 'password': '@#P6TSex', 'email': 'caoxiuying@hotmail.com', 'mobile': '15559819943'}
接口响应内容: {'data': {'id': 1111, 'username': 'jybDN545', 'mobile': '15559819943', 'email': 'caoxiuying@hotmail.com', 'role_id': -1, 'create_time': 1682343105}, 'meta': {'msg': '创建成功', 'status': 201}}
接口响应时长: 74 ms
Http状态码: 200
断言结果: 200
=====================================================
INFO    2023-04-24 21:31:45,868G:\auto_api1_framework\logs\info-2023-04-24.log:log_decorator.py:42 
======================================================
用例标题: 修改用户状态成功
请求路径: http://127.0.0.1:8888/api/private/v1/users/1111/state/true
请求方式: PUT
请求头:   {'User-Agent': 'python-requests/2.28.2', 'Accept-Encoding': 'gzip, deflate', 'Accept': '*/*', 'Connection': 'keep-alive', 'Authorization': 'Bearer eyJhbGciOiJIUzI1NiIsInR5cCI6IkpXVCJ9.eyJ1aWQiOjUwMCwicmlkIjowLCJpYXQiOjE2ODIzNDMxMDUsImV4cCI6MTY4MjQyOTUwNX0.rYnKWFLwi8YONxbLeAEzFRJynEv5IcSLzGcmxx2CI7Q', 'Content-Length': '0'}
请求内容: None
接口响应内容: {'data': {'id': 1111, 'rid': -1, 'username': 'jybDN545', 'mobile': '15559819943', 'email': 'caoxiuying@hotmail.com', 'mg_state': 1}, 'meta': {'msg': '设置状态成功', 'status': 200}}
接口响应时长: 5 ms
Http状态码: 200
断言结果: 200
=====================================================
INFO    2023-04-24 21:31:45,875G:\auto_api1_framework\logs\info-2023-04-24.log:log_decorator.py:42 
======================================================
用例标题: 修改用户状态失败（id为字符串）
请求路径: http://127.0.0.1:8888/api/private/v1/users/JJlUux/state/false
请求方式: PUT
请求头:   {'User-Agent': 'python-requests/2.28.2', 'Accept-Encoding': 'gzip, deflate', 'Accept': '*/*', 'Connection': 'keep-alive', 'Authorization': 'Bearer eyJhbGciOiJIUzI1NiIsInR5cCI6IkpXVCJ9.eyJ1aWQiOjUwMCwicmlkIjowLCJpYXQiOjE2ODIzNDMxMDUsImV4cCI6MTY4MjQyOTUwNX0.rYnKWFLwi8YONxbLeAEzFRJynEv5IcSLzGcmxx2CI7Q', 'Content-Length': '0'}
请求内容: None
接口响应内容: {'data': None, 'meta': {'msg': '用户ID必须是数字', 'status': 400}}
接口响应时长: 1 ms
Http状态码: 200
断言结果: 200
=====================================================
INFO    2023-04-24 21:31:45,880G:\auto_api1_framework\logs\info-2023-04-24.log:log_decorator.py:42 
======================================================
用例标题: 修改用户状态失败（id包含特殊字符）
请求路径: http://127.0.0.1:8888/api/private/v1/users/%5E*&+&/state/false
请求方式: PUT
请求头:   {'User-Agent': 'python-requests/2.28.2', 'Accept-Encoding': 'gzip, deflate', 'Accept': '*/*', 'Connection': 'keep-alive', 'Authorization': 'Bearer eyJhbGciOiJIUzI1NiIsInR5cCI6IkpXVCJ9.eyJ1aWQiOjUwMCwicmlkIjowLCJpYXQiOjE2ODIzNDMxMDUsImV4cCI6MTY4MjQyOTUwNX0.rYnKWFLwi8YONxbLeAEzFRJynEv5IcSLzGcmxx2CI7Q', 'Content-Length': '0'}
请求内容: None
接口响应内容: {'data': None, 'meta': {'msg': '用户ID必须是数字', 'status': 400}}
接口响应时长: 1 ms
Http状态码: 200
断言结果: 200
=====================================================
INFO    2023-04-24 21:31:45,886G:\auto_api1_framework\logs\info-2023-04-24.log:log_decorator.py:42 
======================================================
用例标题: 修改用户状态失败（id不存在）
请求路径: http://127.0.0.1:8888/api/private/v1/users/state/false
请求方式: PUT
请求头:   {'User-Agent': 'python-requests/2.28.2', 'Accept-Encoding': 'gzip, deflate', 'Accept': '*/*', 'Connection': 'keep-alive', 'Authorization': 'Bearer eyJhbGciOiJIUzI1NiIsInR5cCI6IkpXVCJ9.eyJ1aWQiOjUwMCwicmlkIjowLCJpYXQiOjE2ODIzNDMxMDUsImV4cCI6MTY4MjQyOTUwNX0.rYnKWFLwi8YONxbLeAEzFRJynEv5IcSLzGcmxx2CI7Q', 'Content-Length': '0'}
请求内容: None
接口响应内容: {'data': None, 'meta': {'msg': 'Not Found', 'status': 404}}
接口响应时长: 1 ms
Http状态码: 200
断言结果: 200
=====================================================
INFO    2023-04-24 21:31:46,128G:\auto_api1_framework\logs\info-2023-04-24.log:log_decorator.py:42 
======================================================
用例标题: 创建用户成功（全部参数）
请求路径: http://127.0.0.1:8888/api/private/v1/users
请求方式: POST
请求头:   {'User-Agent': 'python-requests/2.28.2', 'Accept-Encoding': 'gzip, deflate', 'Accept': '*/*', 'Connection': 'keep-alive', 'Content-Type': 'application/json', 'Authorization': 'Bearer eyJhbGciOiJIUzI1NiIsInR5cCI6IkpXVCJ9.eyJ1aWQiOjUwMCwicmlkIjowLCJpYXQiOjE2ODIzNDMxMDUsImV4cCI6MTY4MjQyOTUwNX0.rYnKWFLwi8YONxbLeAEzFRJynEv5IcSLzGcmxx2CI7Q', 'Content-Length': '105'}
请求内容: {'username': 'ftkiM683', 'password': '&wZ7kQAm', 'email': 'najiang@hotmail.com', 'mobile': '15512542529'}
接口响应内容: {'data': {'id': 1112, 'username': 'ftkiM683', 'mobile': '15512542529', 'email': 'najiang@hotmail.com', 'role_id': -1, 'create_time': 1682343106}, 'meta': {'msg': '创建成功', 'status': 201}}
接口响应时长: 81 ms
Http状态码: 200
断言结果: 200
=====================================================
INFO    2023-04-24 21:31:46,130G:\auto_api1_framework\logs\info-2023-04-24.log:log_decorator.py:42 
======================================================
用例标题: 修改用户状态失败（state为空）
请求路径: http://127.0.0.1:8888/api/private/v1/users/1112/state
请求方式: PUT
请求头:   {'User-Agent': 'python-requests/2.28.2', 'Accept-Encoding': 'gzip, deflate', 'Accept': '*/*', 'Connection': 'keep-alive', 'Authorization': 'Bearer eyJhbGciOiJIUzI1NiIsInR5cCI6IkpXVCJ9.eyJ1aWQiOjUwMCwicmlkIjowLCJpYXQiOjE2ODIzNDMxMDUsImV4cCI6MTY4MjQyOTUwNX0.rYnKWFLwi8YONxbLeAEzFRJynEv5IcSLzGcmxx2CI7Q', 'Content-Length': '0'}
请求内容: None
接口响应内容: {'data': None, 'meta': {'msg': 'Not Found', 'status': 404}}
接口响应时长: 1 ms
Http状态码: 200
断言结果: 200
=====================================================
INFO    2023-04-24 21:31:46,463G:\auto_api1_framework\logs\info-2023-04-24.log:log_decorator.py:42 
======================================================
用例标题: 创建用户成功（全部参数）
请求路径: http://127.0.0.1:8888/api/private/v1/users
请求方式: POST
请求头:   {'User-Agent': 'python-requests/2.28.2', 'Accept-Encoding': 'gzip, deflate', 'Accept': '*/*', 'Connection': 'keep-alive', 'Content-Type': 'application/json', 'Authorization': 'Bearer eyJhbGciOiJIUzI1NiIsInR5cCI6IkpXVCJ9.eyJ1aWQiOjUwMCwicmlkIjowLCJpYXQiOjE2ODIzNDMxMDUsImV4cCI6MTY4MjQyOTUwNX0.rYnKWFLwi8YONxbLeAEzFRJynEv5IcSLzGcmxx2CI7Q', 'Content-Length': '102'}
请求内容: {'username': 'wWcYv801', 'password': ')l2iKz#n', 'email': 'yeyang@gmail.com', 'mobile': '18515497229'}
接口响应内容: {'data': {'id': 1113, 'username': 'wWcYv801', 'mobile': '18515497229', 'email': 'yeyang@gmail.com', 'role_id': -1, 'create_time': 1682343106}, 'meta': {'msg': '创建成功', 'status': 201}}
接口响应时长: 76 ms
Http状态码: 200
断言结果: 200
=====================================================
INFO    2023-04-24 21:31:46,470G:\auto_api1_framework\logs\info-2023-04-24.log:log_decorator.py:42 
======================================================
用例标题: 修改用户状态成功（state为纯数字）
请求路径: http://127.0.0.1:8888/api/private/v1/users/1113/state/361400
请求方式: PUT
请求头:   {'User-Agent': 'python-requests/2.28.2', 'Accept-Encoding': 'gzip, deflate', 'Accept': '*/*', 'Connection': 'keep-alive', 'Authorization': 'Bearer eyJhbGciOiJIUzI1NiIsInR5cCI6IkpXVCJ9.eyJ1aWQiOjUwMCwicmlkIjowLCJpYXQiOjE2ODIzNDMxMDUsImV4cCI6MTY4MjQyOTUwNX0.rYnKWFLwi8YONxbLeAEzFRJynEv5IcSLzGcmxx2CI7Q', 'Content-Length': '0'}
请求内容: None
接口响应内容: {'data': {'id': 1113, 'rid': -1, 'username': 'wWcYv801', 'mobile': '18515497229', 'email': 'yeyang@gmail.com', 'mg_state': 0}, 'meta': {'msg': '设置状态成功', 'status': 200}}
接口响应时长: 4 ms
Http状态码: 200
断言结果: 200
=====================================================
INFO    2023-04-24 21:31:46,734G:\auto_api1_framework\logs\info-2023-04-24.log:log_decorator.py:42 
======================================================
用例标题: 创建用户成功（全部参数）
请求路径: http://127.0.0.1:8888/api/private/v1/users
请求方式: POST
请求头:   {'User-Agent': 'python-requests/2.28.2', 'Accept-Encoding': 'gzip, deflate', 'Accept': '*/*', 'Connection': 'keep-alive', 'Content-Type': 'application/json', 'Authorization': 'Bearer eyJhbGciOiJIUzI1NiIsInR5cCI6IkpXVCJ9.eyJ1aWQiOjUwMCwicmlkIjowLCJpYXQiOjE2ODIzNDMxMDUsImV4cCI6MTY4MjQyOTUwNX0.rYnKWFLwi8YONxbLeAEzFRJynEv5IcSLzGcmxx2CI7Q', 'Content-Length': '102'}
请求内容: {'username': 'Sglqy920', 'password': 'U6$4O4%e', 'email': 'duanli@yahoo.com', 'mobile': '14567612779'}
接口响应内容: {'data': {'id': 1114, 'username': 'Sglqy920', 'mobile': '14567612779', 'email': 'duanli@yahoo.com', 'role_id': -1, 'create_time': 1682343106}, 'meta': {'msg': '创建成功', 'status': 201}}
接口响应时长: 87 ms
Http状态码: 200
断言结果: 200
=====================================================
INFO    2023-04-24 21:31:46,739G:\auto_api1_framework\logs\info-2023-04-24.log:log_decorator.py:42 
======================================================
用例标题: 修改用户状态成功（state为纯字母）
请求路径: http://127.0.0.1:8888/api/private/v1/users/1114/state/ejGVDr
请求方式: PUT
请求头:   {'User-Agent': 'python-requests/2.28.2', 'Accept-Encoding': 'gzip, deflate', 'Accept': '*/*', 'Connection': 'keep-alive', 'Authorization': 'Bearer eyJhbGciOiJIUzI1NiIsInR5cCI6IkpXVCJ9.eyJ1aWQiOjUwMCwicmlkIjowLCJpYXQiOjE2ODIzNDMxMDUsImV4cCI6MTY4MjQyOTUwNX0.rYnKWFLwi8YONxbLeAEzFRJynEv5IcSLzGcmxx2CI7Q', 'Content-Length': '0'}
请求内容: None
接口响应内容: {'data': {'id': 1114, 'rid': -1, 'username': 'Sglqy920', 'mobile': '14567612779', 'email': 'duanli@yahoo.com', 'mg_state': 0}, 'meta': {'msg': '设置状态成功', 'status': 200}}
接口响应时长: 4 ms
Http状态码: 200
断言结果: 200
=====================================================
INFO    2023-04-24 21:31:47,003G:\auto_api1_framework\logs\info-2023-04-24.log:log_decorator.py:42 
======================================================
用例标题: 创建用户成功（全部参数）
请求路径: http://127.0.0.1:8888/api/private/v1/users
请求方式: POST
请求头:   {'User-Agent': 'python-requests/2.28.2', 'Accept-Encoding': 'gzip, deflate', 'Accept': '*/*', 'Connection': 'keep-alive', 'Content-Type': 'application/json', 'Authorization': 'Bearer eyJhbGciOiJIUzI1NiIsInR5cCI6IkpXVCJ9.eyJ1aWQiOjUwMCwicmlkIjowLCJpYXQiOjE2ODIzNDMxMDUsImV4cCI6MTY4MjQyOTUwNX0.rYnKWFLwi8YONxbLeAEzFRJynEv5IcSLzGcmxx2CI7Q', 'Content-Length': '104'}
请求内容: {'username': 'suGpM068', 'password': '&&4USBpl', 'email': 'gang37@hotmail.com', 'mobile': '18958535051'}
接口响应内容: {'data': {'id': 1115, 'username': 'suGpM068', 'mobile': '18958535051', 'email': 'gang37@hotmail.com', 'role_id': -1, 'create_time': 1682343106}, 'meta': {'msg': '创建成功', 'status': 201}}
接口响应时长: 87 ms
Http状态码: 200
断言结果: 200
=====================================================
INFO    2023-04-24 21:31:47,012G:\auto_api1_framework\logs\info-2023-04-24.log:log_decorator.py:42 
======================================================
用例标题: 修改用户状态成功（state包含特殊字符）
请求路径: http://127.0.0.1:8888/api/private/v1/users/1115/state/)#$++
请求方式: PUT
请求头:   {'User-Agent': 'python-requests/2.28.2', 'Accept-Encoding': 'gzip, deflate', 'Accept': '*/*', 'Connection': 'keep-alive', 'Authorization': 'Bearer eyJhbGciOiJIUzI1NiIsInR5cCI6IkpXVCJ9.eyJ1aWQiOjUwMCwicmlkIjowLCJpYXQiOjE2ODIzNDMxMDUsImV4cCI6MTY4MjQyOTUwNX0.rYnKWFLwi8YONxbLeAEzFRJynEv5IcSLzGcmxx2CI7Q', 'Content-Length': '0'}
请求内容: None
接口响应内容: {'data': {'id': 1115, 'rid': -1, 'username': 'suGpM068', 'mobile': '18958535051', 'email': 'gang37@hotmail.com', 'mg_state': 0}, 'meta': {'msg': '设置状态成功', 'status': 200}}
接口响应时长: 6 ms
Http状态码: 200
断言结果: 200
=====================================================
INFO    2023-04-24 21:32:49,421G:\auto_api1_framework\logs\info-2023-04-24.log:log_decorator.py:42 
======================================================
用例标题: 创建用户成功（全部参数）
请求路径: http://127.0.0.1:8888/api/private/v1/users
请求方式: POST
请求头:   {'User-Agent': 'python-requests/2.28.2', 'Accept-Encoding': 'gzip, deflate', 'Accept': '*/*', 'Connection': 'keep-alive', 'Content-Type': 'application/json', 'Authorization': 'Bearer eyJhbGciOiJIUzI1NiIsInR5cCI6IkpXVCJ9.eyJ1aWQiOjUwMCwicmlkIjowLCJpYXQiOjE2ODIzNDMxNjksImV4cCI6MTY4MjQyOTU2OX0.99KRRZQxyU1GRTU7JwQnbGxpxgXgQCXOuUXDC352iKY', 'Content-Length': '105'}
请求内容: {'username': 'WHCGn421', 'password': '*Q1mMtHd', 'email': 'tianqiang@gmail.com', 'mobile': '15530767011'}
接口响应内容: {'data': {'id': 1116, 'username': 'WHCGn421', 'mobile': '15530767011', 'email': 'tianqiang@gmail.com', 'role_id': -1, 'create_time': 1682343169}, 'meta': {'msg': '创建成功', 'status': 201}}
接口响应时长: 82 ms
Http状态码: 200
断言结果: 200
=====================================================
INFO    2023-04-24 21:32:49,431G:\auto_api1_framework\logs\info-2023-04-24.log:log_decorator.py:42 
======================================================
用例标题: 修改用户状态成功
请求路径: http://127.0.0.1:8888/api/private/v1/users/1116/state/true
请求方式: PUT
请求头:   {'User-Agent': 'python-requests/2.28.2', 'Accept-Encoding': 'gzip, deflate', 'Accept': '*/*', 'Connection': 'keep-alive', 'Authorization': 'Bearer eyJhbGciOiJIUzI1NiIsInR5cCI6IkpXVCJ9.eyJ1aWQiOjUwMCwicmlkIjowLCJpYXQiOjE2ODIzNDMxNjksImV4cCI6MTY4MjQyOTU2OX0.99KRRZQxyU1GRTU7JwQnbGxpxgXgQCXOuUXDC352iKY', 'Content-Length': '0'}
请求内容: None
接口响应内容: {'data': {'id': 1116, 'rid': -1, 'username': 'WHCGn421', 'mobile': '15530767011', 'email': 'tianqiang@gmail.com', 'mg_state': 1}, 'meta': {'msg': '设置状态成功', 'status': 200}}
接口响应时长: 6 ms
Http状态码: 200
断言结果: 200
=====================================================
INFO    2023-04-24 21:32:49,436G:\auto_api1_framework\logs\info-2023-04-24.log:log_decorator.py:42 
======================================================
用例标题: 修改用户状态失败（id为字符串）
请求路径: http://127.0.0.1:8888/api/private/v1/users/CIIMOA/state/false
请求方式: PUT
请求头:   {'User-Agent': 'python-requests/2.28.2', 'Accept-Encoding': 'gzip, deflate', 'Accept': '*/*', 'Connection': 'keep-alive', 'Authorization': 'Bearer eyJhbGciOiJIUzI1NiIsInR5cCI6IkpXVCJ9.eyJ1aWQiOjUwMCwicmlkIjowLCJpYXQiOjE2ODIzNDMxNjksImV4cCI6MTY4MjQyOTU2OX0.99KRRZQxyU1GRTU7JwQnbGxpxgXgQCXOuUXDC352iKY', 'Content-Length': '0'}
请求内容: None
接口响应内容: {'data': None, 'meta': {'msg': '用户ID必须是数字', 'status': 400}}
接口响应时长: 1 ms
Http状态码: 200
断言结果: 200
=====================================================
INFO    2023-04-24 21:32:49,441G:\auto_api1_framework\logs\info-2023-04-24.log:log_decorator.py:42 
======================================================
用例标题: 修改用户状态失败（id包含特殊字符）
请求路径: http://127.0.0.1:8888/api/private/v1/users/#)%25%25%23/state/false
请求方式: PUT
请求头:   {'User-Agent': 'python-requests/2.28.2', 'Accept-Encoding': 'gzip, deflate', 'Accept': '*/*', 'Connection': 'keep-alive', 'Authorization': 'Bearer eyJhbGciOiJIUzI1NiIsInR5cCI6IkpXVCJ9.eyJ1aWQiOjUwMCwicmlkIjowLCJpYXQiOjE2ODIzNDMxNjksImV4cCI6MTY4MjQyOTU2OX0.99KRRZQxyU1GRTU7JwQnbGxpxgXgQCXOuUXDC352iKY', 'Content-Length': '0'}
请求内容: None
接口响应内容: {'data': None, 'meta': {'msg': 'Not Found', 'status': 404}}
接口响应时长: 1 ms
Http状态码: 200
断言结果: 200
=====================================================
INFO    2023-04-24 21:32:49,529G:\auto_api1_framework\logs\info-2023-04-24.log:log_decorator.py:42 
======================================================
用例标题: 修改用户状态失败（id不存在）
请求路径: http://127.0.0.1:8888/api/private/v1/users/state/false
请求方式: PUT
请求头:   {'User-Agent': 'python-requests/2.28.2', 'Accept-Encoding': 'gzip, deflate', 'Accept': '*/*', 'Connection': 'keep-alive', 'Authorization': 'Bearer eyJhbGciOiJIUzI1NiIsInR5cCI6IkpXVCJ9.eyJ1aWQiOjUwMCwicmlkIjowLCJpYXQiOjE2ODIzNDMxNjksImV4cCI6MTY4MjQyOTU2OX0.99KRRZQxyU1GRTU7JwQnbGxpxgXgQCXOuUXDC352iKY', 'Content-Length': '0'}
请求内容: None
接口响应内容: {'data': None, 'meta': {'msg': 'Not Found', 'status': 404}}
接口响应时长: 1 ms
Http状态码: 200
断言结果: 200
=====================================================
INFO    2023-04-24 21:32:49,763G:\auto_api1_framework\logs\info-2023-04-24.log:log_decorator.py:42 
======================================================
用例标题: 创建用户成功（全部参数）
请求路径: http://127.0.0.1:8888/api/private/v1/users
请求方式: POST
请求头:   {'User-Agent': 'python-requests/2.28.2', 'Accept-Encoding': 'gzip, deflate', 'Accept': '*/*', 'Connection': 'keep-alive', 'Content-Type': 'application/json', 'Authorization': 'Bearer eyJhbGciOiJIUzI1NiIsInR5cCI6IkpXVCJ9.eyJ1aWQiOjUwMCwicmlkIjowLCJpYXQiOjE2ODIzNDMxNjksImV4cCI6MTY4MjQyOTU2OX0.99KRRZQxyU1GRTU7JwQnbGxpxgXgQCXOuUXDC352iKY', 'Content-Length': '101'}
请求内容: {'username': 'dWSII873', 'password': 'FZ*$0hHv', 'email': 'jun35@gmail.com', 'mobile': '15628586431'}
接口响应内容: {'data': {'id': 1117, 'username': 'dWSII873', 'mobile': '15628586431', 'email': 'jun35@gmail.com', 'role_id': -1, 'create_time': 1682343169}, 'meta': {'msg': '创建成功', 'status': 201}}
接口响应时长: 75 ms
Http状态码: 200
断言结果: 200
=====================================================
INFO    2023-04-24 21:32:49,767G:\auto_api1_framework\logs\info-2023-04-24.log:log_decorator.py:42 
======================================================
用例标题: 修改用户状态失败（state为空）
请求路径: http://127.0.0.1:8888/api/private/v1/users/1117/state
请求方式: PUT
请求头:   {'User-Agent': 'python-requests/2.28.2', 'Accept-Encoding': 'gzip, deflate', 'Accept': '*/*', 'Connection': 'keep-alive', 'Authorization': 'Bearer eyJhbGciOiJIUzI1NiIsInR5cCI6IkpXVCJ9.eyJ1aWQiOjUwMCwicmlkIjowLCJpYXQiOjE2ODIzNDMxNjksImV4cCI6MTY4MjQyOTU2OX0.99KRRZQxyU1GRTU7JwQnbGxpxgXgQCXOuUXDC352iKY', 'Content-Length': '0'}
请求内容: None
接口响应内容: {'data': None, 'meta': {'msg': 'Not Found', 'status': 404}}
接口响应时长: 1 ms
Http状态码: 200
断言结果: 200
=====================================================
INFO    2023-04-24 21:32:50,029G:\auto_api1_framework\logs\info-2023-04-24.log:log_decorator.py:42 
======================================================
用例标题: 创建用户成功（全部参数）
请求路径: http://127.0.0.1:8888/api/private/v1/users
请求方式: POST
请求头:   {'User-Agent': 'python-requests/2.28.2', 'Accept-Encoding': 'gzip, deflate', 'Accept': '*/*', 'Connection': 'keep-alive', 'Content-Type': 'application/json', 'Authorization': 'Bearer eyJhbGciOiJIUzI1NiIsInR5cCI6IkpXVCJ9.eyJ1aWQiOjUwMCwicmlkIjowLCJpYXQiOjE2ODIzNDMxNjksImV4cCI6MTY4MjQyOTU2OX0.99KRRZQxyU1GRTU7JwQnbGxpxgXgQCXOuUXDC352iKY', 'Content-Length': '101'}
请求内容: {'username': 'qDtqx430', 'password': '+6pW)j3i', 'email': 'hyuan@yahoo.com', 'mobile': '15174029832'}
接口响应内容: {'data': {'id': 1118, 'username': 'qDtqx430', 'mobile': '15174029832', 'email': 'hyuan@yahoo.com', 'role_id': -1, 'create_time': 1682343170}, 'meta': {'msg': '创建成功', 'status': 201}}
接口响应时长: 85 ms
Http状态码: 200
断言结果: 200
=====================================================
INFO    2023-04-24 21:32:50,042G:\auto_api1_framework\logs\info-2023-04-24.log:log_decorator.py:42 
======================================================
用例标题: 修改用户状态成功（state为纯数字）
请求路径: http://127.0.0.1:8888/api/private/v1/users/1118/state/276993
请求方式: PUT
请求头:   {'User-Agent': 'python-requests/2.28.2', 'Accept-Encoding': 'gzip, deflate', 'Accept': '*/*', 'Connection': 'keep-alive', 'Authorization': 'Bearer eyJhbGciOiJIUzI1NiIsInR5cCI6IkpXVCJ9.eyJ1aWQiOjUwMCwicmlkIjowLCJpYXQiOjE2ODIzNDMxNjksImV4cCI6MTY4MjQyOTU2OX0.99KRRZQxyU1GRTU7JwQnbGxpxgXgQCXOuUXDC352iKY', 'Content-Length': '0'}
请求内容: None
接口响应内容: {'data': {'id': 1118, 'rid': -1, 'username': 'qDtqx430', 'mobile': '15174029832', 'email': 'hyuan@yahoo.com', 'mg_state': 0}, 'meta': {'msg': '设置状态成功', 'status': 200}}
接口响应时长: 10 ms
Http状态码: 200
断言结果: 200
=====================================================
INFO    2023-04-24 21:32:50,296G:\auto_api1_framework\logs\info-2023-04-24.log:log_decorator.py:42 
======================================================
用例标题: 创建用户成功（全部参数）
请求路径: http://127.0.0.1:8888/api/private/v1/users
请求方式: POST
请求头:   {'User-Agent': 'python-requests/2.28.2', 'Accept-Encoding': 'gzip, deflate', 'Accept': '*/*', 'Connection': 'keep-alive', 'Content-Type': 'application/json', 'Authorization': 'Bearer eyJhbGciOiJIUzI1NiIsInR5cCI6IkpXVCJ9.eyJ1aWQiOjUwMCwicmlkIjowLCJpYXQiOjE2ODIzNDMxNjksImV4cCI6MTY4MjQyOTU2OX0.99KRRZQxyU1GRTU7JwQnbGxpxgXgQCXOuUXDC352iKY', 'Content-Length': '106'}
请求内容: {'username': 'MZeYj700', 'password': 'oU%7HGqb', 'email': 'songxiulan@gmail.com', 'mobile': '18255042747'}
接口响应内容: {'data': {'id': 1119, 'username': 'MZeYj700', 'mobile': '18255042747', 'email': 'songxiulan@gmail.com', 'role_id': -1, 'create_time': 1682343170}, 'meta': {'msg': '创建成功', 'status': 201}}
接口响应时长: 79 ms
Http状态码: 200
断言结果: 200
=====================================================
INFO    2023-04-24 21:32:50,304G:\auto_api1_framework\logs\info-2023-04-24.log:log_decorator.py:42 
======================================================
用例标题: 修改用户状态成功（state为纯字母）
请求路径: http://127.0.0.1:8888/api/private/v1/users/1119/state/pqotGl
请求方式: PUT
请求头:   {'User-Agent': 'python-requests/2.28.2', 'Accept-Encoding': 'gzip, deflate', 'Accept': '*/*', 'Connection': 'keep-alive', 'Authorization': 'Bearer eyJhbGciOiJIUzI1NiIsInR5cCI6IkpXVCJ9.eyJ1aWQiOjUwMCwicmlkIjowLCJpYXQiOjE2ODIzNDMxNjksImV4cCI6MTY4MjQyOTU2OX0.99KRRZQxyU1GRTU7JwQnbGxpxgXgQCXOuUXDC352iKY', 'Content-Length': '0'}
请求内容: None
接口响应内容: {'data': {'id': 1119, 'rid': -1, 'username': 'MZeYj700', 'mobile': '18255042747', 'email': 'songxiulan@gmail.com', 'mg_state': 0}, 'meta': {'msg': '设置状态成功', 'status': 200}}
接口响应时长: 5 ms
Http状态码: 200
断言结果: 200
=====================================================
INFO    2023-04-24 21:32:50,532G:\auto_api1_framework\logs\info-2023-04-24.log:log_decorator.py:42 
======================================================
用例标题: 创建用户成功（全部参数）
请求路径: http://127.0.0.1:8888/api/private/v1/users
请求方式: POST
请求头:   {'User-Agent': 'python-requests/2.28.2', 'Accept-Encoding': 'gzip, deflate', 'Accept': '*/*', 'Connection': 'keep-alive', 'Content-Type': 'application/json', 'Authorization': 'Bearer eyJhbGciOiJIUzI1NiIsInR5cCI6IkpXVCJ9.eyJ1aWQiOjUwMCwicmlkIjowLCJpYXQiOjE2ODIzNDMxNjksImV4cCI6MTY4MjQyOTU2OX0.99KRRZQxyU1GRTU7JwQnbGxpxgXgQCXOuUXDC352iKY', 'Content-Length': '104'}
请求内容: {'username': 'UGsbc193', 'password': '_7EV1yoW', 'email': 'kcheng@hotmail.com', 'mobile': '14724971037'}
接口响应内容: {'data': {'id': 1120, 'username': 'UGsbc193', 'mobile': '14724971037', 'email': 'kcheng@hotmail.com', 'role_id': -1, 'create_time': 1682343170}, 'meta': {'msg': '创建成功', 'status': 201}}
接口响应时长: 77 ms
Http状态码: 200
断言结果: 200
=====================================================
INFO    2023-04-24 21:32:50,541G:\auto_api1_framework\logs\info-2023-04-24.log:log_decorator.py:42 
======================================================
用例标题: 修改用户状态成功（state包含特殊字符）
请求路径: http://127.0.0.1:8888/api/private/v1/users/1120/state/%25*$()
请求方式: PUT
请求头:   {'User-Agent': 'python-requests/2.28.2', 'Accept-Encoding': 'gzip, deflate', 'Accept': '*/*', 'Connection': 'keep-alive', 'Authorization': 'Bearer eyJhbGciOiJIUzI1NiIsInR5cCI6IkpXVCJ9.eyJ1aWQiOjUwMCwicmlkIjowLCJpYXQiOjE2ODIzNDMxNjksImV4cCI6MTY4MjQyOTU2OX0.99KRRZQxyU1GRTU7JwQnbGxpxgXgQCXOuUXDC352iKY', 'Content-Length': '0'}
请求内容: None
接口响应内容: {'data': {'id': 1120, 'rid': -1, 'username': 'UGsbc193', 'mobile': '14724971037', 'email': 'kcheng@hotmail.com', 'mg_state': 0}, 'meta': {'msg': '设置状态成功', 'status': 200}}
接口响应时长: 7 ms
Http状态码: 200
断言结果: 200
=====================================================
INFO    2023-04-24 21:33:45,597G:\auto_api1_framework\logs\info-2023-04-24.log:log_decorator.py:42 
======================================================
用例标题: 创建用户成功（全部参数）
请求路径: http://127.0.0.1:8888/api/private/v1/users
请求方式: POST
请求头:   {'User-Agent': 'python-requests/2.28.2', 'Accept-Encoding': 'gzip, deflate', 'Accept': '*/*', 'Connection': 'keep-alive', 'Content-Type': 'application/json', 'Authorization': 'Bearer eyJhbGciOiJIUzI1NiIsInR5cCI6IkpXVCJ9.eyJ1aWQiOjUwMCwicmlkIjowLCJpYXQiOjE2ODIzNDMyMjUsImV4cCI6MTY4MjQyOTYyNX0.ZjBISE6aD7Y79-_UWDSRMyLJk1SAVwNoFHiSnoZgi4M', 'Content-Length': '102'}
请求内容: {'username': 'Mrqvz198', 'password': '7%(1UOzn', 'email': 'lpan@hotmail.com', 'mobile': '13644665201'}
接口响应内容: {'data': {'id': 1121, 'username': 'Mrqvz198', 'mobile': '13644665201', 'email': 'lpan@hotmail.com', 'role_id': -1, 'create_time': 1682343225}, 'meta': {'msg': '创建成功', 'status': 201}}
接口响应时长: 82 ms
Http状态码: 200
断言结果: 200
=====================================================
INFO    2023-04-24 21:33:45,604G:\auto_api1_framework\logs\info-2023-04-24.log:log_decorator.py:42 
======================================================
用例标题: 修改用户状态成功
请求路径: http://127.0.0.1:8888/api/private/v1/users/1121/state/true
请求方式: PUT
请求头:   {'User-Agent': 'python-requests/2.28.2', 'Accept-Encoding': 'gzip, deflate', 'Accept': '*/*', 'Connection': 'keep-alive', 'Authorization': 'Bearer eyJhbGciOiJIUzI1NiIsInR5cCI6IkpXVCJ9.eyJ1aWQiOjUwMCwicmlkIjowLCJpYXQiOjE2ODIzNDMyMjUsImV4cCI6MTY4MjQyOTYyNX0.ZjBISE6aD7Y79-_UWDSRMyLJk1SAVwNoFHiSnoZgi4M', 'Content-Length': '0'}
请求内容: None
接口响应内容: {'data': {'id': 1121, 'rid': -1, 'username': 'Mrqvz198', 'mobile': '13644665201', 'email': 'lpan@hotmail.com', 'mg_state': 1}, 'meta': {'msg': '设置状态成功', 'status': 200}}
接口响应时长: 4 ms
Http状态码: 200
断言结果: 200
=====================================================
INFO    2023-04-24 21:33:45,615G:\auto_api1_framework\logs\info-2023-04-24.log:log_decorator.py:42 
======================================================
用例标题: 修改用户状态失败（id为字符串）
请求路径: http://127.0.0.1:8888/api/private/v1/users/eLFCYu/state/false
请求方式: PUT
请求头:   {'User-Agent': 'python-requests/2.28.2', 'Accept-Encoding': 'gzip, deflate', 'Accept': '*/*', 'Connection': 'keep-alive', 'Authorization': 'Bearer eyJhbGciOiJIUzI1NiIsInR5cCI6IkpXVCJ9.eyJ1aWQiOjUwMCwicmlkIjowLCJpYXQiOjE2ODIzNDMyMjUsImV4cCI6MTY4MjQyOTYyNX0.ZjBISE6aD7Y79-_UWDSRMyLJk1SAVwNoFHiSnoZgi4M', 'Content-Length': '0'}
请求内容: None
接口响应内容: {'data': None, 'meta': {'msg': '用户ID必须是数字', 'status': 400}}
接口响应时长: 1 ms
Http状态码: 200
断言结果: 200
=====================================================
INFO    2023-04-24 21:33:45,620G:\auto_api1_framework\logs\info-2023-04-24.log:log_decorator.py:42 
======================================================
用例标题: 修改用户状态失败（id包含特殊字符）
请求路径: http://127.0.0.1:8888/api/private/v1/users/$_#(!/state/false
请求方式: PUT
请求头:   {'User-Agent': 'python-requests/2.28.2', 'Accept-Encoding': 'gzip, deflate', 'Accept': '*/*', 'Connection': 'keep-alive', 'Authorization': 'Bearer eyJhbGciOiJIUzI1NiIsInR5cCI6IkpXVCJ9.eyJ1aWQiOjUwMCwicmlkIjowLCJpYXQiOjE2ODIzNDMyMjUsImV4cCI6MTY4MjQyOTYyNX0.ZjBISE6aD7Y79-_UWDSRMyLJk1SAVwNoFHiSnoZgi4M', 'Content-Length': '0'}
请求内容: None
接口响应内容: {'data': None, 'meta': {'msg': '用户ID必须是数字', 'status': 400}}
接口响应时长: 1 ms
Http状态码: 200
断言结果: 200
=====================================================
INFO    2023-04-24 21:33:45,711G:\auto_api1_framework\logs\info-2023-04-24.log:log_decorator.py:42 
======================================================
用例标题: 修改用户状态失败（id不存在）
请求路径: http://127.0.0.1:8888/api/private/v1/users/state/false
请求方式: PUT
请求头:   {'User-Agent': 'python-requests/2.28.2', 'Accept-Encoding': 'gzip, deflate', 'Accept': '*/*', 'Connection': 'keep-alive', 'Authorization': 'Bearer eyJhbGciOiJIUzI1NiIsInR5cCI6IkpXVCJ9.eyJ1aWQiOjUwMCwicmlkIjowLCJpYXQiOjE2ODIzNDMyMjUsImV4cCI6MTY4MjQyOTYyNX0.ZjBISE6aD7Y79-_UWDSRMyLJk1SAVwNoFHiSnoZgi4M', 'Content-Length': '0'}
请求内容: None
接口响应内容: {'data': None, 'meta': {'msg': 'Not Found', 'status': 404}}
接口响应时长: 2 ms
Http状态码: 200
断言结果: 200
=====================================================
INFO    2023-04-24 21:33:45,950G:\auto_api1_framework\logs\info-2023-04-24.log:log_decorator.py:42 
======================================================
用例标题: 创建用户成功（全部参数）
请求路径: http://127.0.0.1:8888/api/private/v1/users
请求方式: POST
请求头:   {'User-Agent': 'python-requests/2.28.2', 'Accept-Encoding': 'gzip, deflate', 'Accept': '*/*', 'Connection': 'keep-alive', 'Content-Type': 'application/json', 'Authorization': 'Bearer eyJhbGciOiJIUzI1NiIsInR5cCI6IkpXVCJ9.eyJ1aWQiOjUwMCwicmlkIjowLCJpYXQiOjE2ODIzNDMyMjUsImV4cCI6MTY4MjQyOTYyNX0.ZjBISE6aD7Y79-_UWDSRMyLJk1SAVwNoFHiSnoZgi4M', 'Content-Length': '103'}
请求内容: {'username': 'zBciY289', 'password': '(4sMu6zO', 'email': 'qianggu@yahoo.com', 'mobile': '14598927226'}
接口响应内容: {'data': {'id': 1122, 'username': 'zBciY289', 'mobile': '14598927226', 'email': 'qianggu@yahoo.com', 'role_id': -1, 'create_time': 1682343225}, 'meta': {'msg': '创建成功', 'status': 201}}
接口响应时长: 79 ms
Http状态码: 200
断言结果: 200
=====================================================
INFO    2023-04-24 21:33:45,953G:\auto_api1_framework\logs\info-2023-04-24.log:log_decorator.py:42 
======================================================
用例标题: 修改用户状态失败（state为空）
请求路径: http://127.0.0.1:8888/api/private/v1/users/1122/state
请求方式: PUT
请求头:   {'User-Agent': 'python-requests/2.28.2', 'Accept-Encoding': 'gzip, deflate', 'Accept': '*/*', 'Connection': 'keep-alive', 'Authorization': 'Bearer eyJhbGciOiJIUzI1NiIsInR5cCI6IkpXVCJ9.eyJ1aWQiOjUwMCwicmlkIjowLCJpYXQiOjE2ODIzNDMyMjUsImV4cCI6MTY4MjQyOTYyNX0.ZjBISE6aD7Y79-_UWDSRMyLJk1SAVwNoFHiSnoZgi4M', 'Content-Length': '0'}
请求内容: None
接口响应内容: {'data': None, 'meta': {'msg': 'Not Found', 'status': 404}}
接口响应时长: 1 ms
Http状态码: 200
断言结果: 200
=====================================================
INFO    2023-04-24 21:33:46,191G:\auto_api1_framework\logs\info-2023-04-24.log:log_decorator.py:42 
======================================================
用例标题: 创建用户成功（全部参数）
请求路径: http://127.0.0.1:8888/api/private/v1/users
请求方式: POST
请求头:   {'User-Agent': 'python-requests/2.28.2', 'Accept-Encoding': 'gzip, deflate', 'Accept': '*/*', 'Connection': 'keep-alive', 'Content-Type': 'application/json', 'Authorization': 'Bearer eyJhbGciOiJIUzI1NiIsInR5cCI6IkpXVCJ9.eyJ1aWQiOjUwMCwicmlkIjowLCJpYXQiOjE2ODIzNDMyMjUsImV4cCI6MTY4MjQyOTYyNX0.ZjBISE6aD7Y79-_UWDSRMyLJk1SAVwNoFHiSnoZgi4M', 'Content-Length': '104'}
请求内容: {'username': 'KrPwu402', 'password': '$Fxv3uKl', 'email': 'yongli@hotmail.com', 'mobile': '18916258688'}
接口响应内容: {'data': {'id': 1123, 'username': 'KrPwu402', 'mobile': '18916258688', 'email': 'yongli@hotmail.com', 'role_id': -1, 'create_time': 1682343226}, 'meta': {'msg': '创建成功', 'status': 201}}
接口响应时长: 79 ms
Http状态码: 200
断言结果: 200
=====================================================
INFO    2023-04-24 21:33:46,197G:\auto_api1_framework\logs\info-2023-04-24.log:log_decorator.py:42 
======================================================
用例标题: 修改用户状态成功（state为纯数字）
请求路径: http://127.0.0.1:8888/api/private/v1/users/1123/state/597449
请求方式: PUT
请求头:   {'User-Agent': 'python-requests/2.28.2', 'Accept-Encoding': 'gzip, deflate', 'Accept': '*/*', 'Connection': 'keep-alive', 'Authorization': 'Bearer eyJhbGciOiJIUzI1NiIsInR5cCI6IkpXVCJ9.eyJ1aWQiOjUwMCwicmlkIjowLCJpYXQiOjE2ODIzNDMyMjUsImV4cCI6MTY4MjQyOTYyNX0.ZjBISE6aD7Y79-_UWDSRMyLJk1SAVwNoFHiSnoZgi4M', 'Content-Length': '0'}
请求内容: None
接口响应内容: {'data': {'id': 1123, 'rid': -1, 'username': 'KrPwu402', 'mobile': '18916258688', 'email': 'yongli@hotmail.com', 'mg_state': 0}, 'meta': {'msg': '设置状态成功', 'status': 200}}
接口响应时长: 5 ms
Http状态码: 200
断言结果: 200
=====================================================
INFO    2023-04-24 21:33:46,438G:\auto_api1_framework\logs\info-2023-04-24.log:log_decorator.py:42 
======================================================
用例标题: 创建用户成功（全部参数）
请求路径: http://127.0.0.1:8888/api/private/v1/users
请求方式: POST
请求头:   {'User-Agent': 'python-requests/2.28.2', 'Accept-Encoding': 'gzip, deflate', 'Accept': '*/*', 'Connection': 'keep-alive', 'Content-Type': 'application/json', 'Authorization': 'Bearer eyJhbGciOiJIUzI1NiIsInR5cCI6IkpXVCJ9.eyJ1aWQiOjUwMCwicmlkIjowLCJpYXQiOjE2ODIzNDMyMjUsImV4cCI6MTY4MjQyOTYyNX0.ZjBISE6aD7Y79-_UWDSRMyLJk1SAVwNoFHiSnoZgi4M', 'Content-Length': '105'}
请求内容: {'username': 'Ongvp320', 'password': '#z&4PhWv', 'email': 'gangyin@hotmail.com', 'mobile': '18573106677'}
接口响应内容: {'data': {'id': 1124, 'username': 'Ongvp320', 'mobile': '18573106677', 'email': 'gangyin@hotmail.com', 'role_id': -1, 'create_time': 1682343226}, 'meta': {'msg': '创建成功', 'status': 201}}
接口响应时长: 84 ms
Http状态码: 200
断言结果: 200
=====================================================
INFO    2023-04-24 21:33:46,444G:\auto_api1_framework\logs\info-2023-04-24.log:log_decorator.py:42 
======================================================
用例标题: 修改用户状态成功（state为纯字母）
请求路径: http://127.0.0.1:8888/api/private/v1/users/1124/state/bymRXQ
请求方式: PUT
请求头:   {'User-Agent': 'python-requests/2.28.2', 'Accept-Encoding': 'gzip, deflate', 'Accept': '*/*', 'Connection': 'keep-alive', 'Authorization': 'Bearer eyJhbGciOiJIUzI1NiIsInR5cCI6IkpXVCJ9.eyJ1aWQiOjUwMCwicmlkIjowLCJpYXQiOjE2ODIzNDMyMjUsImV4cCI6MTY4MjQyOTYyNX0.ZjBISE6aD7Y79-_UWDSRMyLJk1SAVwNoFHiSnoZgi4M', 'Content-Length': '0'}
请求内容: None
接口响应内容: {'data': {'id': 1124, 'rid': -1, 'username': 'Ongvp320', 'mobile': '18573106677', 'email': 'gangyin@hotmail.com', 'mg_state': 0}, 'meta': {'msg': '设置状态成功', 'status': 200}}
接口响应时长: 5 ms
Http状态码: 200
断言结果: 200
=====================================================
INFO    2023-04-24 21:33:46,680G:\auto_api1_framework\logs\info-2023-04-24.log:log_decorator.py:42 
======================================================
用例标题: 创建用户成功（全部参数）
请求路径: http://127.0.0.1:8888/api/private/v1/users
请求方式: POST
请求头:   {'User-Agent': 'python-requests/2.28.2', 'Accept-Encoding': 'gzip, deflate', 'Accept': '*/*', 'Connection': 'keep-alive', 'Content-Type': 'application/json', 'Authorization': 'Bearer eyJhbGciOiJIUzI1NiIsInR5cCI6IkpXVCJ9.eyJ1aWQiOjUwMCwicmlkIjowLCJpYXQiOjE2ODIzNDMyMjUsImV4cCI6MTY4MjQyOTYyNX0.ZjBISE6aD7Y79-_UWDSRMyLJk1SAVwNoFHiSnoZgi4M', 'Content-Length': '103'}
请求内容: {'username': 'diEcL696', 'password': 'Ax(U0Z@z', 'email': 'jieshao@gmail.com', 'mobile': '15644706190'}
接口响应内容: {'data': {'id': 1125, 'username': 'diEcL696', 'mobile': '15644706190', 'email': 'jieshao@gmail.com', 'role_id': -1, 'create_time': 1682343226}, 'meta': {'msg': '创建成功', 'status': 201}}
接口响应时长: 81 ms
Http状态码: 200
断言结果: 200
=====================================================
INFO    2023-04-24 21:33:46,688G:\auto_api1_framework\logs\info-2023-04-24.log:log_decorator.py:42 
======================================================
用例标题: 修改用户状态成功（state包含特殊字符）
请求路径: http://127.0.0.1:8888/api/private/v1/users/1125/state/&&*@
请求方式: PUT
请求头:   {'User-Agent': 'python-requests/2.28.2', 'Accept-Encoding': 'gzip, deflate', 'Accept': '*/*', 'Connection': 'keep-alive', 'Authorization': 'Bearer eyJhbGciOiJIUzI1NiIsInR5cCI6IkpXVCJ9.eyJ1aWQiOjUwMCwicmlkIjowLCJpYXQiOjE2ODIzNDMyMjUsImV4cCI6MTY4MjQyOTYyNX0.ZjBISE6aD7Y79-_UWDSRMyLJk1SAVwNoFHiSnoZgi4M', 'Content-Length': '0'}
请求内容: None
接口响应内容: {'data': {'id': 1125, 'rid': -1, 'username': 'diEcL696', 'mobile': '15644706190', 'email': 'jieshao@gmail.com', 'mg_state': 0}, 'meta': {'msg': '设置状态成功', 'status': 200}}
接口响应时长: 6 ms
Http状态码: 200
断言结果: 200
=====================================================
INFO    2023-04-24 21:33:56,186G:\auto_api1_framework\logs\info-2023-04-24.log:log_decorator.py:42 
======================================================
用例标题: 创建用户成功（全部参数）
请求路径: http://127.0.0.1:8888/api/private/v1/users
请求方式: POST
请求头:   {'User-Agent': 'python-requests/2.28.2', 'Accept-Encoding': 'gzip, deflate', 'Accept': '*/*', 'Connection': 'keep-alive', 'Content-Type': 'application/json', 'Authorization': 'Bearer eyJhbGciOiJIUzI1NiIsInR5cCI6IkpXVCJ9.eyJ1aWQiOjUwMCwicmlkIjowLCJpYXQiOjE2ODIzNDMyMzUsImV4cCI6MTY4MjQyOTYzNX0.dCfG_pnILEBbI3KmGjC_UdhgjcTrzN3seaHJuYm3LDE', 'Content-Length': '102'}
请求内容: {'username': 'dSoPS243', 'password': 'IF#Wn3Ly', 'email': 'minxue@yahoo.com', 'mobile': '15867753850'}
接口响应内容: {'data': {'id': 1126, 'username': 'dSoPS243', 'mobile': '15867753850', 'email': 'minxue@yahoo.com', 'role_id': -1, 'create_time': 1682343236}, 'meta': {'msg': '创建成功', 'status': 201}}
接口响应时长: 74 ms
Http状态码: 200
断言结果: 200
=====================================================
INFO    2023-04-24 21:33:56,195G:\auto_api1_framework\logs\info-2023-04-24.log:log_decorator.py:42 
======================================================
用例标题: 修改用户状态成功
请求路径: http://127.0.0.1:8888/api/private/v1/users/1126/state/true
请求方式: PUT
请求头:   {'User-Agent': 'python-requests/2.28.2', 'Accept-Encoding': 'gzip, deflate', 'Accept': '*/*', 'Connection': 'keep-alive', 'Authorization': 'Bearer eyJhbGciOiJIUzI1NiIsInR5cCI6IkpXVCJ9.eyJ1aWQiOjUwMCwicmlkIjowLCJpYXQiOjE2ODIzNDMyMzUsImV4cCI6MTY4MjQyOTYzNX0.dCfG_pnILEBbI3KmGjC_UdhgjcTrzN3seaHJuYm3LDE', 'Content-Length': '0'}
请求内容: None
接口响应内容: {'data': {'id': 1126, 'rid': -1, 'username': 'dSoPS243', 'mobile': '15867753850', 'email': 'minxue@yahoo.com', 'mg_state': 1}, 'meta': {'msg': '设置状态成功', 'status': 200}}
接口响应时长: 6 ms
Http状态码: 200
断言结果: 200
=====================================================
INFO    2023-04-24 21:33:56,202G:\auto_api1_framework\logs\info-2023-04-24.log:log_decorator.py:42 
======================================================
用例标题: 修改用户状态失败（id为字符串）
请求路径: http://127.0.0.1:8888/api/private/v1/users/gMCHwn/state/false
请求方式: PUT
请求头:   {'User-Agent': 'python-requests/2.28.2', 'Accept-Encoding': 'gzip, deflate', 'Accept': '*/*', 'Connection': 'keep-alive', 'Authorization': 'Bearer eyJhbGciOiJIUzI1NiIsInR5cCI6IkpXVCJ9.eyJ1aWQiOjUwMCwicmlkIjowLCJpYXQiOjE2ODIzNDMyMzUsImV4cCI6MTY4MjQyOTYzNX0.dCfG_pnILEBbI3KmGjC_UdhgjcTrzN3seaHJuYm3LDE', 'Content-Length': '0'}
请求内容: None
接口响应内容: {'data': None, 'meta': {'msg': '用户ID必须是数字', 'status': 400}}
接口响应时长: 1 ms
Http状态码: 200
断言结果: 200
=====================================================
INFO    2023-04-24 21:33:56,209G:\auto_api1_framework\logs\info-2023-04-24.log:log_decorator.py:42 
======================================================
用例标题: 修改用户状态失败（id包含特殊字符）
请求路径: http://127.0.0.1:8888/api/private/v1/users/%25)+!#/state/false
请求方式: PUT
请求头:   {'User-Agent': 'python-requests/2.28.2', 'Accept-Encoding': 'gzip, deflate', 'Accept': '*/*', 'Connection': 'keep-alive', 'Authorization': 'Bearer eyJhbGciOiJIUzI1NiIsInR5cCI6IkpXVCJ9.eyJ1aWQiOjUwMCwicmlkIjowLCJpYXQiOjE2ODIzNDMyMzUsImV4cCI6MTY4MjQyOTYzNX0.dCfG_pnILEBbI3KmGjC_UdhgjcTrzN3seaHJuYm3LDE', 'Content-Length': '0'}
请求内容: None
接口响应内容: {'data': None, 'meta': {'msg': '用户ID必须是数字', 'status': 400}}
接口响应时长: 2 ms
Http状态码: 200
断言结果: 200
=====================================================
INFO    2023-04-24 21:33:56,214G:\auto_api1_framework\logs\info-2023-04-24.log:log_decorator.py:42 
======================================================
用例标题: 修改用户状态失败（id不存在）
请求路径: http://127.0.0.1:8888/api/private/v1/users/state/false
请求方式: PUT
请求头:   {'User-Agent': 'python-requests/2.28.2', 'Accept-Encoding': 'gzip, deflate', 'Accept': '*/*', 'Connection': 'keep-alive', 'Authorization': 'Bearer eyJhbGciOiJIUzI1NiIsInR5cCI6IkpXVCJ9.eyJ1aWQiOjUwMCwicmlkIjowLCJpYXQiOjE2ODIzNDMyMzUsImV4cCI6MTY4MjQyOTYzNX0.dCfG_pnILEBbI3KmGjC_UdhgjcTrzN3seaHJuYm3LDE', 'Content-Length': '0'}
请求内容: None
接口响应内容: {'data': None, 'meta': {'msg': 'Not Found', 'status': 404}}
接口响应时长: 2 ms
Http状态码: 200
断言结果: 200
=====================================================
INFO    2023-04-24 21:33:56,456G:\auto_api1_framework\logs\info-2023-04-24.log:log_decorator.py:42 
======================================================
用例标题: 创建用户成功（全部参数）
请求路径: http://127.0.0.1:8888/api/private/v1/users
请求方式: POST
请求头:   {'User-Agent': 'python-requests/2.28.2', 'Accept-Encoding': 'gzip, deflate', 'Accept': '*/*', 'Connection': 'keep-alive', 'Content-Type': 'application/json', 'Authorization': 'Bearer eyJhbGciOiJIUzI1NiIsInR5cCI6IkpXVCJ9.eyJ1aWQiOjUwMCwicmlkIjowLCJpYXQiOjE2ODIzNDMyMzUsImV4cCI6MTY4MjQyOTYzNX0.dCfG_pnILEBbI3KmGjC_UdhgjcTrzN3seaHJuYm3LDE', 'Content-Length': '104'}
请求内容: {'username': 'yUhvR831', 'password': '*02DWA4u', 'email': 'qiangwen@gmail.com', 'mobile': '13745627290'}
接口响应内容: {'data': {'id': 1127, 'username': 'yUhvR831', 'mobile': '13745627290', 'email': 'qiangwen@gmail.com', 'role_id': -1, 'create_time': 1682343236}, 'meta': {'msg': '创建成功', 'status': 201}}
接口响应时长: 77 ms
Http状态码: 200
断言结果: 200
=====================================================
INFO    2023-04-24 21:33:56,458G:\auto_api1_framework\logs\info-2023-04-24.log:log_decorator.py:42 
======================================================
用例标题: 修改用户状态失败（state为空）
请求路径: http://127.0.0.1:8888/api/private/v1/users/1127/state
请求方式: PUT
请求头:   {'User-Agent': 'python-requests/2.28.2', 'Accept-Encoding': 'gzip, deflate', 'Accept': '*/*', 'Connection': 'keep-alive', 'Authorization': 'Bearer eyJhbGciOiJIUzI1NiIsInR5cCI6IkpXVCJ9.eyJ1aWQiOjUwMCwicmlkIjowLCJpYXQiOjE2ODIzNDMyMzUsImV4cCI6MTY4MjQyOTYzNX0.dCfG_pnILEBbI3KmGjC_UdhgjcTrzN3seaHJuYm3LDE', 'Content-Length': '0'}
请求内容: None
接口响应内容: {'data': None, 'meta': {'msg': 'Not Found', 'status': 404}}
接口响应时长: 1 ms
Http状态码: 200
断言结果: 200
=====================================================
INFO    2023-04-24 21:33:56,792G:\auto_api1_framework\logs\info-2023-04-24.log:log_decorator.py:42 
======================================================
用例标题: 创建用户成功（全部参数）
请求路径: http://127.0.0.1:8888/api/private/v1/users
请求方式: POST
请求头:   {'User-Agent': 'python-requests/2.28.2', 'Accept-Encoding': 'gzip, deflate', 'Accept': '*/*', 'Connection': 'keep-alive', 'Content-Type': 'application/json', 'Authorization': 'Bearer eyJhbGciOiJIUzI1NiIsInR5cCI6IkpXVCJ9.eyJ1aWQiOjUwMCwicmlkIjowLCJpYXQiOjE2ODIzNDMyMzUsImV4cCI6MTY4MjQyOTYzNX0.dCfG_pnILEBbI3KmGjC_UdhgjcTrzN3seaHJuYm3LDE', 'Content-Length': '105'}
请求内容: {'username': 'KDqFr235', 'password': '+fo+6Ozk', 'email': 'xiuyingdu@gmail.com', 'mobile': '15173741676'}
接口响应内容: {'data': {'id': 1128, 'username': 'KDqFr235', 'mobile': '15173741676', 'email': 'xiuyingdu@gmail.com', 'role_id': -1, 'create_time': 1682343236}, 'meta': {'msg': '创建成功', 'status': 201}}
接口响应时长: 82 ms
Http状态码: 200
断言结果: 200
=====================================================
INFO    2023-04-24 21:33:56,800G:\auto_api1_framework\logs\info-2023-04-24.log:log_decorator.py:42 
======================================================
用例标题: 修改用户状态成功（state为纯数字）
请求路径: http://127.0.0.1:8888/api/private/v1/users/1128/state/400894
请求方式: PUT
请求头:   {'User-Agent': 'python-requests/2.28.2', 'Accept-Encoding': 'gzip, deflate', 'Accept': '*/*', 'Connection': 'keep-alive', 'Authorization': 'Bearer eyJhbGciOiJIUzI1NiIsInR5cCI6IkpXVCJ9.eyJ1aWQiOjUwMCwicmlkIjowLCJpYXQiOjE2ODIzNDMyMzUsImV4cCI6MTY4MjQyOTYzNX0.dCfG_pnILEBbI3KmGjC_UdhgjcTrzN3seaHJuYm3LDE', 'Content-Length': '0'}
请求内容: None
接口响应内容: {'data': {'id': 1128, 'rid': -1, 'username': 'KDqFr235', 'mobile': '15173741676', 'email': 'xiuyingdu@gmail.com', 'mg_state': 0}, 'meta': {'msg': '设置状态成功', 'status': 200}}
接口响应时长: 6 ms
Http状态码: 200
断言结果: 200
=====================================================
INFO    2023-04-24 21:33:57,045G:\auto_api1_framework\logs\info-2023-04-24.log:log_decorator.py:42 
======================================================
用例标题: 创建用户成功（全部参数）
请求路径: http://127.0.0.1:8888/api/private/v1/users
请求方式: POST
请求头:   {'User-Agent': 'python-requests/2.28.2', 'Accept-Encoding': 'gzip, deflate', 'Accept': '*/*', 'Connection': 'keep-alive', 'Content-Type': 'application/json', 'Authorization': 'Bearer eyJhbGciOiJIUzI1NiIsInR5cCI6IkpXVCJ9.eyJ1aWQiOjUwMCwicmlkIjowLCJpYXQiOjE2ODIzNDMyMzUsImV4cCI6MTY4MjQyOTYzNX0.dCfG_pnILEBbI3KmGjC_UdhgjcTrzN3seaHJuYm3LDE', 'Content-Length': '100'}
请求内容: {'username': 'jqXAY153', 'password': '$(O8)THj', 'email': 'duli@gmail.com', 'mobile': '18715866941'}
接口响应内容: {'data': {'id': 1129, 'username': 'jqXAY153', 'mobile': '18715866941', 'email': 'duli@gmail.com', 'role_id': -1, 'create_time': 1682343237}, 'meta': {'msg': '创建成功', 'status': 201}}
接口响应时长: 78 ms
Http状态码: 200
断言结果: 200
=====================================================
INFO    2023-04-24 21:33:57,053G:\auto_api1_framework\logs\info-2023-04-24.log:log_decorator.py:42 
======================================================
用例标题: 修改用户状态成功（state为纯字母）
请求路径: http://127.0.0.1:8888/api/private/v1/users/1129/state/AEOgZT
请求方式: PUT
请求头:   {'User-Agent': 'python-requests/2.28.2', 'Accept-Encoding': 'gzip, deflate', 'Accept': '*/*', 'Connection': 'keep-alive', 'Authorization': 'Bearer eyJhbGciOiJIUzI1NiIsInR5cCI6IkpXVCJ9.eyJ1aWQiOjUwMCwicmlkIjowLCJpYXQiOjE2ODIzNDMyMzUsImV4cCI6MTY4MjQyOTYzNX0.dCfG_pnILEBbI3KmGjC_UdhgjcTrzN3seaHJuYm3LDE', 'Content-Length': '0'}
请求内容: None
接口响应内容: {'data': {'id': 1129, 'rid': -1, 'username': 'jqXAY153', 'mobile': '18715866941', 'email': 'duli@gmail.com', 'mg_state': 0}, 'meta': {'msg': '设置状态成功', 'status': 200}}
接口响应时长: 6 ms
Http状态码: 200
断言结果: 200
=====================================================
INFO    2023-04-24 21:33:57,283G:\auto_api1_framework\logs\info-2023-04-24.log:log_decorator.py:42 
======================================================
用例标题: 创建用户成功（全部参数）
请求路径: http://127.0.0.1:8888/api/private/v1/users
请求方式: POST
请求头:   {'User-Agent': 'python-requests/2.28.2', 'Accept-Encoding': 'gzip, deflate', 'Accept': '*/*', 'Connection': 'keep-alive', 'Content-Type': 'application/json', 'Authorization': 'Bearer eyJhbGciOiJIUzI1NiIsInR5cCI6IkpXVCJ9.eyJ1aWQiOjUwMCwicmlkIjowLCJpYXQiOjE2ODIzNDMyMzUsImV4cCI6MTY4MjQyOTYzNX0.dCfG_pnILEBbI3KmGjC_UdhgjcTrzN3seaHJuYm3LDE', 'Content-Length': '102'}
请求内容: {'username': 'fYjMc150', 'password': '^0NQwjNg', 'email': 'yong74@yahoo.com', 'mobile': '13775101179'}
接口响应内容: {'data': {'id': 1130, 'username': 'fYjMc150', 'mobile': '13775101179', 'email': 'yong74@yahoo.com', 'role_id': -1, 'create_time': 1682343237}, 'meta': {'msg': '创建成功', 'status': 201}}
接口响应时长: 72 ms
Http状态码: 200
断言结果: 200
=====================================================
INFO    2023-04-24 21:33:57,289G:\auto_api1_framework\logs\info-2023-04-24.log:log_decorator.py:42 
======================================================
用例标题: 修改用户状态成功（state包含特殊字符）
请求路径: http://127.0.0.1:8888/api/private/v1/users/1130/state/%5E!&&!
请求方式: PUT
请求头:   {'User-Agent': 'python-requests/2.28.2', 'Accept-Encoding': 'gzip, deflate', 'Accept': '*/*', 'Connection': 'keep-alive', 'Authorization': 'Bearer eyJhbGciOiJIUzI1NiIsInR5cCI6IkpXVCJ9.eyJ1aWQiOjUwMCwicmlkIjowLCJpYXQiOjE2ODIzNDMyMzUsImV4cCI6MTY4MjQyOTYzNX0.dCfG_pnILEBbI3KmGjC_UdhgjcTrzN3seaHJuYm3LDE', 'Content-Length': '0'}
请求内容: None
接口响应内容: {'data': {'id': 1130, 'rid': -1, 'username': 'fYjMc150', 'mobile': '13775101179', 'email': 'yong74@yahoo.com', 'mg_state': 0}, 'meta': {'msg': '设置状态成功', 'status': 200}}
接口响应时长: 4 ms
Http状态码: 200
断言结果: 200
=====================================================
INFO    2023-04-24 21:34:24,718G:\auto_api1_framework\logs\info-2023-04-24.log:log_decorator.py:42 
======================================================
用例标题: 创建用户成功（全部参数）
请求路径: http://127.0.0.1:8888/api/private/v1/users
请求方式: POST
请求头:   {'User-Agent': 'python-requests/2.28.2', 'Accept-Encoding': 'gzip, deflate', 'Accept': '*/*', 'Connection': 'keep-alive', 'Content-Type': 'application/json', 'Authorization': 'Bearer eyJhbGciOiJIUzI1NiIsInR5cCI6IkpXVCJ9.eyJ1aWQiOjUwMCwicmlkIjowLCJpYXQiOjE2ODIzNDMyNjQsImV4cCI6MTY4MjQyOTY2NH0.y41zc31yoLfncbB5uFG8drpFAAU-lEQUaRCO8MpkdoM', 'Content-Length': '107'}
请求内容: {'username': 'iuxYu896', 'password': '+sD2LFkW', 'email': 'zhongchao@hotmail.com', 'mobile': '13014659302'}
接口响应内容: {'data': {'id': 1131, 'username': 'iuxYu896', 'mobile': '13014659302', 'email': 'zhongchao@hotmail.com', 'role_id': -1, 'create_time': 1682343264}, 'meta': {'msg': '创建成功', 'status': 201}}
接口响应时长: 80 ms
Http状态码: 200
断言结果: 200
=====================================================
INFO    2023-04-24 21:34:24,725G:\auto_api1_framework\logs\info-2023-04-24.log:log_decorator.py:42 
======================================================
用例标题: 修改用户状态成功
请求路径: http://127.0.0.1:8888/api/private/v1/users/1131/state/true
请求方式: PUT
请求头:   {'User-Agent': 'python-requests/2.28.2', 'Accept-Encoding': 'gzip, deflate', 'Accept': '*/*', 'Connection': 'keep-alive', 'Authorization': 'Bearer eyJhbGciOiJIUzI1NiIsInR5cCI6IkpXVCJ9.eyJ1aWQiOjUwMCwicmlkIjowLCJpYXQiOjE2ODIzNDMyNjQsImV4cCI6MTY4MjQyOTY2NH0.y41zc31yoLfncbB5uFG8drpFAAU-lEQUaRCO8MpkdoM', 'Content-Length': '0'}
请求内容: None
接口响应内容: {'data': {'id': 1131, 'rid': -1, 'username': 'iuxYu896', 'mobile': '13014659302', 'email': 'zhongchao@hotmail.com', 'mg_state': 1}, 'meta': {'msg': '设置状态成功', 'status': 200}}
接口响应时长: 5 ms
Http状态码: 200
断言结果: 200
=====================================================
INFO    2023-04-24 21:34:24,734G:\auto_api1_framework\logs\info-2023-04-24.log:log_decorator.py:42 
======================================================
用例标题: 修改用户状态失败（id为字符串）
请求路径: http://127.0.0.1:8888/api/private/v1/users/LBNfxN/state/false
请求方式: PUT
请求头:   {'User-Agent': 'python-requests/2.28.2', 'Accept-Encoding': 'gzip, deflate', 'Accept': '*/*', 'Connection': 'keep-alive', 'Authorization': 'Bearer eyJhbGciOiJIUzI1NiIsInR5cCI6IkpXVCJ9.eyJ1aWQiOjUwMCwicmlkIjowLCJpYXQiOjE2ODIzNDMyNjQsImV4cCI6MTY4MjQyOTY2NH0.y41zc31yoLfncbB5uFG8drpFAAU-lEQUaRCO8MpkdoM', 'Content-Length': '0'}
请求内容: None
接口响应内容: {'data': None, 'meta': {'msg': '用户ID必须是数字', 'status': 400}}
接口响应时长: 1 ms
Http状态码: 200
断言结果: 200
=====================================================
INFO    2023-04-24 21:34:24,739G:\auto_api1_framework\logs\info-2023-04-24.log:log_decorator.py:42 
======================================================
用例标题: 修改用户状态失败（id包含特殊字符）
请求路径: http://127.0.0.1:8888/api/private/v1/users/%5E!%25*#/state/false
请求方式: PUT
请求头:   {'User-Agent': 'python-requests/2.28.2', 'Accept-Encoding': 'gzip, deflate', 'Accept': '*/*', 'Connection': 'keep-alive', 'Authorization': 'Bearer eyJhbGciOiJIUzI1NiIsInR5cCI6IkpXVCJ9.eyJ1aWQiOjUwMCwicmlkIjowLCJpYXQiOjE2ODIzNDMyNjQsImV4cCI6MTY4MjQyOTY2NH0.y41zc31yoLfncbB5uFG8drpFAAU-lEQUaRCO8MpkdoM', 'Content-Length': '0'}
请求内容: None
接口响应内容: {'data': None, 'meta': {'msg': '用户ID必须是数字', 'status': 400}}
接口响应时长: 1 ms
Http状态码: 200
断言结果: 200
=====================================================
INFO    2023-04-24 21:34:24,744G:\auto_api1_framework\logs\info-2023-04-24.log:log_decorator.py:42 
======================================================
用例标题: 修改用户状态失败（id不存在）
请求路径: http://127.0.0.1:8888/api/private/v1/users/state/false
请求方式: PUT
请求头:   {'User-Agent': 'python-requests/2.28.2', 'Accept-Encoding': 'gzip, deflate', 'Accept': '*/*', 'Connection': 'keep-alive', 'Authorization': 'Bearer eyJhbGciOiJIUzI1NiIsInR5cCI6IkpXVCJ9.eyJ1aWQiOjUwMCwicmlkIjowLCJpYXQiOjE2ODIzNDMyNjQsImV4cCI6MTY4MjQyOTY2NH0.y41zc31yoLfncbB5uFG8drpFAAU-lEQUaRCO8MpkdoM', 'Content-Length': '0'}
请求内容: None
接口响应内容: {'data': None, 'meta': {'msg': 'Not Found', 'status': 404}}
接口响应时长: 1 ms
Http状态码: 200
断言结果: 200
=====================================================
INFO    2023-04-24 21:34:24,989G:\auto_api1_framework\logs\info-2023-04-24.log:log_decorator.py:42 
======================================================
用例标题: 创建用户成功（全部参数）
请求路径: http://127.0.0.1:8888/api/private/v1/users
请求方式: POST
请求头:   {'User-Agent': 'python-requests/2.28.2', 'Accept-Encoding': 'gzip, deflate', 'Accept': '*/*', 'Connection': 'keep-alive', 'Content-Type': 'application/json', 'Authorization': 'Bearer eyJhbGciOiJIUzI1NiIsInR5cCI6IkpXVCJ9.eyJ1aWQiOjUwMCwicmlkIjowLCJpYXQiOjE2ODIzNDMyNjQsImV4cCI6MTY4MjQyOTY2NH0.y41zc31yoLfncbB5uFG8drpFAAU-lEQUaRCO8MpkdoM', 'Content-Length': '108'}
请求内容: {'username': 'dxazC107', 'password': '&as9DVq0', 'email': 'yanxiuying@hotmail.com', 'mobile': '18928314171'}
接口响应内容: {'data': {'id': 1132, 'username': 'dxazC107', 'mobile': '18928314171', 'email': 'yanxiuying@hotmail.com', 'role_id': -1, 'create_time': 1682343264}, 'meta': {'msg': '创建成功', 'status': 201}}
接口响应时长: 74 ms
Http状态码: 200
断言结果: 200
=====================================================
INFO    2023-04-24 21:34:24,991G:\auto_api1_framework\logs\info-2023-04-24.log:log_decorator.py:42 
======================================================
用例标题: 修改用户状态失败（state为空）
请求路径: http://127.0.0.1:8888/api/private/v1/users/1132/state
请求方式: PUT
请求头:   {'User-Agent': 'python-requests/2.28.2', 'Accept-Encoding': 'gzip, deflate', 'Accept': '*/*', 'Connection': 'keep-alive', 'Authorization': 'Bearer eyJhbGciOiJIUzI1NiIsInR5cCI6IkpXVCJ9.eyJ1aWQiOjUwMCwicmlkIjowLCJpYXQiOjE2ODIzNDMyNjQsImV4cCI6MTY4MjQyOTY2NH0.y41zc31yoLfncbB5uFG8drpFAAU-lEQUaRCO8MpkdoM', 'Content-Length': '0'}
请求内容: None
接口响应内容: {'data': None, 'meta': {'msg': 'Not Found', 'status': 404}}
接口响应时长: 1 ms
Http状态码: 200
断言结果: 200
=====================================================
INFO    2023-04-24 21:34:25,304G:\auto_api1_framework\logs\info-2023-04-24.log:log_decorator.py:42 
======================================================
用例标题: 创建用户成功（全部参数）
请求路径: http://127.0.0.1:8888/api/private/v1/users
请求方式: POST
请求头:   {'User-Agent': 'python-requests/2.28.2', 'Accept-Encoding': 'gzip, deflate', 'Accept': '*/*', 'Connection': 'keep-alive', 'Content-Type': 'application/json', 'Authorization': 'Bearer eyJhbGciOiJIUzI1NiIsInR5cCI6IkpXVCJ9.eyJ1aWQiOjUwMCwicmlkIjowLCJpYXQiOjE2ODIzNDMyNjQsImV4cCI6MTY4MjQyOTY2NH0.y41zc31yoLfncbB5uFG8drpFAAU-lEQUaRCO8MpkdoM', 'Content-Length': '103'}
请求内容: {'username': 'IFglg622', 'password': '+&2XVZIt', 'email': 'xyang@hotmail.com', 'mobile': '14793167313'}
接口响应内容: {'data': {'id': 1133, 'username': 'IFglg622', 'mobile': '14793167313', 'email': 'xyang@hotmail.com', 'role_id': -1, 'create_time': 1682343265}, 'meta': {'msg': '创建成功', 'status': 201}}
接口响应时长: 76 ms
Http状态码: 200
断言结果: 200
=====================================================
INFO    2023-04-24 21:34:25,312G:\auto_api1_framework\logs\info-2023-04-24.log:log_decorator.py:42 
======================================================
用例标题: 修改用户状态成功（state为纯数字）
请求路径: http://127.0.0.1:8888/api/private/v1/users/1133/state/471760
请求方式: PUT
请求头:   {'User-Agent': 'python-requests/2.28.2', 'Accept-Encoding': 'gzip, deflate', 'Accept': '*/*', 'Connection': 'keep-alive', 'Authorization': 'Bearer eyJhbGciOiJIUzI1NiIsInR5cCI6IkpXVCJ9.eyJ1aWQiOjUwMCwicmlkIjowLCJpYXQiOjE2ODIzNDMyNjQsImV4cCI6MTY4MjQyOTY2NH0.y41zc31yoLfncbB5uFG8drpFAAU-lEQUaRCO8MpkdoM', 'Content-Length': '0'}
请求内容: None
接口响应内容: {'data': {'id': 1133, 'rid': -1, 'username': 'IFglg622', 'mobile': '14793167313', 'email': 'xyang@hotmail.com', 'mg_state': 0}, 'meta': {'msg': '设置状态成功', 'status': 200}}
接口响应时长: 5 ms
Http状态码: 200
断言结果: 200
=====================================================
INFO    2023-04-24 21:34:25,563G:\auto_api1_framework\logs\info-2023-04-24.log:log_decorator.py:42 
======================================================
用例标题: 创建用户成功（全部参数）
请求路径: http://127.0.0.1:8888/api/private/v1/users
请求方式: POST
请求头:   {'User-Agent': 'python-requests/2.28.2', 'Accept-Encoding': 'gzip, deflate', 'Accept': '*/*', 'Connection': 'keep-alive', 'Content-Type': 'application/json', 'Authorization': 'Bearer eyJhbGciOiJIUzI1NiIsInR5cCI6IkpXVCJ9.eyJ1aWQiOjUwMCwicmlkIjowLCJpYXQiOjE2ODIzNDMyNjQsImV4cCI6MTY4MjQyOTY2NH0.y41zc31yoLfncbB5uFG8drpFAAU-lEQUaRCO8MpkdoM', 'Content-Length': '100'}
请求内容: {'username': 'iRdaW439', 'password': '_75N)toy', 'email': 'mxie@gmail.com', 'mobile': '18861895637'}
接口响应内容: {'data': {'id': 1134, 'username': 'iRdaW439', 'mobile': '18861895637', 'email': 'mxie@gmail.com', 'role_id': -1, 'create_time': 1682343265}, 'meta': {'msg': '创建成功', 'status': 201}}
接口响应时长: 81 ms
Http状态码: 200
断言结果: 200
=====================================================
INFO    2023-04-24 21:34:25,569G:\auto_api1_framework\logs\info-2023-04-24.log:log_decorator.py:42 
======================================================
用例标题: 修改用户状态成功（state为纯字母）
请求路径: http://127.0.0.1:8888/api/private/v1/users/1134/state/HoEtyj
请求方式: PUT
请求头:   {'User-Agent': 'python-requests/2.28.2', 'Accept-Encoding': 'gzip, deflate', 'Accept': '*/*', 'Connection': 'keep-alive', 'Authorization': 'Bearer eyJhbGciOiJIUzI1NiIsInR5cCI6IkpXVCJ9.eyJ1aWQiOjUwMCwicmlkIjowLCJpYXQiOjE2ODIzNDMyNjQsImV4cCI6MTY4MjQyOTY2NH0.y41zc31yoLfncbB5uFG8drpFAAU-lEQUaRCO8MpkdoM', 'Content-Length': '0'}
请求内容: None
接口响应内容: {'data': {'id': 1134, 'rid': -1, 'username': 'iRdaW439', 'mobile': '18861895637', 'email': 'mxie@gmail.com', 'mg_state': 0}, 'meta': {'msg': '设置状态成功', 'status': 200}}
接口响应时长: 5 ms
Http状态码: 200
断言结果: 200
=====================================================
INFO    2023-04-24 21:34:25,822G:\auto_api1_framework\logs\info-2023-04-24.log:log_decorator.py:42 
======================================================
用例标题: 创建用户成功（全部参数）
请求路径: http://127.0.0.1:8888/api/private/v1/users
请求方式: POST
请求头:   {'User-Agent': 'python-requests/2.28.2', 'Accept-Encoding': 'gzip, deflate', 'Accept': '*/*', 'Connection': 'keep-alive', 'Content-Type': 'application/json', 'Authorization': 'Bearer eyJhbGciOiJIUzI1NiIsInR5cCI6IkpXVCJ9.eyJ1aWQiOjUwMCwicmlkIjowLCJpYXQiOjE2ODIzNDMyNjQsImV4cCI6MTY4MjQyOTY2NH0.y41zc31yoLfncbB5uFG8drpFAAU-lEQUaRCO8MpkdoM', 'Content-Length': '102'}
请求内容: {'username': 'tvpqQ072', 'password': 'C(1x6QFm', 'email': 'yancao@gmail.com', 'mobile': '18717063180'}
接口响应内容: {'data': {'id': 1135, 'username': 'tvpqQ072', 'mobile': '18717063180', 'email': 'yancao@gmail.com', 'role_id': -1, 'create_time': 1682343265}, 'meta': {'msg': '创建成功', 'status': 201}}
接口响应时长: 75 ms
Http状态码: 200
断言结果: 200
=====================================================
INFO    2023-04-24 21:34:25,829G:\auto_api1_framework\logs\info-2023-04-24.log:log_decorator.py:42 
======================================================
用例标题: 修改用户状态成功（state包含特殊字符）
请求路径: http://127.0.0.1:8888/api/private/v1/users/1135/state/@@&*(
请求方式: PUT
请求头:   {'User-Agent': 'python-requests/2.28.2', 'Accept-Encoding': 'gzip, deflate', 'Accept': '*/*', 'Connection': 'keep-alive', 'Authorization': 'Bearer eyJhbGciOiJIUzI1NiIsInR5cCI6IkpXVCJ9.eyJ1aWQiOjUwMCwicmlkIjowLCJpYXQiOjE2ODIzNDMyNjQsImV4cCI6MTY4MjQyOTY2NH0.y41zc31yoLfncbB5uFG8drpFAAU-lEQUaRCO8MpkdoM', 'Content-Length': '0'}
请求内容: None
接口响应内容: {'data': {'id': 1135, 'rid': -1, 'username': 'tvpqQ072', 'mobile': '18717063180', 'email': 'yancao@gmail.com', 'mg_state': 0}, 'meta': {'msg': '设置状态成功', 'status': 200}}
接口响应时长: 5 ms
Http状态码: 200
断言结果: 200
=====================================================
INFO    2023-04-24 21:34:58,754G:\auto_api1_framework\logs\info-2023-04-24.log:log_decorator.py:42 
======================================================
用例标题: 创建用户成功（全部参数）
请求路径: http://127.0.0.1:8888/api/private/v1/users
请求方式: POST
请求头:   {'User-Agent': 'python-requests/2.28.2', 'Accept-Encoding': 'gzip, deflate', 'Accept': '*/*', 'Connection': 'keep-alive', 'Content-Type': 'application/json', 'Authorization': 'Bearer eyJhbGciOiJIUzI1NiIsInR5cCI6IkpXVCJ9.eyJ1aWQiOjUwMCwicmlkIjowLCJpYXQiOjE2ODIzNDMyOTgsImV4cCI6MTY4MjQyOTY5OH0.CMMiFZ7O56J2JQhdr1x0gAeiiyeDSbAI3sYUEyoDpEg', 'Content-Length': '102'}
请求内容: {'username': 'unhQE363', 'password': '^8+XyzQw', 'email': 'yeyang@yahoo.com', 'mobile': '15783733372'}
接口响应内容: {'data': {'id': 1136, 'username': 'unhQE363', 'mobile': '15783733372', 'email': 'yeyang@yahoo.com', 'role_id': -1, 'create_time': 1682343298}, 'meta': {'msg': '创建成功', 'status': 201}}
接口响应时长: 86 ms
Http状态码: 200
断言结果: 200
=====================================================
INFO    2023-04-24 21:34:58,761G:\auto_api1_framework\logs\info-2023-04-24.log:log_decorator.py:42 
======================================================
用例标题: 修改用户状态成功
请求路径: http://127.0.0.1:8888/api/private/v1/users/1136/state/true
请求方式: PUT
请求头:   {'User-Agent': 'python-requests/2.28.2', 'Accept-Encoding': 'gzip, deflate', 'Accept': '*/*', 'Connection': 'keep-alive', 'Authorization': 'Bearer eyJhbGciOiJIUzI1NiIsInR5cCI6IkpXVCJ9.eyJ1aWQiOjUwMCwicmlkIjowLCJpYXQiOjE2ODIzNDMyOTgsImV4cCI6MTY4MjQyOTY5OH0.CMMiFZ7O56J2JQhdr1x0gAeiiyeDSbAI3sYUEyoDpEg', 'Content-Length': '0'}
请求内容: None
接口响应内容: {'data': {'id': 1136, 'rid': -1, 'username': 'unhQE363', 'mobile': '15783733372', 'email': 'yeyang@yahoo.com', 'mg_state': 1}, 'meta': {'msg': '设置状态成功', 'status': 200}}
接口响应时长: 5 ms
Http状态码: 200
断言结果: 200
=====================================================
INFO    2023-04-24 21:34:58,767G:\auto_api1_framework\logs\info-2023-04-24.log:log_decorator.py:42 
======================================================
用例标题: 修改用户状态失败（id为字符串）
请求路径: http://127.0.0.1:8888/api/private/v1/users/PbDxPa/state/false
请求方式: PUT
请求头:   {'User-Agent': 'python-requests/2.28.2', 'Accept-Encoding': 'gzip, deflate', 'Accept': '*/*', 'Connection': 'keep-alive', 'Authorization': 'Bearer eyJhbGciOiJIUzI1NiIsInR5cCI6IkpXVCJ9.eyJ1aWQiOjUwMCwicmlkIjowLCJpYXQiOjE2ODIzNDMyOTgsImV4cCI6MTY4MjQyOTY5OH0.CMMiFZ7O56J2JQhdr1x0gAeiiyeDSbAI3sYUEyoDpEg', 'Content-Length': '0'}
请求内容: None
接口响应内容: {'data': None, 'meta': {'msg': '用户ID必须是数字', 'status': 400}}
接口响应时长: 1 ms
Http状态码: 200
断言结果: 200
=====================================================
INFO    2023-04-24 21:34:58,772G:\auto_api1_framework\logs\info-2023-04-24.log:log_decorator.py:42 
======================================================
用例标题: 修改用户状态失败（id包含特殊字符）
请求路径: http://127.0.0.1:8888/api/private/v1/users/#$$@@/state/false
请求方式: PUT
请求头:   {'User-Agent': 'python-requests/2.28.2', 'Accept-Encoding': 'gzip, deflate', 'Accept': '*/*', 'Connection': 'keep-alive', 'Authorization': 'Bearer eyJhbGciOiJIUzI1NiIsInR5cCI6IkpXVCJ9.eyJ1aWQiOjUwMCwicmlkIjowLCJpYXQiOjE2ODIzNDMyOTgsImV4cCI6MTY4MjQyOTY5OH0.CMMiFZ7O56J2JQhdr1x0gAeiiyeDSbAI3sYUEyoDpEg', 'Content-Length': '0'}
请求内容: None
接口响应内容: {'data': None, 'meta': {'msg': 'Not Found', 'status': 404}}
接口响应时长: 1 ms
Http状态码: 200
断言结果: 200
=====================================================
INFO    2023-04-24 21:34:58,855G:\auto_api1_framework\logs\info-2023-04-24.log:log_decorator.py:42 
======================================================
用例标题: 修改用户状态失败（id不存在）
请求路径: http://127.0.0.1:8888/api/private/v1/users/state/false
请求方式: PUT
请求头:   {'User-Agent': 'python-requests/2.28.2', 'Accept-Encoding': 'gzip, deflate', 'Accept': '*/*', 'Connection': 'keep-alive', 'Authorization': 'Bearer eyJhbGciOiJIUzI1NiIsInR5cCI6IkpXVCJ9.eyJ1aWQiOjUwMCwicmlkIjowLCJpYXQiOjE2ODIzNDMyOTgsImV4cCI6MTY4MjQyOTY5OH0.CMMiFZ7O56J2JQhdr1x0gAeiiyeDSbAI3sYUEyoDpEg', 'Content-Length': '0'}
请求内容: None
接口响应内容: {'data': None, 'meta': {'msg': 'Not Found', 'status': 404}}
接口响应时长: 1 ms
Http状态码: 200
断言结果: 200
=====================================================
INFO    2023-04-24 21:34:59,086G:\auto_api1_framework\logs\info-2023-04-24.log:log_decorator.py:42 
======================================================
用例标题: 创建用户成功（全部参数）
请求路径: http://127.0.0.1:8888/api/private/v1/users
请求方式: POST
请求头:   {'User-Agent': 'python-requests/2.28.2', 'Accept-Encoding': 'gzip, deflate', 'Accept': '*/*', 'Connection': 'keep-alive', 'Content-Type': 'application/json', 'Authorization': 'Bearer eyJhbGciOiJIUzI1NiIsInR5cCI6IkpXVCJ9.eyJ1aWQiOjUwMCwicmlkIjowLCJpYXQiOjE2ODIzNDMyOTgsImV4cCI6MTY4MjQyOTY5OH0.CMMiFZ7O56J2JQhdr1x0gAeiiyeDSbAI3sYUEyoDpEg', 'Content-Length': '104'}
请求内容: {'username': 'rgPzV215', 'password': '^5(Xgrb$', 'email': 'yang33@hotmail.com', 'mobile': '13697566215'}
接口响应内容: {'data': {'id': 1137, 'username': 'rgPzV215', 'mobile': '13697566215', 'email': 'yang33@hotmail.com', 'role_id': -1, 'create_time': 1682343299}, 'meta': {'msg': '创建成功', 'status': 201}}
接口响应时长: 71 ms
Http状态码: 200
断言结果: 200
=====================================================
INFO    2023-04-24 21:34:59,089G:\auto_api1_framework\logs\info-2023-04-24.log:log_decorator.py:42 
======================================================
用例标题: 修改用户状态失败（state为空）
请求路径: http://127.0.0.1:8888/api/private/v1/users/1137/state
请求方式: PUT
请求头:   {'User-Agent': 'python-requests/2.28.2', 'Accept-Encoding': 'gzip, deflate', 'Accept': '*/*', 'Connection': 'keep-alive', 'Authorization': 'Bearer eyJhbGciOiJIUzI1NiIsInR5cCI6IkpXVCJ9.eyJ1aWQiOjUwMCwicmlkIjowLCJpYXQiOjE2ODIzNDMyOTgsImV4cCI6MTY4MjQyOTY5OH0.CMMiFZ7O56J2JQhdr1x0gAeiiyeDSbAI3sYUEyoDpEg', 'Content-Length': '0'}
请求内容: None
接口响应内容: {'data': None, 'meta': {'msg': 'Not Found', 'status': 404}}
接口响应时长: 1 ms
Http状态码: 200
断言结果: 200
=====================================================
INFO    2023-04-24 21:34:59,342G:\auto_api1_framework\logs\info-2023-04-24.log:log_decorator.py:42 
======================================================
用例标题: 创建用户成功（全部参数）
请求路径: http://127.0.0.1:8888/api/private/v1/users
请求方式: POST
请求头:   {'User-Agent': 'python-requests/2.28.2', 'Accept-Encoding': 'gzip, deflate', 'Accept': '*/*', 'Connection': 'keep-alive', 'Content-Type': 'application/json', 'Authorization': 'Bearer eyJhbGciOiJIUzI1NiIsInR5cCI6IkpXVCJ9.eyJ1aWQiOjUwMCwicmlkIjowLCJpYXQiOjE2ODIzNDMyOTgsImV4cCI6MTY4MjQyOTY5OH0.CMMiFZ7O56J2JQhdr1x0gAeiiyeDSbAI3sYUEyoDpEg', 'Content-Length': '103'}
请求内容: {'username': 'nnXAM791', 'password': '@5OnAX0z', 'email': 'fujun@hotmail.com', 'mobile': '15823448532'}
接口响应内容: {'data': {'id': 1138, 'username': 'nnXAM791', 'mobile': '15823448532', 'email': 'fujun@hotmail.com', 'role_id': -1, 'create_time': 1682343299}, 'meta': {'msg': '创建成功', 'status': 201}}
接口响应时长: 79 ms
Http状态码: 200
断言结果: 200
=====================================================
INFO    2023-04-24 21:34:59,348G:\auto_api1_framework\logs\info-2023-04-24.log:log_decorator.py:42 
======================================================
用例标题: 修改用户状态成功（state为纯数字）
请求路径: http://127.0.0.1:8888/api/private/v1/users/1138/state/28788
请求方式: PUT
请求头:   {'User-Agent': 'python-requests/2.28.2', 'Accept-Encoding': 'gzip, deflate', 'Accept': '*/*', 'Connection': 'keep-alive', 'Authorization': 'Bearer eyJhbGciOiJIUzI1NiIsInR5cCI6IkpXVCJ9.eyJ1aWQiOjUwMCwicmlkIjowLCJpYXQiOjE2ODIzNDMyOTgsImV4cCI6MTY4MjQyOTY5OH0.CMMiFZ7O56J2JQhdr1x0gAeiiyeDSbAI3sYUEyoDpEg', 'Content-Length': '0'}
请求内容: None
接口响应内容: {'data': {'id': 1138, 'rid': -1, 'username': 'nnXAM791', 'mobile': '15823448532', 'email': 'fujun@hotmail.com', 'mg_state': 0}, 'meta': {'msg': '设置状态成功', 'status': 200}}
接口响应时长: 4 ms
Http状态码: 200
断言结果: 200
=====================================================
INFO    2023-04-24 21:34:59,598G:\auto_api1_framework\logs\info-2023-04-24.log:log_decorator.py:42 
======================================================
用例标题: 创建用户成功（全部参数）
请求路径: http://127.0.0.1:8888/api/private/v1/users
请求方式: POST
请求头:   {'User-Agent': 'python-requests/2.28.2', 'Accept-Encoding': 'gzip, deflate', 'Accept': '*/*', 'Connection': 'keep-alive', 'Content-Type': 'application/json', 'Authorization': 'Bearer eyJhbGciOiJIUzI1NiIsInR5cCI6IkpXVCJ9.eyJ1aWQiOjUwMCwicmlkIjowLCJpYXQiOjE2ODIzNDMyOTgsImV4cCI6MTY4MjQyOTY5OH0.CMMiFZ7O56J2JQhdr1x0gAeiiyeDSbAI3sYUEyoDpEg', 'Content-Length': '101'}
请求内容: {'username': 'LNXTy673', 'password': '#*4Zu0f3', 'email': 'cmo@hotmail.com', 'mobile': '13065967017'}
接口响应内容: {'data': {'id': 1139, 'username': 'LNXTy673', 'mobile': '13065967017', 'email': 'cmo@hotmail.com', 'role_id': -1, 'create_time': 1682343299}, 'meta': {'msg': '创建成功', 'status': 201}}
接口响应时长: 80 ms
Http状态码: 200
断言结果: 200
=====================================================
INFO    2023-04-24 21:34:59,604G:\auto_api1_framework\logs\info-2023-04-24.log:log_decorator.py:42 
======================================================
用例标题: 修改用户状态成功（state为纯字母）
请求路径: http://127.0.0.1:8888/api/private/v1/users/1139/state/jEXlSw
请求方式: PUT
请求头:   {'User-Agent': 'python-requests/2.28.2', 'Accept-Encoding': 'gzip, deflate', 'Accept': '*/*', 'Connection': 'keep-alive', 'Authorization': 'Bearer eyJhbGciOiJIUzI1NiIsInR5cCI6IkpXVCJ9.eyJ1aWQiOjUwMCwicmlkIjowLCJpYXQiOjE2ODIzNDMyOTgsImV4cCI6MTY4MjQyOTY5OH0.CMMiFZ7O56J2JQhdr1x0gAeiiyeDSbAI3sYUEyoDpEg', 'Content-Length': '0'}
请求内容: None
接口响应内容: {'data': {'id': 1139, 'rid': -1, 'username': 'LNXTy673', 'mobile': '13065967017', 'email': 'cmo@hotmail.com', 'mg_state': 0}, 'meta': {'msg': '设置状态成功', 'status': 200}}
接口响应时长: 5 ms
Http状态码: 200
断言结果: 200
=====================================================
INFO    2023-04-24 21:34:59,831G:\auto_api1_framework\logs\info-2023-04-24.log:log_decorator.py:42 
======================================================
用例标题: 创建用户成功（全部参数）
请求路径: http://127.0.0.1:8888/api/private/v1/users
请求方式: POST
请求头:   {'User-Agent': 'python-requests/2.28.2', 'Accept-Encoding': 'gzip, deflate', 'Accept': '*/*', 'Connection': 'keep-alive', 'Content-Type': 'application/json', 'Authorization': 'Bearer eyJhbGciOiJIUzI1NiIsInR5cCI6IkpXVCJ9.eyJ1aWQiOjUwMCwicmlkIjowLCJpYXQiOjE2ODIzNDMyOTgsImV4cCI6MTY4MjQyOTY5OH0.CMMiFZ7O56J2JQhdr1x0gAeiiyeDSbAI3sYUEyoDpEg', 'Content-Length': '102'}
请求内容: {'username': 'OjIdC713', 'password': 'YCBW_4El', 'email': 'yxiang@gmail.com', 'mobile': '13900549259'}
接口响应内容: {'data': {'id': 1140, 'username': 'OjIdC713', 'mobile': '13900549259', 'email': 'yxiang@gmail.com', 'role_id': -1, 'create_time': 1682343299}, 'meta': {'msg': '创建成功', 'status': 201}}
接口响应时长: 75 ms
Http状态码: 200
断言结果: 200
=====================================================
INFO    2023-04-24 21:34:59,838G:\auto_api1_framework\logs\info-2023-04-24.log:log_decorator.py:42 
======================================================
用例标题: 修改用户状态成功（state包含特殊字符）
请求路径: http://127.0.0.1:8888/api/private/v1/users/1140/state/!(_&_
请求方式: PUT
请求头:   {'User-Agent': 'python-requests/2.28.2', 'Accept-Encoding': 'gzip, deflate', 'Accept': '*/*', 'Connection': 'keep-alive', 'Authorization': 'Bearer eyJhbGciOiJIUzI1NiIsInR5cCI6IkpXVCJ9.eyJ1aWQiOjUwMCwicmlkIjowLCJpYXQiOjE2ODIzNDMyOTgsImV4cCI6MTY4MjQyOTY5OH0.CMMiFZ7O56J2JQhdr1x0gAeiiyeDSbAI3sYUEyoDpEg', 'Content-Length': '0'}
请求内容: None
接口响应内容: {'data': {'id': 1140, 'rid': -1, 'username': 'OjIdC713', 'mobile': '13900549259', 'email': 'yxiang@gmail.com', 'mg_state': 0}, 'meta': {'msg': '设置状态成功', 'status': 200}}
接口响应时长: 4 ms
Http状态码: 200
断言结果: 200
=====================================================
INFO    2023-04-24 21:35:04,961G:\auto_api1_framework\logs\info-2023-04-24.log:log_decorator.py:42 
======================================================
用例标题: 创建用户成功（全部参数）
请求路径: http://127.0.0.1:8888/api/private/v1/users
请求方式: POST
请求头:   {'User-Agent': 'python-requests/2.28.2', 'Accept-Encoding': 'gzip, deflate', 'Accept': '*/*', 'Connection': 'keep-alive', 'Content-Type': 'application/json', 'Authorization': 'Bearer eyJhbGciOiJIUzI1NiIsInR5cCI6IkpXVCJ9.eyJ1aWQiOjUwMCwicmlkIjowLCJpYXQiOjE2ODIzNDMzMDQsImV4cCI6MTY4MjQyOTcwNH0.ElB0TGJ6c6Sdv0oUzqEh8FIK2fxfkabZS5nzJUTbeFM', 'Content-Length': '105'}
请求内容: {'username': 'asoBK094', 'password': '(Vw%6Wuk', 'email': 'qiangdeng@gmail.com', 'mobile': '15518092851'}
接口响应内容: {'data': {'id': 1141, 'username': 'asoBK094', 'mobile': '15518092851', 'email': 'qiangdeng@gmail.com', 'role_id': -1, 'create_time': 1682343304}, 'meta': {'msg': '创建成功', 'status': 201}}
接口响应时长: 74 ms
Http状态码: 200
断言结果: 200
=====================================================
INFO    2023-04-24 21:35:04,967G:\auto_api1_framework\logs\info-2023-04-24.log:log_decorator.py:42 
======================================================
用例标题: 修改用户状态成功
请求路径: http://127.0.0.1:8888/api/private/v1/users/1141/state/true
请求方式: PUT
请求头:   {'User-Agent': 'python-requests/2.28.2', 'Accept-Encoding': 'gzip, deflate', 'Accept': '*/*', 'Connection': 'keep-alive', 'Authorization': 'Bearer eyJhbGciOiJIUzI1NiIsInR5cCI6IkpXVCJ9.eyJ1aWQiOjUwMCwicmlkIjowLCJpYXQiOjE2ODIzNDMzMDQsImV4cCI6MTY4MjQyOTcwNH0.ElB0TGJ6c6Sdv0oUzqEh8FIK2fxfkabZS5nzJUTbeFM', 'Content-Length': '0'}
请求内容: None
接口响应内容: {'data': {'id': 1141, 'rid': -1, 'username': 'asoBK094', 'mobile': '15518092851', 'email': 'qiangdeng@gmail.com', 'mg_state': 1}, 'meta': {'msg': '设置状态成功', 'status': 200}}
接口响应时长: 4 ms
Http状态码: 200
断言结果: 200
=====================================================
INFO    2023-04-24 21:35:04,974G:\auto_api1_framework\logs\info-2023-04-24.log:log_decorator.py:42 
======================================================
用例标题: 修改用户状态失败（id为字符串）
请求路径: http://127.0.0.1:8888/api/private/v1/users/mJmQTq/state/false
请求方式: PUT
请求头:   {'User-Agent': 'python-requests/2.28.2', 'Accept-Encoding': 'gzip, deflate', 'Accept': '*/*', 'Connection': 'keep-alive', 'Authorization': 'Bearer eyJhbGciOiJIUzI1NiIsInR5cCI6IkpXVCJ9.eyJ1aWQiOjUwMCwicmlkIjowLCJpYXQiOjE2ODIzNDMzMDQsImV4cCI6MTY4MjQyOTcwNH0.ElB0TGJ6c6Sdv0oUzqEh8FIK2fxfkabZS5nzJUTbeFM', 'Content-Length': '0'}
请求内容: None
接口响应内容: {'data': None, 'meta': {'msg': '用户ID必须是数字', 'status': 400}}
接口响应时长: 1 ms
Http状态码: 200
断言结果: 200
=====================================================
INFO    2023-04-24 21:35:04,981G:\auto_api1_framework\logs\info-2023-04-24.log:log_decorator.py:42 
======================================================
用例标题: 修改用户状态失败（id包含特殊字符）
请求路径: http://127.0.0.1:8888/api/private/v1/users/_&&#(/state/false
请求方式: PUT
请求头:   {'User-Agent': 'python-requests/2.28.2', 'Accept-Encoding': 'gzip, deflate', 'Accept': '*/*', 'Connection': 'keep-alive', 'Authorization': 'Bearer eyJhbGciOiJIUzI1NiIsInR5cCI6IkpXVCJ9.eyJ1aWQiOjUwMCwicmlkIjowLCJpYXQiOjE2ODIzNDMzMDQsImV4cCI6MTY4MjQyOTcwNH0.ElB0TGJ6c6Sdv0oUzqEh8FIK2fxfkabZS5nzJUTbeFM', 'Content-Length': '0'}
请求内容: None
接口响应内容: {'data': None, 'meta': {'msg': '用户ID必须是数字', 'status': 400}}
接口响应时长: 1 ms
Http状态码: 200
断言结果: 200
=====================================================
INFO    2023-04-24 21:35:04,986G:\auto_api1_framework\logs\info-2023-04-24.log:log_decorator.py:42 
======================================================
用例标题: 修改用户状态失败（id不存在）
请求路径: http://127.0.0.1:8888/api/private/v1/users/state/false
请求方式: PUT
请求头:   {'User-Agent': 'python-requests/2.28.2', 'Accept-Encoding': 'gzip, deflate', 'Accept': '*/*', 'Connection': 'keep-alive', 'Authorization': 'Bearer eyJhbGciOiJIUzI1NiIsInR5cCI6IkpXVCJ9.eyJ1aWQiOjUwMCwicmlkIjowLCJpYXQiOjE2ODIzNDMzMDQsImV4cCI6MTY4MjQyOTcwNH0.ElB0TGJ6c6Sdv0oUzqEh8FIK2fxfkabZS5nzJUTbeFM', 'Content-Length': '0'}
请求内容: None
接口响应内容: {'data': None, 'meta': {'msg': 'Not Found', 'status': 404}}
接口响应时长: 1 ms
Http状态码: 200
断言结果: 200
=====================================================
INFO    2023-04-24 21:35:05,236G:\auto_api1_framework\logs\info-2023-04-24.log:log_decorator.py:42 
======================================================
用例标题: 创建用户成功（全部参数）
请求路径: http://127.0.0.1:8888/api/private/v1/users
请求方式: POST
请求头:   {'User-Agent': 'python-requests/2.28.2', 'Accept-Encoding': 'gzip, deflate', 'Accept': '*/*', 'Connection': 'keep-alive', 'Content-Type': 'application/json', 'Authorization': 'Bearer eyJhbGciOiJIUzI1NiIsInR5cCI6IkpXVCJ9.eyJ1aWQiOjUwMCwicmlkIjowLCJpYXQiOjE2ODIzNDMzMDQsImV4cCI6MTY4MjQyOTcwNH0.ElB0TGJ6c6Sdv0oUzqEh8FIK2fxfkabZS5nzJUTbeFM', 'Content-Length': '101'}
请求内容: {'username': 'PaboC629', 'password': '!e3Gizai', 'email': 'qmeng@yahoo.com', 'mobile': '18961152331'}
接口响应内容: {'data': {'id': 1142, 'username': 'PaboC629', 'mobile': '18961152331', 'email': 'qmeng@yahoo.com', 'role_id': -1, 'create_time': 1682343305}, 'meta': {'msg': '创建成功', 'status': 201}}
接口响应时长: 80 ms
Http状态码: 200
断言结果: 200
=====================================================
INFO    2023-04-24 21:35:05,239G:\auto_api1_framework\logs\info-2023-04-24.log:log_decorator.py:42 
======================================================
用例标题: 修改用户状态失败（state为空）
请求路径: http://127.0.0.1:8888/api/private/v1/users/1142/state
请求方式: PUT
请求头:   {'User-Agent': 'python-requests/2.28.2', 'Accept-Encoding': 'gzip, deflate', 'Accept': '*/*', 'Connection': 'keep-alive', 'Authorization': 'Bearer eyJhbGciOiJIUzI1NiIsInR5cCI6IkpXVCJ9.eyJ1aWQiOjUwMCwicmlkIjowLCJpYXQiOjE2ODIzNDMzMDQsImV4cCI6MTY4MjQyOTcwNH0.ElB0TGJ6c6Sdv0oUzqEh8FIK2fxfkabZS5nzJUTbeFM', 'Content-Length': '0'}
请求内容: None
接口响应内容: {'data': None, 'meta': {'msg': 'Not Found', 'status': 404}}
接口响应时长: 1 ms
Http状态码: 200
断言结果: 200
=====================================================
INFO    2023-04-24 21:35:05,554G:\auto_api1_framework\logs\info-2023-04-24.log:log_decorator.py:42 
======================================================
用例标题: 创建用户成功（全部参数）
请求路径: http://127.0.0.1:8888/api/private/v1/users
请求方式: POST
请求头:   {'User-Agent': 'python-requests/2.28.2', 'Accept-Encoding': 'gzip, deflate', 'Accept': '*/*', 'Connection': 'keep-alive', 'Content-Type': 'application/json', 'Authorization': 'Bearer eyJhbGciOiJIUzI1NiIsInR5cCI6IkpXVCJ9.eyJ1aWQiOjUwMCwicmlkIjowLCJpYXQiOjE2ODIzNDMzMDQsImV4cCI6MTY4MjQyOTcwNH0.ElB0TGJ6c6Sdv0oUzqEh8FIK2fxfkabZS5nzJUTbeFM', 'Content-Length': '105'}
请求内容: {'username': 'MxkYK805', 'password': '!PSaH6Ig', 'email': 'gangdai@hotmail.com', 'mobile': '18602457146'}
接口响应内容: {'data': {'id': 1143, 'username': 'MxkYK805', 'mobile': '18602457146', 'email': 'gangdai@hotmail.com', 'role_id': -1, 'create_time': 1682343305}, 'meta': {'msg': '创建成功', 'status': 201}}
接口响应时长: 72 ms
Http状态码: 200
断言结果: 200
=====================================================
INFO    2023-04-24 21:35:05,561G:\auto_api1_framework\logs\info-2023-04-24.log:log_decorator.py:42 
======================================================
用例标题: 修改用户状态成功（state为纯数字）
请求路径: http://127.0.0.1:8888/api/private/v1/users/1143/state/2924
请求方式: PUT
请求头:   {'User-Agent': 'python-requests/2.28.2', 'Accept-Encoding': 'gzip, deflate', 'Accept': '*/*', 'Connection': 'keep-alive', 'Authorization': 'Bearer eyJhbGciOiJIUzI1NiIsInR5cCI6IkpXVCJ9.eyJ1aWQiOjUwMCwicmlkIjowLCJpYXQiOjE2ODIzNDMzMDQsImV4cCI6MTY4MjQyOTcwNH0.ElB0TGJ6c6Sdv0oUzqEh8FIK2fxfkabZS5nzJUTbeFM', 'Content-Length': '0'}
请求内容: None
接口响应内容: {'data': {'id': 1143, 'rid': -1, 'username': 'MxkYK805', 'mobile': '18602457146', 'email': 'gangdai@hotmail.com', 'mg_state': 0}, 'meta': {'msg': '设置状态成功', 'status': 200}}
接口响应时长: 5 ms
Http状态码: 200
断言结果: 200
=====================================================
INFO    2023-04-24 21:35:05,807G:\auto_api1_framework\logs\info-2023-04-24.log:log_decorator.py:42 
======================================================
用例标题: 创建用户成功（全部参数）
请求路径: http://127.0.0.1:8888/api/private/v1/users
请求方式: POST
请求头:   {'User-Agent': 'python-requests/2.28.2', 'Accept-Encoding': 'gzip, deflate', 'Accept': '*/*', 'Connection': 'keep-alive', 'Content-Type': 'application/json', 'Authorization': 'Bearer eyJhbGciOiJIUzI1NiIsInR5cCI6IkpXVCJ9.eyJ1aWQiOjUwMCwicmlkIjowLCJpYXQiOjE2ODIzNDMzMDQsImV4cCI6MTY4MjQyOTcwNH0.ElB0TGJ6c6Sdv0oUzqEh8FIK2fxfkabZS5nzJUTbeFM', 'Content-Length': '103'}
请求内容: {'username': 'fQcdE604', 'password': ')FzlJ6Vr', 'email': 'pxiao@hotmail.com', 'mobile': '18583081130'}
接口响应内容: {'data': {'id': 1144, 'username': 'fQcdE604', 'mobile': '18583081130', 'email': 'pxiao@hotmail.com', 'role_id': -1, 'create_time': 1682343305}, 'meta': {'msg': '创建成功', 'status': 201}}
接口响应时长: 84 ms
Http状态码: 200
断言结果: 200
=====================================================
INFO    2023-04-24 21:35:05,813G:\auto_api1_framework\logs\info-2023-04-24.log:log_decorator.py:42 
======================================================
用例标题: 修改用户状态成功（state为纯字母）
请求路径: http://127.0.0.1:8888/api/private/v1/users/1144/state/rSqdet
请求方式: PUT
请求头:   {'User-Agent': 'python-requests/2.28.2', 'Accept-Encoding': 'gzip, deflate', 'Accept': '*/*', 'Connection': 'keep-alive', 'Authorization': 'Bearer eyJhbGciOiJIUzI1NiIsInR5cCI6IkpXVCJ9.eyJ1aWQiOjUwMCwicmlkIjowLCJpYXQiOjE2ODIzNDMzMDQsImV4cCI6MTY4MjQyOTcwNH0.ElB0TGJ6c6Sdv0oUzqEh8FIK2fxfkabZS5nzJUTbeFM', 'Content-Length': '0'}
请求内容: None
接口响应内容: {'data': {'id': 1144, 'rid': -1, 'username': 'fQcdE604', 'mobile': '18583081130', 'email': 'pxiao@hotmail.com', 'mg_state': 0}, 'meta': {'msg': '设置状态成功', 'status': 200}}
接口响应时长: 4 ms
Http状态码: 200
断言结果: 200
=====================================================
INFO    2023-04-24 21:35:06,038G:\auto_api1_framework\logs\info-2023-04-24.log:log_decorator.py:42 
======================================================
用例标题: 创建用户成功（全部参数）
请求路径: http://127.0.0.1:8888/api/private/v1/users
请求方式: POST
请求头:   {'User-Agent': 'python-requests/2.28.2', 'Accept-Encoding': 'gzip, deflate', 'Accept': '*/*', 'Connection': 'keep-alive', 'Content-Type': 'application/json', 'Authorization': 'Bearer eyJhbGciOiJIUzI1NiIsInR5cCI6IkpXVCJ9.eyJ1aWQiOjUwMCwicmlkIjowLCJpYXQiOjE2ODIzNDMzMDQsImV4cCI6MTY4MjQyOTcwNH0.ElB0TGJ6c6Sdv0oUzqEh8FIK2fxfkabZS5nzJUTbeFM', 'Content-Length': '104'}
请求内容: {'username': 'YtAjW249', 'password': '_s9hAZlb', 'email': 'ming39@hotmail.com', 'mobile': '18252899521'}
接口响应内容: {'data': {'id': 1145, 'username': 'YtAjW249', 'mobile': '18252899521', 'email': 'ming39@hotmail.com', 'role_id': -1, 'create_time': 1682343306}, 'meta': {'msg': '创建成功', 'status': 201}}
接口响应时长: 78 ms
Http状态码: 200
断言结果: 200
=====================================================
INFO    2023-04-24 21:35:06,041G:\auto_api1_framework\logs\info-2023-04-24.log:log_decorator.py:42 
======================================================
用例标题: 修改用户状态成功（state包含特殊字符）
请求路径: http://127.0.0.1:8888/api/private/v1/users/1145/state/#__%25&
请求方式: PUT
请求头:   {'User-Agent': 'python-requests/2.28.2', 'Accept-Encoding': 'gzip, deflate', 'Accept': '*/*', 'Connection': 'keep-alive', 'Authorization': 'Bearer eyJhbGciOiJIUzI1NiIsInR5cCI6IkpXVCJ9.eyJ1aWQiOjUwMCwicmlkIjowLCJpYXQiOjE2ODIzNDMzMDQsImV4cCI6MTY4MjQyOTcwNH0.ElB0TGJ6c6Sdv0oUzqEh8FIK2fxfkabZS5nzJUTbeFM', 'Content-Length': '0'}
请求内容: None
接口响应内容: {'data': None, 'meta': {'msg': 'Not Found', 'status': 404}}
接口响应时长: 1 ms
Http状态码: 200
断言结果: 200
=====================================================
INFO    2023-04-24 21:35:34,081G:\auto_api1_framework\logs\info-2023-04-24.log:log_decorator.py:42 
======================================================
用例标题: 创建用户成功（全部参数）
请求路径: http://127.0.0.1:8888/api/private/v1/users
请求方式: POST
请求头:   {'User-Agent': 'python-requests/2.28.2', 'Accept-Encoding': 'gzip, deflate', 'Accept': '*/*', 'Connection': 'keep-alive', 'Content-Type': 'application/json', 'Authorization': 'Bearer eyJhbGciOiJIUzI1NiIsInR5cCI6IkpXVCJ9.eyJ1aWQiOjUwMCwicmlkIjowLCJpYXQiOjE2ODIzNDMzMzMsImV4cCI6MTY4MjQyOTczM30.jzdgLzSADL-aJ2ZYIWeMzSkW619kIEFJz9xBbCgk85o', 'Content-Length': '100'}
请求内容: {'username': 'hfUzh194', 'password': '#S+6rUYw', 'email': 'ulai@gmail.com', 'mobile': '18629799334'}
接口响应内容: {'data': {'id': 1146, 'username': 'hfUzh194', 'mobile': '18629799334', 'email': 'ulai@gmail.com', 'role_id': -1, 'create_time': 1682343334}, 'meta': {'msg': '创建成功', 'status': 201}}
接口响应时长: 88 ms
Http状态码: 200
断言结果: 200
=====================================================
INFO    2023-04-24 21:35:34,087G:\auto_api1_framework\logs\info-2023-04-24.log:log_decorator.py:42 
======================================================
用例标题: 修改用户状态成功
请求路径: http://127.0.0.1:8888/api/private/v1/users/1146/state/true
请求方式: PUT
请求头:   {'User-Agent': 'python-requests/2.28.2', 'Accept-Encoding': 'gzip, deflate', 'Accept': '*/*', 'Connection': 'keep-alive', 'Authorization': 'Bearer eyJhbGciOiJIUzI1NiIsInR5cCI6IkpXVCJ9.eyJ1aWQiOjUwMCwicmlkIjowLCJpYXQiOjE2ODIzNDMzMzMsImV4cCI6MTY4MjQyOTczM30.jzdgLzSADL-aJ2ZYIWeMzSkW619kIEFJz9xBbCgk85o', 'Content-Length': '0'}
请求内容: None
接口响应内容: {'data': {'id': 1146, 'rid': -1, 'username': 'hfUzh194', 'mobile': '18629799334', 'email': 'ulai@gmail.com', 'mg_state': 1}, 'meta': {'msg': '设置状态成功', 'status': 200}}
接口响应时长: 4 ms
Http状态码: 200
断言结果: 200
=====================================================
INFO    2023-04-24 21:35:34,097G:\auto_api1_framework\logs\info-2023-04-24.log:log_decorator.py:42 
======================================================
用例标题: 修改用户状态失败（id为字符串）
请求路径: http://127.0.0.1:8888/api/private/v1/users/nfWjpv/state/false
请求方式: PUT
请求头:   {'User-Agent': 'python-requests/2.28.2', 'Accept-Encoding': 'gzip, deflate', 'Accept': '*/*', 'Connection': 'keep-alive', 'Authorization': 'Bearer eyJhbGciOiJIUzI1NiIsInR5cCI6IkpXVCJ9.eyJ1aWQiOjUwMCwicmlkIjowLCJpYXQiOjE2ODIzNDMzMzMsImV4cCI6MTY4MjQyOTczM30.jzdgLzSADL-aJ2ZYIWeMzSkW619kIEFJz9xBbCgk85o', 'Content-Length': '0'}
请求内容: None
接口响应内容: {'data': None, 'meta': {'msg': '用户ID必须是数字', 'status': 400}}
接口响应时长: 1 ms
Http状态码: 200
断言结果: 200
=====================================================
INFO    2023-04-24 21:35:34,102G:\auto_api1_framework\logs\info-2023-04-24.log:log_decorator.py:42 
======================================================
用例标题: 修改用户状态失败（id包含特殊字符）
请求路径: http://127.0.0.1:8888/api/private/v1/users/+@%5E%25@/state/false
请求方式: PUT
请求头:   {'User-Agent': 'python-requests/2.28.2', 'Accept-Encoding': 'gzip, deflate', 'Accept': '*/*', 'Connection': 'keep-alive', 'Authorization': 'Bearer eyJhbGciOiJIUzI1NiIsInR5cCI6IkpXVCJ9.eyJ1aWQiOjUwMCwicmlkIjowLCJpYXQiOjE2ODIzNDMzMzMsImV4cCI6MTY4MjQyOTczM30.jzdgLzSADL-aJ2ZYIWeMzSkW619kIEFJz9xBbCgk85o', 'Content-Length': '0'}
请求内容: None
接口响应内容: {'data': None, 'meta': {'msg': '用户ID必须是数字', 'status': 400}}
接口响应时长: 1 ms
Http状态码: 200
断言结果: 200
=====================================================
INFO    2023-04-24 21:35:34,108G:\auto_api1_framework\logs\info-2023-04-24.log:log_decorator.py:42 
======================================================
用例标题: 修改用户状态失败（id不存在）
请求路径: http://127.0.0.1:8888/api/private/v1/users/state/false
请求方式: PUT
请求头:   {'User-Agent': 'python-requests/2.28.2', 'Accept-Encoding': 'gzip, deflate', 'Accept': '*/*', 'Connection': 'keep-alive', 'Authorization': 'Bearer eyJhbGciOiJIUzI1NiIsInR5cCI6IkpXVCJ9.eyJ1aWQiOjUwMCwicmlkIjowLCJpYXQiOjE2ODIzNDMzMzMsImV4cCI6MTY4MjQyOTczM30.jzdgLzSADL-aJ2ZYIWeMzSkW619kIEFJz9xBbCgk85o', 'Content-Length': '0'}
请求内容: None
接口响应内容: {'data': None, 'meta': {'msg': 'Not Found', 'status': 404}}
接口响应时长: 1 ms
Http状态码: 200
断言结果: 200
=====================================================
INFO    2023-04-24 21:35:34,350G:\auto_api1_framework\logs\info-2023-04-24.log:log_decorator.py:42 
======================================================
用例标题: 创建用户成功（全部参数）
请求路径: http://127.0.0.1:8888/api/private/v1/users
请求方式: POST
请求头:   {'User-Agent': 'python-requests/2.28.2', 'Accept-Encoding': 'gzip, deflate', 'Accept': '*/*', 'Connection': 'keep-alive', 'Content-Type': 'application/json', 'Authorization': 'Bearer eyJhbGciOiJIUzI1NiIsInR5cCI6IkpXVCJ9.eyJ1aWQiOjUwMCwicmlkIjowLCJpYXQiOjE2ODIzNDMzMzMsImV4cCI6MTY4MjQyOTczM30.jzdgLzSADL-aJ2ZYIWeMzSkW619kIEFJz9xBbCgk85o', 'Content-Length': '101'}
请求内容: {'username': 'photf083', 'password': '%hPaG5Om', 'email': 'yutao@gmail.com', 'mobile': '15628402099'}
接口响应内容: {'data': {'id': 1147, 'username': 'photf083', 'mobile': '15628402099', 'email': 'yutao@gmail.com', 'role_id': -1, 'create_time': 1682343334}, 'meta': {'msg': '创建成功', 'status': 201}}
接口响应时长: 77 ms
Http状态码: 200
断言结果: 200
=====================================================
INFO    2023-04-24 21:35:34,353G:\auto_api1_framework\logs\info-2023-04-24.log:log_decorator.py:42 
======================================================
用例标题: 修改用户状态失败（state为空）
请求路径: http://127.0.0.1:8888/api/private/v1/users/1147/state
请求方式: PUT
请求头:   {'User-Agent': 'python-requests/2.28.2', 'Accept-Encoding': 'gzip, deflate', 'Accept': '*/*', 'Connection': 'keep-alive', 'Authorization': 'Bearer eyJhbGciOiJIUzI1NiIsInR5cCI6IkpXVCJ9.eyJ1aWQiOjUwMCwicmlkIjowLCJpYXQiOjE2ODIzNDMzMzMsImV4cCI6MTY4MjQyOTczM30.jzdgLzSADL-aJ2ZYIWeMzSkW619kIEFJz9xBbCgk85o', 'Content-Length': '0'}
请求内容: None
接口响应内容: {'data': None, 'meta': {'msg': 'Not Found', 'status': 404}}
接口响应时长: 1 ms
Http状态码: 200
断言结果: 200
=====================================================
INFO    2023-04-24 21:35:34,609G:\auto_api1_framework\logs\info-2023-04-24.log:log_decorator.py:42 
======================================================
用例标题: 创建用户成功（全部参数）
请求路径: http://127.0.0.1:8888/api/private/v1/users
请求方式: POST
请求头:   {'User-Agent': 'python-requests/2.28.2', 'Accept-Encoding': 'gzip, deflate', 'Accept': '*/*', 'Connection': 'keep-alive', 'Content-Type': 'application/json', 'Authorization': 'Bearer eyJhbGciOiJIUzI1NiIsInR5cCI6IkpXVCJ9.eyJ1aWQiOjUwMCwicmlkIjowLCJpYXQiOjE2ODIzNDMzMzMsImV4cCI6MTY4MjQyOTczM30.jzdgLzSADL-aJ2ZYIWeMzSkW619kIEFJz9xBbCgk85o', 'Content-Length': '100'}
请求内容: {'username': 'aqoyz210', 'password': '^xW2HyPr', 'email': 'mana@gmail.com', 'mobile': '18260625476'}
接口响应内容: {'data': {'id': 1148, 'username': 'aqoyz210', 'mobile': '18260625476', 'email': 'mana@gmail.com', 'role_id': -1, 'create_time': 1682343334}, 'meta': {'msg': '创建成功', 'status': 201}}
接口响应时长: 89 ms
Http状态码: 200
断言结果: 200
=====================================================
INFO    2023-04-24 21:35:34,616G:\auto_api1_framework\logs\info-2023-04-24.log:log_decorator.py:42 
======================================================
用例标题: 修改用户状态成功（state为纯数字）
请求路径: http://127.0.0.1:8888/api/private/v1/users/1148/state/542903
请求方式: PUT
请求头:   {'User-Agent': 'python-requests/2.28.2', 'Accept-Encoding': 'gzip, deflate', 'Accept': '*/*', 'Connection': 'keep-alive', 'Authorization': 'Bearer eyJhbGciOiJIUzI1NiIsInR5cCI6IkpXVCJ9.eyJ1aWQiOjUwMCwicmlkIjowLCJpYXQiOjE2ODIzNDMzMzMsImV4cCI6MTY4MjQyOTczM30.jzdgLzSADL-aJ2ZYIWeMzSkW619kIEFJz9xBbCgk85o', 'Content-Length': '0'}
请求内容: None
接口响应内容: {'data': {'id': 1148, 'rid': -1, 'username': 'aqoyz210', 'mobile': '18260625476', 'email': 'mana@gmail.com', 'mg_state': 0}, 'meta': {'msg': '设置状态成功', 'status': 200}}
接口响应时长: 5 ms
Http状态码: 200
断言结果: 200
=====================================================
INFO    2023-04-24 21:35:34,850G:\auto_api1_framework\logs\info-2023-04-24.log:log_decorator.py:42 
======================================================
用例标题: 创建用户成功（全部参数）
请求路径: http://127.0.0.1:8888/api/private/v1/users
请求方式: POST
请求头:   {'User-Agent': 'python-requests/2.28.2', 'Accept-Encoding': 'gzip, deflate', 'Accept': '*/*', 'Connection': 'keep-alive', 'Content-Type': 'application/json', 'Authorization': 'Bearer eyJhbGciOiJIUzI1NiIsInR5cCI6IkpXVCJ9.eyJ1aWQiOjUwMCwicmlkIjowLCJpYXQiOjE2ODIzNDMzMzMsImV4cCI6MTY4MjQyOTczM30.jzdgLzSADL-aJ2ZYIWeMzSkW619kIEFJz9xBbCgk85o', 'Content-Length': '102'}
请求内容: {'username': 'kzzEP631', 'password': '$80MP^hg', 'email': 'lqiu@hotmail.com', 'mobile': '15680560157'}
接口响应内容: {'data': {'id': 1149, 'username': 'kzzEP631', 'mobile': '15680560157', 'email': 'lqiu@hotmail.com', 'role_id': -1, 'create_time': 1682343334}, 'meta': {'msg': '创建成功', 'status': 201}}
接口响应时长: 68 ms
Http状态码: 200
断言结果: 200
=====================================================
INFO    2023-04-24 21:35:34,856G:\auto_api1_framework\logs\info-2023-04-24.log:log_decorator.py:42 
======================================================
用例标题: 修改用户状态成功（state为纯字母）
请求路径: http://127.0.0.1:8888/api/private/v1/users/1149/state/EtUErX
请求方式: PUT
请求头:   {'User-Agent': 'python-requests/2.28.2', 'Accept-Encoding': 'gzip, deflate', 'Accept': '*/*', 'Connection': 'keep-alive', 'Authorization': 'Bearer eyJhbGciOiJIUzI1NiIsInR5cCI6IkpXVCJ9.eyJ1aWQiOjUwMCwicmlkIjowLCJpYXQiOjE2ODIzNDMzMzMsImV4cCI6MTY4MjQyOTczM30.jzdgLzSADL-aJ2ZYIWeMzSkW619kIEFJz9xBbCgk85o', 'Content-Length': '0'}
请求内容: None
接口响应内容: {'data': {'id': 1149, 'rid': -1, 'username': 'kzzEP631', 'mobile': '15680560157', 'email': 'lqiu@hotmail.com', 'mg_state': 0}, 'meta': {'msg': '设置状态成功', 'status': 200}}
接口响应时长: 4 ms
Http状态码: 200
断言结果: 200
=====================================================
INFO    2023-04-24 21:35:35,092G:\auto_api1_framework\logs\info-2023-04-24.log:log_decorator.py:42 
======================================================
用例标题: 创建用户成功（全部参数）
请求路径: http://127.0.0.1:8888/api/private/v1/users
请求方式: POST
请求头:   {'User-Agent': 'python-requests/2.28.2', 'Accept-Encoding': 'gzip, deflate', 'Accept': '*/*', 'Connection': 'keep-alive', 'Content-Type': 'application/json', 'Authorization': 'Bearer eyJhbGciOiJIUzI1NiIsInR5cCI6IkpXVCJ9.eyJ1aWQiOjUwMCwicmlkIjowLCJpYXQiOjE2ODIzNDMzMzMsImV4cCI6MTY4MjQyOTczM30.jzdgLzSADL-aJ2ZYIWeMzSkW619kIEFJz9xBbCgk85o', 'Content-Length': '102'}
请求内容: {'username': 'ZXMtI251', 'password': '^_2FrF$n', 'email': 'juan59@gmail.com', 'mobile': '13042160157'}
接口响应内容: {'data': {'id': 1150, 'username': 'ZXMtI251', 'mobile': '13042160157', 'email': 'juan59@gmail.com', 'role_id': -1, 'create_time': 1682343335}, 'meta': {'msg': '创建成功', 'status': 201}}
接口响应时长: 81 ms
Http状态码: 200
断言结果: 200
=====================================================
INFO    2023-04-24 21:35:35,099G:\auto_api1_framework\logs\info-2023-04-24.log:log_decorator.py:42 
======================================================
用例标题: 修改用户状态成功（state包含特殊字符）
请求路径: http://127.0.0.1:8888/api/private/v1/users/1150/state/!$(%5E
请求方式: PUT
请求头:   {'User-Agent': 'python-requests/2.28.2', 'Accept-Encoding': 'gzip, deflate', 'Accept': '*/*', 'Connection': 'keep-alive', 'Authorization': 'Bearer eyJhbGciOiJIUzI1NiIsInR5cCI6IkpXVCJ9.eyJ1aWQiOjUwMCwicmlkIjowLCJpYXQiOjE2ODIzNDMzMzMsImV4cCI6MTY4MjQyOTczM30.jzdgLzSADL-aJ2ZYIWeMzSkW619kIEFJz9xBbCgk85o', 'Content-Length': '0'}
请求内容: None
接口响应内容: {'data': {'id': 1150, 'rid': -1, 'username': 'ZXMtI251', 'mobile': '13042160157', 'email': 'juan59@gmail.com', 'mg_state': 0}, 'meta': {'msg': '设置状态成功', 'status': 200}}
接口响应时长: 4 ms
Http状态码: 200
断言结果: 200
=====================================================
