INFO    2023-04-07 13:59:20,834E:\auto_api1_framework\logs\info-2023-04-07.log:test_query_college_info.py:26 2023-04-07 13:59:20 >>>>>> 开始执行：
INFO    2023-04-07 13:59:20,965E:\auto_api1_framework\logs\info-2023-04-07.log:log_decorator.py:41 
======================================================
用例标题: 真实大学-四川轻化工大学
请求路径: https://www.iamwawa.cn/home/daxue/ajax
请求方式: POST
请求头:   {'user-agent': 'Chrome', 'Accept-Encoding': 'gzip, deflate', 'Accept': '*/*', 'Connection': 'keep-alive', 'Content-Length': '81', 'Content-Type': 'application/x-www-form-urlencoded'}
请求内容: None
接口响应内容: {'status': 1, 'info': '查询成功！', 'data': [{'id': '2181', 'name': '四川轻化工大学', 'code': '4151010622', 'department': '四川省', 'city': '自贡市', 'level': '本科', 'remark': ''}]}
接口响应时长: 126 ms
Http状态码: 200
=====================================================
INFO    2023-04-07 13:59:20,968E:\auto_api1_framework\logs\info-2023-04-07.log:test_query_college_info.py:29 2023-04-07 13:59:20 >>>>>> 执行结束！
INFO    2023-04-07 13:59:20,970E:\auto_api1_framework\logs\info-2023-04-07.log:test_query_college_info.py:26 2023-04-07 13:59:20 >>>>>> 开始执行：
INFO    2023-04-07 13:59:21,056E:\auto_api1_framework\logs\info-2023-04-07.log:log_decorator.py:41 
======================================================
用例标题: 真实大学-厦门大学
请求路径: https://www.iamwawa.cn/home/daxue/ajax
请求方式: POST
请求头:   {'user-agent': 'Chrome', 'Accept-Encoding': 'gzip, deflate', 'Accept': '*/*', 'Connection': 'keep-alive', 'Content-Length': '54', 'Content-Type': 'application/x-www-form-urlencoded'}
请求内容: None
接口响应内容: {'status': 1, 'info': '查询成功！', 'data': [{'id': '1124', 'name': '厦门大学', 'code': '4135010384', 'department': '教育部', 'city': '厦门市', 'level': '本科', 'remark': ''}, {'id': '1153', 'name': '厦门大学嘉庚学院', 'code': '4135013469', 'department': '福建省教育厅', 'city': '漳州市', 'level': '本科', 'remark': '民办'}]}
接口响应时长: 82 ms
Http状态码: 200
=====================================================
INFO    2023-04-07 13:59:21,058E:\auto_api1_framework\logs\info-2023-04-07.log:test_query_college_info.py:29 2023-04-07 13:59:20 >>>>>> 执行结束！
INFO    2023-04-07 13:59:21,060E:\auto_api1_framework\logs\info-2023-04-07.log:test_query_college_info.py:26 2023-04-07 13:59:20 >>>>>> 开始执行：
INFO    2023-04-07 13:59:21,145E:\auto_api1_framework\logs\info-2023-04-07.log:log_decorator.py:41 
======================================================
用例标题: 不存在-测试大学
请求路径: https://www.iamwawa.cn/home/daxue/ajax
请求方式: POST
请求头:   {'user-agent': 'Chrome', 'Accept-Encoding': 'gzip, deflate', 'Accept': '*/*', 'Connection': 'keep-alive', 'Content-Length': '54', 'Content-Type': 'application/x-www-form-urlencoded'}
请求内容: None
接口响应内容: {'status': 0, 'info': '没有找到相关信息！'}
接口响应时长: 83 ms
Http状态码: 200
=====================================================
INFO    2023-04-07 13:59:21,147E:\auto_api1_framework\logs\info-2023-04-07.log:test_query_college_info.py:29 2023-04-07 13:59:20 >>>>>> 执行结束！
INFO    2023-04-07 14:00:04,888E:\auto_api1_framework\logs\info-2023-04-07.log:test_query_college_info.py:26 2023-04-07 14:00:04 >>>>>> 开始执行：
INFO    2023-04-07 14:00:05,005E:\auto_api1_framework\logs\info-2023-04-07.log:log_decorator.py:41 
======================================================
用例标题: 真实大学-四川轻化工大学
请求路径: https://www.iamwawa.cn/home/daxue/ajax
请求方式: POST
请求头:   {'user-agent': 'Chrome', 'Accept-Encoding': 'gzip, deflate', 'Accept': '*/*', 'Connection': 'keep-alive', 'Content-Length': '81', 'Content-Type': 'application/x-www-form-urlencoded'}
请求内容: None
接口响应内容: {'status': 1, 'info': '查询成功！', 'data': [{'id': '2181', 'name': '四川轻化工大学', 'code': '4151010622', 'department': '四川省', 'city': '自贡市', 'level': '本科', 'remark': ''}]}
接口响应时长: 112 ms
Http状态码: 200
=====================================================
INFO    2023-04-07 14:00:05,008E:\auto_api1_framework\logs\info-2023-04-07.log:test_query_college_info.py:29 2023-04-07 14:00:04 >>>>>> 执行结束！
INFO    2023-04-07 14:00:05,012E:\auto_api1_framework\logs\info-2023-04-07.log:test_query_college_info.py:26 2023-04-07 14:00:04 >>>>>> 开始执行：
INFO    2023-04-07 14:00:05,098E:\auto_api1_framework\logs\info-2023-04-07.log:log_decorator.py:41 
======================================================
用例标题: 真实大学-厦门大学
请求路径: https://www.iamwawa.cn/home/daxue/ajax
请求方式: POST
请求头:   {'user-agent': 'Chrome', 'Accept-Encoding': 'gzip, deflate', 'Accept': '*/*', 'Connection': 'keep-alive', 'Content-Length': '54', 'Content-Type': 'application/x-www-form-urlencoded'}
请求内容: None
接口响应内容: {'status': 1, 'info': '查询成功！', 'data': [{'id': '1124', 'name': '厦门大学', 'code': '4135010384', 'department': '教育部', 'city': '厦门市', 'level': '本科', 'remark': ''}, {'id': '1153', 'name': '厦门大学嘉庚学院', 'code': '4135013469', 'department': '福建省教育厅', 'city': '漳州市', 'level': '本科', 'remark': '民办'}]}
接口响应时长: 82 ms
Http状态码: 200
=====================================================
INFO    2023-04-07 14:00:05,101E:\auto_api1_framework\logs\info-2023-04-07.log:test_query_college_info.py:29 2023-04-07 14:00:04 >>>>>> 执行结束！
INFO    2023-04-07 14:00:05,105E:\auto_api1_framework\logs\info-2023-04-07.log:test_query_college_info.py:26 2023-04-07 14:00:04 >>>>>> 开始执行：
INFO    2023-04-07 14:00:05,189E:\auto_api1_framework\logs\info-2023-04-07.log:log_decorator.py:41 
======================================================
用例标题: 不存在-测试大学
请求路径: https://www.iamwawa.cn/home/daxue/ajax
请求方式: POST
请求头:   {'user-agent': 'Chrome', 'Accept-Encoding': 'gzip, deflate', 'Accept': '*/*', 'Connection': 'keep-alive', 'Content-Length': '54', 'Content-Type': 'application/x-www-form-urlencoded'}
请求内容: None
接口响应内容: {'status': 0, 'info': '没有找到相关信息！'}
接口响应时长: 80 ms
Http状态码: 200
=====================================================
INFO    2023-04-07 14:00:05,191E:\auto_api1_framework\logs\info-2023-04-07.log:test_query_college_info.py:29 2023-04-07 14:00:04 >>>>>> 执行结束！
INFO    2023-04-07 14:04:42,946E:\auto_api1_framework\logs\info-2023-04-07.log:test_query_college_info.py:26 2023-04-07 14:04:42 >>>>>> 开始执行：
INFO    2023-04-07 14:04:43,084E:\auto_api1_framework\logs\info-2023-04-07.log:log_decorator.py:41 
======================================================
用例标题: 真实大学-四川轻化工大学
请求路径: https://www.iamwawa.cn/home/daxue/ajax
请求方式: POST
请求头:   {'user-agent': 'Chrome', 'Accept-Encoding': 'gzip, deflate', 'Accept': '*/*', 'Connection': 'keep-alive', 'token': '$cache{token}', 'Content-Length': '81', 'Content-Type': 'application/x-www-form-urlencoded'}
请求内容: None
接口响应内容: {'status': 1, 'info': '查询成功！', 'data': [{'id': '2181', 'name': '四川轻化工大学', 'code': '4151010622', 'department': '四川省', 'city': '自贡市', 'level': '本科', 'remark': ''}]}
接口响应时长: 133 ms
Http状态码: 200
=====================================================
INFO    2023-04-07 14:04:43,087E:\auto_api1_framework\logs\info-2023-04-07.log:test_query_college_info.py:29 2023-04-07 14:04:42 >>>>>> 执行结束！
INFO    2023-04-07 14:04:43,092E:\auto_api1_framework\logs\info-2023-04-07.log:test_query_college_info.py:26 2023-04-07 14:04:42 >>>>>> 开始执行：
INFO    2023-04-07 14:04:43,182E:\auto_api1_framework\logs\info-2023-04-07.log:log_decorator.py:41 
======================================================
用例标题: 真实大学-厦门大学
请求路径: https://www.iamwawa.cn/home/daxue/ajax
请求方式: POST
请求头:   {'user-agent': 'Chrome', 'Accept-Encoding': 'gzip, deflate', 'Accept': '*/*', 'Connection': 'keep-alive', 'Content-Length': '54', 'Content-Type': 'application/x-www-form-urlencoded'}
请求内容: None
接口响应内容: {'status': 1, 'info': '查询成功！', 'data': [{'id': '1124', 'name': '厦门大学', 'code': '4135010384', 'department': '教育部', 'city': '厦门市', 'level': '本科', 'remark': ''}, {'id': '1153', 'name': '厦门大学嘉庚学院', 'code': '4135013469', 'department': '福建省教育厅', 'city': '漳州市', 'level': '本科', 'remark': '民办'}]}
接口响应时长: 85 ms
Http状态码: 200
=====================================================
INFO    2023-04-07 14:04:43,184E:\auto_api1_framework\logs\info-2023-04-07.log:test_query_college_info.py:29 2023-04-07 14:04:42 >>>>>> 执行结束！
INFO    2023-04-07 14:04:43,185E:\auto_api1_framework\logs\info-2023-04-07.log:test_query_college_info.py:26 2023-04-07 14:04:42 >>>>>> 开始执行：
INFO    2023-04-07 14:04:43,272E:\auto_api1_framework\logs\info-2023-04-07.log:log_decorator.py:41 
======================================================
用例标题: 不存在-测试大学
请求路径: https://www.iamwawa.cn/home/daxue/ajax
请求方式: POST
请求头:   {'user-agent': 'Chrome', 'Accept-Encoding': 'gzip, deflate', 'Accept': '*/*', 'Connection': 'keep-alive', 'Content-Length': '54', 'Content-Type': 'application/x-www-form-urlencoded'}
请求内容: None
接口响应内容: {'status': 0, 'info': '没有找到相关信息！'}
接口响应时长: 82 ms
Http状态码: 200
=====================================================
INFO    2023-04-07 14:04:43,274E:\auto_api1_framework\logs\info-2023-04-07.log:test_query_college_info.py:29 2023-04-07 14:04:42 >>>>>> 执行结束！
INFO    2023-04-07 14:48:41,665E:\auto_api1_framework\logs\info-2023-04-07.log:test_query_college_info.py:26 2023-04-07 14:48:41 >>>>>> 开始执行：
INFO    2023-04-07 14:48:41,798E:\auto_api1_framework\logs\info-2023-04-07.log:log_decorator.py:41 
======================================================
用例标题: 真实大学-四川轻化工大学
请求路径: https://www.iamwawa.cn/home/daxue/ajax
请求方式: POST
请求头:   {'user-agent': 'Chrome', 'Accept-Encoding': 'gzip, deflate', 'Accept': '*/*', 'Connection': 'keep-alive', 'Authorization': '$cache{token}', 'Content-Length': '81', 'Content-Type': 'application/x-www-form-urlencoded'}
请求内容: None
接口响应内容: {'status': 1, 'info': '查询成功！', 'data': [{'id': '2181', 'name': '四川轻化工大学', 'code': '4151010622', 'department': '四川省', 'city': '自贡市', 'level': '本科', 'remark': ''}]}
接口响应时长: 128 ms
Http状态码: 200
=====================================================
INFO    2023-04-07 14:48:41,800E:\auto_api1_framework\logs\info-2023-04-07.log:test_query_college_info.py:29 2023-04-07 14:48:41 >>>>>> 执行结束！
INFO    2023-04-07 14:48:41,803E:\auto_api1_framework\logs\info-2023-04-07.log:test_query_college_info.py:26 2023-04-07 14:48:41 >>>>>> 开始执行：
INFO    2023-04-07 14:48:41,887E:\auto_api1_framework\logs\info-2023-04-07.log:log_decorator.py:41 
======================================================
用例标题: 真实大学-厦门大学
请求路径: https://www.iamwawa.cn/home/daxue/ajax
请求方式: POST
请求头:   {'user-agent': 'Chrome', 'Accept-Encoding': 'gzip, deflate', 'Accept': '*/*', 'Connection': 'keep-alive', 'Content-Length': '54', 'Content-Type': 'application/x-www-form-urlencoded'}
请求内容: None
接口响应内容: {'status': 1, 'info': '查询成功！', 'data': [{'id': '1124', 'name': '厦门大学', 'code': '4135010384', 'department': '教育部', 'city': '厦门市', 'level': '本科', 'remark': ''}, {'id': '1153', 'name': '厦门大学嘉庚学院', 'code': '4135013469', 'department': '福建省教育厅', 'city': '漳州市', 'level': '本科', 'remark': '民办'}]}
接口响应时长: 79 ms
Http状态码: 200
=====================================================
INFO    2023-04-07 14:48:41,889E:\auto_api1_framework\logs\info-2023-04-07.log:test_query_college_info.py:29 2023-04-07 14:48:41 >>>>>> 执行结束！
INFO    2023-04-07 14:48:41,891E:\auto_api1_framework\logs\info-2023-04-07.log:test_query_college_info.py:26 2023-04-07 14:48:41 >>>>>> 开始执行：
INFO    2023-04-07 14:48:41,978E:\auto_api1_framework\logs\info-2023-04-07.log:log_decorator.py:41 
======================================================
用例标题: 不存在-测试大学
请求路径: https://www.iamwawa.cn/home/daxue/ajax
请求方式: POST
请求头:   {'user-agent': 'Chrome', 'Accept-Encoding': 'gzip, deflate', 'Accept': '*/*', 'Connection': 'keep-alive', 'Content-Length': '54', 'Content-Type': 'application/x-www-form-urlencoded'}
请求内容: None
接口响应内容: {'status': 0, 'info': '没有找到相关信息！'}
接口响应时长: 83 ms
Http状态码: 200
=====================================================
INFO    2023-04-07 14:48:41,980E:\auto_api1_framework\logs\info-2023-04-07.log:test_query_college_info.py:29 2023-04-07 14:48:41 >>>>>> 执行结束！
INFO    2023-04-07 14:54:37,531E:\auto_api1_framework\logs\info-2023-04-07.log:test_query_college_info.py:26 2023-04-07 14:54:37 >>>>>> 开始执行：
INFO    2023-04-07 14:54:37,662E:\auto_api1_framework\logs\info-2023-04-07.log:log_decorator.py:41 
======================================================
用例标题: 真实大学-四川轻化工大学
请求路径: https://www.iamwawa.cn/home/daxue/ajax
请求方式: POST
请求头:   {'user-agent': 'Chrome', 'Accept-Encoding': 'gzip, deflate', 'Accept': '*/*', 'Connection': 'keep-alive', 'Authorization': '$cache{token}', 'Content-Length': '81', 'Content-Type': 'application/x-www-form-urlencoded'}
请求内容: None
接口响应内容: {'status': 1, 'info': '查询成功！', 'data': [{'id': '2181', 'name': '四川轻化工大学', 'code': '4151010622', 'department': '四川省', 'city': '自贡市', 'level': '本科', 'remark': ''}]}
接口响应时长: 125 ms
Http状态码: 200
=====================================================
INFO    2023-04-07 14:54:37,664E:\auto_api1_framework\logs\info-2023-04-07.log:test_query_college_info.py:29 2023-04-07 14:54:37 >>>>>> 执行结束！
INFO    2023-04-07 14:54:37,666E:\auto_api1_framework\logs\info-2023-04-07.log:test_query_college_info.py:26 2023-04-07 14:54:37 >>>>>> 开始执行：
INFO    2023-04-07 14:54:37,751E:\auto_api1_framework\logs\info-2023-04-07.log:log_decorator.py:41 
======================================================
用例标题: 真实大学-厦门大学
请求路径: https://www.iamwawa.cn/home/daxue/ajax
请求方式: POST
请求头:   {'user-agent': 'Chrome', 'Accept-Encoding': 'gzip, deflate', 'Accept': '*/*', 'Connection': 'keep-alive', 'Content-Length': '54', 'Content-Type': 'application/x-www-form-urlencoded'}
请求内容: None
接口响应内容: {'status': 1, 'info': '查询成功！', 'data': [{'id': '1124', 'name': '厦门大学', 'code': '4135010384', 'department': '教育部', 'city': '厦门市', 'level': '本科', 'remark': ''}, {'id': '1153', 'name': '厦门大学嘉庚学院', 'code': '4135013469', 'department': '福建省教育厅', 'city': '漳州市', 'level': '本科', 'remark': '民办'}]}
接口响应时长: 81 ms
Http状态码: 200
=====================================================
INFO    2023-04-07 14:54:37,753E:\auto_api1_framework\logs\info-2023-04-07.log:test_query_college_info.py:29 2023-04-07 14:54:37 >>>>>> 执行结束！
INFO    2023-04-07 14:54:37,754E:\auto_api1_framework\logs\info-2023-04-07.log:test_query_college_info.py:26 2023-04-07 14:54:37 >>>>>> 开始执行：
INFO    2023-04-07 14:54:37,837E:\auto_api1_framework\logs\info-2023-04-07.log:log_decorator.py:41 
======================================================
用例标题: 不存在-测试大学
请求路径: https://www.iamwawa.cn/home/daxue/ajax
请求方式: POST
请求头:   {'user-agent': 'Chrome', 'Accept-Encoding': 'gzip, deflate', 'Accept': '*/*', 'Connection': 'keep-alive', 'Content-Length': '54', 'Content-Type': 'application/x-www-form-urlencoded'}
请求内容: None
接口响应内容: {'status': 0, 'info': '没有找到相关信息！'}
接口响应时长: 78 ms
Http状态码: 200
=====================================================
INFO    2023-04-07 14:54:37,839E:\auto_api1_framework\logs\info-2023-04-07.log:test_query_college_info.py:29 2023-04-07 14:54:37 >>>>>> 执行结束！
INFO    2023-04-07 14:54:50,417E:\auto_api1_framework\logs\info-2023-04-07.log:test_query_college_info.py:26 2023-04-07 14:54:50 >>>>>> 开始执行：
INFO    2023-04-07 14:54:50,517E:\auto_api1_framework\logs\info-2023-04-07.log:log_decorator.py:41 
======================================================
用例标题: 真实大学-四川轻化工大学
请求路径: https://www.iamwawa.cn/home/daxue/ajax
请求方式: POST
请求头:   {'user-agent': 'Chrome', 'Accept-Encoding': 'gzip, deflate', 'Accept': '*/*', 'Connection': 'keep-alive', 'Authorization': '$cache{token}', 'Content-Length': '81', 'Content-Type': 'application/x-www-form-urlencoded'}
请求内容: None
接口响应内容: {'status': 1, 'info': '查询成功！', 'data': [{'id': '2181', 'name': '四川轻化工大学', 'code': '4151010622', 'department': '四川省', 'city': '自贡市', 'level': '本科', 'remark': ''}]}
接口响应时长: 95 ms
Http状态码: 200
=====================================================
INFO    2023-04-07 14:54:50,520E:\auto_api1_framework\logs\info-2023-04-07.log:test_query_college_info.py:29 2023-04-07 14:54:50 >>>>>> 执行结束！
INFO    2023-04-07 14:54:50,522E:\auto_api1_framework\logs\info-2023-04-07.log:test_query_college_info.py:26 2023-04-07 14:54:50 >>>>>> 开始执行：
INFO    2023-04-07 14:54:50,610E:\auto_api1_framework\logs\info-2023-04-07.log:log_decorator.py:41 
======================================================
用例标题: 真实大学-厦门大学
请求路径: https://www.iamwawa.cn/home/daxue/ajax
请求方式: POST
请求头:   {'user-agent': 'Chrome', 'Accept-Encoding': 'gzip, deflate', 'Accept': '*/*', 'Connection': 'keep-alive', 'Content-Length': '54', 'Content-Type': 'application/x-www-form-urlencoded'}
请求内容: None
接口响应内容: {'status': 1, 'info': '查询成功！', 'data': [{'id': '1124', 'name': '厦门大学', 'code': '4135010384', 'department': '教育部', 'city': '厦门市', 'level': '本科', 'remark': ''}, {'id': '1153', 'name': '厦门大学嘉庚学院', 'code': '4135013469', 'department': '福建省教育厅', 'city': '漳州市', 'level': '本科', 'remark': '民办'}]}
接口响应时长: 83 ms
Http状态码: 200
=====================================================
INFO    2023-04-07 14:54:50,611E:\auto_api1_framework\logs\info-2023-04-07.log:test_query_college_info.py:29 2023-04-07 14:54:50 >>>>>> 执行结束！
INFO    2023-04-07 14:54:50,613E:\auto_api1_framework\logs\info-2023-04-07.log:test_query_college_info.py:26 2023-04-07 14:54:50 >>>>>> 开始执行：
INFO    2023-04-07 14:54:50,704E:\auto_api1_framework\logs\info-2023-04-07.log:log_decorator.py:41 
======================================================
用例标题: 不存在-测试大学
请求路径: https://www.iamwawa.cn/home/daxue/ajax
请求方式: POST
请求头:   {'user-agent': 'Chrome', 'Accept-Encoding': 'gzip, deflate', 'Accept': '*/*', 'Connection': 'keep-alive', 'Content-Length': '54', 'Content-Type': 'application/x-www-form-urlencoded'}
请求内容: None
接口响应内容: {'status': 0, 'info': '没有找到相关信息！'}
接口响应时长: 87 ms
Http状态码: 200
=====================================================
INFO    2023-04-07 14:54:50,705E:\auto_api1_framework\logs\info-2023-04-07.log:test_query_college_info.py:29 2023-04-07 14:54:50 >>>>>> 执行结束！
INFO    2023-04-07 15:09:18,068E:\auto_api1_framework\logs\info-2023-04-07.log:test_query_college_info.py:26 2023-04-07 15:09:17 >>>>>> 开始执行：
INFO    2023-04-07 15:09:18,200E:\auto_api1_framework\logs\info-2023-04-07.log:log_decorator.py:41 
======================================================
用例标题: 真实大学-四川轻化工大学
请求路径: https://www.iamwawa.cn/home/daxue/ajax
请求方式: POST
请求头:   {'user-agent': 'Chrome', 'Accept-Encoding': 'gzip, deflate', 'Accept': '*/*', 'Connection': 'keep-alive', 'Authorization': '$cache{token}', 'Content-Length': '81', 'Content-Type': 'application/x-www-form-urlencoded'}
请求内容: None
接口响应内容: {'status': 1, 'info': '查询成功！', 'data': [{'id': '2181', 'name': '四川轻化工大学', 'code': '4151010622', 'department': '四川省', 'city': '自贡市', 'level': '本科', 'remark': ''}]}
接口响应时长: 126 ms
Http状态码: 200
=====================================================
INFO    2023-04-07 15:09:18,202E:\auto_api1_framework\logs\info-2023-04-07.log:test_query_college_info.py:29 2023-04-07 15:09:17 >>>>>> 执行结束！
INFO    2023-04-07 15:09:18,204E:\auto_api1_framework\logs\info-2023-04-07.log:test_query_college_info.py:26 2023-04-07 15:09:17 >>>>>> 开始执行：
INFO    2023-04-07 15:09:18,290E:\auto_api1_framework\logs\info-2023-04-07.log:log_decorator.py:41 
======================================================
用例标题: 真实大学-厦门大学
请求路径: https://www.iamwawa.cn/home/daxue/ajax
请求方式: POST
请求头:   {'user-agent': 'Chrome', 'Accept-Encoding': 'gzip, deflate', 'Accept': '*/*', 'Connection': 'keep-alive', 'Content-Length': '54', 'Content-Type': 'application/x-www-form-urlencoded'}
请求内容: None
接口响应内容: {'status': 1, 'info': '查询成功！', 'data': [{'id': '1124', 'name': '厦门大学', 'code': '4135010384', 'department': '教育部', 'city': '厦门市', 'level': '本科', 'remark': ''}, {'id': '1153', 'name': '厦门大学嘉庚学院', 'code': '4135013469', 'department': '福建省教育厅', 'city': '漳州市', 'level': '本科', 'remark': '民办'}]}
接口响应时长: 83 ms
Http状态码: 200
=====================================================
INFO    2023-04-07 15:09:18,292E:\auto_api1_framework\logs\info-2023-04-07.log:test_query_college_info.py:29 2023-04-07 15:09:17 >>>>>> 执行结束！
INFO    2023-04-07 15:09:18,294E:\auto_api1_framework\logs\info-2023-04-07.log:test_query_college_info.py:26 2023-04-07 15:09:17 >>>>>> 开始执行：
INFO    2023-04-07 15:09:18,378E:\auto_api1_framework\logs\info-2023-04-07.log:log_decorator.py:41 
======================================================
用例标题: 不存在-测试大学
请求路径: https://www.iamwawa.cn/home/daxue/ajax
请求方式: POST
请求头:   {'user-agent': 'Chrome', 'Accept-Encoding': 'gzip, deflate', 'Accept': '*/*', 'Connection': 'keep-alive', 'Content-Length': '54', 'Content-Type': 'application/x-www-form-urlencoded'}
请求内容: None
接口响应内容: {'status': 0, 'info': '没有找到相关信息！'}
接口响应时长: 80 ms
Http状态码: 200
=====================================================
INFO    2023-04-07 15:09:18,380E:\auto_api1_framework\logs\info-2023-04-07.log:test_query_college_info.py:29 2023-04-07 15:09:17 >>>>>> 执行结束！
INFO    2023-04-07 15:25:50,468E:\auto_api1_framework\logs\info-2023-04-07.log:test_query_college_info.py:26 2023-04-07 15:25:50 >>>>>> 开始执行：
INFO    2023-04-07 15:25:50,606E:\auto_api1_framework\logs\info-2023-04-07.log:log_decorator.py:41 
======================================================
用例标题: 真实大学-四川轻化工大学
请求路径: https://www.iamwawa.cn/home/daxue/ajax
请求方式: POST
请求头:   {'user-agent': 'Chrome', 'Accept-Encoding': 'gzip, deflate', 'Accept': '*/*', 'Connection': 'keep-alive', 'Authorization': '$cache{token}', 'Content-Length': '81', 'Content-Type': 'application/x-www-form-urlencoded'}
请求内容: None
接口响应内容: {'status': 1, 'info': '查询成功！', 'data': [{'id': '2181', 'name': '四川轻化工大学', 'code': '4151010622', 'department': '四川省', 'city': '自贡市', 'level': '本科', 'remark': ''}]}
接口响应时长: 134 ms
Http状态码: 200
=====================================================
INFO    2023-04-07 15:25:50,608E:\auto_api1_framework\logs\info-2023-04-07.log:test_query_college_info.py:29 2023-04-07 15:25:50 >>>>>> 执行结束！
INFO    2023-04-07 15:25:50,611E:\auto_api1_framework\logs\info-2023-04-07.log:test_query_college_info.py:26 2023-04-07 15:25:50 >>>>>> 开始执行：
INFO    2023-04-07 15:25:50,695E:\auto_api1_framework\logs\info-2023-04-07.log:log_decorator.py:41 
======================================================
用例标题: 真实大学-厦门大学
请求路径: https://www.iamwawa.cn/home/daxue/ajax
请求方式: POST
请求头:   {'user-agent': 'Chrome', 'Accept-Encoding': 'gzip, deflate', 'Accept': '*/*', 'Connection': 'keep-alive', 'Content-Length': '54', 'Content-Type': 'application/x-www-form-urlencoded'}
请求内容: None
接口响应内容: {'status': 1, 'info': '查询成功！', 'data': [{'id': '1124', 'name': '厦门大学', 'code': '4135010384', 'department': '教育部', 'city': '厦门市', 'level': '本科', 'remark': ''}, {'id': '1153', 'name': '厦门大学嘉庚学院', 'code': '4135013469', 'department': '福建省教育厅', 'city': '漳州市', 'level': '本科', 'remark': '民办'}]}
接口响应时长: 79 ms
Http状态码: 200
=====================================================
INFO    2023-04-07 15:25:50,697E:\auto_api1_framework\logs\info-2023-04-07.log:test_query_college_info.py:29 2023-04-07 15:25:50 >>>>>> 执行结束！
INFO    2023-04-07 15:25:50,698E:\auto_api1_framework\logs\info-2023-04-07.log:test_query_college_info.py:26 2023-04-07 15:25:50 >>>>>> 开始执行：
INFO    2023-04-07 15:25:50,786E:\auto_api1_framework\logs\info-2023-04-07.log:log_decorator.py:41 
======================================================
用例标题: 不存在-测试大学
请求路径: https://www.iamwawa.cn/home/daxue/ajax
请求方式: POST
请求头:   {'user-agent': 'Chrome', 'Accept-Encoding': 'gzip, deflate', 'Accept': '*/*', 'Connection': 'keep-alive', 'Content-Length': '54', 'Content-Type': 'application/x-www-form-urlencoded'}
请求内容: None
接口响应内容: {'status': 0, 'info': '没有找到相关信息！'}
接口响应时长: 83 ms
Http状态码: 200
=====================================================
INFO    2023-04-07 15:25:50,788E:\auto_api1_framework\logs\info-2023-04-07.log:test_query_college_info.py:29 2023-04-07 15:25:50 >>>>>> 执行结束！
INFO    2023-04-07 16:54:56,911E:\auto_api1_framework\logs\info-2023-04-07.log:test_create_user.py:26 2023-04-07 16:54:56 >>>>>> 开始执行：
INFO    2023-04-07 16:54:57,241E:\auto_api1_framework\logs\info-2023-04-07.log:test_create_user.py:29 2023-04-07 16:54:56 >>>>>> 执行结束！
INFO    2023-04-07 16:54:57,243E:\auto_api1_framework\logs\info-2023-04-07.log:test_create_user.py:26 2023-04-07 16:54:56 >>>>>> 开始执行：
INFO    2023-04-07 16:54:57,346E:\auto_api1_framework\logs\info-2023-04-07.log:test_create_user.py:29 2023-04-07 16:54:56 >>>>>> 执行结束！
INFO    2023-04-07 16:54:57,348E:\auto_api1_framework\logs\info-2023-04-07.log:test_create_user.py:26 2023-04-07 16:54:56 >>>>>> 开始执行：
INFO    2023-04-07 16:54:57,448E:\auto_api1_framework\logs\info-2023-04-07.log:test_create_user.py:29 2023-04-07 16:54:56 >>>>>> 执行结束！
INFO    2023-04-07 16:54:57,449E:\auto_api1_framework\logs\info-2023-04-07.log:test_create_user.py:26 2023-04-07 16:54:56 >>>>>> 开始执行：
INFO    2023-04-07 16:54:57,545E:\auto_api1_framework\logs\info-2023-04-07.log:test_create_user.py:29 2023-04-07 16:54:56 >>>>>> 执行结束！
INFO    2023-04-07 17:09:46,222E:\auto_api1_framework\logs\info-2023-04-07.log:test_create_user.py:26 2023-04-07 17:09:46 >>>>>> 开始执行：
INFO    2023-04-07 17:09:46,537E:\auto_api1_framework\logs\info-2023-04-07.log:test_create_user.py:29 2023-04-07 17:09:46 >>>>>> 执行结束！
INFO    2023-04-07 17:09:46,539E:\auto_api1_framework\logs\info-2023-04-07.log:test_create_user.py:26 2023-04-07 17:09:46 >>>>>> 开始执行：
INFO    2023-04-07 17:09:46,645E:\auto_api1_framework\logs\info-2023-04-07.log:test_create_user.py:29 2023-04-07 17:09:46 >>>>>> 执行结束！
INFO    2023-04-07 17:09:46,646E:\auto_api1_framework\logs\info-2023-04-07.log:test_create_user.py:26 2023-04-07 17:09:46 >>>>>> 开始执行：
INFO    2023-04-07 17:09:46,743E:\auto_api1_framework\logs\info-2023-04-07.log:test_create_user.py:29 2023-04-07 17:09:46 >>>>>> 执行结束！
INFO    2023-04-07 17:09:46,744E:\auto_api1_framework\logs\info-2023-04-07.log:test_create_user.py:26 2023-04-07 17:09:46 >>>>>> 开始执行：
INFO    2023-04-07 17:09:46,846E:\auto_api1_framework\logs\info-2023-04-07.log:test_create_user.py:29 2023-04-07 17:09:46 >>>>>> 执行结束！
INFO    2023-04-07 17:12:59,056E:\auto_api1_framework\logs\info-2023-04-07.log:test_create_user.py:26 2023-04-07 17:12:58 >>>>>> 开始执行：
INFO    2023-04-07 17:12:59,368E:\auto_api1_framework\logs\info-2023-04-07.log:test_create_user.py:29 2023-04-07 17:12:58 >>>>>> 执行结束！
INFO    2023-04-07 17:12:59,370E:\auto_api1_framework\logs\info-2023-04-07.log:test_create_user.py:26 2023-04-07 17:12:58 >>>>>> 开始执行：
INFO    2023-04-07 17:12:59,471E:\auto_api1_framework\logs\info-2023-04-07.log:test_create_user.py:29 2023-04-07 17:12:58 >>>>>> 执行结束！
INFO    2023-04-07 17:12:59,473E:\auto_api1_framework\logs\info-2023-04-07.log:test_create_user.py:26 2023-04-07 17:12:58 >>>>>> 开始执行：
INFO    2023-04-07 17:12:59,576E:\auto_api1_framework\logs\info-2023-04-07.log:test_create_user.py:29 2023-04-07 17:12:58 >>>>>> 执行结束！
INFO    2023-04-07 17:12:59,578E:\auto_api1_framework\logs\info-2023-04-07.log:test_create_user.py:26 2023-04-07 17:12:58 >>>>>> 开始执行：
INFO    2023-04-07 17:12:59,673E:\auto_api1_framework\logs\info-2023-04-07.log:test_create_user.py:29 2023-04-07 17:12:58 >>>>>> 执行结束！
INFO    2023-04-07 17:14:40,316E:\auto_api1_framework\logs\info-2023-04-07.log:test_query_college_info.py:26 2023-04-07 17:14:40 >>>>>> 开始执行：
INFO    2023-04-07 17:14:40,416E:\auto_api1_framework\logs\info-2023-04-07.log:log_decorator.py:41 
======================================================
用例标题: 真实大学-四川轻化工大学
请求路径: https://www.iamwawa.cn/home/daxue/ajax
请求方式: POST
请求头:   {'user-agent': 'Chrome', 'Accept-Encoding': 'gzip, deflate', 'Accept': '*/*', 'Connection': 'keep-alive', 'Authorization': '$cache{token}', 'Content-Length': '104', 'Content-Type': 'application/x-www-form-urlencoded'}
请求内容: None
接口响应内容: {'status': 1, 'info': '查询成功！', 'data': [{'id': '2181', 'name': '四川轻化工大学', 'code': '4151010622', 'department': '四川省', 'city': '自贡市', 'level': '本科', 'remark': ''}]}
接口响应时长: 94 ms
Http状态码: 200
=====================================================
INFO    2023-04-07 17:14:40,418E:\auto_api1_framework\logs\info-2023-04-07.log:test_query_college_info.py:29 2023-04-07 17:14:40 >>>>>> 执行结束！
INFO    2023-04-07 17:14:40,424E:\auto_api1_framework\logs\info-2023-04-07.log:test_query_college_info.py:26 2023-04-07 17:14:40 >>>>>> 开始执行：
INFO    2023-04-07 17:14:40,512E:\auto_api1_framework\logs\info-2023-04-07.log:log_decorator.py:41 
======================================================
用例标题: 真实大学-厦门大学
请求路径: https://www.iamwawa.cn/home/daxue/ajax
请求方式: POST
请求头:   {'user-agent': 'Chrome', 'Accept-Encoding': 'gzip, deflate', 'Accept': '*/*', 'Connection': 'keep-alive', 'Content-Length': '77', 'Content-Type': 'application/x-www-form-urlencoded'}
请求内容: None
接口响应内容: {'status': 1, 'info': '查询成功！', 'data': [{'id': '1124', 'name': '厦门大学', 'code': '4135010384', 'department': '教育部', 'city': '厦门市', 'level': '本科', 'remark': ''}, {'id': '1153', 'name': '厦门大学嘉庚学院', 'code': '4135013469', 'department': '福建省教育厅', 'city': '漳州市', 'level': '本科', 'remark': '民办'}]}
接口响应时长: 84 ms
Http状态码: 200
=====================================================
INFO    2023-04-07 17:14:40,514E:\auto_api1_framework\logs\info-2023-04-07.log:test_query_college_info.py:29 2023-04-07 17:14:40 >>>>>> 执行结束！
INFO    2023-04-07 17:14:40,518E:\auto_api1_framework\logs\info-2023-04-07.log:test_query_college_info.py:26 2023-04-07 17:14:40 >>>>>> 开始执行：
INFO    2023-04-07 17:14:40,605E:\auto_api1_framework\logs\info-2023-04-07.log:log_decorator.py:41 
======================================================
用例标题: 不存在-测试大学
请求路径: https://www.iamwawa.cn/home/daxue/ajax
请求方式: POST
请求头:   {'user-agent': 'Chrome', 'Accept-Encoding': 'gzip, deflate', 'Accept': '*/*', 'Connection': 'keep-alive', 'Content-Length': '77', 'Content-Type': 'application/x-www-form-urlencoded'}
请求内容: None
接口响应内容: {'status': 0, 'info': '没有找到相关信息！'}
接口响应时长: 83 ms
Http状态码: 200
=====================================================
INFO    2023-04-07 17:14:40,607E:\auto_api1_framework\logs\info-2023-04-07.log:test_query_college_info.py:29 2023-04-07 17:14:40 >>>>>> 执行结束！
INFO    2023-04-07 20:50:51,124G:\auto_api1_framework\logs\info-2023-04-07.log:test_create_user.py:26 2023-04-07 20:50:50 >>>>>> 开始执行：
INFO    2023-04-07 20:50:51,387G:\auto_api1_framework\logs\info-2023-04-07.log:test_create_user.py:29 2023-04-07 20:50:50 >>>>>> 执行结束！
INFO    2023-04-07 20:50:51,390G:\auto_api1_framework\logs\info-2023-04-07.log:test_create_user.py:26 2023-04-07 20:50:50 >>>>>> 开始执行：
INFO    2023-04-07 20:50:51,531G:\auto_api1_framework\logs\info-2023-04-07.log:test_create_user.py:29 2023-04-07 20:50:50 >>>>>> 执行结束！
INFO    2023-04-07 20:50:51,533G:\auto_api1_framework\logs\info-2023-04-07.log:test_create_user.py:26 2023-04-07 20:50:50 >>>>>> 开始执行：
INFO    2023-04-07 20:50:51,646G:\auto_api1_framework\logs\info-2023-04-07.log:test_create_user.py:29 2023-04-07 20:50:50 >>>>>> 执行结束！
INFO    2023-04-07 20:50:51,647G:\auto_api1_framework\logs\info-2023-04-07.log:test_create_user.py:26 2023-04-07 20:50:50 >>>>>> 开始执行：
INFO    2023-04-07 20:50:51,729G:\auto_api1_framework\logs\info-2023-04-07.log:test_create_user.py:29 2023-04-07 20:50:50 >>>>>> 执行结束！
INFO    2023-04-07 20:51:43,059G:\auto_api1_framework\logs\info-2023-04-07.log:test_create_user.py:26 2023-04-07 20:51:42 >>>>>> 开始执行：
INFO    2023-04-07 20:51:43,230G:\auto_api1_framework\logs\info-2023-04-07.log:test_create_user.py:29 2023-04-07 20:51:42 >>>>>> 执行结束！
INFO    2023-04-07 20:51:43,232G:\auto_api1_framework\logs\info-2023-04-07.log:test_create_user.py:26 2023-04-07 20:51:42 >>>>>> 开始执行：
INFO    2023-04-07 20:51:43,318G:\auto_api1_framework\logs\info-2023-04-07.log:test_create_user.py:29 2023-04-07 20:51:42 >>>>>> 执行结束！
INFO    2023-04-07 20:51:43,319G:\auto_api1_framework\logs\info-2023-04-07.log:test_create_user.py:26 2023-04-07 20:51:42 >>>>>> 开始执行：
INFO    2023-04-07 20:51:43,398G:\auto_api1_framework\logs\info-2023-04-07.log:test_create_user.py:29 2023-04-07 20:51:42 >>>>>> 执行结束！
INFO    2023-04-07 20:51:43,400G:\auto_api1_framework\logs\info-2023-04-07.log:test_create_user.py:26 2023-04-07 20:51:42 >>>>>> 开始执行：
INFO    2023-04-07 20:51:43,494G:\auto_api1_framework\logs\info-2023-04-07.log:test_create_user.py:29 2023-04-07 20:51:42 >>>>>> 执行结束！
INFO    2023-04-07 20:53:13,527G:\auto_api1_framework\logs\info-2023-04-07.log:test_create_user.py:26 2023-04-07 20:53:13 >>>>>> 开始执行：
INFO    2023-04-07 20:53:13,706G:\auto_api1_framework\logs\info-2023-04-07.log:test_create_user.py:29 2023-04-07 20:53:13 >>>>>> 执行结束！
INFO    2023-04-07 20:53:13,709G:\auto_api1_framework\logs\info-2023-04-07.log:test_create_user.py:26 2023-04-07 20:53:13 >>>>>> 开始执行：
INFO    2023-04-07 20:53:13,806G:\auto_api1_framework\logs\info-2023-04-07.log:test_create_user.py:29 2023-04-07 20:53:13 >>>>>> 执行结束！
INFO    2023-04-07 20:53:13,807G:\auto_api1_framework\logs\info-2023-04-07.log:test_create_user.py:26 2023-04-07 20:53:13 >>>>>> 开始执行：
INFO    2023-04-07 20:53:13,908G:\auto_api1_framework\logs\info-2023-04-07.log:test_create_user.py:29 2023-04-07 20:53:13 >>>>>> 执行结束！
INFO    2023-04-07 20:53:13,909G:\auto_api1_framework\logs\info-2023-04-07.log:test_create_user.py:26 2023-04-07 20:53:13 >>>>>> 开始执行：
INFO    2023-04-07 20:53:14,184G:\auto_api1_framework\logs\info-2023-04-07.log:test_create_user.py:29 2023-04-07 20:53:13 >>>>>> 执行结束！
INFO    2023-04-07 20:57:47,103G:\auto_api1_framework\logs\info-2023-04-07.log:test_create_user.py:26 2023-04-07 20:57:46 >>>>>> 开始执行：
INFO    2023-04-07 20:57:47,274G:\auto_api1_framework\logs\info-2023-04-07.log:test_create_user.py:29 2023-04-07 20:57:46 >>>>>> 执行结束！
INFO    2023-04-07 20:57:47,276G:\auto_api1_framework\logs\info-2023-04-07.log:test_create_user.py:26 2023-04-07 20:57:46 >>>>>> 开始执行：
INFO    2023-04-07 20:57:47,385G:\auto_api1_framework\logs\info-2023-04-07.log:test_create_user.py:29 2023-04-07 20:57:46 >>>>>> 执行结束！
INFO    2023-04-07 20:57:47,386G:\auto_api1_framework\logs\info-2023-04-07.log:test_create_user.py:26 2023-04-07 20:57:46 >>>>>> 开始执行：
INFO    2023-04-07 20:57:47,534G:\auto_api1_framework\logs\info-2023-04-07.log:test_create_user.py:29 2023-04-07 20:57:46 >>>>>> 执行结束！
INFO    2023-04-07 20:57:47,536G:\auto_api1_framework\logs\info-2023-04-07.log:test_create_user.py:26 2023-04-07 20:57:46 >>>>>> 开始执行：
INFO    2023-04-07 20:57:47,638G:\auto_api1_framework\logs\info-2023-04-07.log:test_create_user.py:29 2023-04-07 20:57:46 >>>>>> 执行结束！
INFO    2023-04-07 20:58:32,792G:\auto_api1_framework\logs\info-2023-04-07.log:test_create_user.py:26 2023-04-07 20:58:32 >>>>>> 开始执行：
INFO    2023-04-07 20:58:32,797G:\auto_api1_framework\logs\info-2023-04-07.log:log_decorator.py:41 
======================================================
用例标题: 创建用户成功（必填参数）
请求路径: http://127.0.0.1:8888/api/private/v1/users
请求方式: POST
请求头:   {'User-Agent': 'python-requests/2.28.2', 'Accept-Encoding': 'gzip, deflate', 'Accept': '*/*', 'Connection': 'keep-alive', 'Content-Type': 'application/json;', 'Authorization': '$cache{token}', 'Content-Length': '45'}
请求内容: None
接口响应内容: {'data': None, 'meta': {'msg': '无效token', 'status': 400}}
接口响应时长: 2 ms
Http状态码: 200
=====================================================
INFO    2023-04-07 20:58:32,803G:\auto_api1_framework\logs\info-2023-04-07.log:test_create_user.py:29 2023-04-07 20:58:32 >>>>>> 执行结束！
INFO    2023-04-07 20:58:32,805G:\auto_api1_framework\logs\info-2023-04-07.log:test_create_user.py:26 2023-04-07 20:58:32 >>>>>> 开始执行：
INFO    2023-04-07 20:58:32,809G:\auto_api1_framework\logs\info-2023-04-07.log:log_decorator.py:41 
======================================================
用例标题: 创建用户成功（必填+选填参数）
请求路径: http://127.0.0.1:8888/api/private/v1/users
请求方式: POST
请求头:   {'User-Agent': 'python-requests/2.28.2', 'Accept-Encoding': 'gzip, deflate', 'Accept': '*/*', 'Connection': 'keep-alive', 'Content-Type': 'application/json;', 'Authorization': '$cache{token}', 'Content-Length': '76'}
请求内容: None
接口响应内容: {'data': None, 'meta': {'msg': '无效token', 'status': 400}}
接口响应时长: 1 ms
Http状态码: 200
=====================================================
INFO    2023-04-07 20:58:32,810G:\auto_api1_framework\logs\info-2023-04-07.log:test_create_user.py:29 2023-04-07 20:58:32 >>>>>> 执行结束！
INFO    2023-04-07 20:58:32,812G:\auto_api1_framework\logs\info-2023-04-07.log:test_create_user.py:26 2023-04-07 20:58:32 >>>>>> 开始执行：
INFO    2023-04-07 20:58:32,816G:\auto_api1_framework\logs\info-2023-04-07.log:log_decorator.py:41 
======================================================
用例标题: 创建用户成功（全部参数）
请求路径: http://127.0.0.1:8888/api/private/v1/users
请求方式: POST
请求头:   {'User-Agent': 'python-requests/2.28.2', 'Accept-Encoding': 'gzip, deflate', 'Accept': '*/*', 'Connection': 'keep-alive', 'Content-Type': 'application/json;', 'Authorization': '$cache{token}', 'Content-Length': '101'}
请求内容: None
接口响应内容: {'data': None, 'meta': {'msg': '无效token', 'status': 400}}
接口响应时长: 1 ms
Http状态码: 200
=====================================================
INFO    2023-04-07 20:58:32,820G:\auto_api1_framework\logs\info-2023-04-07.log:test_create_user.py:29 2023-04-07 20:58:32 >>>>>> 执行结束！
INFO    2023-04-07 20:58:32,821G:\auto_api1_framework\logs\info-2023-04-07.log:test_create_user.py:26 2023-04-07 20:58:32 >>>>>> 开始执行：
INFO    2023-04-07 20:58:32,826G:\auto_api1_framework\logs\info-2023-04-07.log:log_decorator.py:41 
======================================================
用例标题: 创建已存在用户
请求路径: http://127.0.0.1:8888/api/private/v1/users
请求方式: POST
请求头:   {'User-Agent': 'python-requests/2.28.2', 'Accept-Encoding': 'gzip, deflate', 'Accept': '*/*', 'Connection': 'keep-alive', 'Content-Type': 'application/json;', 'Authorization': '$cache{token}', 'Content-Length': '43'}
请求内容: None
接口响应内容: {'data': None, 'meta': {'msg': '无效token', 'status': 400}}
接口响应时长: 2 ms
Http状态码: 200
=====================================================
INFO    2023-04-07 20:58:32,827G:\auto_api1_framework\logs\info-2023-04-07.log:test_create_user.py:29 2023-04-07 20:58:32 >>>>>> 执行结束！
INFO    2023-04-07 21:05:07,112G:\auto_api1_framework\logs\info-2023-04-07.log:test_create_user.py:26 2023-04-07 21:05:07 >>>>>> 开始执行：
INFO    2023-04-07 21:05:07,117G:\auto_api1_framework\logs\info-2023-04-07.log:log_decorator.py:41 
======================================================
用例标题: 创建用户成功（必填参数）
请求路径: http://127.0.0.1:8888/api/private/v1/users
请求方式: POST
请求头:   {'User-Agent': 'python-requests/2.28.2', 'Accept-Encoding': 'gzip, deflate', 'Accept': '*/*', 'Connection': 'keep-alive', 'Content-Type': 'application/json;', 'Authorization': '$cache{token}', 'Content-Length': '45'}
请求内容: None
接口响应内容: {'data': None, 'meta': {'msg': '无效token', 'status': 400}}
接口响应时长: 1 ms
Http状态码: 200
=====================================================
INFO    2023-04-07 21:05:07,118G:\auto_api1_framework\logs\info-2023-04-07.log:test_create_user.py:29 2023-04-07 21:05:07 >>>>>> 执行结束！
INFO    2023-04-07 21:05:07,120G:\auto_api1_framework\logs\info-2023-04-07.log:test_create_user.py:26 2023-04-07 21:05:07 >>>>>> 开始执行：
INFO    2023-04-07 21:05:07,124G:\auto_api1_framework\logs\info-2023-04-07.log:log_decorator.py:41 
======================================================
用例标题: 创建用户成功（必填+选填参数）
请求路径: http://127.0.0.1:8888/api/private/v1/users
请求方式: POST
请求头:   {'User-Agent': 'python-requests/2.28.2', 'Accept-Encoding': 'gzip, deflate', 'Accept': '*/*', 'Connection': 'keep-alive', 'Content-Type': 'application/json;', 'Authorization': '$cache{token}', 'Content-Length': '76'}
请求内容: None
接口响应内容: {'data': None, 'meta': {'msg': '无效token', 'status': 400}}
接口响应时长: 2 ms
Http状态码: 200
=====================================================
INFO    2023-04-07 21:05:07,126G:\auto_api1_framework\logs\info-2023-04-07.log:test_create_user.py:29 2023-04-07 21:05:07 >>>>>> 执行结束！
INFO    2023-04-07 21:05:07,127G:\auto_api1_framework\logs\info-2023-04-07.log:test_create_user.py:26 2023-04-07 21:05:07 >>>>>> 开始执行：
INFO    2023-04-07 21:05:07,132G:\auto_api1_framework\logs\info-2023-04-07.log:log_decorator.py:41 
======================================================
用例标题: 创建用户成功（全部参数）
请求路径: http://127.0.0.1:8888/api/private/v1/users
请求方式: POST
请求头:   {'User-Agent': 'python-requests/2.28.2', 'Accept-Encoding': 'gzip, deflate', 'Accept': '*/*', 'Connection': 'keep-alive', 'Content-Type': 'application/json;', 'Authorization': '$cache{token}', 'Content-Length': '101'}
请求内容: None
接口响应内容: {'data': None, 'meta': {'msg': '无效token', 'status': 400}}
接口响应时长: 1 ms
Http状态码: 200
=====================================================
INFO    2023-04-07 21:05:07,133G:\auto_api1_framework\logs\info-2023-04-07.log:test_create_user.py:29 2023-04-07 21:05:07 >>>>>> 执行结束！
INFO    2023-04-07 21:05:07,136G:\auto_api1_framework\logs\info-2023-04-07.log:test_create_user.py:26 2023-04-07 21:05:07 >>>>>> 开始执行：
INFO    2023-04-07 21:05:07,140G:\auto_api1_framework\logs\info-2023-04-07.log:log_decorator.py:41 
======================================================
用例标题: 创建已存在用户
请求路径: http://127.0.0.1:8888/api/private/v1/users
请求方式: POST
请求头:   {'User-Agent': 'python-requests/2.28.2', 'Accept-Encoding': 'gzip, deflate', 'Accept': '*/*', 'Connection': 'keep-alive', 'Content-Type': 'application/json;', 'Authorization': '$cache{token}', 'Content-Length': '43'}
请求内容: None
接口响应内容: {'data': None, 'meta': {'msg': '无效token', 'status': 400}}
接口响应时长: 1 ms
Http状态码: 200
=====================================================
INFO    2023-04-07 21:05:07,141G:\auto_api1_framework\logs\info-2023-04-07.log:test_create_user.py:29 2023-04-07 21:05:07 >>>>>> 执行结束！
INFO    2023-04-07 21:13:02,486G:\auto_api1_framework\logs\info-2023-04-07.log:test_create_user.py:26 2023-04-07 21:13:02 >>>>>> 开始执行：
INFO    2023-04-07 21:13:02,490G:\auto_api1_framework\logs\info-2023-04-07.log:log_decorator.py:41 
======================================================
用例标题: 创建用户成功（必填参数）
请求路径: http://127.0.0.1:8888/api/private/v1/users
请求方式: POST
请求头:   {'User-Agent': 'python-requests/2.28.2', 'Accept-Encoding': 'gzip, deflate', 'Accept': '*/*', 'Connection': 'keep-alive', 'Content-Type': 'application/json;', 'Authorization': '$cache{token}', 'Content-Length': '45'}
请求内容: None
接口响应内容: {'data': None, 'meta': {'msg': '无效token', 'status': 400}}
接口响应时长: 1 ms
Http状态码: 200
=====================================================
INFO    2023-04-07 21:13:02,492G:\auto_api1_framework\logs\info-2023-04-07.log:test_create_user.py:29 2023-04-07 21:13:02 >>>>>> 执行结束！
INFO    2023-04-07 21:13:02,497G:\auto_api1_framework\logs\info-2023-04-07.log:test_create_user.py:26 2023-04-07 21:13:02 >>>>>> 开始执行：
INFO    2023-04-07 21:13:02,501G:\auto_api1_framework\logs\info-2023-04-07.log:log_decorator.py:41 
======================================================
用例标题: 创建用户成功（必填+选填参数）
请求路径: http://127.0.0.1:8888/api/private/v1/users
请求方式: POST
请求头:   {'User-Agent': 'python-requests/2.28.2', 'Accept-Encoding': 'gzip, deflate', 'Accept': '*/*', 'Connection': 'keep-alive', 'Content-Type': 'application/json;', 'Authorization': '$cache{token}', 'Content-Length': '76'}
请求内容: None
接口响应内容: {'data': None, 'meta': {'msg': '无效token', 'status': 400}}
接口响应时长: 1 ms
Http状态码: 200
=====================================================
INFO    2023-04-07 21:13:02,502G:\auto_api1_framework\logs\info-2023-04-07.log:test_create_user.py:29 2023-04-07 21:13:02 >>>>>> 执行结束！
INFO    2023-04-07 21:13:02,505G:\auto_api1_framework\logs\info-2023-04-07.log:test_create_user.py:26 2023-04-07 21:13:02 >>>>>> 开始执行：
INFO    2023-04-07 21:13:02,509G:\auto_api1_framework\logs\info-2023-04-07.log:log_decorator.py:41 
======================================================
用例标题: 创建用户成功（全部参数）
请求路径: http://127.0.0.1:8888/api/private/v1/users
请求方式: POST
请求头:   {'User-Agent': 'python-requests/2.28.2', 'Accept-Encoding': 'gzip, deflate', 'Accept': '*/*', 'Connection': 'keep-alive', 'Content-Type': 'application/json;', 'Authorization': '$cache{token}', 'Content-Length': '101'}
请求内容: None
接口响应内容: {'data': None, 'meta': {'msg': '无效token', 'status': 400}}
接口响应时长: 1 ms
Http状态码: 200
=====================================================
INFO    2023-04-07 21:13:02,511G:\auto_api1_framework\logs\info-2023-04-07.log:test_create_user.py:29 2023-04-07 21:13:02 >>>>>> 执行结束！
INFO    2023-04-07 21:13:02,512G:\auto_api1_framework\logs\info-2023-04-07.log:test_create_user.py:26 2023-04-07 21:13:02 >>>>>> 开始执行：
INFO    2023-04-07 21:13:02,516G:\auto_api1_framework\logs\info-2023-04-07.log:log_decorator.py:41 
======================================================
用例标题: 创建已存在用户
请求路径: http://127.0.0.1:8888/api/private/v1/users
请求方式: POST
请求头:   {'User-Agent': 'python-requests/2.28.2', 'Accept-Encoding': 'gzip, deflate', 'Accept': '*/*', 'Connection': 'keep-alive', 'Content-Type': 'application/json;', 'Authorization': '$cache{token}', 'Content-Length': '43'}
请求内容: None
接口响应内容: {'data': None, 'meta': {'msg': '无效token', 'status': 400}}
接口响应时长: 1 ms
Http状态码: 200
=====================================================
INFO    2023-04-07 21:13:02,518G:\auto_api1_framework\logs\info-2023-04-07.log:test_create_user.py:29 2023-04-07 21:13:02 >>>>>> 执行结束！
INFO    2023-04-07 21:13:58,421G:\auto_api1_framework\logs\info-2023-04-07.log:test_create_user.py:26 2023-04-07 21:13:58 >>>>>> 开始执行：
INFO    2023-04-07 21:13:58,426G:\auto_api1_framework\logs\info-2023-04-07.log:log_decorator.py:41 
======================================================
用例标题: 创建用户成功（必填参数）
请求路径: http://127.0.0.1:8888/api/private/v1/users
请求方式: POST
请求头:   {'User-Agent': 'python-requests/2.28.2', 'Accept-Encoding': 'gzip, deflate', 'Accept': '*/*', 'Connection': 'keep-alive', 'Content-Type': 'application/json;', 'Authorization': '$cache{token}', 'Content-Length': '45'}
请求内容: None
接口响应内容: {'data': None, 'meta': {'msg': '无效token', 'status': 400}}
接口响应时长: 1 ms
Http状态码: 200
=====================================================
INFO    2023-04-07 21:13:58,429G:\auto_api1_framework\logs\info-2023-04-07.log:test_create_user.py:29 2023-04-07 21:13:58 >>>>>> 执行结束！
INFO    2023-04-07 21:13:58,433G:\auto_api1_framework\logs\info-2023-04-07.log:test_create_user.py:26 2023-04-07 21:13:58 >>>>>> 开始执行：
INFO    2023-04-07 21:13:58,437G:\auto_api1_framework\logs\info-2023-04-07.log:log_decorator.py:41 
======================================================
用例标题: 创建用户成功（必填+选填参数）
请求路径: http://127.0.0.1:8888/api/private/v1/users
请求方式: POST
请求头:   {'User-Agent': 'python-requests/2.28.2', 'Accept-Encoding': 'gzip, deflate', 'Accept': '*/*', 'Connection': 'keep-alive', 'Content-Type': 'application/json;', 'Authorization': '$cache{token}', 'Content-Length': '76'}
请求内容: None
接口响应内容: {'data': None, 'meta': {'msg': '无效token', 'status': 400}}
接口响应时长: 1 ms
Http状态码: 200
=====================================================
INFO    2023-04-07 21:13:58,440G:\auto_api1_framework\logs\info-2023-04-07.log:test_create_user.py:29 2023-04-07 21:13:58 >>>>>> 执行结束！
INFO    2023-04-07 21:13:58,441G:\auto_api1_framework\logs\info-2023-04-07.log:test_create_user.py:26 2023-04-07 21:13:58 >>>>>> 开始执行：
INFO    2023-04-07 21:13:58,446G:\auto_api1_framework\logs\info-2023-04-07.log:log_decorator.py:41 
======================================================
用例标题: 创建用户成功（全部参数）
请求路径: http://127.0.0.1:8888/api/private/v1/users
请求方式: POST
请求头:   {'User-Agent': 'python-requests/2.28.2', 'Accept-Encoding': 'gzip, deflate', 'Accept': '*/*', 'Connection': 'keep-alive', 'Content-Type': 'application/json;', 'Authorization': '$cache{token}', 'Content-Length': '101'}
请求内容: None
接口响应内容: {'data': None, 'meta': {'msg': '无效token', 'status': 400}}
接口响应时长: 1 ms
Http状态码: 200
=====================================================
INFO    2023-04-07 21:13:58,447G:\auto_api1_framework\logs\info-2023-04-07.log:test_create_user.py:29 2023-04-07 21:13:58 >>>>>> 执行结束！
INFO    2023-04-07 21:13:58,450G:\auto_api1_framework\logs\info-2023-04-07.log:test_create_user.py:26 2023-04-07 21:13:58 >>>>>> 开始执行：
INFO    2023-04-07 21:13:58,454G:\auto_api1_framework\logs\info-2023-04-07.log:log_decorator.py:41 
======================================================
用例标题: 创建已存在用户
请求路径: http://127.0.0.1:8888/api/private/v1/users
请求方式: POST
请求头:   {'User-Agent': 'python-requests/2.28.2', 'Accept-Encoding': 'gzip, deflate', 'Accept': '*/*', 'Connection': 'keep-alive', 'Content-Type': 'application/json;', 'Authorization': '$cache{token}', 'Content-Length': '43'}
请求内容: None
接口响应内容: {'data': None, 'meta': {'msg': '无效token', 'status': 400}}
接口响应时长: 1 ms
Http状态码: 200
=====================================================
INFO    2023-04-07 21:13:58,456G:\auto_api1_framework\logs\info-2023-04-07.log:test_create_user.py:29 2023-04-07 21:13:58 >>>>>> 执行结束！
INFO    2023-04-07 21:14:32,236G:\auto_api1_framework\logs\info-2023-04-07.log:test_create_user.py:26 2023-04-07 21:14:32 >>>>>> 开始执行：
INFO    2023-04-07 21:14:32,240G:\auto_api1_framework\logs\info-2023-04-07.log:log_decorator.py:41 
======================================================
用例标题: 创建用户成功（必填参数）
请求路径: http://127.0.0.1:8888/api/private/v1/users
请求方式: POST
请求头:   {'User-Agent': 'python-requests/2.28.2', 'Accept-Encoding': 'gzip, deflate', 'Accept': '*/*', 'Connection': 'keep-alive', 'Content-Type': 'application/json;', 'Authorization': '$cache{token}', 'Content-Length': '45'}
请求内容: None
接口响应内容: {'data': None, 'meta': {'msg': '无效token', 'status': 400}}
接口响应时长: 1 ms
Http状态码: 200
=====================================================
INFO    2023-04-07 21:14:32,242G:\auto_api1_framework\logs\info-2023-04-07.log:test_create_user.py:29 2023-04-07 21:14:32 >>>>>> 执行结束！
INFO    2023-04-07 21:14:32,243G:\auto_api1_framework\logs\info-2023-04-07.log:test_create_user.py:26 2023-04-07 21:14:32 >>>>>> 开始执行：
INFO    2023-04-07 21:14:32,247G:\auto_api1_framework\logs\info-2023-04-07.log:log_decorator.py:41 
======================================================
用例标题: 创建用户成功（必填+选填参数）
请求路径: http://127.0.0.1:8888/api/private/v1/users
请求方式: POST
请求头:   {'User-Agent': 'python-requests/2.28.2', 'Accept-Encoding': 'gzip, deflate', 'Accept': '*/*', 'Connection': 'keep-alive', 'Content-Type': 'application/json;', 'Authorization': '$cache{token}', 'Content-Length': '76'}
请求内容: None
接口响应内容: {'data': None, 'meta': {'msg': '无效token', 'status': 400}}
接口响应时长: 1 ms
Http状态码: 200
=====================================================
INFO    2023-04-07 21:14:32,248G:\auto_api1_framework\logs\info-2023-04-07.log:test_create_user.py:29 2023-04-07 21:14:32 >>>>>> 执行结束！
INFO    2023-04-07 21:14:32,253G:\auto_api1_framework\logs\info-2023-04-07.log:test_create_user.py:26 2023-04-07 21:14:32 >>>>>> 开始执行：
INFO    2023-04-07 21:14:32,256G:\auto_api1_framework\logs\info-2023-04-07.log:log_decorator.py:41 
======================================================
用例标题: 创建用户成功（全部参数）
请求路径: http://127.0.0.1:8888/api/private/v1/users
请求方式: POST
请求头:   {'User-Agent': 'python-requests/2.28.2', 'Accept-Encoding': 'gzip, deflate', 'Accept': '*/*', 'Connection': 'keep-alive', 'Content-Type': 'application/json;', 'Authorization': '$cache{token}', 'Content-Length': '101'}
请求内容: None
接口响应内容: {'data': None, 'meta': {'msg': '无效token', 'status': 400}}
接口响应时长: 1 ms
Http状态码: 200
=====================================================
INFO    2023-04-07 21:14:32,257G:\auto_api1_framework\logs\info-2023-04-07.log:test_create_user.py:29 2023-04-07 21:14:32 >>>>>> 执行结束！
INFO    2023-04-07 21:14:32,260G:\auto_api1_framework\logs\info-2023-04-07.log:test_create_user.py:26 2023-04-07 21:14:32 >>>>>> 开始执行：
INFO    2023-04-07 21:14:32,264G:\auto_api1_framework\logs\info-2023-04-07.log:log_decorator.py:41 
======================================================
用例标题: 创建已存在用户
请求路径: http://127.0.0.1:8888/api/private/v1/users
请求方式: POST
请求头:   {'User-Agent': 'python-requests/2.28.2', 'Accept-Encoding': 'gzip, deflate', 'Accept': '*/*', 'Connection': 'keep-alive', 'Content-Type': 'application/json;', 'Authorization': '$cache{token}', 'Content-Length': '43'}
请求内容: None
接口响应内容: {'data': None, 'meta': {'msg': '无效token', 'status': 400}}
接口响应时长: 1 ms
Http状态码: 200
=====================================================
INFO    2023-04-07 21:14:32,266G:\auto_api1_framework\logs\info-2023-04-07.log:test_create_user.py:29 2023-04-07 21:14:32 >>>>>> 执行结束！
INFO    2023-04-07 21:15:34,020G:\auto_api1_framework\logs\info-2023-04-07.log:test_create_user.py:26 2023-04-07 21:15:33 >>>>>> 开始执行：
INFO    2023-04-07 21:15:34,025G:\auto_api1_framework\logs\info-2023-04-07.log:log_decorator.py:41 
======================================================
用例标题: 创建用户成功（必填参数）
请求路径: http://127.0.0.1:8888/api/private/v1/users
请求方式: POST
请求头:   {'User-Agent': 'python-requests/2.28.2', 'Accept-Encoding': 'gzip, deflate', 'Accept': '*/*', 'Connection': 'keep-alive', 'Content-Type': 'application/json;', 'Authorization': '$cache{token}', 'Content-Length': '45'}
请求内容: None
接口响应内容: {'data': None, 'meta': {'msg': '无效token', 'status': 400}}
接口响应时长: 2 ms
Http状态码: 200
=====================================================
INFO    2023-04-07 21:15:34,028G:\auto_api1_framework\logs\info-2023-04-07.log:test_create_user.py:29 2023-04-07 21:15:33 >>>>>> 执行结束！
INFO    2023-04-07 21:15:34,030G:\auto_api1_framework\logs\info-2023-04-07.log:test_create_user.py:26 2023-04-07 21:15:33 >>>>>> 开始执行：
INFO    2023-04-07 21:15:34,033G:\auto_api1_framework\logs\info-2023-04-07.log:log_decorator.py:41 
======================================================
用例标题: 创建用户成功（必填+选填参数）
请求路径: http://127.0.0.1:8888/api/private/v1/users
请求方式: POST
请求头:   {'User-Agent': 'python-requests/2.28.2', 'Accept-Encoding': 'gzip, deflate', 'Accept': '*/*', 'Connection': 'keep-alive', 'Content-Type': 'application/json;', 'Authorization': '$cache{token}', 'Content-Length': '76'}
请求内容: None
接口响应内容: {'data': None, 'meta': {'msg': '无效token', 'status': 400}}
接口响应时长: 1 ms
Http状态码: 200
=====================================================
INFO    2023-04-07 21:15:34,035G:\auto_api1_framework\logs\info-2023-04-07.log:test_create_user.py:29 2023-04-07 21:15:33 >>>>>> 执行结束！
INFO    2023-04-07 21:15:34,037G:\auto_api1_framework\logs\info-2023-04-07.log:test_create_user.py:26 2023-04-07 21:15:33 >>>>>> 开始执行：
INFO    2023-04-07 21:15:34,041G:\auto_api1_framework\logs\info-2023-04-07.log:log_decorator.py:41 
======================================================
用例标题: 创建用户成功（全部参数）
请求路径: http://127.0.0.1:8888/api/private/v1/users
请求方式: POST
请求头:   {'User-Agent': 'python-requests/2.28.2', 'Accept-Encoding': 'gzip, deflate', 'Accept': '*/*', 'Connection': 'keep-alive', 'Content-Type': 'application/json;', 'Authorization': '$cache{token}', 'Content-Length': '101'}
请求内容: None
接口响应内容: {'data': None, 'meta': {'msg': '无效token', 'status': 400}}
接口响应时长: 1 ms
Http状态码: 200
=====================================================
INFO    2023-04-07 21:15:34,043G:\auto_api1_framework\logs\info-2023-04-07.log:test_create_user.py:29 2023-04-07 21:15:33 >>>>>> 执行结束！
INFO    2023-04-07 21:15:34,047G:\auto_api1_framework\logs\info-2023-04-07.log:test_create_user.py:26 2023-04-07 21:15:33 >>>>>> 开始执行：
INFO    2023-04-07 21:15:34,051G:\auto_api1_framework\logs\info-2023-04-07.log:log_decorator.py:41 
======================================================
用例标题: 创建已存在用户
请求路径: http://127.0.0.1:8888/api/private/v1/users
请求方式: POST
请求头:   {'User-Agent': 'python-requests/2.28.2', 'Accept-Encoding': 'gzip, deflate', 'Accept': '*/*', 'Connection': 'keep-alive', 'Content-Type': 'application/json;', 'Authorization': '$cache{token}', 'Content-Length': '43'}
请求内容: None
接口响应内容: {'data': None, 'meta': {'msg': '无效token', 'status': 400}}
接口响应时长: 1 ms
Http状态码: 200
=====================================================
INFO    2023-04-07 21:15:34,052G:\auto_api1_framework\logs\info-2023-04-07.log:test_create_user.py:29 2023-04-07 21:15:33 >>>>>> 执行结束！
INFO    2023-04-07 21:15:54,322G:\auto_api1_framework\logs\info-2023-04-07.log:test_create_user.py:26 2023-04-07 21:15:54 >>>>>> 开始执行：
INFO    2023-04-07 21:15:54,327G:\auto_api1_framework\logs\info-2023-04-07.log:log_decorator.py:41 
======================================================
用例标题: 创建用户成功（必填参数）
请求路径: http://127.0.0.1:8888/api/private/v1/users
请求方式: POST
请求头:   {'User-Agent': 'python-requests/2.28.2', 'Accept-Encoding': 'gzip, deflate', 'Accept': '*/*', 'Connection': 'keep-alive', 'Content-Type': 'application/json;', 'Authorization': '$cache{token}', 'Content-Length': '45'}
请求内容: None
接口响应内容: {'data': None, 'meta': {'msg': '无效token', 'status': 400}}
接口响应时长: 1 ms
Http状态码: 200
=====================================================
INFO    2023-04-07 21:15:54,329G:\auto_api1_framework\logs\info-2023-04-07.log:test_create_user.py:29 2023-04-07 21:15:54 >>>>>> 执行结束！
INFO    2023-04-07 21:15:54,330G:\auto_api1_framework\logs\info-2023-04-07.log:test_create_user.py:26 2023-04-07 21:15:54 >>>>>> 开始执行：
INFO    2023-04-07 21:15:54,334G:\auto_api1_framework\logs\info-2023-04-07.log:log_decorator.py:41 
======================================================
用例标题: 创建用户成功（必填+选填参数）
请求路径: http://127.0.0.1:8888/api/private/v1/users
请求方式: POST
请求头:   {'User-Agent': 'python-requests/2.28.2', 'Accept-Encoding': 'gzip, deflate', 'Accept': '*/*', 'Connection': 'keep-alive', 'Content-Type': 'application/json;', 'Authorization': '$cache{token}', 'Content-Length': '76'}
请求内容: None
接口响应内容: {'data': None, 'meta': {'msg': '无效token', 'status': 400}}
接口响应时长: 1 ms
Http状态码: 200
=====================================================
INFO    2023-04-07 21:15:54,335G:\auto_api1_framework\logs\info-2023-04-07.log:test_create_user.py:29 2023-04-07 21:15:54 >>>>>> 执行结束！
INFO    2023-04-07 21:15:54,337G:\auto_api1_framework\logs\info-2023-04-07.log:test_create_user.py:26 2023-04-07 21:15:54 >>>>>> 开始执行：
INFO    2023-04-07 21:15:54,341G:\auto_api1_framework\logs\info-2023-04-07.log:log_decorator.py:41 
======================================================
用例标题: 创建用户成功（全部参数）
请求路径: http://127.0.0.1:8888/api/private/v1/users
请求方式: POST
请求头:   {'User-Agent': 'python-requests/2.28.2', 'Accept-Encoding': 'gzip, deflate', 'Accept': '*/*', 'Connection': 'keep-alive', 'Content-Type': 'application/json;', 'Authorization': '$cache{token}', 'Content-Length': '101'}
请求内容: None
接口响应内容: {'data': None, 'meta': {'msg': '无效token', 'status': 400}}
接口响应时长: 1 ms
Http状态码: 200
=====================================================
INFO    2023-04-07 21:15:54,342G:\auto_api1_framework\logs\info-2023-04-07.log:test_create_user.py:29 2023-04-07 21:15:54 >>>>>> 执行结束！
INFO    2023-04-07 21:15:54,344G:\auto_api1_framework\logs\info-2023-04-07.log:test_create_user.py:26 2023-04-07 21:15:54 >>>>>> 开始执行：
INFO    2023-04-07 21:15:54,347G:\auto_api1_framework\logs\info-2023-04-07.log:log_decorator.py:41 
======================================================
用例标题: 创建已存在用户
请求路径: http://127.0.0.1:8888/api/private/v1/users
请求方式: POST
请求头:   {'User-Agent': 'python-requests/2.28.2', 'Accept-Encoding': 'gzip, deflate', 'Accept': '*/*', 'Connection': 'keep-alive', 'Content-Type': 'application/json;', 'Authorization': '$cache{token}', 'Content-Length': '43'}
请求内容: None
接口响应内容: {'data': None, 'meta': {'msg': '无效token', 'status': 400}}
接口响应时长: 1 ms
Http状态码: 200
=====================================================
INFO    2023-04-07 21:15:54,348G:\auto_api1_framework\logs\info-2023-04-07.log:test_create_user.py:29 2023-04-07 21:15:54 >>>>>> 执行结束！
INFO    2023-04-07 21:17:02,783G:\auto_api1_framework\logs\info-2023-04-07.log:test_create_user.py:26 2023-04-07 21:17:02 >>>>>> 开始执行：
INFO    2023-04-07 21:17:02,789G:\auto_api1_framework\logs\info-2023-04-07.log:log_decorator.py:41 
======================================================
用例标题: 创建用户成功（必填参数）
请求路径: http://127.0.0.1:8888/api/private/v1/users
请求方式: POST
请求头:   {'User-Agent': 'python-requests/2.28.2', 'Accept-Encoding': 'gzip, deflate', 'Accept': '*/*', 'Connection': 'keep-alive', 'Content-Type': 'application/json', 'Authorization': '$cache{token}', 'Content-Length': '45'}
请求内容: None
接口响应内容: {'data': None, 'meta': {'msg': '无效token', 'status': 400}}
接口响应时长: 2 ms
Http状态码: 200
=====================================================
INFO    2023-04-07 21:17:02,791G:\auto_api1_framework\logs\info-2023-04-07.log:test_create_user.py:29 2023-04-07 21:17:02 >>>>>> 执行结束！
INFO    2023-04-07 21:17:02,794G:\auto_api1_framework\logs\info-2023-04-07.log:test_create_user.py:26 2023-04-07 21:17:02 >>>>>> 开始执行：
INFO    2023-04-07 21:17:02,799G:\auto_api1_framework\logs\info-2023-04-07.log:log_decorator.py:41 
======================================================
用例标题: 创建用户成功（必填+选填参数）
请求路径: http://127.0.0.1:8888/api/private/v1/users
请求方式: POST
请求头:   {'User-Agent': 'python-requests/2.28.2', 'Accept-Encoding': 'gzip, deflate', 'Accept': '*/*', 'Connection': 'keep-alive', 'Content-Type': 'application/json', 'Authorization': '$cache{token}', 'Content-Length': '76'}
请求内容: None
接口响应内容: {'data': None, 'meta': {'msg': '无效token', 'status': 400}}
接口响应时长: 1 ms
Http状态码: 200
=====================================================
INFO    2023-04-07 21:17:02,800G:\auto_api1_framework\logs\info-2023-04-07.log:test_create_user.py:29 2023-04-07 21:17:02 >>>>>> 执行结束！
INFO    2023-04-07 21:17:02,802G:\auto_api1_framework\logs\info-2023-04-07.log:test_create_user.py:26 2023-04-07 21:17:02 >>>>>> 开始执行：
INFO    2023-04-07 21:17:02,807G:\auto_api1_framework\logs\info-2023-04-07.log:log_decorator.py:41 
======================================================
用例标题: 创建用户成功（全部参数）
请求路径: http://127.0.0.1:8888/api/private/v1/users
请求方式: POST
请求头:   {'User-Agent': 'python-requests/2.28.2', 'Accept-Encoding': 'gzip, deflate', 'Accept': '*/*', 'Connection': 'keep-alive', 'Content-Type': 'application/json;', 'Authorization': '$cache{token}', 'Content-Length': '101'}
请求内容: None
接口响应内容: {'data': None, 'meta': {'msg': '无效token', 'status': 400}}
接口响应时长: 2 ms
Http状态码: 200
=====================================================
INFO    2023-04-07 21:17:02,809G:\auto_api1_framework\logs\info-2023-04-07.log:test_create_user.py:29 2023-04-07 21:17:02 >>>>>> 执行结束！
INFO    2023-04-07 21:17:02,810G:\auto_api1_framework\logs\info-2023-04-07.log:test_create_user.py:26 2023-04-07 21:17:02 >>>>>> 开始执行：
INFO    2023-04-07 21:17:02,814G:\auto_api1_framework\logs\info-2023-04-07.log:log_decorator.py:41 
======================================================
用例标题: 创建已存在用户
请求路径: http://127.0.0.1:8888/api/private/v1/users
请求方式: POST
请求头:   {'User-Agent': 'python-requests/2.28.2', 'Accept-Encoding': 'gzip, deflate', 'Accept': '*/*', 'Connection': 'keep-alive', 'Content-Type': 'application/json;', 'Authorization': '$cache{token}', 'Content-Length': '43'}
请求内容: None
接口响应内容: {'data': None, 'meta': {'msg': '无效token', 'status': 400}}
接口响应时长: 1 ms
Http状态码: 200
=====================================================
INFO    2023-04-07 21:17:02,815G:\auto_api1_framework\logs\info-2023-04-07.log:test_create_user.py:29 2023-04-07 21:17:02 >>>>>> 执行结束！
INFO    2023-04-07 21:21:47,801G:\auto_api1_framework\logs\info-2023-04-07.log:test_create_user.py:26 2023-04-07 21:21:47 >>>>>> 开始执行：
INFO    2023-04-07 21:21:47,806G:\auto_api1_framework\logs\info-2023-04-07.log:log_decorator.py:41 
======================================================
用例标题: 创建用户成功（必填参数）
请求路径: http://127.0.0.1:8888/api/private/v1/users
请求方式: POST
请求头:   {'User-Agent': 'python-requests/2.28.2', 'Accept-Encoding': 'gzip, deflate', 'Accept': '*/*', 'Connection': 'keep-alive', 'Content-Type': 'application/json', 'Authorization': '$cache{token}', 'Content-Length': '45'}
请求内容: None
接口响应内容: {'data': None, 'meta': {'msg': '无效token', 'status': 400}}
接口响应时长: 1 ms
Http状态码: 200
=====================================================
INFO    2023-04-07 21:21:47,808G:\auto_api1_framework\logs\info-2023-04-07.log:test_create_user.py:29 2023-04-07 21:21:47 >>>>>> 执行结束！
INFO    2023-04-07 21:21:47,810G:\auto_api1_framework\logs\info-2023-04-07.log:test_create_user.py:26 2023-04-07 21:21:47 >>>>>> 开始执行：
INFO    2023-04-07 21:21:47,814G:\auto_api1_framework\logs\info-2023-04-07.log:log_decorator.py:41 
======================================================
用例标题: 创建用户成功（必填+选填参数）
请求路径: http://127.0.0.1:8888/api/private/v1/users
请求方式: POST
请求头:   {'User-Agent': 'python-requests/2.28.2', 'Accept-Encoding': 'gzip, deflate', 'Accept': '*/*', 'Connection': 'keep-alive', 'Content-Type': 'application/json', 'Authorization': '$cache{token}', 'Content-Length': '76'}
请求内容: None
接口响应内容: {'data': None, 'meta': {'msg': '无效token', 'status': 400}}
接口响应时长: 1 ms
Http状态码: 200
=====================================================
INFO    2023-04-07 21:21:47,816G:\auto_api1_framework\logs\info-2023-04-07.log:test_create_user.py:29 2023-04-07 21:21:47 >>>>>> 执行结束！
INFO    2023-04-07 21:21:47,819G:\auto_api1_framework\logs\info-2023-04-07.log:test_create_user.py:26 2023-04-07 21:21:47 >>>>>> 开始执行：
INFO    2023-04-07 21:21:47,823G:\auto_api1_framework\logs\info-2023-04-07.log:log_decorator.py:41 
======================================================
用例标题: 创建用户成功（全部参数）
请求路径: http://127.0.0.1:8888/api/private/v1/users
请求方式: POST
请求头:   {'User-Agent': 'python-requests/2.28.2', 'Accept-Encoding': 'gzip, deflate', 'Accept': '*/*', 'Connection': 'keep-alive', 'Content-Type': 'application/json', 'Authorization': '$cache{token}', 'Content-Length': '101'}
请求内容: None
接口响应内容: {'data': None, 'meta': {'msg': '无效token', 'status': 400}}
接口响应时长: 1 ms
Http状态码: 200
=====================================================
INFO    2023-04-07 21:21:47,827G:\auto_api1_framework\logs\info-2023-04-07.log:test_create_user.py:29 2023-04-07 21:21:47 >>>>>> 执行结束！
INFO    2023-04-07 21:21:47,828G:\auto_api1_framework\logs\info-2023-04-07.log:test_create_user.py:26 2023-04-07 21:21:47 >>>>>> 开始执行：
INFO    2023-04-07 21:21:47,831G:\auto_api1_framework\logs\info-2023-04-07.log:log_decorator.py:41 
======================================================
用例标题: 创建已存在用户
请求路径: http://127.0.0.1:8888/api/private/v1/users
请求方式: POST
请求头:   {'User-Agent': 'python-requests/2.28.2', 'Accept-Encoding': 'gzip, deflate', 'Accept': '*/*', 'Connection': 'keep-alive', 'Content-Type': 'application/json', 'Authorization': '$cache{token}', 'Content-Length': '43'}
请求内容: None
接口响应内容: {'data': None, 'meta': {'msg': '无效token', 'status': 400}}
接口响应时长: 1 ms
Http状态码: 200
=====================================================
INFO    2023-04-07 21:21:47,833G:\auto_api1_framework\logs\info-2023-04-07.log:test_create_user.py:29 2023-04-07 21:21:47 >>>>>> 执行结束！
INFO    2023-04-07 21:24:36,900G:\auto_api1_framework\logs\info-2023-04-07.log:test_create_user.py:26 2023-04-07 21:24:36 >>>>>> 开始执行：
INFO    2023-04-07 21:24:36,905G:\auto_api1_framework\logs\info-2023-04-07.log:log_decorator.py:41 
======================================================
用例标题: 创建用户成功（必填参数）
请求路径: http://127.0.0.1:8888/api/private/v1/users
请求方式: POST
请求头:   {'User-Agent': 'python-requests/2.28.2', 'Accept-Encoding': 'gzip, deflate', 'Accept': '*/*', 'Connection': 'keep-alive', 'Content-Type': 'application/json', 'Authorization': '$cache{token}', 'Content-Length': '45'}
请求内容: None
接口响应内容: {'data': None, 'meta': {'msg': '无效token', 'status': 400}}
接口响应时长: 1 ms
Http状态码: 200
=====================================================
INFO    2023-04-07 21:24:36,906G:\auto_api1_framework\logs\info-2023-04-07.log:test_create_user.py:29 2023-04-07 21:24:36 >>>>>> 执行结束！
INFO    2023-04-07 21:24:36,908G:\auto_api1_framework\logs\info-2023-04-07.log:test_create_user.py:26 2023-04-07 21:24:36 >>>>>> 开始执行：
INFO    2023-04-07 21:24:36,912G:\auto_api1_framework\logs\info-2023-04-07.log:log_decorator.py:41 
======================================================
用例标题: 创建用户成功（必填+选填参数）
请求路径: http://127.0.0.1:8888/api/private/v1/users
请求方式: POST
请求头:   {'User-Agent': 'python-requests/2.28.2', 'Accept-Encoding': 'gzip, deflate', 'Accept': '*/*', 'Connection': 'keep-alive', 'Content-Type': 'application/json', 'Authorization': '$cache{token}', 'Content-Length': '76'}
请求内容: None
接口响应内容: {'data': None, 'meta': {'msg': '无效token', 'status': 400}}
接口响应时长: 1 ms
Http状态码: 200
=====================================================
INFO    2023-04-07 21:24:36,914G:\auto_api1_framework\logs\info-2023-04-07.log:test_create_user.py:29 2023-04-07 21:24:36 >>>>>> 执行结束！
INFO    2023-04-07 21:24:36,918G:\auto_api1_framework\logs\info-2023-04-07.log:test_create_user.py:26 2023-04-07 21:24:36 >>>>>> 开始执行：
INFO    2023-04-07 21:24:36,922G:\auto_api1_framework\logs\info-2023-04-07.log:log_decorator.py:41 
======================================================
用例标题: 创建用户成功（全部参数）
请求路径: http://127.0.0.1:8888/api/private/v1/users
请求方式: POST
请求头:   {'User-Agent': 'python-requests/2.28.2', 'Accept-Encoding': 'gzip, deflate', 'Accept': '*/*', 'Connection': 'keep-alive', 'Content-Type': 'application/json', 'Authorization': '$cache{token}', 'Content-Length': '101'}
请求内容: None
接口响应内容: {'data': None, 'meta': {'msg': '无效token', 'status': 400}}
接口响应时长: 1 ms
Http状态码: 200
=====================================================
INFO    2023-04-07 21:24:36,923G:\auto_api1_framework\logs\info-2023-04-07.log:test_create_user.py:29 2023-04-07 21:24:36 >>>>>> 执行结束！
INFO    2023-04-07 21:24:36,927G:\auto_api1_framework\logs\info-2023-04-07.log:test_create_user.py:26 2023-04-07 21:24:36 >>>>>> 开始执行：
INFO    2023-04-07 21:24:36,931G:\auto_api1_framework\logs\info-2023-04-07.log:log_decorator.py:41 
======================================================
用例标题: 创建已存在用户
请求路径: http://127.0.0.1:8888/api/private/v1/users
请求方式: POST
请求头:   {'User-Agent': 'python-requests/2.28.2', 'Accept-Encoding': 'gzip, deflate', 'Accept': '*/*', 'Connection': 'keep-alive', 'Content-Type': 'application/json', 'Authorization': '$cache{token}', 'Content-Length': '43'}
请求内容: None
接口响应内容: {'data': None, 'meta': {'msg': '无效token', 'status': 400}}
接口响应时长: 1 ms
Http状态码: 200
=====================================================
INFO    2023-04-07 21:24:36,933G:\auto_api1_framework\logs\info-2023-04-07.log:test_create_user.py:29 2023-04-07 21:24:36 >>>>>> 执行结束！
INFO    2023-04-07 21:32:02,815G:\auto_api1_framework\logs\info-2023-04-07.log:test_create_user.py:26 2023-04-07 21:32:02 >>>>>> 开始执行：
INFO    2023-04-07 21:32:02,820G:\auto_api1_framework\logs\info-2023-04-07.log:log_decorator.py:41 
======================================================
用例标题: 创建用户成功（必填参数）
请求路径: http://127.0.0.1:8888/api/private/v1/users
请求方式: POST
请求头:   {'User-Agent': 'python-requests/2.28.2', 'Accept-Encoding': 'gzip, deflate', 'Accept': '*/*', 'Connection': 'keep-alive', 'Content-Type': 'application/json', 'Authorization': '$cache{token}', 'Content-Length': '45'}
请求内容: None
接口响应内容: {'data': None, 'meta': {'msg': '无效token', 'status': 400}}
接口响应时长: 1 ms
Http状态码: 200
=====================================================
INFO    2023-04-07 21:32:02,822G:\auto_api1_framework\logs\info-2023-04-07.log:test_create_user.py:29 2023-04-07 21:32:02 >>>>>> 执行结束！
INFO    2023-04-07 21:32:02,824G:\auto_api1_framework\logs\info-2023-04-07.log:test_create_user.py:26 2023-04-07 21:32:02 >>>>>> 开始执行：
INFO    2023-04-07 21:32:02,829G:\auto_api1_framework\logs\info-2023-04-07.log:log_decorator.py:41 
======================================================
用例标题: 创建用户成功（必填+选填参数）
请求路径: http://127.0.0.1:8888/api/private/v1/users
请求方式: POST
请求头:   {'User-Agent': 'python-requests/2.28.2', 'Accept-Encoding': 'gzip, deflate', 'Accept': '*/*', 'Connection': 'keep-alive', 'Content-Type': 'application/json', 'Authorization': '$cache{token}', 'Content-Length': '76'}
请求内容: None
接口响应内容: {'data': None, 'meta': {'msg': '无效token', 'status': 400}}
接口响应时长: 2 ms
Http状态码: 200
=====================================================
INFO    2023-04-07 21:32:02,830G:\auto_api1_framework\logs\info-2023-04-07.log:test_create_user.py:29 2023-04-07 21:32:02 >>>>>> 执行结束！
INFO    2023-04-07 21:32:02,832G:\auto_api1_framework\logs\info-2023-04-07.log:test_create_user.py:26 2023-04-07 21:32:02 >>>>>> 开始执行：
INFO    2023-04-07 21:32:02,836G:\auto_api1_framework\logs\info-2023-04-07.log:log_decorator.py:41 
======================================================
用例标题: 创建用户成功（全部参数）
请求路径: http://127.0.0.1:8888/api/private/v1/users
请求方式: POST
请求头:   {'User-Agent': 'python-requests/2.28.2', 'Accept-Encoding': 'gzip, deflate', 'Accept': '*/*', 'Connection': 'keep-alive', 'Content-Type': 'application/json', 'Authorization': '$cache{token}', 'Content-Length': '101'}
请求内容: None
接口响应内容: {'data': None, 'meta': {'msg': '无效token', 'status': 400}}
接口响应时长: 1 ms
Http状态码: 200
=====================================================
INFO    2023-04-07 21:32:02,837G:\auto_api1_framework\logs\info-2023-04-07.log:test_create_user.py:29 2023-04-07 21:32:02 >>>>>> 执行结束！
INFO    2023-04-07 21:32:02,841G:\auto_api1_framework\logs\info-2023-04-07.log:test_create_user.py:26 2023-04-07 21:32:02 >>>>>> 开始执行：
INFO    2023-04-07 21:32:02,845G:\auto_api1_framework\logs\info-2023-04-07.log:log_decorator.py:41 
======================================================
用例标题: 创建已存在用户
请求路径: http://127.0.0.1:8888/api/private/v1/users
请求方式: POST
请求头:   {'User-Agent': 'python-requests/2.28.2', 'Accept-Encoding': 'gzip, deflate', 'Accept': '*/*', 'Connection': 'keep-alive', 'Content-Type': 'application/json', 'Authorization': '$cache{token}', 'Content-Length': '43'}
请求内容: None
接口响应内容: {'data': None, 'meta': {'msg': '无效token', 'status': 400}}
接口响应时长: 1 ms
Http状态码: 200
=====================================================
INFO    2023-04-07 21:32:02,847G:\auto_api1_framework\logs\info-2023-04-07.log:test_create_user.py:29 2023-04-07 21:32:02 >>>>>> 执行结束！
INFO    2023-04-07 21:32:58,829G:\auto_api1_framework\logs\info-2023-04-07.log:test_create_user.py:26 2023-04-07 21:32:58 >>>>>> 开始执行：
INFO    2023-04-07 21:32:58,898G:\auto_api1_framework\logs\info-2023-04-07.log:log_decorator.py:41 
======================================================
用例标题: 创建用户成功（必填参数）
请求路径: http://127.0.0.1:8888/api/private/v1/users
请求方式: POST
请求头:   {'User-Agent': 'python-requests/2.28.2', 'Accept-Encoding': 'gzip, deflate', 'Accept': '*/*', 'Connection': 'keep-alive', 'Content-Type': 'application/json', 'Authorization': 'Bearer eyJhbGciOiJIUzI1NiIsInR5cCI6IkpXVCJ9.eyJ1aWQiOjUwMCwicmlkIjowLCJpYXQiOjE2ODA4NzQzNzgsImV4cCI6MTY4MDk2MDc3OH0.n1s1ul-hNupYXlrKBaYlM66PHkU9zK5V735CDSspO4U', 'Content-Length': '45'}
请求内容: None
接口响应内容: {'data': {'id': 510, 'username': 'Rainx', 'role_id': -1, 'create_time': 1680874378}, 'meta': {'msg': '创建成功', 'status': 201}}
接口响应时长: 67 ms
Http状态码: 200
=====================================================
INFO    2023-04-07 21:32:58,902G:\auto_api1_framework\logs\info-2023-04-07.log:test_create_user.py:29 2023-04-07 21:32:58 >>>>>> 执行结束！
INFO    2023-04-07 21:32:58,903G:\auto_api1_framework\logs\info-2023-04-07.log:test_create_user.py:26 2023-04-07 21:32:58 >>>>>> 开始执行：
INFO    2023-04-07 21:32:58,971G:\auto_api1_framework\logs\info-2023-04-07.log:log_decorator.py:41 
======================================================
用例标题: 创建用户成功（必填+选填参数）
请求路径: http://127.0.0.1:8888/api/private/v1/users
请求方式: POST
请求头:   {'User-Agent': 'python-requests/2.28.2', 'Accept-Encoding': 'gzip, deflate', 'Accept': '*/*', 'Connection': 'keep-alive', 'Content-Type': 'application/json', 'Authorization': 'Bearer eyJhbGciOiJIUzI1NiIsInR5cCI6IkpXVCJ9.eyJ1aWQiOjUwMCwicmlkIjowLCJpYXQiOjE2ODA4NzQzNzgsImV4cCI6MTY4MDk2MDc3OH0.n1s1ul-hNupYXlrKBaYlM66PHkU9zK5V735CDSspO4U', 'Content-Length': '76'}
请求内容: None
接口响应内容: {'data': {'id': 511, 'username': 'Rainx778', 'email': 'yx123@163.com', 'role_id': -1, 'create_time': 1680874378}, 'meta': {'msg': '创建成功', 'status': 201}}
接口响应时长: 64 ms
Http状态码: 200
=====================================================
INFO    2023-04-07 21:32:58,974G:\auto_api1_framework\logs\info-2023-04-07.log:test_create_user.py:29 2023-04-07 21:32:58 >>>>>> 执行结束！
INFO    2023-04-07 21:32:58,975G:\auto_api1_framework\logs\info-2023-04-07.log:test_create_user.py:26 2023-04-07 21:32:58 >>>>>> 开始执行：
INFO    2023-04-07 21:32:59,041G:\auto_api1_framework\logs\info-2023-04-07.log:log_decorator.py:41 
======================================================
用例标题: 创建用户成功（全部参数）
请求路径: http://127.0.0.1:8888/api/private/v1/users
请求方式: POST
请求头:   {'User-Agent': 'python-requests/2.28.2', 'Accept-Encoding': 'gzip, deflate', 'Accept': '*/*', 'Connection': 'keep-alive', 'Content-Type': 'application/json', 'Authorization': 'Bearer eyJhbGciOiJIUzI1NiIsInR5cCI6IkpXVCJ9.eyJ1aWQiOjUwMCwicmlkIjowLCJpYXQiOjE2ODA4NzQzNzgsImV4cCI6MTY4MDk2MDc3OH0.n1s1ul-hNupYXlrKBaYlM66PHkU9zK5V735CDSspO4U', 'Content-Length': '101'}
请求内容: None
接口响应内容: {'data': {'id': 512, 'username': 'Rainx&11', 'mobile': '13772008989', 'email': 'yx123@163.com', 'role_id': -1, 'create_time': 1680874379}, 'meta': {'msg': '创建成功', 'status': 201}}
接口响应时长: 63 ms
Http状态码: 200
=====================================================
INFO    2023-04-07 21:32:59,044G:\auto_api1_framework\logs\info-2023-04-07.log:test_create_user.py:29 2023-04-07 21:32:58 >>>>>> 执行结束！
INFO    2023-04-07 21:32:59,046G:\auto_api1_framework\logs\info-2023-04-07.log:test_create_user.py:26 2023-04-07 21:32:58 >>>>>> 开始执行：
INFO    2023-04-07 21:32:59,050G:\auto_api1_framework\logs\info-2023-04-07.log:log_decorator.py:41 
======================================================
用例标题: 创建已存在用户
请求路径: http://127.0.0.1:8888/api/private/v1/users
请求方式: POST
请求头:   {'User-Agent': 'python-requests/2.28.2', 'Accept-Encoding': 'gzip, deflate', 'Accept': '*/*', 'Connection': 'keep-alive', 'Content-Type': 'application/json', 'Authorization': 'Bearer eyJhbGciOiJIUzI1NiIsInR5cCI6IkpXVCJ9.eyJ1aWQiOjUwMCwicmlkIjowLCJpYXQiOjE2ODA4NzQzNzgsImV4cCI6MTY4MDk2MDc3OH0.n1s1ul-hNupYXlrKBaYlM66PHkU9zK5V735CDSspO4U', 'Content-Length': '43'}
请求内容: None
接口响应内容: {'data': None, 'meta': {'msg': '用户名已存在', 'status': 400}}
接口响应时长: 2 ms
Http状态码: 200
=====================================================
INFO    2023-04-07 21:32:59,052G:\auto_api1_framework\logs\info-2023-04-07.log:test_create_user.py:29 2023-04-07 21:32:58 >>>>>> 执行结束！
INFO    2023-04-07 21:35:38,016G:\auto_api1_framework\logs\info-2023-04-07.log:test_create_user.py:26 2023-04-07 21:35:37 >>>>>> 开始执行：
INFO    2023-04-07 21:35:38,025G:\auto_api1_framework\logs\info-2023-04-07.log:log_decorator.py:41 
======================================================
用例标题: 创建用户成功（必填参数）
请求路径: http://127.0.0.1:8888/api/private/v1/users
请求方式: POST
请求头:   {'User-Agent': 'python-requests/2.28.2', 'Accept-Encoding': 'gzip, deflate', 'Accept': '*/*', 'Connection': 'keep-alive', 'Content-Type': 'application/json', 'Authorization': 'Bearer eyJhbGciOiJIUzI1NiIsInR5cCI6IkpXVCJ9.eyJ1aWQiOjUwMCwicmlkIjowLCJpYXQiOjE2ODA4NzQ1MzgsImV4cCI6MTY4MDk2MDkzOH0.5IvBRdGNvsKYdm7EX5iXI1XebJgQOxnP0LCdCC2AVlM', 'Content-Length': '45'}
请求内容: None
接口响应内容: {'data': None, 'meta': {'msg': '用户名已存在', 'status': 400}}
接口响应时长: 2 ms
Http状态码: 200
=====================================================
INFO    2023-04-07 21:35:38,030G:\auto_api1_framework\logs\info-2023-04-07.log:test_create_user.py:29 2023-04-07 21:35:37 >>>>>> 执行结束！
INFO    2023-04-07 21:35:38,031G:\auto_api1_framework\logs\info-2023-04-07.log:test_create_user.py:26 2023-04-07 21:35:37 >>>>>> 开始执行：
INFO    2023-04-07 21:35:38,036G:\auto_api1_framework\logs\info-2023-04-07.log:log_decorator.py:41 
======================================================
用例标题: 创建用户成功（必填+选填参数）
请求路径: http://127.0.0.1:8888/api/private/v1/users
请求方式: POST
请求头:   {'User-Agent': 'python-requests/2.28.2', 'Accept-Encoding': 'gzip, deflate', 'Accept': '*/*', 'Connection': 'keep-alive', 'Content-Type': 'application/json', 'Authorization': 'Bearer eyJhbGciOiJIUzI1NiIsInR5cCI6IkpXVCJ9.eyJ1aWQiOjUwMCwicmlkIjowLCJpYXQiOjE2ODA4NzQ1MzgsImV4cCI6MTY4MDk2MDkzOH0.5IvBRdGNvsKYdm7EX5iXI1XebJgQOxnP0LCdCC2AVlM', 'Content-Length': '76'}
请求内容: None
接口响应内容: {'data': None, 'meta': {'msg': '用户名已存在', 'status': 400}}
接口响应时长: 2 ms
Http状态码: 200
=====================================================
INFO    2023-04-07 21:35:38,041G:\auto_api1_framework\logs\info-2023-04-07.log:test_create_user.py:29 2023-04-07 21:35:37 >>>>>> 执行结束！
INFO    2023-04-07 21:35:38,042G:\auto_api1_framework\logs\info-2023-04-07.log:test_create_user.py:26 2023-04-07 21:35:37 >>>>>> 开始执行：
INFO    2023-04-07 21:35:38,048G:\auto_api1_framework\logs\info-2023-04-07.log:log_decorator.py:41 
======================================================
用例标题: 创建用户成功（全部参数）
请求路径: http://127.0.0.1:8888/api/private/v1/users
请求方式: POST
请求头:   {'User-Agent': 'python-requests/2.28.2', 'Accept-Encoding': 'gzip, deflate', 'Accept': '*/*', 'Connection': 'keep-alive', 'Content-Type': 'application/json', 'Authorization': 'Bearer eyJhbGciOiJIUzI1NiIsInR5cCI6IkpXVCJ9.eyJ1aWQiOjUwMCwicmlkIjowLCJpYXQiOjE2ODA4NzQ1MzgsImV4cCI6MTY4MDk2MDkzOH0.5IvBRdGNvsKYdm7EX5iXI1XebJgQOxnP0LCdCC2AVlM', 'Content-Length': '101'}
请求内容: None
接口响应内容: {'data': None, 'meta': {'msg': '用户名已存在', 'status': 400}}
接口响应时长: 2 ms
Http状态码: 200
=====================================================
INFO    2023-04-07 21:35:38,054G:\auto_api1_framework\logs\info-2023-04-07.log:test_create_user.py:29 2023-04-07 21:35:37 >>>>>> 执行结束！
INFO    2023-04-07 21:35:38,055G:\auto_api1_framework\logs\info-2023-04-07.log:test_create_user.py:26 2023-04-07 21:35:37 >>>>>> 开始执行：
INFO    2023-04-07 21:35:38,059G:\auto_api1_framework\logs\info-2023-04-07.log:log_decorator.py:41 
======================================================
用例标题: 创建已存在用户
请求路径: http://127.0.0.1:8888/api/private/v1/users
请求方式: POST
请求头:   {'User-Agent': 'python-requests/2.28.2', 'Accept-Encoding': 'gzip, deflate', 'Accept': '*/*', 'Connection': 'keep-alive', 'Content-Type': 'application/json', 'Authorization': 'Bearer eyJhbGciOiJIUzI1NiIsInR5cCI6IkpXVCJ9.eyJ1aWQiOjUwMCwicmlkIjowLCJpYXQiOjE2ODA4NzQ1MzgsImV4cCI6MTY4MDk2MDkzOH0.5IvBRdGNvsKYdm7EX5iXI1XebJgQOxnP0LCdCC2AVlM', 'Content-Length': '43'}
请求内容: None
接口响应内容: {'data': None, 'meta': {'msg': '用户名已存在', 'status': 400}}
接口响应时长: 2 ms
Http状态码: 200
=====================================================
INFO    2023-04-07 21:35:38,061G:\auto_api1_framework\logs\info-2023-04-07.log:test_create_user.py:29 2023-04-07 21:35:37 >>>>>> 执行结束！
INFO    2023-04-07 21:36:11,601G:\auto_api1_framework\logs\info-2023-04-07.log:test_create_user.py:26 2023-04-07 21:36:11 >>>>>> 开始执行：
INFO    2023-04-07 21:36:11,606G:\auto_api1_framework\logs\info-2023-04-07.log:log_decorator.py:41 
======================================================
用例标题: 创建用户成功（必填参数）
请求路径: http://127.0.0.1:8888/api/private/v1/users
请求方式: POST
请求头:   {'User-Agent': 'python-requests/2.28.2', 'Accept-Encoding': 'gzip, deflate', 'Accept': '*/*', 'Connection': 'keep-alive', 'Content-Type': 'application/json', 'Authorization': 'Bearer eyJhbGciOiJIUzI1NiIsInR5cCI6IkpXVCJ9.eyJ1aWQiOjUwMCwicmlkIjowLCJpYXQiOjE2ODA4NzQ1NzEsImV4cCI6MTY4MDk2MDk3MX0.HVCnjJnAb6TBU72W3tMBl2h8wIXkXROCI7Ts8u2y2_o', 'Content-Length': '45'}
请求内容: None
接口响应内容: {'data': None, 'meta': {'msg': '用户名已存在', 'status': 400}}
接口响应时长: 2 ms
Http状态码: 200
=====================================================
INFO    2023-04-07 21:36:11,609G:\auto_api1_framework\logs\info-2023-04-07.log:test_create_user.py:29 2023-04-07 21:36:11 >>>>>> 执行结束！
INFO    2023-04-07 21:36:11,612G:\auto_api1_framework\logs\info-2023-04-07.log:test_create_user.py:26 2023-04-07 21:36:11 >>>>>> 开始执行：
INFO    2023-04-07 21:36:11,617G:\auto_api1_framework\logs\info-2023-04-07.log:log_decorator.py:41 
======================================================
用例标题: 创建用户成功（必填+选填参数）
请求路径: http://127.0.0.1:8888/api/private/v1/users
请求方式: POST
请求头:   {'User-Agent': 'python-requests/2.28.2', 'Accept-Encoding': 'gzip, deflate', 'Accept': '*/*', 'Connection': 'keep-alive', 'Content-Type': 'application/json', 'Authorization': 'Bearer eyJhbGciOiJIUzI1NiIsInR5cCI6IkpXVCJ9.eyJ1aWQiOjUwMCwicmlkIjowLCJpYXQiOjE2ODA4NzQ1NzEsImV4cCI6MTY4MDk2MDk3MX0.HVCnjJnAb6TBU72W3tMBl2h8wIXkXROCI7Ts8u2y2_o', 'Content-Length': '76'}
请求内容: None
接口响应内容: {'data': None, 'meta': {'msg': '用户名已存在', 'status': 400}}
接口响应时长: 2 ms
Http状态码: 200
=====================================================
INFO    2023-04-07 21:36:11,619G:\auto_api1_framework\logs\info-2023-04-07.log:test_create_user.py:29 2023-04-07 21:36:11 >>>>>> 执行结束！
INFO    2023-04-07 21:36:11,620G:\auto_api1_framework\logs\info-2023-04-07.log:test_create_user.py:26 2023-04-07 21:36:11 >>>>>> 开始执行：
INFO    2023-04-07 21:36:11,625G:\auto_api1_framework\logs\info-2023-04-07.log:log_decorator.py:41 
======================================================
用例标题: 创建用户成功（全部参数）
请求路径: http://127.0.0.1:8888/api/private/v1/users
请求方式: POST
请求头:   {'User-Agent': 'python-requests/2.28.2', 'Accept-Encoding': 'gzip, deflate', 'Accept': '*/*', 'Connection': 'keep-alive', 'Content-Type': 'application/json', 'Authorization': 'Bearer eyJhbGciOiJIUzI1NiIsInR5cCI6IkpXVCJ9.eyJ1aWQiOjUwMCwicmlkIjowLCJpYXQiOjE2ODA4NzQ1NzEsImV4cCI6MTY4MDk2MDk3MX0.HVCnjJnAb6TBU72W3tMBl2h8wIXkXROCI7Ts8u2y2_o', 'Content-Length': '101'}
请求内容: None
接口响应内容: {'data': None, 'meta': {'msg': '用户名已存在', 'status': 400}}
接口响应时长: 2 ms
Http状态码: 200
=====================================================
INFO    2023-04-07 21:36:11,626G:\auto_api1_framework\logs\info-2023-04-07.log:test_create_user.py:29 2023-04-07 21:36:11 >>>>>> 执行结束！
INFO    2023-04-07 21:36:11,629G:\auto_api1_framework\logs\info-2023-04-07.log:test_create_user.py:26 2023-04-07 21:36:11 >>>>>> 开始执行：
INFO    2023-04-07 21:36:11,634G:\auto_api1_framework\logs\info-2023-04-07.log:log_decorator.py:41 
======================================================
用例标题: 创建已存在用户
请求路径: http://127.0.0.1:8888/api/private/v1/users
请求方式: POST
请求头:   {'User-Agent': 'python-requests/2.28.2', 'Accept-Encoding': 'gzip, deflate', 'Accept': '*/*', 'Connection': 'keep-alive', 'Content-Type': 'application/json', 'Authorization': 'Bearer eyJhbGciOiJIUzI1NiIsInR5cCI6IkpXVCJ9.eyJ1aWQiOjUwMCwicmlkIjowLCJpYXQiOjE2ODA4NzQ1NzEsImV4cCI6MTY4MDk2MDk3MX0.HVCnjJnAb6TBU72W3tMBl2h8wIXkXROCI7Ts8u2y2_o', 'Content-Length': '43'}
请求内容: None
接口响应内容: {'data': None, 'meta': {'msg': '用户名已存在', 'status': 400}}
接口响应时长: 2 ms
Http状态码: 200
=====================================================
INFO    2023-04-07 21:36:11,635G:\auto_api1_framework\logs\info-2023-04-07.log:test_create_user.py:29 2023-04-07 21:36:11 >>>>>> 执行结束！
INFO    2023-04-07 21:36:30,714G:\auto_api1_framework\logs\info-2023-04-07.log:test_create_user.py:26 2023-04-07 21:36:30 >>>>>> 开始执行：
INFO    2023-04-07 21:36:30,719G:\auto_api1_framework\logs\info-2023-04-07.log:log_decorator.py:41 
======================================================
用例标题: 创建用户成功（必填参数）
请求路径: http://127.0.0.1:8888/api/private/v1/users
请求方式: POST
请求头:   {'User-Agent': 'python-requests/2.28.2', 'Accept-Encoding': 'gzip, deflate', 'Accept': '*/*', 'Connection': 'keep-alive', 'Content-Type': 'application/json', 'Authorization': 'Bearer eyJhbGciOiJIUzI1NiIsInR5cCI6IkpXVCJ9.eyJ1aWQiOjUwMCwicmlkIjowLCJpYXQiOjE2ODA4NzQ1OTAsImV4cCI6MTY4MDk2MDk5MH0.9wNf0O9veNUlsOBrKzD5lRBnqn4pU5ujyjCmviVYt1c', 'Content-Length': '45'}
请求内容: None
接口响应内容: {'data': None, 'meta': {'msg': '用户名已存在', 'status': 400}}
接口响应时长: 2 ms
Http状态码: 200
=====================================================
INFO    2023-04-07 21:36:30,721G:\auto_api1_framework\logs\info-2023-04-07.log:test_create_user.py:29 2023-04-07 21:36:30 >>>>>> 执行结束！
INFO    2023-04-07 21:36:30,723G:\auto_api1_framework\logs\info-2023-04-07.log:test_create_user.py:26 2023-04-07 21:36:30 >>>>>> 开始执行：
INFO    2023-04-07 21:36:30,728G:\auto_api1_framework\logs\info-2023-04-07.log:log_decorator.py:41 
======================================================
用例标题: 创建用户成功（必填+选填参数）
请求路径: http://127.0.0.1:8888/api/private/v1/users
请求方式: POST
请求头:   {'User-Agent': 'python-requests/2.28.2', 'Accept-Encoding': 'gzip, deflate', 'Accept': '*/*', 'Connection': 'keep-alive', 'Content-Type': 'application/json', 'Authorization': 'Bearer eyJhbGciOiJIUzI1NiIsInR5cCI6IkpXVCJ9.eyJ1aWQiOjUwMCwicmlkIjowLCJpYXQiOjE2ODA4NzQ1OTAsImV4cCI6MTY4MDk2MDk5MH0.9wNf0O9veNUlsOBrKzD5lRBnqn4pU5ujyjCmviVYt1c', 'Content-Length': '76'}
请求内容: None
接口响应内容: {'data': None, 'meta': {'msg': '用户名已存在', 'status': 400}}
接口响应时长: 2 ms
Http状态码: 200
=====================================================
INFO    2023-04-07 21:36:30,729G:\auto_api1_framework\logs\info-2023-04-07.log:test_create_user.py:29 2023-04-07 21:36:30 >>>>>> 执行结束！
INFO    2023-04-07 21:36:30,730G:\auto_api1_framework\logs\info-2023-04-07.log:test_create_user.py:26 2023-04-07 21:36:30 >>>>>> 开始执行：
INFO    2023-04-07 21:36:30,735G:\auto_api1_framework\logs\info-2023-04-07.log:log_decorator.py:41 
======================================================
用例标题: 创建用户成功（全部参数）
请求路径: http://127.0.0.1:8888/api/private/v1/users
请求方式: POST
请求头:   {'User-Agent': 'python-requests/2.28.2', 'Accept-Encoding': 'gzip, deflate', 'Accept': '*/*', 'Connection': 'keep-alive', 'Content-Type': 'application/json', 'Authorization': 'Bearer eyJhbGciOiJIUzI1NiIsInR5cCI6IkpXVCJ9.eyJ1aWQiOjUwMCwicmlkIjowLCJpYXQiOjE2ODA4NzQ1OTAsImV4cCI6MTY4MDk2MDk5MH0.9wNf0O9veNUlsOBrKzD5lRBnqn4pU5ujyjCmviVYt1c', 'Content-Length': '101'}
请求内容: None
接口响应内容: {'data': None, 'meta': {'msg': '用户名已存在', 'status': 400}}
接口响应时长: 3 ms
Http状态码: 200
=====================================================
INFO    2023-04-07 21:36:30,737G:\auto_api1_framework\logs\info-2023-04-07.log:test_create_user.py:29 2023-04-07 21:36:30 >>>>>> 执行结束！
INFO    2023-04-07 21:36:30,738G:\auto_api1_framework\logs\info-2023-04-07.log:test_create_user.py:26 2023-04-07 21:36:30 >>>>>> 开始执行：
INFO    2023-04-07 21:36:30,744G:\auto_api1_framework\logs\info-2023-04-07.log:log_decorator.py:41 
======================================================
用例标题: 创建已存在用户
请求路径: http://127.0.0.1:8888/api/private/v1/users
请求方式: POST
请求头:   {'User-Agent': 'python-requests/2.28.2', 'Accept-Encoding': 'gzip, deflate', 'Accept': '*/*', 'Connection': 'keep-alive', 'Content-Type': 'application/json', 'Authorization': 'Bearer eyJhbGciOiJIUzI1NiIsInR5cCI6IkpXVCJ9.eyJ1aWQiOjUwMCwicmlkIjowLCJpYXQiOjE2ODA4NzQ1OTAsImV4cCI6MTY4MDk2MDk5MH0.9wNf0O9veNUlsOBrKzD5lRBnqn4pU5ujyjCmviVYt1c', 'Content-Length': '43'}
请求内容: None
接口响应内容: {'data': None, 'meta': {'msg': '用户名已存在', 'status': 400}}
接口响应时长: 3 ms
Http状态码: 200
=====================================================
INFO    2023-04-07 21:36:30,745G:\auto_api1_framework\logs\info-2023-04-07.log:test_create_user.py:29 2023-04-07 21:36:30 >>>>>> 执行结束！
INFO    2023-04-07 21:42:45,006G:\auto_api1_framework\logs\info-2023-04-07.log:test_create_user.py:26 2023-04-07 21:42:44 >>>>>> 开始执行：
INFO    2023-04-07 21:42:45,012G:\auto_api1_framework\logs\info-2023-04-07.log:log_decorator.py:41 
======================================================
用例标题: 创建用户成功（必填参数）
请求路径: http://127.0.0.1:8888/api/private/v1/users
请求方式: POST
请求头:   {'User-Agent': 'python-requests/2.28.2', 'Accept-Encoding': 'gzip, deflate', 'Accept': '*/*', 'Connection': 'keep-alive', 'Content-Type': 'application/json', 'Authorization': 'Bearer eyJhbGciOiJIUzI1NiIsInR5cCI6IkpXVCJ9.eyJ1aWQiOjUwMCwicmlkIjowLCJpYXQiOjE2ODA4NzQ5NjUsImV4cCI6MTY4MDk2MTM2NX0._UNEW5VYeRKc_7S78e6yygIVsPvUD8b1MgiJiH4FWhI', 'Content-Length': '45'}
请求内容: None
接口响应内容: {'data': None, 'meta': {'msg': '用户名已存在', 'status': 400}}
接口响应时长: 2 ms
Http状态码: 200
=====================================================
INFO    2023-04-07 21:42:45,013G:\auto_api1_framework\logs\info-2023-04-07.log:test_create_user.py:29 2023-04-07 21:42:44 >>>>>> 执行结束！
INFO    2023-04-07 21:42:45,015G:\auto_api1_framework\logs\info-2023-04-07.log:test_create_user.py:26 2023-04-07 21:42:44 >>>>>> 开始执行：
INFO    2023-04-07 21:42:45,020G:\auto_api1_framework\logs\info-2023-04-07.log:log_decorator.py:41 
======================================================
用例标题: 创建用户成功（必填+选填参数）
请求路径: http://127.0.0.1:8888/api/private/v1/users
请求方式: POST
请求头:   {'User-Agent': 'python-requests/2.28.2', 'Accept-Encoding': 'gzip, deflate', 'Accept': '*/*', 'Connection': 'keep-alive', 'Content-Type': 'application/json', 'Authorization': 'Bearer eyJhbGciOiJIUzI1NiIsInR5cCI6IkpXVCJ9.eyJ1aWQiOjUwMCwicmlkIjowLCJpYXQiOjE2ODA4NzQ5NjUsImV4cCI6MTY4MDk2MTM2NX0._UNEW5VYeRKc_7S78e6yygIVsPvUD8b1MgiJiH4FWhI', 'Content-Length': '76'}
请求内容: None
接口响应内容: {'data': None, 'meta': {'msg': '用户名已存在', 'status': 400}}
接口响应时长: 3 ms
Http状态码: 200
=====================================================
INFO    2023-04-07 21:42:45,021G:\auto_api1_framework\logs\info-2023-04-07.log:test_create_user.py:29 2023-04-07 21:42:44 >>>>>> 执行结束！
INFO    2023-04-07 21:42:45,022G:\auto_api1_framework\logs\info-2023-04-07.log:test_create_user.py:26 2023-04-07 21:42:44 >>>>>> 开始执行：
INFO    2023-04-07 21:42:45,028G:\auto_api1_framework\logs\info-2023-04-07.log:log_decorator.py:41 
======================================================
用例标题: 创建用户成功（全部参数）
请求路径: http://127.0.0.1:8888/api/private/v1/users
请求方式: POST
请求头:   {'User-Agent': 'python-requests/2.28.2', 'Accept-Encoding': 'gzip, deflate', 'Accept': '*/*', 'Connection': 'keep-alive', 'Content-Type': 'application/json', 'Authorization': 'Bearer eyJhbGciOiJIUzI1NiIsInR5cCI6IkpXVCJ9.eyJ1aWQiOjUwMCwicmlkIjowLCJpYXQiOjE2ODA4NzQ5NjUsImV4cCI6MTY4MDk2MTM2NX0._UNEW5VYeRKc_7S78e6yygIVsPvUD8b1MgiJiH4FWhI', 'Content-Length': '101'}
请求内容: None
接口响应内容: {'data': None, 'meta': {'msg': '用户名已存在', 'status': 400}}
接口响应时长: 2 ms
Http状态码: 200
=====================================================
INFO    2023-04-07 21:42:45,029G:\auto_api1_framework\logs\info-2023-04-07.log:test_create_user.py:29 2023-04-07 21:42:44 >>>>>> 执行结束！
INFO    2023-04-07 21:42:45,030G:\auto_api1_framework\logs\info-2023-04-07.log:test_create_user.py:26 2023-04-07 21:42:44 >>>>>> 开始执行：
INFO    2023-04-07 21:42:45,034G:\auto_api1_framework\logs\info-2023-04-07.log:log_decorator.py:41 
======================================================
用例标题: 创建已存在用户
请求路径: http://127.0.0.1:8888/api/private/v1/users
请求方式: POST
请求头:   {'User-Agent': 'python-requests/2.28.2', 'Accept-Encoding': 'gzip, deflate', 'Accept': '*/*', 'Connection': 'keep-alive', 'Content-Type': 'application/json', 'Authorization': 'Bearer eyJhbGciOiJIUzI1NiIsInR5cCI6IkpXVCJ9.eyJ1aWQiOjUwMCwicmlkIjowLCJpYXQiOjE2ODA4NzQ5NjUsImV4cCI6MTY4MDk2MTM2NX0._UNEW5VYeRKc_7S78e6yygIVsPvUD8b1MgiJiH4FWhI', 'Content-Length': '43'}
请求内容: None
接口响应内容: {'data': None, 'meta': {'msg': '用户名已存在', 'status': 400}}
接口响应时长: 2 ms
Http状态码: 200
=====================================================
INFO    2023-04-07 21:42:45,036G:\auto_api1_framework\logs\info-2023-04-07.log:test_create_user.py:29 2023-04-07 21:42:44 >>>>>> 执行结束！
INFO    2023-04-07 21:49:03,050G:\auto_api1_framework\logs\info-2023-04-07.log:test_create_user.py:26 2023-04-07 21:49:02 >>>>>> 开始执行：
INFO    2023-04-07 21:49:03,055G:\auto_api1_framework\logs\info-2023-04-07.log:log_decorator.py:41 
======================================================
用例标题: 创建用户成功（必填参数）
请求路径: http://127.0.0.1:8888/api/private/v1/users
请求方式: POST
请求头:   {'User-Agent': 'python-requests/2.28.2', 'Accept-Encoding': 'gzip, deflate', 'Accept': '*/*', 'Connection': 'keep-alive', 'Content-Type': 'application/json', 'Authorization': 'Bearer eyJhbGciOiJIUzI1NiIsInR5cCI6IkpXVCJ9.eyJ1aWQiOjUwMCwicmlkIjowLCJpYXQiOjE2ODA4NzUzNDMsImV4cCI6MTY4MDk2MTc0M30.MihocLp_H6CwTy8pUiswJ4ODvxad-Ykr5YZkhcTgqrg', 'Content-Length': '45'}
请求内容: None
接口响应内容: {'data': None, 'meta': {'msg': '用户名已存在', 'status': 400}}
接口响应时长: 2 ms
Http状态码: 200
=====================================================
INFO    2023-04-07 21:49:03,057G:\auto_api1_framework\logs\info-2023-04-07.log:test_create_user.py:29 2023-04-07 21:49:02 >>>>>> 执行结束！
INFO    2023-04-07 21:49:03,059G:\auto_api1_framework\logs\info-2023-04-07.log:test_create_user.py:26 2023-04-07 21:49:02 >>>>>> 开始执行：
INFO    2023-04-07 21:49:03,064G:\auto_api1_framework\logs\info-2023-04-07.log:log_decorator.py:41 
======================================================
用例标题: 创建用户成功（必填+选填参数）
请求路径: http://127.0.0.1:8888/api/private/v1/users
请求方式: POST
请求头:   {'User-Agent': 'python-requests/2.28.2', 'Accept-Encoding': 'gzip, deflate', 'Accept': '*/*', 'Connection': 'keep-alive', 'Content-Type': 'application/json', 'Authorization': 'Bearer eyJhbGciOiJIUzI1NiIsInR5cCI6IkpXVCJ9.eyJ1aWQiOjUwMCwicmlkIjowLCJpYXQiOjE2ODA4NzUzNDMsImV4cCI6MTY4MDk2MTc0M30.MihocLp_H6CwTy8pUiswJ4ODvxad-Ykr5YZkhcTgqrg', 'Content-Length': '76'}
请求内容: None
接口响应内容: {'data': None, 'meta': {'msg': '用户名已存在', 'status': 400}}
接口响应时长: 3 ms
Http状态码: 200
=====================================================
INFO    2023-04-07 21:49:03,065G:\auto_api1_framework\logs\info-2023-04-07.log:test_create_user.py:29 2023-04-07 21:49:02 >>>>>> 执行结束！
INFO    2023-04-07 21:49:03,066G:\auto_api1_framework\logs\info-2023-04-07.log:test_create_user.py:26 2023-04-07 21:49:02 >>>>>> 开始执行：
INFO    2023-04-07 21:49:03,072G:\auto_api1_framework\logs\info-2023-04-07.log:log_decorator.py:41 
======================================================
用例标题: 创建用户成功（全部参数）
请求路径: http://127.0.0.1:8888/api/private/v1/users
请求方式: POST
请求头:   {'User-Agent': 'python-requests/2.28.2', 'Accept-Encoding': 'gzip, deflate', 'Accept': '*/*', 'Connection': 'keep-alive', 'Content-Type': 'application/json', 'Authorization': 'Bearer eyJhbGciOiJIUzI1NiIsInR5cCI6IkpXVCJ9.eyJ1aWQiOjUwMCwicmlkIjowLCJpYXQiOjE2ODA4NzUzNDMsImV4cCI6MTY4MDk2MTc0M30.MihocLp_H6CwTy8pUiswJ4ODvxad-Ykr5YZkhcTgqrg', 'Content-Length': '101'}
请求内容: None
接口响应内容: {'data': None, 'meta': {'msg': '用户名已存在', 'status': 400}}
接口响应时长: 2 ms
Http状态码: 200
=====================================================
INFO    2023-04-07 21:49:03,073G:\auto_api1_framework\logs\info-2023-04-07.log:test_create_user.py:29 2023-04-07 21:49:02 >>>>>> 执行结束！
INFO    2023-04-07 21:49:03,075G:\auto_api1_framework\logs\info-2023-04-07.log:test_create_user.py:26 2023-04-07 21:49:02 >>>>>> 开始执行：
INFO    2023-04-07 21:49:03,080G:\auto_api1_framework\logs\info-2023-04-07.log:log_decorator.py:41 
======================================================
用例标题: 创建已存在用户
请求路径: http://127.0.0.1:8888/api/private/v1/users
请求方式: POST
请求头:   {'User-Agent': 'python-requests/2.28.2', 'Accept-Encoding': 'gzip, deflate', 'Accept': '*/*', 'Connection': 'keep-alive', 'Content-Type': 'application/json', 'Authorization': 'Bearer eyJhbGciOiJIUzI1NiIsInR5cCI6IkpXVCJ9.eyJ1aWQiOjUwMCwicmlkIjowLCJpYXQiOjE2ODA4NzUzNDMsImV4cCI6MTY4MDk2MTc0M30.MihocLp_H6CwTy8pUiswJ4ODvxad-Ykr5YZkhcTgqrg', 'Content-Length': '43'}
请求内容: None
接口响应内容: {'data': None, 'meta': {'msg': '用户名已存在', 'status': 400}}
接口响应时长: 2 ms
Http状态码: 200
=====================================================
INFO    2023-04-07 21:49:03,081G:\auto_api1_framework\logs\info-2023-04-07.log:test_create_user.py:29 2023-04-07 21:49:02 >>>>>> 执行结束！
INFO    2023-04-07 21:54:34,925G:\auto_api1_framework\logs\info-2023-04-07.log:test_create_user.py:26 2023-04-07 21:54:34 >>>>>> 开始执行：
INFO    2023-04-07 21:54:35,011G:\auto_api1_framework\logs\info-2023-04-07.log:test_create_user.py:29 2023-04-07 21:54:34 >>>>>> 执行结束！
INFO    2023-04-07 21:54:35,012G:\auto_api1_framework\logs\info-2023-04-07.log:test_create_user.py:26 2023-04-07 21:54:34 >>>>>> 开始执行：
INFO    2023-04-07 21:54:35,025G:\auto_api1_framework\logs\info-2023-04-07.log:test_create_user.py:29 2023-04-07 21:54:34 >>>>>> 执行结束！
INFO    2023-04-07 21:54:35,027G:\auto_api1_framework\logs\info-2023-04-07.log:test_create_user.py:26 2023-04-07 21:54:34 >>>>>> 开始执行：
INFO    2023-04-07 21:54:35,040G:\auto_api1_framework\logs\info-2023-04-07.log:test_create_user.py:29 2023-04-07 21:54:34 >>>>>> 执行结束！
INFO    2023-04-07 21:54:35,040G:\auto_api1_framework\logs\info-2023-04-07.log:test_create_user.py:26 2023-04-07 21:54:34 >>>>>> 开始执行：
INFO    2023-04-07 21:54:35,054G:\auto_api1_framework\logs\info-2023-04-07.log:test_create_user.py:29 2023-04-07 21:54:34 >>>>>> 执行结束！
INFO    2023-04-07 21:55:10,134G:\auto_api1_framework\logs\info-2023-04-07.log:test_create_user.py:26 2023-04-07 21:55:10 >>>>>> 开始执行：
INFO    2023-04-07 21:55:10,139G:\auto_api1_framework\logs\info-2023-04-07.log:log_decorator.py:41 
======================================================
用例标题: 创建用户成功（必填参数）
请求路径: http://127.0.0.1:8888/api/private/v1/users
请求方式: POST
请求头:   {'User-Agent': 'python-requests/2.28.2', 'Accept-Encoding': 'gzip, deflate', 'Accept': '*/*', 'Connection': 'keep-alive', 'Content-Type': 'application/json', 'Authorization': 'Bearer eyJhbGciOiJIUzI1NiIsInR5cCI6IkpXVCJ9.eyJ1aWQiOjUwMCwicmlkIjowLCJpYXQiOjE2ODA4NzU3MTAsImV4cCI6MTY4MDk2MjExMH0.z-zgIPuxWg7GUyl5yZRWkYd9dwMg81RRvVJtH-lLU6E', 'Content-Length': '45'}
请求内容: {'username': 'Rainx', 'password': 'admin123'}
接口响应内容: {'data': None, 'meta': {'msg': '用户名已存在', 'status': 400}}
接口响应时长: 2 ms
Http状态码: 200
=====================================================
INFO    2023-04-07 21:55:10,140G:\auto_api1_framework\logs\info-2023-04-07.log:test_create_user.py:29 2023-04-07 21:55:10 >>>>>> 执行结束！
INFO    2023-04-07 21:55:10,142G:\auto_api1_framework\logs\info-2023-04-07.log:test_create_user.py:26 2023-04-07 21:55:10 >>>>>> 开始执行：
INFO    2023-04-07 21:55:10,147G:\auto_api1_framework\logs\info-2023-04-07.log:log_decorator.py:41 
======================================================
用例标题: 创建用户成功（必填+选填参数）
请求路径: http://127.0.0.1:8888/api/private/v1/users
请求方式: POST
请求头:   {'User-Agent': 'python-requests/2.28.2', 'Accept-Encoding': 'gzip, deflate', 'Accept': '*/*', 'Connection': 'keep-alive', 'Content-Type': 'application/json', 'Authorization': 'Bearer eyJhbGciOiJIUzI1NiIsInR5cCI6IkpXVCJ9.eyJ1aWQiOjUwMCwicmlkIjowLCJpYXQiOjE2ODA4NzU3MTAsImV4cCI6MTY4MDk2MjExMH0.z-zgIPuxWg7GUyl5yZRWkYd9dwMg81RRvVJtH-lLU6E', 'Content-Length': '76'}
请求内容: {'username': 'Rainx778', 'password': 'admin123@!', 'email': 'yx123@163.com'}
接口响应内容: {'data': None, 'meta': {'msg': '用户名已存在', 'status': 400}}
接口响应时长: 2 ms
Http状态码: 200
=====================================================
INFO    2023-04-07 21:55:10,148G:\auto_api1_framework\logs\info-2023-04-07.log:test_create_user.py:29 2023-04-07 21:55:10 >>>>>> 执行结束！
INFO    2023-04-07 21:55:10,149G:\auto_api1_framework\logs\info-2023-04-07.log:test_create_user.py:26 2023-04-07 21:55:10 >>>>>> 开始执行：
INFO    2023-04-07 21:55:10,155G:\auto_api1_framework\logs\info-2023-04-07.log:log_decorator.py:41 
======================================================
用例标题: 创建用户成功（全部参数）
请求路径: http://127.0.0.1:8888/api/private/v1/users
请求方式: POST
请求头:   {'User-Agent': 'python-requests/2.28.2', 'Accept-Encoding': 'gzip, deflate', 'Accept': '*/*', 'Connection': 'keep-alive', 'Content-Type': 'application/json', 'Authorization': 'Bearer eyJhbGciOiJIUzI1NiIsInR5cCI6IkpXVCJ9.eyJ1aWQiOjUwMCwicmlkIjowLCJpYXQiOjE2ODA4NzU3MTAsImV4cCI6MTY4MDk2MjExMH0.z-zgIPuxWg7GUyl5yZRWkYd9dwMg81RRvVJtH-lLU6E', 'Content-Length': '101'}
请求内容: {'username': 'Rainx&11', 'password': '789456abcd', 'email': 'yx123@163.com', 'mobile': '13129300890'}
接口响应内容: {'data': None, 'meta': {'msg': '用户名已存在', 'status': 400}}
接口响应时长: 3 ms
Http状态码: 200
=====================================================
INFO    2023-04-07 21:55:10,157G:\auto_api1_framework\logs\info-2023-04-07.log:test_create_user.py:29 2023-04-07 21:55:10 >>>>>> 执行结束！
INFO    2023-04-07 21:55:10,160G:\auto_api1_framework\logs\info-2023-04-07.log:test_create_user.py:26 2023-04-07 21:55:10 >>>>>> 开始执行：
INFO    2023-04-07 21:55:10,166G:\auto_api1_framework\logs\info-2023-04-07.log:log_decorator.py:41 
======================================================
用例标题: 创建已存在用户
请求路径: http://127.0.0.1:8888/api/private/v1/users
请求方式: POST
请求头:   {'User-Agent': 'python-requests/2.28.2', 'Accept-Encoding': 'gzip, deflate', 'Accept': '*/*', 'Connection': 'keep-alive', 'Content-Type': 'application/json', 'Authorization': 'Bearer eyJhbGciOiJIUzI1NiIsInR5cCI6IkpXVCJ9.eyJ1aWQiOjUwMCwicmlkIjowLCJpYXQiOjE2ODA4NzU3MTAsImV4cCI6MTY4MDk2MjExMH0.z-zgIPuxWg7GUyl5yZRWkYd9dwMg81RRvVJtH-lLU6E', 'Content-Length': '43'}
请求内容: {'username': 'admin', 'password': '123456'}
接口响应内容: {'data': None, 'meta': {'msg': '用户名已存在', 'status': 400}}
接口响应时长: 2 ms
Http状态码: 200
=====================================================
INFO    2023-04-07 21:55:10,167G:\auto_api1_framework\logs\info-2023-04-07.log:test_create_user.py:29 2023-04-07 21:55:10 >>>>>> 执行结束！
INFO    2023-04-07 21:55:24,513G:\auto_api1_framework\logs\info-2023-04-07.log:test_create_user.py:26 2023-04-07 21:55:24 >>>>>> 开始执行：
INFO    2023-04-07 21:55:24,519G:\auto_api1_framework\logs\info-2023-04-07.log:log_decorator.py:41 
======================================================
用例标题: 创建用户成功（必填参数）
请求路径: http://127.0.0.1:8888/api/private/v1/users
请求方式: POST
请求头:   {'User-Agent': 'python-requests/2.28.2', 'Accept-Encoding': 'gzip, deflate', 'Accept': '*/*', 'Connection': 'keep-alive', 'Content-Type': 'application/json', 'Authorization': 'Bearer eyJhbGciOiJIUzI1NiIsInR5cCI6IkpXVCJ9.eyJ1aWQiOjUwMCwicmlkIjowLCJpYXQiOjE2ODA4NzU3MjQsImV4cCI6MTY4MDk2MjEyNH0.T9ytx0qwFJUaRCsPnwG3DDMxzGpS1bR-feRiU6v5kxc', 'Content-Length': '45'}
请求内容: {'username': 'Rainx', 'password': 'admin123'}
接口响应内容: {'data': None, 'meta': {'msg': '用户名已存在', 'status': 400}}
接口响应时长: 2 ms
Http状态码: 200
=====================================================
INFO    2023-04-07 21:55:24,520G:\auto_api1_framework\logs\info-2023-04-07.log:test_create_user.py:29 2023-04-07 21:55:24 >>>>>> 执行结束！
INFO    2023-04-07 21:55:24,522G:\auto_api1_framework\logs\info-2023-04-07.log:test_create_user.py:26 2023-04-07 21:55:24 >>>>>> 开始执行：
INFO    2023-04-07 21:55:24,527G:\auto_api1_framework\logs\info-2023-04-07.log:log_decorator.py:41 
======================================================
用例标题: 创建用户成功（必填+选填参数）
请求路径: http://127.0.0.1:8888/api/private/v1/users
请求方式: POST
请求头:   {'User-Agent': 'python-requests/2.28.2', 'Accept-Encoding': 'gzip, deflate', 'Accept': '*/*', 'Connection': 'keep-alive', 'Content-Type': 'application/json', 'Authorization': 'Bearer eyJhbGciOiJIUzI1NiIsInR5cCI6IkpXVCJ9.eyJ1aWQiOjUwMCwicmlkIjowLCJpYXQiOjE2ODA4NzU3MjQsImV4cCI6MTY4MDk2MjEyNH0.T9ytx0qwFJUaRCsPnwG3DDMxzGpS1bR-feRiU6v5kxc', 'Content-Length': '76'}
请求内容: {'username': 'Rainx778', 'password': 'admin123@!', 'email': 'yx123@163.com'}
接口响应内容: {'data': None, 'meta': {'msg': '用户名已存在', 'status': 400}}
接口响应时长: 2 ms
Http状态码: 200
=====================================================
INFO    2023-04-07 21:55:24,528G:\auto_api1_framework\logs\info-2023-04-07.log:test_create_user.py:29 2023-04-07 21:55:24 >>>>>> 执行结束！
INFO    2023-04-07 21:55:24,529G:\auto_api1_framework\logs\info-2023-04-07.log:test_create_user.py:26 2023-04-07 21:55:24 >>>>>> 开始执行：
INFO    2023-04-07 21:55:24,534G:\auto_api1_framework\logs\info-2023-04-07.log:log_decorator.py:41 
======================================================
用例标题: 创建用户成功（全部参数）
请求路径: http://127.0.0.1:8888/api/private/v1/users
请求方式: POST
请求头:   {'User-Agent': 'python-requests/2.28.2', 'Accept-Encoding': 'gzip, deflate', 'Accept': '*/*', 'Connection': 'keep-alive', 'Content-Type': 'application/json', 'Authorization': 'Bearer eyJhbGciOiJIUzI1NiIsInR5cCI6IkpXVCJ9.eyJ1aWQiOjUwMCwicmlkIjowLCJpYXQiOjE2ODA4NzU3MjQsImV4cCI6MTY4MDk2MjEyNH0.T9ytx0qwFJUaRCsPnwG3DDMxzGpS1bR-feRiU6v5kxc', 'Content-Length': '101'}
请求内容: {'username': 'Rainx&11', 'password': '789456abcd', 'email': 'yx123@163.com', 'mobile': '13402055182'}
接口响应内容: {'data': None, 'meta': {'msg': '用户名已存在', 'status': 400}}
接口响应时长: 2 ms
Http状态码: 200
=====================================================
INFO    2023-04-07 21:55:24,535G:\auto_api1_framework\logs\info-2023-04-07.log:test_create_user.py:29 2023-04-07 21:55:24 >>>>>> 执行结束！
INFO    2023-04-07 21:55:24,537G:\auto_api1_framework\logs\info-2023-04-07.log:test_create_user.py:26 2023-04-07 21:55:24 >>>>>> 开始执行：
INFO    2023-04-07 21:55:24,541G:\auto_api1_framework\logs\info-2023-04-07.log:log_decorator.py:41 
======================================================
用例标题: 创建已存在用户
请求路径: http://127.0.0.1:8888/api/private/v1/users
请求方式: POST
请求头:   {'User-Agent': 'python-requests/2.28.2', 'Accept-Encoding': 'gzip, deflate', 'Accept': '*/*', 'Connection': 'keep-alive', 'Content-Type': 'application/json', 'Authorization': 'Bearer eyJhbGciOiJIUzI1NiIsInR5cCI6IkpXVCJ9.eyJ1aWQiOjUwMCwicmlkIjowLCJpYXQiOjE2ODA4NzU3MjQsImV4cCI6MTY4MDk2MjEyNH0.T9ytx0qwFJUaRCsPnwG3DDMxzGpS1bR-feRiU6v5kxc', 'Content-Length': '43'}
请求内容: {'username': 'admin', 'password': '123456'}
接口响应内容: {'data': None, 'meta': {'msg': '用户名已存在', 'status': 400}}
接口响应时长: 3 ms
Http状态码: 200
=====================================================
INFO    2023-04-07 21:55:24,542G:\auto_api1_framework\logs\info-2023-04-07.log:test_create_user.py:29 2023-04-07 21:55:24 >>>>>> 执行结束！
INFO    2023-04-07 22:00:30,757G:\auto_api1_framework\logs\info-2023-04-07.log:test_create_user.py:26 2023-04-07 22:00:30 >>>>>> 开始执行：
INFO    2023-04-07 22:00:30,825G:\auto_api1_framework\logs\info-2023-04-07.log:log_decorator.py:41 
======================================================
用例标题: 创建用户成功（必填参数）
请求路径: http://127.0.0.1:8888/api/private/v1/users
请求方式: POST
请求头:   {'User-Agent': 'python-requests/2.28.2', 'Accept-Encoding': 'gzip, deflate', 'Accept': '*/*', 'Connection': 'keep-alive', 'Content-Type': 'application/json', 'Authorization': 'Bearer eyJhbGciOiJIUzI1NiIsInR5cCI6IkpXVCJ9.eyJ1aWQiOjUwMCwicmlkIjowLCJpYXQiOjE2ODA4NzYwMzAsImV4cCI6MTY4MDk2MjQzMH0.5bXLXRNGlZKkamqAsV_71EOd61SLUns9CxxWwTS3QhI', 'Content-Length': '60'}
请求内容: {'username': 'EcAEUICEsuMrQfavLGwU', 'password': 'admin123'}
接口响应内容: {'data': {'id': 513, 'username': 'EcAEUICEsuMrQfavLGwU', 'role_id': -1, 'create_time': 1680876030}, 'meta': {'msg': '创建成功', 'status': 201}}
接口响应时长: 65 ms
Http状态码: 200
=====================================================
INFO    2023-04-07 22:00:30,827G:\auto_api1_framework\logs\info-2023-04-07.log:test_create_user.py:29 2023-04-07 22:00:30 >>>>>> 执行结束！
INFO    2023-04-07 22:00:30,829G:\auto_api1_framework\logs\info-2023-04-07.log:test_create_user.py:26 2023-04-07 22:00:30 >>>>>> 开始执行：
INFO    2023-04-07 22:00:30,899G:\auto_api1_framework\logs\info-2023-04-07.log:log_decorator.py:41 
======================================================
用例标题: 创建用户成功（必填+选填参数）
请求路径: http://127.0.0.1:8888/api/private/v1/users
请求方式: POST
请求头:   {'User-Agent': 'python-requests/2.28.2', 'Accept-Encoding': 'gzip, deflate', 'Accept': '*/*', 'Connection': 'keep-alive', 'Content-Type': 'application/json', 'Authorization': 'Bearer eyJhbGciOiJIUzI1NiIsInR5cCI6IkpXVCJ9.eyJ1aWQiOjUwMCwicmlkIjowLCJpYXQiOjE2ODA4NzYwMzAsImV4cCI6MTY4MDk2MjQzMH0.5bXLXRNGlZKkamqAsV_71EOd61SLUns9CxxWwTS3QhI', 'Content-Length': '88'}
请求内容: {'username': 'rydjvAPmUYEfPPJkRpvJ', 'password': 'admin123@!', 'email': 'yx123@163.com'}
接口响应内容: {'data': {'id': 514, 'username': 'rydjvAPmUYEfPPJkRpvJ', 'email': 'yx123@163.com', 'role_id': -1, 'create_time': 1680876030}, 'meta': {'msg': '创建成功', 'status': 201}}
接口响应时长: 68 ms
Http状态码: 200
=====================================================
INFO    2023-04-07 22:00:30,901G:\auto_api1_framework\logs\info-2023-04-07.log:test_create_user.py:29 2023-04-07 22:00:30 >>>>>> 执行结束！
INFO    2023-04-07 22:00:30,902G:\auto_api1_framework\logs\info-2023-04-07.log:test_create_user.py:26 2023-04-07 22:00:30 >>>>>> 开始执行：
INFO    2023-04-07 22:00:30,970G:\auto_api1_framework\logs\info-2023-04-07.log:log_decorator.py:41 
======================================================
用例标题: 创建用户成功（全部参数）
请求路径: http://127.0.0.1:8888/api/private/v1/users
请求方式: POST
请求头:   {'User-Agent': 'python-requests/2.28.2', 'Accept-Encoding': 'gzip, deflate', 'Accept': '*/*', 'Connection': 'keep-alive', 'Content-Type': 'application/json', 'Authorization': 'Bearer eyJhbGciOiJIUzI1NiIsInR5cCI6IkpXVCJ9.eyJ1aWQiOjUwMCwicmlkIjowLCJpYXQiOjE2ODA4NzYwMzAsImV4cCI6MTY4MDk2MjQzMH0.5bXLXRNGlZKkamqAsV_71EOd61SLUns9CxxWwTS3QhI', 'Content-Length': '119'}
请求内容: {'username': 'VnHNPPVChlmewzuEXEik', 'password': '789456abcd', 'email': 'junzhao@example.org', 'mobile': '13075620618'}
接口响应内容: {'data': {'id': 515, 'username': 'VnHNPPVChlmewzuEXEik', 'mobile': '13075620618', 'email': 'junzhao@example.org', 'role_id': -1, 'create_time': 1680876030}, 'meta': {'msg': '创建成功', 'status': 201}}
接口响应时长: 65 ms
Http状态码: 200
=====================================================
INFO    2023-04-07 22:00:30,971G:\auto_api1_framework\logs\info-2023-04-07.log:test_create_user.py:29 2023-04-07 22:00:30 >>>>>> 执行结束！
INFO    2023-04-07 22:00:30,972G:\auto_api1_framework\logs\info-2023-04-07.log:test_create_user.py:26 2023-04-07 22:00:30 >>>>>> 开始执行：
INFO    2023-04-07 22:00:30,977G:\auto_api1_framework\logs\info-2023-04-07.log:log_decorator.py:41 
======================================================
用例标题: 创建已存在用户
请求路径: http://127.0.0.1:8888/api/private/v1/users
请求方式: POST
请求头:   {'User-Agent': 'python-requests/2.28.2', 'Accept-Encoding': 'gzip, deflate', 'Accept': '*/*', 'Connection': 'keep-alive', 'Content-Type': 'application/json', 'Authorization': 'Bearer eyJhbGciOiJIUzI1NiIsInR5cCI6IkpXVCJ9.eyJ1aWQiOjUwMCwicmlkIjowLCJpYXQiOjE2ODA4NzYwMzAsImV4cCI6MTY4MDk2MjQzMH0.5bXLXRNGlZKkamqAsV_71EOd61SLUns9CxxWwTS3QhI', 'Content-Length': '43'}
请求内容: {'username': 'admin', 'password': '123456'}
接口响应内容: {'data': None, 'meta': {'msg': '用户名已存在', 'status': 400}}
接口响应时长: 2 ms
Http状态码: 200
=====================================================
INFO    2023-04-07 22:00:30,979G:\auto_api1_framework\logs\info-2023-04-07.log:test_create_user.py:29 2023-04-07 22:00:30 >>>>>> 执行结束！
INFO    2023-04-07 22:09:35,041G:\auto_api1_framework\logs\info-2023-04-07.log:test_create_user.py:26 2023-04-07 22:09:34 >>>>>> 开始执行：
INFO    2023-04-07 22:09:35,109G:\auto_api1_framework\logs\info-2023-04-07.log:log_decorator.py:41 
======================================================
用例标题: 创建用户成功（必填参数）
请求路径: http://127.0.0.1:8888/api/private/v1/users
请求方式: POST
请求头:   {'User-Agent': 'python-requests/2.28.2', 'Accept-Encoding': 'gzip, deflate', 'Accept': '*/*', 'Connection': 'keep-alive', 'Content-Type': 'application/json', 'Authorization': 'Bearer eyJhbGciOiJIUzI1NiIsInR5cCI6IkpXVCJ9.eyJ1aWQiOjUwMCwicmlkIjowLCJpYXQiOjE2ODA4NzY1NzUsImV4cCI6MTY4MDk2Mjk3NX0.7vglJwE5sXmz1UtSghQLNlFSciB2oQ6lyG-jLDu6BP4', 'Content-Length': '63'}
请求内容: {'username': 'DjUgroBQQVJZnzIbiaIq371', 'password': 'admin123'}
接口响应内容: {'data': {'id': 516, 'username': 'DjUgroBQQVJZnzIbiaIq371', 'role_id': -1, 'create_time': 1680876575}, 'meta': {'msg': '创建成功', 'status': 201}}
接口响应时长: 64 ms
Http状态码: 200
=====================================================
INFO    2023-04-07 22:09:35,110G:\auto_api1_framework\logs\info-2023-04-07.log:test_create_user.py:29 2023-04-07 22:09:34 >>>>>> 执行结束！
INFO    2023-04-07 22:09:35,111G:\auto_api1_framework\logs\info-2023-04-07.log:test_create_user.py:26 2023-04-07 22:09:34 >>>>>> 开始执行：
INFO    2023-04-07 22:09:35,179G:\auto_api1_framework\logs\info-2023-04-07.log:log_decorator.py:41 
======================================================
用例标题: 创建用户成功（必填+选填参数）
请求路径: http://127.0.0.1:8888/api/private/v1/users
请求方式: POST
请求头:   {'User-Agent': 'python-requests/2.28.2', 'Accept-Encoding': 'gzip, deflate', 'Accept': '*/*', 'Connection': 'keep-alive', 'Content-Type': 'application/json', 'Authorization': 'Bearer eyJhbGciOiJIUzI1NiIsInR5cCI6IkpXVCJ9.eyJ1aWQiOjUwMCwicmlkIjowLCJpYXQiOjE2ODA4NzY1NzUsImV4cCI6MTY4MDk2Mjk3NX0.7vglJwE5sXmz1UtSghQLNlFSciB2oQ6lyG-jLDu6BP4', 'Content-Length': '91'}
请求内容: {'username': 'nosugTIaxxGwnzYKifiv172', 'password': 'admin123@!', 'email': 'yx123@163.com'}
接口响应内容: {'data': {'id': 517, 'username': 'nosugTIaxxGwnzYKifiv172', 'email': 'yx123@163.com', 'role_id': -1, 'create_time': 1680876575}, 'meta': {'msg': '创建成功', 'status': 201}}
接口响应时长: 64 ms
Http状态码: 200
=====================================================
INFO    2023-04-07 22:09:35,180G:\auto_api1_framework\logs\info-2023-04-07.log:test_create_user.py:29 2023-04-07 22:09:34 >>>>>> 执行结束！
INFO    2023-04-07 22:09:35,181G:\auto_api1_framework\logs\info-2023-04-07.log:test_create_user.py:26 2023-04-07 22:09:34 >>>>>> 开始执行：
INFO    2023-04-07 22:09:35,248G:\auto_api1_framework\logs\info-2023-04-07.log:log_decorator.py:41 
======================================================
用例标题: 创建用户成功（全部参数）
请求路径: http://127.0.0.1:8888/api/private/v1/users
请求方式: POST
请求头:   {'User-Agent': 'python-requests/2.28.2', 'Accept-Encoding': 'gzip, deflate', 'Accept': '*/*', 'Connection': 'keep-alive', 'Content-Type': 'application/json', 'Authorization': 'Bearer eyJhbGciOiJIUzI1NiIsInR5cCI6IkpXVCJ9.eyJ1aWQiOjUwMCwicmlkIjowLCJpYXQiOjE2ODA4NzY1NzUsImV4cCI6MTY4MDk2Mjk3NX0.7vglJwE5sXmz1UtSghQLNlFSciB2oQ6lyG-jLDu6BP4', 'Content-Length': '122'}
请求内容: {'username': 'qHYzuDgTCBUjorlayZRi454', 'password': '789456abcd', 'email': 'mingdai@example.net', 'mobile': '13833909346'}
接口响应内容: {'data': {'id': 518, 'username': 'qHYzuDgTCBUjorlayZRi454', 'mobile': '13833909346', 'email': 'mingdai@example.net', 'role_id': -1, 'create_time': 1680876575}, 'meta': {'msg': '创建成功', 'status': 201}}
接口响应时长: 64 ms
Http状态码: 200
=====================================================
INFO    2023-04-07 22:09:35,249G:\auto_api1_framework\logs\info-2023-04-07.log:test_create_user.py:29 2023-04-07 22:09:34 >>>>>> 执行结束！
INFO    2023-04-07 22:09:35,251G:\auto_api1_framework\logs\info-2023-04-07.log:test_create_user.py:26 2023-04-07 22:09:34 >>>>>> 开始执行：
INFO    2023-04-07 22:09:35,254G:\auto_api1_framework\logs\info-2023-04-07.log:log_decorator.py:41 
======================================================
用例标题: 创建已存在用户
请求路径: http://127.0.0.1:8888/api/private/v1/users
请求方式: POST
请求头:   {'User-Agent': 'python-requests/2.28.2', 'Accept-Encoding': 'gzip, deflate', 'Accept': '*/*', 'Connection': 'keep-alive', 'Content-Type': 'application/json', 'Authorization': 'Bearer eyJhbGciOiJIUzI1NiIsInR5cCI6IkpXVCJ9.eyJ1aWQiOjUwMCwicmlkIjowLCJpYXQiOjE2ODA4NzY1NzUsImV4cCI6MTY4MDk2Mjk3NX0.7vglJwE5sXmz1UtSghQLNlFSciB2oQ6lyG-jLDu6BP4', 'Content-Length': '43'}
请求内容: {'username': 'admin', 'password': '123456'}
接口响应内容: {'data': None, 'meta': {'msg': '用户名已存在', 'status': 400}}
接口响应时长: 3 ms
Http状态码: 200
=====================================================
INFO    2023-04-07 22:09:35,257G:\auto_api1_framework\logs\info-2023-04-07.log:test_create_user.py:29 2023-04-07 22:09:34 >>>>>> 执行结束！
INFO    2023-04-07 22:11:28,755G:\auto_api1_framework\logs\info-2023-04-07.log:test_create_user.py:26 2023-04-07 22:11:28 >>>>>> 开始执行：
INFO    2023-04-07 22:11:28,822G:\auto_api1_framework\logs\info-2023-04-07.log:log_decorator.py:41 
======================================================
用例标题: 创建用户成功（必填参数）
请求路径: http://127.0.0.1:8888/api/private/v1/users
请求方式: POST
请求头:   {'User-Agent': 'python-requests/2.28.2', 'Accept-Encoding': 'gzip, deflate', 'Accept': '*/*', 'Connection': 'keep-alive', 'Content-Type': 'application/json', 'Authorization': 'Bearer eyJhbGciOiJIUzI1NiIsInR5cCI6IkpXVCJ9.eyJ1aWQiOjUwMCwicmlkIjowLCJpYXQiOjE2ODA4NzY2ODgsImV4cCI6MTY4MDk2MzA4OH0.jj_wK89aiA1-BK2cblN_kpC9hqDCmZL-D_9W9au2t6U', 'Content-Length': '47'}
请求内容: {'username': 'paIo776', 'password': 'admin123'}
接口响应内容: {'data': {'id': 519, 'username': 'paIo776', 'role_id': -1, 'create_time': 1680876688}, 'meta': {'msg': '创建成功', 'status': 201}}
接口响应时长: 64 ms
Http状态码: 200
=====================================================
INFO    2023-04-07 22:11:28,825G:\auto_api1_framework\logs\info-2023-04-07.log:test_create_user.py:29 2023-04-07 22:11:28 >>>>>> 执行结束！
INFO    2023-04-07 22:11:28,827G:\auto_api1_framework\logs\info-2023-04-07.log:test_create_user.py:26 2023-04-07 22:11:28 >>>>>> 开始执行：
INFO    2023-04-07 22:11:28,897G:\auto_api1_framework\logs\info-2023-04-07.log:log_decorator.py:41 
======================================================
用例标题: 创建用户成功（必填+选填参数）
请求路径: http://127.0.0.1:8888/api/private/v1/users
请求方式: POST
请求头:   {'User-Agent': 'python-requests/2.28.2', 'Accept-Encoding': 'gzip, deflate', 'Accept': '*/*', 'Connection': 'keep-alive', 'Content-Type': 'application/json', 'Authorization': 'Bearer eyJhbGciOiJIUzI1NiIsInR5cCI6IkpXVCJ9.eyJ1aWQiOjUwMCwicmlkIjowLCJpYXQiOjE2ODA4NzY2ODgsImV4cCI6MTY4MDk2MzA4OH0.jj_wK89aiA1-BK2cblN_kpC9hqDCmZL-D_9W9au2t6U', 'Content-Length': '75'}
请求内容: {'username': 'IjeR086', 'password': 'admin123@!', 'email': 'yx123@163.com'}
接口响应内容: {'data': {'id': 520, 'username': 'IjeR086', 'email': 'yx123@163.com', 'role_id': -1, 'create_time': 1680876688}, 'meta': {'msg': '创建成功', 'status': 201}}
接口响应时长: 67 ms
Http状态码: 200
=====================================================
INFO    2023-04-07 22:11:28,899G:\auto_api1_framework\logs\info-2023-04-07.log:test_create_user.py:29 2023-04-07 22:11:28 >>>>>> 执行结束！
INFO    2023-04-07 22:11:28,902G:\auto_api1_framework\logs\info-2023-04-07.log:test_create_user.py:26 2023-04-07 22:11:28 >>>>>> 开始执行：
INFO    2023-04-07 22:11:28,967G:\auto_api1_framework\logs\info-2023-04-07.log:log_decorator.py:41 
======================================================
用例标题: 创建用户成功（全部参数）
请求路径: http://127.0.0.1:8888/api/private/v1/users
请求方式: POST
请求头:   {'User-Agent': 'python-requests/2.28.2', 'Accept-Encoding': 'gzip, deflate', 'Accept': '*/*', 'Connection': 'keep-alive', 'Content-Type': 'application/json', 'Authorization': 'Bearer eyJhbGciOiJIUzI1NiIsInR5cCI6IkpXVCJ9.eyJ1aWQiOjUwMCwicmlkIjowLCJpYXQiOjE2ODA4NzY2ODgsImV4cCI6MTY4MDk2MzA4OH0.jj_wK89aiA1-BK2cblN_kpC9hqDCmZL-D_9W9au2t6U', 'Content-Length': '102'}
请求内容: {'username': 'LEVP141', 'password': '789456abcd', 'email': 'cfu@example.net', 'mobile': '18249493500'}
接口响应内容: {'data': {'id': 521, 'username': 'LEVP141', 'mobile': '18249493500', 'email': 'cfu@example.net', 'role_id': -1, 'create_time': 1680876688}, 'meta': {'msg': '创建成功', 'status': 201}}
接口响应时长: 63 ms
Http状态码: 200
=====================================================
INFO    2023-04-07 22:11:28,968G:\auto_api1_framework\logs\info-2023-04-07.log:test_create_user.py:29 2023-04-07 22:11:28 >>>>>> 执行结束！
INFO    2023-04-07 22:11:28,970G:\auto_api1_framework\logs\info-2023-04-07.log:test_create_user.py:26 2023-04-07 22:11:28 >>>>>> 开始执行：
INFO    2023-04-07 22:11:28,974G:\auto_api1_framework\logs\info-2023-04-07.log:log_decorator.py:41 
======================================================
用例标题: 创建已存在用户
请求路径: http://127.0.0.1:8888/api/private/v1/users
请求方式: POST
请求头:   {'User-Agent': 'python-requests/2.28.2', 'Accept-Encoding': 'gzip, deflate', 'Accept': '*/*', 'Connection': 'keep-alive', 'Content-Type': 'application/json', 'Authorization': 'Bearer eyJhbGciOiJIUzI1NiIsInR5cCI6IkpXVCJ9.eyJ1aWQiOjUwMCwicmlkIjowLCJpYXQiOjE2ODA4NzY2ODgsImV4cCI6MTY4MDk2MzA4OH0.jj_wK89aiA1-BK2cblN_kpC9hqDCmZL-D_9W9au2t6U', 'Content-Length': '43'}
请求内容: {'username': 'admin', 'password': '123456'}
接口响应内容: {'data': None, 'meta': {'msg': '用户名已存在', 'status': 400}}
接口响应时长: 2 ms
Http状态码: 200
=====================================================
INFO    2023-04-07 22:11:28,975G:\auto_api1_framework\logs\info-2023-04-07.log:test_create_user.py:29 2023-04-07 22:11:28 >>>>>> 执行结束！
INFO    2023-04-07 22:12:32,024G:\auto_api1_framework\logs\info-2023-04-07.log:test_create_user.py:26 2023-04-07 22:12:31 >>>>>> 开始执行：
INFO    2023-04-07 22:12:32,092G:\auto_api1_framework\logs\info-2023-04-07.log:log_decorator.py:41 
======================================================
用例标题: 创建用户成功（必填参数）
请求路径: http://127.0.0.1:8888/api/private/v1/users
请求方式: POST
请求头:   {'User-Agent': 'python-requests/2.28.2', 'Accept-Encoding': 'gzip, deflate', 'Accept': '*/*', 'Connection': 'keep-alive', 'Content-Type': 'application/json', 'Authorization': 'Bearer eyJhbGciOiJIUzI1NiIsInR5cCI6IkpXVCJ9.eyJ1aWQiOjUwMCwicmlkIjowLCJpYXQiOjE2ODA4NzY3NTIsImV4cCI6MTY4MDk2MzE1Mn0.JeDGLTeBrRAmoZ_grRbUsEInhUNOv6wGWO3_9Yenn7o', 'Content-Length': '47'}
请求内容: {'username': 'hVRq295', 'password': 'admin123'}
接口响应内容: {'data': {'id': 522, 'username': 'hVRq295', 'role_id': -1, 'create_time': 1680876752}, 'meta': {'msg': '创建成功', 'status': 201}}
接口响应时长: 65 ms
Http状态码: 200
=====================================================
INFO    2023-04-07 22:12:32,094G:\auto_api1_framework\logs\info-2023-04-07.log:test_create_user.py:29 2023-04-07 22:12:31 >>>>>> 执行结束！
INFO    2023-04-07 22:12:32,095G:\auto_api1_framework\logs\info-2023-04-07.log:test_create_user.py:26 2023-04-07 22:12:31 >>>>>> 开始执行：
INFO    2023-04-07 22:12:32,163G:\auto_api1_framework\logs\info-2023-04-07.log:log_decorator.py:41 
======================================================
用例标题: 创建用户成功（必填+选填参数）
请求路径: http://127.0.0.1:8888/api/private/v1/users
请求方式: POST
请求头:   {'User-Agent': 'python-requests/2.28.2', 'Accept-Encoding': 'gzip, deflate', 'Accept': '*/*', 'Connection': 'keep-alive', 'Content-Type': 'application/json', 'Authorization': 'Bearer eyJhbGciOiJIUzI1NiIsInR5cCI6IkpXVCJ9.eyJ1aWQiOjUwMCwicmlkIjowLCJpYXQiOjE2ODA4NzY3NTIsImV4cCI6MTY4MDk2MzE1Mn0.JeDGLTeBrRAmoZ_grRbUsEInhUNOv6wGWO3_9Yenn7o', 'Content-Length': '80'}
请求内容: {'username': 'KVSQ299', 'password': 'admin123@!', 'email': 'yancai@example.org'}
接口响应内容: {'data': {'id': 523, 'username': 'KVSQ299', 'email': 'yancai@example.org', 'role_id': -1, 'create_time': 1680876752}, 'meta': {'msg': '创建成功', 'status': 201}}
接口响应时长: 65 ms
Http状态码: 200
=====================================================
INFO    2023-04-07 22:12:32,165G:\auto_api1_framework\logs\info-2023-04-07.log:test_create_user.py:29 2023-04-07 22:12:31 >>>>>> 执行结束！
INFO    2023-04-07 22:12:32,166G:\auto_api1_framework\logs\info-2023-04-07.log:test_create_user.py:26 2023-04-07 22:12:31 >>>>>> 开始执行：
INFO    2023-04-07 22:12:32,231G:\auto_api1_framework\logs\info-2023-04-07.log:log_decorator.py:41 
======================================================
用例标题: 创建用户成功（全部参数）
请求路径: http://127.0.0.1:8888/api/private/v1/users
请求方式: POST
请求头:   {'User-Agent': 'python-requests/2.28.2', 'Accept-Encoding': 'gzip, deflate', 'Accept': '*/*', 'Connection': 'keep-alive', 'Content-Type': 'application/json', 'Authorization': 'Bearer eyJhbGciOiJIUzI1NiIsInR5cCI6IkpXVCJ9.eyJ1aWQiOjUwMCwicmlkIjowLCJpYXQiOjE2ODA4NzY3NTIsImV4cCI6MTY4MDk2MzE1Mn0.JeDGLTeBrRAmoZ_grRbUsEInhUNOv6wGWO3_9Yenn7o', 'Content-Length': '106'}
请求内容: {'username': 'xqFD616', 'password': '789456abcd', 'email': 'maofang@example.net', 'mobile': '13311116602'}
接口响应内容: {'data': {'id': 524, 'username': 'xqFD616', 'mobile': '13311116602', 'email': 'maofang@example.net', 'role_id': -1, 'create_time': 1680876752}, 'meta': {'msg': '创建成功', 'status': 201}}
接口响应时长: 63 ms
Http状态码: 200
=====================================================
INFO    2023-04-07 22:12:32,233G:\auto_api1_framework\logs\info-2023-04-07.log:test_create_user.py:29 2023-04-07 22:12:31 >>>>>> 执行结束！
INFO    2023-04-07 22:12:32,235G:\auto_api1_framework\logs\info-2023-04-07.log:test_create_user.py:26 2023-04-07 22:12:31 >>>>>> 开始执行：
INFO    2023-04-07 22:12:32,238G:\auto_api1_framework\logs\info-2023-04-07.log:log_decorator.py:41 
======================================================
用例标题: 创建已存在用户
请求路径: http://127.0.0.1:8888/api/private/v1/users
请求方式: POST
请求头:   {'User-Agent': 'python-requests/2.28.2', 'Accept-Encoding': 'gzip, deflate', 'Accept': '*/*', 'Connection': 'keep-alive', 'Content-Type': 'application/json', 'Authorization': 'Bearer eyJhbGciOiJIUzI1NiIsInR5cCI6IkpXVCJ9.eyJ1aWQiOjUwMCwicmlkIjowLCJpYXQiOjE2ODA4NzY3NTIsImV4cCI6MTY4MDk2MzE1Mn0.JeDGLTeBrRAmoZ_grRbUsEInhUNOv6wGWO3_9Yenn7o', 'Content-Length': '43'}
请求内容: {'username': 'admin', 'password': '123456'}
接口响应内容: {'data': None, 'meta': {'msg': '用户名已存在', 'status': 400}}
接口响应时长: 2 ms
Http状态码: 200
=====================================================
INFO    2023-04-07 22:12:32,239G:\auto_api1_framework\logs\info-2023-04-07.log:test_create_user.py:29 2023-04-07 22:12:31 >>>>>> 执行结束！
INFO    2023-04-07 22:17:35,065G:\auto_api1_framework\logs\info-2023-04-07.log:test_create_user.py:26 2023-04-07 22:17:34 >>>>>> 开始执行：
INFO    2023-04-07 22:17:35,133G:\auto_api1_framework\logs\info-2023-04-07.log:log_decorator.py:41 
======================================================
用例标题: 创建用户成功（必填参数）
请求路径: http://127.0.0.1:8888/api/private/v1/users
请求方式: POST
请求头:   {'User-Agent': 'python-requests/2.28.2', 'Accept-Encoding': 'gzip, deflate', 'Accept': '*/*', 'Connection': 'keep-alive', 'Content-Type': 'application/json', 'Authorization': 'Bearer eyJhbGciOiJIUzI1NiIsInR5cCI6IkpXVCJ9.eyJ1aWQiOjUwMCwicmlkIjowLCJpYXQiOjE2ODA4NzcwNTUsImV4cCI6MTY4MDk2MzQ1NX0.RIhn5qC1HJHIBNd3SLk3YBAE_7zFZm9h5GEt6t23Ino', 'Content-Length': '47'}
请求内容: {'username': 'ynBw011', 'password': 'admin123'}
接口响应内容: {'data': {'id': 525, 'username': 'ynBw011', 'role_id': -1, 'create_time': 1680877055}, 'meta': {'msg': '创建成功', 'status': 201}}
接口响应时长: 63 ms
Http状态码: 200
=====================================================
INFO    2023-04-07 22:17:35,135G:\auto_api1_framework\logs\info-2023-04-07.log:test_create_user.py:29 2023-04-07 22:17:34 >>>>>> 执行结束！
INFO    2023-04-07 22:17:35,137G:\auto_api1_framework\logs\info-2023-04-07.log:test_create_user.py:26 2023-04-07 22:17:34 >>>>>> 开始执行：
INFO    2023-04-07 22:17:35,203G:\auto_api1_framework\logs\info-2023-04-07.log:log_decorator.py:41 
======================================================
用例标题: 创建用户成功（必填+选填参数）
请求路径: http://127.0.0.1:8888/api/private/v1/users
请求方式: POST
请求头:   {'User-Agent': 'python-requests/2.28.2', 'Accept-Encoding': 'gzip, deflate', 'Accept': '*/*', 'Connection': 'keep-alive', 'Content-Type': 'application/json', 'Authorization': 'Bearer eyJhbGciOiJIUzI1NiIsInR5cCI6IkpXVCJ9.eyJ1aWQiOjUwMCwicmlkIjowLCJpYXQiOjE2ODA4NzcwNTUsImV4cCI6MTY4MDk2MzQ1NX0.RIhn5qC1HJHIBNd3SLk3YBAE_7zFZm9h5GEt6t23Ino', 'Content-Length': '80'}
请求内容: {'username': 'JzkL530', 'password': 'admin123@!', 'email': 'ping36@example.net'}
接口响应内容: {'data': {'id': 526, 'username': 'JzkL530', 'email': 'ping36@example.net', 'role_id': -1, 'create_time': 1680877055}, 'meta': {'msg': '创建成功', 'status': 201}}
接口响应时长: 63 ms
Http状态码: 200
=====================================================
INFO    2023-04-07 22:17:35,204G:\auto_api1_framework\logs\info-2023-04-07.log:test_create_user.py:29 2023-04-07 22:17:34 >>>>>> 执行结束！
INFO    2023-04-07 22:17:35,206G:\auto_api1_framework\logs\info-2023-04-07.log:test_create_user.py:26 2023-04-07 22:17:34 >>>>>> 开始执行：
INFO    2023-04-07 22:17:35,273G:\auto_api1_framework\logs\info-2023-04-07.log:log_decorator.py:41 
======================================================
用例标题: 创建用户成功（全部参数）
请求路径: http://127.0.0.1:8888/api/private/v1/users
请求方式: POST
请求头:   {'User-Agent': 'python-requests/2.28.2', 'Accept-Encoding': 'gzip, deflate', 'Accept': '*/*', 'Connection': 'keep-alive', 'Content-Type': 'application/json', 'Authorization': 'Bearer eyJhbGciOiJIUzI1NiIsInR5cCI6IkpXVCJ9.eyJ1aWQiOjUwMCwicmlkIjowLCJpYXQiOjE2ODA4NzcwNTUsImV4cCI6MTY4MDk2MzQ1NX0.RIhn5qC1HJHIBNd3SLk3YBAE_7zFZm9h5GEt6t23Ino', 'Content-Length': '106'}
请求内容: {'username': 'rUEp096', 'password': '789456abcd', 'email': 'weifeng@example.net', 'mobile': '15843703955'}
接口响应内容: {'data': {'id': 527, 'username': 'rUEp096', 'mobile': '15843703955', 'email': 'weifeng@example.net', 'role_id': -1, 'create_time': 1680877055}, 'meta': {'msg': '创建成功', 'status': 201}}
接口响应时长: 63 ms
Http状态码: 200
=====================================================
INFO    2023-04-07 22:17:35,274G:\auto_api1_framework\logs\info-2023-04-07.log:test_create_user.py:29 2023-04-07 22:17:34 >>>>>> 执行结束！
INFO    2023-04-07 22:17:35,276G:\auto_api1_framework\logs\info-2023-04-07.log:test_create_user.py:26 2023-04-07 22:17:34 >>>>>> 开始执行：
INFO    2023-04-07 22:17:35,283G:\auto_api1_framework\logs\info-2023-04-07.log:log_decorator.py:41 
======================================================
用例标题: 创建已存在用户
请求路径: http://127.0.0.1:8888/api/private/v1/users
请求方式: POST
请求头:   {'User-Agent': 'python-requests/2.28.2', 'Accept-Encoding': 'gzip, deflate', 'Accept': '*/*', 'Connection': 'keep-alive', 'Content-Type': 'application/json', 'Authorization': 'Bearer eyJhbGciOiJIUzI1NiIsInR5cCI6IkpXVCJ9.eyJ1aWQiOjUwMCwicmlkIjowLCJpYXQiOjE2ODA4NzcwNTUsImV4cCI6MTY4MDk2MzQ1NX0.RIhn5qC1HJHIBNd3SLk3YBAE_7zFZm9h5GEt6t23Ino', 'Content-Length': '43'}
请求内容: {'username': 'admin', 'password': '123456'}
接口响应内容: {'data': None, 'meta': {'msg': '用户名已存在', 'status': 400}}
接口响应时长: 2 ms
Http状态码: 200
=====================================================
INFO    2023-04-07 22:17:35,283G:\auto_api1_framework\logs\info-2023-04-07.log:test_create_user.py:29 2023-04-07 22:17:34 >>>>>> 执行结束！
INFO    2023-04-07 22:21:14,124G:\auto_api1_framework\logs\info-2023-04-07.log:test_create_user.py:26 2023-04-07 22:21:13 >>>>>> 开始执行：
INFO    2023-04-07 22:21:14,202G:\auto_api1_framework\logs\info-2023-04-07.log:log_decorator.py:41 
======================================================
用例标题: 创建用户成功（必填参数）
请求路径: http://127.0.0.1:8888/api/private/v1/users
请求方式: POST
请求头:   {'User-Agent': 'python-requests/2.28.2', 'Accept-Encoding': 'gzip, deflate', 'Accept': '*/*', 'Connection': 'keep-alive', 'Content-Type': 'application/json', 'Authorization': 'Bearer eyJhbGciOiJIUzI1NiIsInR5cCI6IkpXVCJ9.eyJ1aWQiOjUwMCwicmlkIjowLCJpYXQiOjE2ODA4NzcyNzQsImV4cCI6MTY4MDk2MzY3NH0.riRYy9JBb1P4qROnP29AWXR8g-xceyoBdN3cw073Rrg', 'Content-Length': '47'}
请求内容: {'username': 'aQIk596', 'password': 'admin123'}
接口响应内容: {'data': {'id': 528, 'username': 'aQIk596', 'role_id': -1, 'create_time': 1680877274}, 'meta': {'msg': '创建成功', 'status': 201}}
接口响应时长: 72 ms
Http状态码: 200
=====================================================
INFO    2023-04-07 22:21:14,204G:\auto_api1_framework\logs\info-2023-04-07.log:test_create_user.py:29 2023-04-07 22:21:13 >>>>>> 执行结束！
INFO    2023-04-07 22:21:14,208G:\auto_api1_framework\logs\info-2023-04-07.log:test_create_user.py:26 2023-04-07 22:21:13 >>>>>> 开始执行：
INFO    2023-04-07 22:21:14,278G:\auto_api1_framework\logs\info-2023-04-07.log:log_decorator.py:41 
======================================================
用例标题: 创建用户成功（必填+选填参数）
请求路径: http://127.0.0.1:8888/api/private/v1/users
请求方式: POST
请求头:   {'User-Agent': 'python-requests/2.28.2', 'Accept-Encoding': 'gzip, deflate', 'Accept': '*/*', 'Connection': 'keep-alive', 'Content-Type': 'application/json', 'Authorization': 'Bearer eyJhbGciOiJIUzI1NiIsInR5cCI6IkpXVCJ9.eyJ1aWQiOjUwMCwicmlkIjowLCJpYXQiOjE2ODA4NzcyNzQsImV4cCI6MTY4MDk2MzY3NH0.riRYy9JBb1P4qROnP29AWXR8g-xceyoBdN3cw073Rrg', 'Content-Length': '80'}
请求内容: {'username': 'tiPE567', 'password': 'admin123@!', 'email': 'junhao@example.org'}
接口响应内容: {'data': {'id': 529, 'username': 'tiPE567', 'email': 'junhao@example.org', 'role_id': -1, 'create_time': 1680877274}, 'meta': {'msg': '创建成功', 'status': 201}}
接口响应时长: 66 ms
Http状态码: 200
=====================================================
INFO    2023-04-07 22:21:14,279G:\auto_api1_framework\logs\info-2023-04-07.log:test_create_user.py:29 2023-04-07 22:21:13 >>>>>> 执行结束！
INFO    2023-04-07 22:21:14,281G:\auto_api1_framework\logs\info-2023-04-07.log:test_create_user.py:26 2023-04-07 22:21:13 >>>>>> 开始执行：
INFO    2023-04-07 22:21:14,348G:\auto_api1_framework\logs\info-2023-04-07.log:log_decorator.py:41 
======================================================
用例标题: 创建用户成功（全部参数）
请求路径: http://127.0.0.1:8888/api/private/v1/users
请求方式: POST
请求头:   {'User-Agent': 'python-requests/2.28.2', 'Accept-Encoding': 'gzip, deflate', 'Accept': '*/*', 'Connection': 'keep-alive', 'Content-Type': 'application/json', 'Authorization': 'Bearer eyJhbGciOiJIUzI1NiIsInR5cCI6IkpXVCJ9.eyJ1aWQiOjUwMCwicmlkIjowLCJpYXQiOjE2ODA4NzcyNzQsImV4cCI6MTY4MDk2MzY3NH0.riRYy9JBb1P4qROnP29AWXR8g-xceyoBdN3cw073Rrg', 'Content-Length': '104'}
请求内容: {'username': 'LqkF012', 'password': '789456abcd', 'email': 'jshao@example.org', 'mobile': '18736669772'}
接口响应内容: {'data': {'id': 530, 'username': 'LqkF012', 'mobile': '18736669772', 'email': 'jshao@example.org', 'role_id': -1, 'create_time': 1680877274}, 'meta': {'msg': '创建成功', 'status': 201}}
接口响应时长: 63 ms
Http状态码: 200
=====================================================
INFO    2023-04-07 22:21:14,349G:\auto_api1_framework\logs\info-2023-04-07.log:test_create_user.py:29 2023-04-07 22:21:13 >>>>>> 执行结束！
INFO    2023-04-07 22:21:14,352G:\auto_api1_framework\logs\info-2023-04-07.log:test_create_user.py:26 2023-04-07 22:21:13 >>>>>> 开始执行：
INFO    2023-04-07 22:21:14,359G:\auto_api1_framework\logs\info-2023-04-07.log:log_decorator.py:41 
======================================================
用例标题: 创建已存在用户
请求路径: http://127.0.0.1:8888/api/private/v1/users
请求方式: POST
请求头:   {'User-Agent': 'python-requests/2.28.2', 'Accept-Encoding': 'gzip, deflate', 'Accept': '*/*', 'Connection': 'keep-alive', 'Content-Type': 'application/json', 'Authorization': 'Bearer eyJhbGciOiJIUzI1NiIsInR5cCI6IkpXVCJ9.eyJ1aWQiOjUwMCwicmlkIjowLCJpYXQiOjE2ODA4NzcyNzQsImV4cCI6MTY4MDk2MzY3NH0.riRYy9JBb1P4qROnP29AWXR8g-xceyoBdN3cw073Rrg', 'Content-Length': '43'}
请求内容: {'username': 'admin', 'password': '123456'}
接口响应内容: {'data': None, 'meta': {'msg': '用户名已存在', 'status': 400}}
接口响应时长: 2 ms
Http状态码: 200
=====================================================
INFO    2023-04-07 22:21:14,360G:\auto_api1_framework\logs\info-2023-04-07.log:test_create_user.py:29 2023-04-07 22:21:13 >>>>>> 执行结束！
INFO    2023-04-07 22:21:37,625G:\auto_api1_framework\logs\info-2023-04-07.log:test_create_user.py:26 2023-04-07 22:21:37 >>>>>> 开始执行：
INFO    2023-04-07 22:21:37,692G:\auto_api1_framework\logs\info-2023-04-07.log:log_decorator.py:41 
======================================================
用例标题: 创建用户成功（必填参数）
请求路径: http://127.0.0.1:8888/api/private/v1/users
请求方式: POST
请求头:   {'User-Agent': 'python-requests/2.28.2', 'Accept-Encoding': 'gzip, deflate', 'Accept': '*/*', 'Connection': 'keep-alive', 'Content-Type': 'application/json', 'Authorization': 'Bearer eyJhbGciOiJIUzI1NiIsInR5cCI6IkpXVCJ9.eyJ1aWQiOjUwMCwicmlkIjowLCJpYXQiOjE2ODA4NzcyOTcsImV4cCI6MTY4MDk2MzY5N30.EdgHajTIYBWG0wGTlXnNILjEg4QS6HjJff3MVfHOjmQ', 'Content-Length': '47'}
请求内容: {'username': 'KyFS786', 'password': 'admin123'}
接口响应内容: {'data': {'id': 531, 'username': 'KyFS786', 'role_id': -1, 'create_time': 1680877297}, 'meta': {'msg': '创建成功', 'status': 201}}
接口响应时长: 64 ms
Http状态码: 200
=====================================================
INFO    2023-04-07 22:21:37,694G:\auto_api1_framework\logs\info-2023-04-07.log:test_create_user.py:29 2023-04-07 22:21:37 >>>>>> 执行结束！
INFO    2023-04-07 22:21:37,696G:\auto_api1_framework\logs\info-2023-04-07.log:test_create_user.py:26 2023-04-07 22:21:37 >>>>>> 开始执行：
INFO    2023-04-07 22:21:37,762G:\auto_api1_framework\logs\info-2023-04-07.log:log_decorator.py:41 
======================================================
用例标题: 创建用户成功（必填+选填参数）
请求路径: http://127.0.0.1:8888/api/private/v1/users
请求方式: POST
请求头:   {'User-Agent': 'python-requests/2.28.2', 'Accept-Encoding': 'gzip, deflate', 'Accept': '*/*', 'Connection': 'keep-alive', 'Content-Type': 'application/json', 'Authorization': 'Bearer eyJhbGciOiJIUzI1NiIsInR5cCI6IkpXVCJ9.eyJ1aWQiOjUwMCwicmlkIjowLCJpYXQiOjE2ODA4NzcyOTcsImV4cCI6MTY4MDk2MzY5N30.EdgHajTIYBWG0wGTlXnNILjEg4QS6HjJff3MVfHOjmQ', 'Content-Length': '80'}
请求内容: {'username': 'jvrP554', 'password': 'admin123@!', 'email': 'jing35@example.net'}
接口响应内容: {'data': {'id': 532, 'username': 'jvrP554', 'email': 'jing35@example.net', 'role_id': -1, 'create_time': 1680877297}, 'meta': {'msg': '创建成功', 'status': 201}}
接口响应时长: 63 ms
Http状态码: 200
=====================================================
INFO    2023-04-07 22:21:37,763G:\auto_api1_framework\logs\info-2023-04-07.log:test_create_user.py:29 2023-04-07 22:21:37 >>>>>> 执行结束！
INFO    2023-04-07 22:21:37,764G:\auto_api1_framework\logs\info-2023-04-07.log:test_create_user.py:26 2023-04-07 22:21:37 >>>>>> 开始执行：
INFO    2023-04-07 22:21:37,831G:\auto_api1_framework\logs\info-2023-04-07.log:log_decorator.py:41 
======================================================
用例标题: 创建用户成功（全部参数）
请求路径: http://127.0.0.1:8888/api/private/v1/users
请求方式: POST
请求头:   {'User-Agent': 'python-requests/2.28.2', 'Accept-Encoding': 'gzip, deflate', 'Accept': '*/*', 'Connection': 'keep-alive', 'Content-Type': 'application/json', 'Authorization': 'Bearer eyJhbGciOiJIUzI1NiIsInR5cCI6IkpXVCJ9.eyJ1aWQiOjUwMCwicmlkIjowLCJpYXQiOjE2ODA4NzcyOTcsImV4cCI6MTY4MDk2MzY5N30.EdgHajTIYBWG0wGTlXnNILjEg4QS6HjJff3MVfHOjmQ', 'Content-Length': '105'}
请求内容: {'username': 'Ikch396', 'password': '789456abcd', 'email': 'xiemin@example.org', 'mobile': '13633155347'}
接口响应内容: {'data': {'id': 533, 'username': 'Ikch396', 'mobile': '13633155347', 'email': 'xiemin@example.org', 'role_id': -1, 'create_time': 1680877297}, 'meta': {'msg': '创建成功', 'status': 201}}
接口响应时长: 64 ms
Http状态码: 200
=====================================================
INFO    2023-04-07 22:21:37,832G:\auto_api1_framework\logs\info-2023-04-07.log:test_create_user.py:29 2023-04-07 22:21:37 >>>>>> 执行结束！
INFO    2023-04-07 22:21:37,834G:\auto_api1_framework\logs\info-2023-04-07.log:test_create_user.py:26 2023-04-07 22:21:37 >>>>>> 开始执行：
INFO    2023-04-07 22:21:37,839G:\auto_api1_framework\logs\info-2023-04-07.log:log_decorator.py:41 
======================================================
用例标题: 创建已存在用户
请求路径: http://127.0.0.1:8888/api/private/v1/users
请求方式: POST
请求头:   {'User-Agent': 'python-requests/2.28.2', 'Accept-Encoding': 'gzip, deflate', 'Accept': '*/*', 'Connection': 'keep-alive', 'Content-Type': 'application/json', 'Authorization': 'Bearer eyJhbGciOiJIUzI1NiIsInR5cCI6IkpXVCJ9.eyJ1aWQiOjUwMCwicmlkIjowLCJpYXQiOjE2ODA4NzcyOTcsImV4cCI6MTY4MDk2MzY5N30.EdgHajTIYBWG0wGTlXnNILjEg4QS6HjJff3MVfHOjmQ', 'Content-Length': '43'}
请求内容: {'username': 'admin', 'password': '123456'}
接口响应内容: {'data': None, 'meta': {'msg': '用户名已存在', 'status': 400}}
接口响应时长: 2 ms
Http状态码: 200
=====================================================
INFO    2023-04-07 22:21:37,841G:\auto_api1_framework\logs\info-2023-04-07.log:test_create_user.py:29 2023-04-07 22:21:37 >>>>>> 执行结束！
INFO    2023-04-07 22:22:34,194G:\auto_api1_framework\logs\info-2023-04-07.log:test_create_user.py:26 2023-04-07 22:22:34 >>>>>> 开始执行：
INFO    2023-04-07 22:22:34,260G:\auto_api1_framework\logs\info-2023-04-07.log:log_decorator.py:41 
======================================================
用例标题: 创建用户成功（必填参数）
请求路径: http://127.0.0.1:8888/api/private/v1/users
请求方式: POST
请求头:   {'User-Agent': 'python-requests/2.28.2', 'Accept-Encoding': 'gzip, deflate', 'Accept': '*/*', 'Connection': 'keep-alive', 'Content-Type': 'application/json', 'Authorization': 'Bearer eyJhbGciOiJIUzI1NiIsInR5cCI6IkpXVCJ9.eyJ1aWQiOjUwMCwicmlkIjowLCJpYXQiOjE2ODA4NzczNTQsImV4cCI6MTY4MDk2Mzc1NH0.o_55TIs_Ij3UhABdwR3-TRkUJMb69VRuhJiz_lFqTkA', 'Content-Length': '47'}
请求内容: {'username': 'rsgg937', 'password': 'admin123'}
接口响应内容: {'data': {'id': 534, 'username': 'rsgg937', 'role_id': -1, 'create_time': 1680877354}, 'meta': {'msg': '创建成功', 'status': 201}}
接口响应时长: 64 ms
Http状态码: 200
=====================================================
INFO    2023-04-07 22:22:34,262G:\auto_api1_framework\logs\info-2023-04-07.log:test_create_user.py:29 2023-04-07 22:22:34 >>>>>> 执行结束！
INFO    2023-04-07 22:22:34,265G:\auto_api1_framework\logs\info-2023-04-07.log:test_create_user.py:26 2023-04-07 22:22:34 >>>>>> 开始执行：
INFO    2023-04-07 22:22:34,330G:\auto_api1_framework\logs\info-2023-04-07.log:log_decorator.py:41 
======================================================
用例标题: 创建用户成功（必填+选填参数）
请求路径: http://127.0.0.1:8888/api/private/v1/users
请求方式: POST
请求头:   {'User-Agent': 'python-requests/2.28.2', 'Accept-Encoding': 'gzip, deflate', 'Accept': '*/*', 'Connection': 'keep-alive', 'Content-Type': 'application/json', 'Authorization': 'Bearer eyJhbGciOiJIUzI1NiIsInR5cCI6IkpXVCJ9.eyJ1aWQiOjUwMCwicmlkIjowLCJpYXQiOjE2ODA4NzczNTQsImV4cCI6MTY4MDk2Mzc1NH0.o_55TIs_Ij3UhABdwR3-TRkUJMb69VRuhJiz_lFqTkA', 'Content-Length': '82'}
请求内容: {'username': 'mLWl704', 'password': 'admin123@!', 'email': 'xiulan71@example.net'}
接口响应内容: {'data': {'id': 535, 'username': 'mLWl704', 'email': 'xiulan71@example.net', 'role_id': -1, 'create_time': 1680877354}, 'meta': {'msg': '创建成功', 'status': 201}}
接口响应时长: 63 ms
Http状态码: 200
=====================================================
INFO    2023-04-07 22:22:34,332G:\auto_api1_framework\logs\info-2023-04-07.log:test_create_user.py:29 2023-04-07 22:22:34 >>>>>> 执行结束！
INFO    2023-04-07 22:22:34,337G:\auto_api1_framework\logs\info-2023-04-07.log:test_create_user.py:26 2023-04-07 22:22:34 >>>>>> 开始执行：
INFO    2023-04-07 22:22:34,406G:\auto_api1_framework\logs\info-2023-04-07.log:log_decorator.py:41 
======================================================
用例标题: 创建用户成功（全部参数）
请求路径: http://127.0.0.1:8888/api/private/v1/users
请求方式: POST
请求头:   {'User-Agent': 'python-requests/2.28.2', 'Accept-Encoding': 'gzip, deflate', 'Accept': '*/*', 'Connection': 'keep-alive', 'Content-Type': 'application/json', 'Authorization': 'Bearer eyJhbGciOiJIUzI1NiIsInR5cCI6IkpXVCJ9.eyJ1aWQiOjUwMCwicmlkIjowLCJpYXQiOjE2ODA4NzczNTQsImV4cCI6MTY4MDk2Mzc1NH0.o_55TIs_Ij3UhABdwR3-TRkUJMb69VRuhJiz_lFqTkA', 'Content-Length': '107'}
请求内容: {'username': 'nqbT437', 'password': '789456abcd', 'email': 'mingyang@example.org', 'mobile': '13067802203'}
接口响应内容: {'data': {'id': 536, 'username': 'nqbT437', 'mobile': '13067802203', 'email': 'mingyang@example.org', 'role_id': -1, 'create_time': 1680877354}, 'meta': {'msg': '创建成功', 'status': 201}}
接口响应时长: 66 ms
Http状态码: 200
=====================================================
INFO    2023-04-07 22:22:34,407G:\auto_api1_framework\logs\info-2023-04-07.log:test_create_user.py:29 2023-04-07 22:22:34 >>>>>> 执行结束！
INFO    2023-04-07 22:22:34,411G:\auto_api1_framework\logs\info-2023-04-07.log:test_create_user.py:26 2023-04-07 22:22:34 >>>>>> 开始执行：
INFO    2023-04-07 22:22:34,417G:\auto_api1_framework\logs\info-2023-04-07.log:log_decorator.py:41 
======================================================
用例标题: 创建已存在用户
请求路径: http://127.0.0.1:8888/api/private/v1/users
请求方式: POST
请求头:   {'User-Agent': 'python-requests/2.28.2', 'Accept-Encoding': 'gzip, deflate', 'Accept': '*/*', 'Connection': 'keep-alive', 'Content-Type': 'application/json', 'Authorization': 'Bearer eyJhbGciOiJIUzI1NiIsInR5cCI6IkpXVCJ9.eyJ1aWQiOjUwMCwicmlkIjowLCJpYXQiOjE2ODA4NzczNTQsImV4cCI6MTY4MDk2Mzc1NH0.o_55TIs_Ij3UhABdwR3-TRkUJMb69VRuhJiz_lFqTkA', 'Content-Length': '43'}
请求内容: {'username': 'admin', 'password': '123456'}
接口响应内容: {'data': None, 'meta': {'msg': '用户名已存在', 'status': 400}}
接口响应时长: 2 ms
Http状态码: 200
=====================================================
INFO    2023-04-07 22:22:34,419G:\auto_api1_framework\logs\info-2023-04-07.log:test_create_user.py:29 2023-04-07 22:22:34 >>>>>> 执行结束！
INFO    2023-04-07 22:23:45,372G:\auto_api1_framework\logs\info-2023-04-07.log:test_create_user.py:26 2023-04-07 22:23:45 >>>>>> 开始执行：
INFO    2023-04-07 22:23:45,442G:\auto_api1_framework\logs\info-2023-04-07.log:log_decorator.py:41 
======================================================
用例标题: 创建用户成功（必填参数）
请求路径: http://127.0.0.1:8888/api/private/v1/users
请求方式: POST
请求头:   {'User-Agent': 'python-requests/2.28.2', 'Accept-Encoding': 'gzip, deflate', 'Accept': '*/*', 'Connection': 'keep-alive', 'Content-Type': 'application/json', 'Authorization': 'Bearer eyJhbGciOiJIUzI1NiIsInR5cCI6IkpXVCJ9.eyJ1aWQiOjUwMCwicmlkIjowLCJpYXQiOjE2ODA4Nzc0MjUsImV4cCI6MTY4MDk2MzgyNX0.6ddC-no_YYWQcEzHrAkzNMEj67DT5ezQ6hjtb4RfODw', 'Content-Length': '47'}
请求内容: {'username': 'ehlU964', 'password': 'admin123'}
接口响应内容: {'data': {'id': 537, 'username': 'ehlU964', 'role_id': -1, 'create_time': 1680877425}, 'meta': {'msg': '创建成功', 'status': 201}}
接口响应时长: 64 ms
Http状态码: 200
=====================================================
INFO    2023-04-07 22:23:45,444G:\auto_api1_framework\logs\info-2023-04-07.log:test_create_user.py:29 2023-04-07 22:23:45 >>>>>> 执行结束！
INFO    2023-04-07 22:23:45,446G:\auto_api1_framework\logs\info-2023-04-07.log:test_create_user.py:26 2023-04-07 22:23:45 >>>>>> 开始执行：
INFO    2023-04-07 22:23:45,514G:\auto_api1_framework\logs\info-2023-04-07.log:log_decorator.py:41 
======================================================
用例标题: 创建用户成功（必填+选填参数）
请求路径: http://127.0.0.1:8888/api/private/v1/users
请求方式: POST
请求头:   {'User-Agent': 'python-requests/2.28.2', 'Accept-Encoding': 'gzip, deflate', 'Accept': '*/*', 'Connection': 'keep-alive', 'Content-Type': 'application/json', 'Authorization': 'Bearer eyJhbGciOiJIUzI1NiIsInR5cCI6IkpXVCJ9.eyJ1aWQiOjUwMCwicmlkIjowLCJpYXQiOjE2ODA4Nzc0MjUsImV4cCI6MTY4MDk2MzgyNX0.6ddC-no_YYWQcEzHrAkzNMEj67DT5ezQ6hjtb4RfODw', 'Content-Length': '77'}
请求内容: {'username': 'rbbN834', 'password': 'admin123@!', 'email': 'iyu@example.com'}
接口响应内容: {'data': {'id': 538, 'username': 'rbbN834', 'email': 'iyu@example.com', 'role_id': -1, 'create_time': 1680877425}, 'meta': {'msg': '创建成功', 'status': 201}}
接口响应时长: 63 ms
Http状态码: 200
=====================================================
INFO    2023-04-07 22:23:45,515G:\auto_api1_framework\logs\info-2023-04-07.log:test_create_user.py:29 2023-04-07 22:23:45 >>>>>> 执行结束！
INFO    2023-04-07 22:23:45,517G:\auto_api1_framework\logs\info-2023-04-07.log:test_create_user.py:26 2023-04-07 22:23:45 >>>>>> 开始执行：
INFO    2023-04-07 22:23:45,584G:\auto_api1_framework\logs\info-2023-04-07.log:log_decorator.py:41 
======================================================
用例标题: 创建用户成功（全部参数）
请求路径: http://127.0.0.1:8888/api/private/v1/users
请求方式: POST
请求头:   {'User-Agent': 'python-requests/2.28.2', 'Accept-Encoding': 'gzip, deflate', 'Accept': '*/*', 'Connection': 'keep-alive', 'Content-Type': 'application/json', 'Authorization': 'Bearer eyJhbGciOiJIUzI1NiIsInR5cCI6IkpXVCJ9.eyJ1aWQiOjUwMCwicmlkIjowLCJpYXQiOjE2ODA4Nzc0MjUsImV4cCI6MTY4MDk2MzgyNX0.6ddC-no_YYWQcEzHrAkzNMEj67DT5ezQ6hjtb4RfODw', 'Content-Length': '106'}
请求内容: {'username': 'gkBb143', 'password': '789456abcd', 'email': 'tanyang@example.org', 'mobile': '15262029163'}
接口响应内容: {'data': {'id': 539, 'username': 'gkBb143', 'mobile': '15262029163', 'email': 'tanyang@example.org', 'role_id': -1, 'create_time': 1680877425}, 'meta': {'msg': '创建成功', 'status': 201}}
接口响应时长: 63 ms
Http状态码: 200
=====================================================
INFO    2023-04-07 22:23:45,585G:\auto_api1_framework\logs\info-2023-04-07.log:test_create_user.py:29 2023-04-07 22:23:45 >>>>>> 执行结束！
INFO    2023-04-07 22:23:45,588G:\auto_api1_framework\logs\info-2023-04-07.log:test_create_user.py:26 2023-04-07 22:23:45 >>>>>> 开始执行：
INFO    2023-04-07 22:23:45,593G:\auto_api1_framework\logs\info-2023-04-07.log:log_decorator.py:41 
======================================================
用例标题: 创建已存在用户
请求路径: http://127.0.0.1:8888/api/private/v1/users
请求方式: POST
请求头:   {'User-Agent': 'python-requests/2.28.2', 'Accept-Encoding': 'gzip, deflate', 'Accept': '*/*', 'Connection': 'keep-alive', 'Content-Type': 'application/json', 'Authorization': 'Bearer eyJhbGciOiJIUzI1NiIsInR5cCI6IkpXVCJ9.eyJ1aWQiOjUwMCwicmlkIjowLCJpYXQiOjE2ODA4Nzc0MjUsImV4cCI6MTY4MDk2MzgyNX0.6ddC-no_YYWQcEzHrAkzNMEj67DT5ezQ6hjtb4RfODw', 'Content-Length': '43'}
请求内容: {'username': 'admin', 'password': '123456'}
接口响应内容: {'data': None, 'meta': {'msg': '用户名已存在', 'status': 400}}
接口响应时长: 2 ms
Http状态码: 200
=====================================================
INFO    2023-04-07 22:23:45,595G:\auto_api1_framework\logs\info-2023-04-07.log:test_create_user.py:29 2023-04-07 22:23:45 >>>>>> 执行结束！
INFO    2023-04-07 22:26:42,123G:\auto_api1_framework\logs\info-2023-04-07.log:test_create_user.py:26 2023-04-07 22:26:42 >>>>>> 开始执行：
INFO    2023-04-07 22:26:42,190G:\auto_api1_framework\logs\info-2023-04-07.log:log_decorator.py:41 
======================================================
用例标题: 创建用户成功（必填参数）
请求路径: http://127.0.0.1:8888/api/private/v1/users
请求方式: POST
请求头:   {'User-Agent': 'python-requests/2.28.2', 'Accept-Encoding': 'gzip, deflate', 'Accept': '*/*', 'Connection': 'keep-alive', 'Content-Type': 'application/json', 'Authorization': 'Bearer eyJhbGciOiJIUzI1NiIsInR5cCI6IkpXVCJ9.eyJ1aWQiOjUwMCwicmlkIjowLCJpYXQiOjE2ODA4Nzc2MDIsImV4cCI6MTY4MDk2NDAwMn0.1zk2D_CFmLsk6hPVFA5Vu4H2o4-dJ2MFyhZOhXg1Zds', 'Content-Length': '47'}
请求内容: {'username': 'GUaS244', 'password': 'admin123'}
接口响应内容: {'data': {'id': 540, 'username': 'GUaS244', 'role_id': -1, 'create_time': 1680877602}, 'meta': {'msg': '创建成功', 'status': 201}}
接口响应时长: 64 ms
Http状态码: 200
=====================================================
INFO    2023-04-07 22:26:42,192G:\auto_api1_framework\logs\info-2023-04-07.log:test_create_user.py:29 2023-04-07 22:26:42 >>>>>> 执行结束！
INFO    2023-04-07 22:26:42,193G:\auto_api1_framework\logs\info-2023-04-07.log:test_create_user.py:26 2023-04-07 22:26:42 >>>>>> 开始执行：
INFO    2023-04-07 22:26:42,260G:\auto_api1_framework\logs\info-2023-04-07.log:log_decorator.py:41 
======================================================
用例标题: 创建用户成功（必填+选填参数）
请求路径: http://127.0.0.1:8888/api/private/v1/users
请求方式: POST
请求头:   {'User-Agent': 'python-requests/2.28.2', 'Accept-Encoding': 'gzip, deflate', 'Accept': '*/*', 'Connection': 'keep-alive', 'Content-Type': 'application/json', 'Authorization': 'Bearer eyJhbGciOiJIUzI1NiIsInR5cCI6IkpXVCJ9.eyJ1aWQiOjUwMCwicmlkIjowLCJpYXQiOjE2ODA4Nzc2MDIsImV4cCI6MTY4MDk2NDAwMn0.1zk2D_CFmLsk6hPVFA5Vu4H2o4-dJ2MFyhZOhXg1Zds', 'Content-Length': '77'}
请求内容: {'username': 'mMuX852', 'password': 'admin123@!', 'email': 'ssu@example.org'}
接口响应内容: {'data': {'id': 541, 'username': 'mMuX852', 'email': 'ssu@example.org', 'role_id': -1, 'create_time': 1680877602}, 'meta': {'msg': '创建成功', 'status': 201}}
接口响应时长: 65 ms
Http状态码: 200
=====================================================
INFO    2023-04-07 22:26:42,261G:\auto_api1_framework\logs\info-2023-04-07.log:test_create_user.py:29 2023-04-07 22:26:42 >>>>>> 执行结束！
INFO    2023-04-07 22:26:42,262G:\auto_api1_framework\logs\info-2023-04-07.log:test_create_user.py:26 2023-04-07 22:26:42 >>>>>> 开始执行：
INFO    2023-04-07 22:26:42,330G:\auto_api1_framework\logs\info-2023-04-07.log:log_decorator.py:41 
======================================================
用例标题: 创建用户成功（全部参数）
请求路径: http://127.0.0.1:8888/api/private/v1/users
请求方式: POST
请求头:   {'User-Agent': 'python-requests/2.28.2', 'Accept-Encoding': 'gzip, deflate', 'Accept': '*/*', 'Connection': 'keep-alive', 'Content-Type': 'application/json', 'Authorization': 'Bearer eyJhbGciOiJIUzI1NiIsInR5cCI6IkpXVCJ9.eyJ1aWQiOjUwMCwicmlkIjowLCJpYXQiOjE2ODA4Nzc2MDIsImV4cCI6MTY4MDk2NDAwMn0.1zk2D_CFmLsk6hPVFA5Vu4H2o4-dJ2MFyhZOhXg1Zds', 'Content-Length': '102'}
请求内容: {'username': 'hEBi047', 'password': '789456abcd', 'email': 'gsu@example.org', 'mobile': '14538143892'}
接口响应内容: {'data': {'id': 542, 'username': 'hEBi047', 'mobile': '14538143892', 'email': 'gsu@example.org', 'role_id': -1, 'create_time': 1680877602}, 'meta': {'msg': '创建成功', 'status': 201}}
接口响应时长: 65 ms
Http状态码: 200
=====================================================
INFO    2023-04-07 22:26:42,332G:\auto_api1_framework\logs\info-2023-04-07.log:test_create_user.py:29 2023-04-07 22:26:42 >>>>>> 执行结束！
INFO    2023-04-07 22:26:42,333G:\auto_api1_framework\logs\info-2023-04-07.log:test_create_user.py:26 2023-04-07 22:26:42 >>>>>> 开始执行：
INFO    2023-04-07 22:26:42,337G:\auto_api1_framework\logs\info-2023-04-07.log:log_decorator.py:41 
======================================================
用例标题: 创建已存在用户
请求路径: http://127.0.0.1:8888/api/private/v1/users
请求方式: POST
请求头:   {'User-Agent': 'python-requests/2.28.2', 'Accept-Encoding': 'gzip, deflate', 'Accept': '*/*', 'Connection': 'keep-alive', 'Content-Type': 'application/json', 'Authorization': 'Bearer eyJhbGciOiJIUzI1NiIsInR5cCI6IkpXVCJ9.eyJ1aWQiOjUwMCwicmlkIjowLCJpYXQiOjE2ODA4Nzc2MDIsImV4cCI6MTY4MDk2NDAwMn0.1zk2D_CFmLsk6hPVFA5Vu4H2o4-dJ2MFyhZOhXg1Zds', 'Content-Length': '43'}
请求内容: {'username': 'admin', 'password': '123456'}
接口响应内容: {'data': None, 'meta': {'msg': '用户名已存在', 'status': 400}}
接口响应时长: 2 ms
Http状态码: 200
=====================================================
INFO    2023-04-07 22:26:42,339G:\auto_api1_framework\logs\info-2023-04-07.log:test_create_user.py:29 2023-04-07 22:26:42 >>>>>> 执行结束！
INFO    2023-04-07 22:26:42,340G:\auto_api1_framework\logs\info-2023-04-07.log:test_create_user.py:26 2023-04-07 22:26:42 >>>>>> 开始执行：
INFO    2023-04-07 22:26:42,344G:\auto_api1_framework\logs\info-2023-04-07.log:log_decorator.py:41 
======================================================
用例标题: 用户名为空
请求路径: http://127.0.0.1:8888/api/private/v1/users
请求方式: POST
请求头:   {'User-Agent': 'python-requests/2.28.2', 'Accept-Encoding': 'gzip, deflate', 'Accept': '*/*', 'Connection': 'keep-alive', 'Content-Type': 'application/json', 'Authorization': 'Bearer eyJhbGciOiJIUzI1NiIsInR5cCI6IkpXVCJ9.eyJ1aWQiOjUwMCwicmlkIjowLCJpYXQiOjE2ODA4Nzc2MDIsImV4cCI6MTY4MDk2NDAwMn0.1zk2D_CFmLsk6hPVFA5Vu4H2o4-dJ2MFyhZOhXg1Zds', 'Content-Length': '38'}
请求内容: {'username': '', 'password': '123456'}
接口响应内容: {'data': None, 'meta': {'msg': '用户名不能为空', 'status': 400}}
接口响应时长: 1 ms
Http状态码: 200
=====================================================
INFO    2023-04-07 22:26:42,345G:\auto_api1_framework\logs\info-2023-04-07.log:test_create_user.py:29 2023-04-07 22:26:42 >>>>>> 执行结束！
INFO    2023-04-07 22:27:02,618G:\auto_api1_framework\logs\info-2023-04-07.log:test_create_user.py:26 2023-04-07 22:27:02 >>>>>> 开始执行：
INFO    2023-04-07 22:27:02,685G:\auto_api1_framework\logs\info-2023-04-07.log:log_decorator.py:41 
======================================================
用例标题: 创建用户成功（必填参数）
请求路径: http://127.0.0.1:8888/api/private/v1/users
请求方式: POST
请求头:   {'User-Agent': 'python-requests/2.28.2', 'Accept-Encoding': 'gzip, deflate', 'Accept': '*/*', 'Connection': 'keep-alive', 'Content-Type': 'application/json', 'Authorization': 'Bearer eyJhbGciOiJIUzI1NiIsInR5cCI6IkpXVCJ9.eyJ1aWQiOjUwMCwicmlkIjowLCJpYXQiOjE2ODA4Nzc2MjIsImV4cCI6MTY4MDk2NDAyMn0.YcdZEturwge-1mU6Qal66h6klAMX5_FgGQlIqOUbrAM', 'Content-Length': '47'}
请求内容: {'username': 'Hpio534', 'password': 'admin123'}
接口响应内容: {'data': {'id': 543, 'username': 'Hpio534', 'role_id': -1, 'create_time': 1680877622}, 'meta': {'msg': '创建成功', 'status': 201}}
接口响应时长: 64 ms
Http状态码: 200
=====================================================
INFO    2023-04-07 22:27:02,686G:\auto_api1_framework\logs\info-2023-04-07.log:test_create_user.py:29 2023-04-07 22:27:02 >>>>>> 执行结束！
INFO    2023-04-07 22:27:02,688G:\auto_api1_framework\logs\info-2023-04-07.log:test_create_user.py:26 2023-04-07 22:27:02 >>>>>> 开始执行：
INFO    2023-04-07 22:27:02,754G:\auto_api1_framework\logs\info-2023-04-07.log:log_decorator.py:41 
======================================================
用例标题: 创建用户成功（必填+选填参数）
请求路径: http://127.0.0.1:8888/api/private/v1/users
请求方式: POST
请求头:   {'User-Agent': 'python-requests/2.28.2', 'Accept-Encoding': 'gzip, deflate', 'Accept': '*/*', 'Connection': 'keep-alive', 'Content-Type': 'application/json', 'Authorization': 'Bearer eyJhbGciOiJIUzI1NiIsInR5cCI6IkpXVCJ9.eyJ1aWQiOjUwMCwicmlkIjowLCJpYXQiOjE2ODA4Nzc2MjIsImV4cCI6MTY4MDk2NDAyMn0.YcdZEturwge-1mU6Qal66h6klAMX5_FgGQlIqOUbrAM', 'Content-Length': '81'}
请求内容: {'username': 'FWnR766', 'password': 'admin123@!', 'email': 'maojing@example.net'}
接口响应内容: {'data': {'id': 544, 'username': 'FWnR766', 'email': 'maojing@example.net', 'role_id': -1, 'create_time': 1680877622}, 'meta': {'msg': '创建成功', 'status': 201}}
接口响应时长: 64 ms
Http状态码: 200
=====================================================
INFO    2023-04-07 22:27:02,755G:\auto_api1_framework\logs\info-2023-04-07.log:test_create_user.py:29 2023-04-07 22:27:02 >>>>>> 执行结束！
INFO    2023-04-07 22:27:02,756G:\auto_api1_framework\logs\info-2023-04-07.log:test_create_user.py:26 2023-04-07 22:27:02 >>>>>> 开始执行：
INFO    2023-04-07 22:27:02,824G:\auto_api1_framework\logs\info-2023-04-07.log:log_decorator.py:41 
======================================================
用例标题: 创建用户成功（全部参数）
请求路径: http://127.0.0.1:8888/api/private/v1/users
请求方式: POST
请求头:   {'User-Agent': 'python-requests/2.28.2', 'Accept-Encoding': 'gzip, deflate', 'Accept': '*/*', 'Connection': 'keep-alive', 'Content-Type': 'application/json', 'Authorization': 'Bearer eyJhbGciOiJIUzI1NiIsInR5cCI6IkpXVCJ9.eyJ1aWQiOjUwMCwicmlkIjowLCJpYXQiOjE2ODA4Nzc2MjIsImV4cCI6MTY4MDk2NDAyMn0.YcdZEturwge-1mU6Qal66h6klAMX5_FgGQlIqOUbrAM', 'Content-Length': '104'}
请求内容: {'username': 'FgTs530', 'password': '789456abcd', 'email': 'xsong@example.net', 'mobile': '14539426906'}
接口响应内容: {'data': {'id': 545, 'username': 'FgTs530', 'mobile': '14539426906', 'email': 'xsong@example.net', 'role_id': -1, 'create_time': 1680877622}, 'meta': {'msg': '创建成功', 'status': 201}}
接口响应时长: 64 ms
Http状态码: 200
=====================================================
INFO    2023-04-07 22:27:02,825G:\auto_api1_framework\logs\info-2023-04-07.log:test_create_user.py:29 2023-04-07 22:27:02 >>>>>> 执行结束！
INFO    2023-04-07 22:27:02,827G:\auto_api1_framework\logs\info-2023-04-07.log:test_create_user.py:26 2023-04-07 22:27:02 >>>>>> 开始执行：
INFO    2023-04-07 22:27:02,832G:\auto_api1_framework\logs\info-2023-04-07.log:log_decorator.py:41 
======================================================
用例标题: 创建已存在用户
请求路径: http://127.0.0.1:8888/api/private/v1/users
请求方式: POST
请求头:   {'User-Agent': 'python-requests/2.28.2', 'Accept-Encoding': 'gzip, deflate', 'Accept': '*/*', 'Connection': 'keep-alive', 'Content-Type': 'application/json', 'Authorization': 'Bearer eyJhbGciOiJIUzI1NiIsInR5cCI6IkpXVCJ9.eyJ1aWQiOjUwMCwicmlkIjowLCJpYXQiOjE2ODA4Nzc2MjIsImV4cCI6MTY4MDk2NDAyMn0.YcdZEturwge-1mU6Qal66h6klAMX5_FgGQlIqOUbrAM', 'Content-Length': '43'}
请求内容: {'username': 'admin', 'password': '123456'}
接口响应内容: {'data': None, 'meta': {'msg': '用户名已存在', 'status': 400}}
接口响应时长: 2 ms
Http状态码: 200
=====================================================
INFO    2023-04-07 22:27:02,833G:\auto_api1_framework\logs\info-2023-04-07.log:test_create_user.py:29 2023-04-07 22:27:02 >>>>>> 执行结束！
INFO    2023-04-07 22:27:02,835G:\auto_api1_framework\logs\info-2023-04-07.log:test_create_user.py:26 2023-04-07 22:27:02 >>>>>> 开始执行：
INFO    2023-04-07 22:27:02,838G:\auto_api1_framework\logs\info-2023-04-07.log:log_decorator.py:41 
======================================================
用例标题: 用户名为空
请求路径: http://127.0.0.1:8888/api/private/v1/users
请求方式: POST
请求头:   {'User-Agent': 'python-requests/2.28.2', 'Accept-Encoding': 'gzip, deflate', 'Accept': '*/*', 'Connection': 'keep-alive', 'Content-Type': 'application/json', 'Authorization': 'Bearer eyJhbGciOiJIUzI1NiIsInR5cCI6IkpXVCJ9.eyJ1aWQiOjUwMCwicmlkIjowLCJpYXQiOjE2ODA4Nzc2MjIsImV4cCI6MTY4MDk2NDAyMn0.YcdZEturwge-1mU6Qal66h6klAMX5_FgGQlIqOUbrAM', 'Content-Length': '38'}
请求内容: {'username': '', 'password': '123456'}
接口响应内容: {'data': None, 'meta': {'msg': '用户名不能为空', 'status': 400}}
接口响应时长: 1 ms
Http状态码: 200
=====================================================
INFO    2023-04-07 22:27:02,839G:\auto_api1_framework\logs\info-2023-04-07.log:test_create_user.py:29 2023-04-07 22:27:02 >>>>>> 执行结束！
INFO    2023-04-07 22:27:30,619G:\auto_api1_framework\logs\info-2023-04-07.log:test_create_user.py:26 2023-04-07 22:27:30 >>>>>> 开始执行：
INFO    2023-04-07 22:27:30,685G:\auto_api1_framework\logs\info-2023-04-07.log:log_decorator.py:41 
======================================================
用例标题: 创建用户成功（必填参数）
请求路径: http://127.0.0.1:8888/api/private/v1/users
请求方式: POST
请求头:   {'User-Agent': 'python-requests/2.28.2', 'Accept-Encoding': 'gzip, deflate', 'Accept': '*/*', 'Connection': 'keep-alive', 'Content-Type': 'application/json', 'Authorization': 'Bearer eyJhbGciOiJIUzI1NiIsInR5cCI6IkpXVCJ9.eyJ1aWQiOjUwMCwicmlkIjowLCJpYXQiOjE2ODA4Nzc2NTAsImV4cCI6MTY4MDk2NDA1MH0.nnXbFkfxG440L7HG_jdnT6GAZcqYXHQFzNeBgsGMz7Y', 'Content-Length': '47'}
请求内容: {'username': 'dhBc337', 'password': 'admin123'}
接口响应内容: {'data': {'id': 546, 'username': 'dhBc337', 'role_id': -1, 'create_time': 1680877650}, 'meta': {'msg': '创建成功', 'status': 201}}
接口响应时长: 62 ms
Http状态码: 200
=====================================================
INFO    2023-04-07 22:27:30,686G:\auto_api1_framework\logs\info-2023-04-07.log:test_create_user.py:29 2023-04-07 22:27:30 >>>>>> 执行结束！
INFO    2023-04-07 22:27:30,687G:\auto_api1_framework\logs\info-2023-04-07.log:test_create_user.py:26 2023-04-07 22:27:30 >>>>>> 开始执行：
INFO    2023-04-07 22:27:30,754G:\auto_api1_framework\logs\info-2023-04-07.log:log_decorator.py:41 
======================================================
用例标题: 创建用户成功（必填+选填参数）
请求路径: http://127.0.0.1:8888/api/private/v1/users
请求方式: POST
请求头:   {'User-Agent': 'python-requests/2.28.2', 'Accept-Encoding': 'gzip, deflate', 'Accept': '*/*', 'Connection': 'keep-alive', 'Content-Type': 'application/json', 'Authorization': 'Bearer eyJhbGciOiJIUzI1NiIsInR5cCI6IkpXVCJ9.eyJ1aWQiOjUwMCwicmlkIjowLCJpYXQiOjE2ODA4Nzc2NTAsImV4cCI6MTY4MDk2NDA1MH0.nnXbFkfxG440L7HG_jdnT6GAZcqYXHQFzNeBgsGMz7Y', 'Content-Length': '80'}
请求内容: {'username': 'UDUZ389', 'password': 'admin123@!', 'email': 'weizou@example.net'}
接口响应内容: {'data': {'id': 547, 'username': 'UDUZ389', 'email': 'weizou@example.net', 'role_id': -1, 'create_time': 1680877650}, 'meta': {'msg': '创建成功', 'status': 201}}
接口响应时长: 63 ms
Http状态码: 200
=====================================================
INFO    2023-04-07 22:27:30,756G:\auto_api1_framework\logs\info-2023-04-07.log:test_create_user.py:29 2023-04-07 22:27:30 >>>>>> 执行结束！
INFO    2023-04-07 22:27:30,756G:\auto_api1_framework\logs\info-2023-04-07.log:test_create_user.py:26 2023-04-07 22:27:30 >>>>>> 开始执行：
INFO    2023-04-07 22:27:30,823G:\auto_api1_framework\logs\info-2023-04-07.log:log_decorator.py:41 
======================================================
用例标题: 创建用户成功（全部参数）
请求路径: http://127.0.0.1:8888/api/private/v1/users
请求方式: POST
请求头:   {'User-Agent': 'python-requests/2.28.2', 'Accept-Encoding': 'gzip, deflate', 'Accept': '*/*', 'Connection': 'keep-alive', 'Content-Type': 'application/json', 'Authorization': 'Bearer eyJhbGciOiJIUzI1NiIsInR5cCI6IkpXVCJ9.eyJ1aWQiOjUwMCwicmlkIjowLCJpYXQiOjE2ODA4Nzc2NTAsImV4cCI6MTY4MDk2NDA1MH0.nnXbFkfxG440L7HG_jdnT6GAZcqYXHQFzNeBgsGMz7Y', 'Content-Length': '106'}
请求内容: {'username': 'KBrH573', 'password': '789456abcd', 'email': 'zengwei@example.org', 'mobile': '15565416538'}
接口响应内容: {'data': {'id': 548, 'username': 'KBrH573', 'mobile': '15565416538', 'email': 'zengwei@example.org', 'role_id': -1, 'create_time': 1680877650}, 'meta': {'msg': '创建成功', 'status': 201}}
接口响应时长: 64 ms
Http状态码: 200
=====================================================
INFO    2023-04-07 22:27:30,824G:\auto_api1_framework\logs\info-2023-04-07.log:test_create_user.py:29 2023-04-07 22:27:30 >>>>>> 执行结束！
INFO    2023-04-07 22:27:30,826G:\auto_api1_framework\logs\info-2023-04-07.log:test_create_user.py:26 2023-04-07 22:27:30 >>>>>> 开始执行：
INFO    2023-04-07 22:27:30,830G:\auto_api1_framework\logs\info-2023-04-07.log:log_decorator.py:41 
======================================================
用例标题: 创建已存在用户
请求路径: http://127.0.0.1:8888/api/private/v1/users
请求方式: POST
请求头:   {'User-Agent': 'python-requests/2.28.2', 'Accept-Encoding': 'gzip, deflate', 'Accept': '*/*', 'Connection': 'keep-alive', 'Content-Type': 'application/json', 'Authorization': 'Bearer eyJhbGciOiJIUzI1NiIsInR5cCI6IkpXVCJ9.eyJ1aWQiOjUwMCwicmlkIjowLCJpYXQiOjE2ODA4Nzc2NTAsImV4cCI6MTY4MDk2NDA1MH0.nnXbFkfxG440L7HG_jdnT6GAZcqYXHQFzNeBgsGMz7Y', 'Content-Length': '43'}
请求内容: {'username': 'admin', 'password': '123456'}
接口响应内容: {'data': None, 'meta': {'msg': '用户名已存在', 'status': 400}}
接口响应时长: 2 ms
Http状态码: 200
=====================================================
INFO    2023-04-07 22:27:30,832G:\auto_api1_framework\logs\info-2023-04-07.log:test_create_user.py:29 2023-04-07 22:27:30 >>>>>> 执行结束！
INFO    2023-04-07 22:27:30,832G:\auto_api1_framework\logs\info-2023-04-07.log:test_create_user.py:26 2023-04-07 22:27:30 >>>>>> 开始执行：
INFO    2023-04-07 22:27:30,836G:\auto_api1_framework\logs\info-2023-04-07.log:log_decorator.py:41 
======================================================
用例标题: 用户名为空
请求路径: http://127.0.0.1:8888/api/private/v1/users
请求方式: POST
请求头:   {'User-Agent': 'python-requests/2.28.2', 'Accept-Encoding': 'gzip, deflate', 'Accept': '*/*', 'Connection': 'keep-alive', 'Content-Type': 'application/json', 'Authorization': 'Bearer eyJhbGciOiJIUzI1NiIsInR5cCI6IkpXVCJ9.eyJ1aWQiOjUwMCwicmlkIjowLCJpYXQiOjE2ODA4Nzc2NTAsImV4cCI6MTY4MDk2NDA1MH0.nnXbFkfxG440L7HG_jdnT6GAZcqYXHQFzNeBgsGMz7Y', 'Content-Length': '38'}
请求内容: {'username': '', 'password': '123456'}
接口响应内容: {'data': None, 'meta': {'msg': '用户名不能为空', 'status': 400}}
接口响应时长: 1 ms
Http状态码: 200
=====================================================
INFO    2023-04-07 22:27:30,837G:\auto_api1_framework\logs\info-2023-04-07.log:test_create_user.py:29 2023-04-07 22:27:30 >>>>>> 执行结束！
INFO    2023-04-07 22:29:11,985G:\auto_api1_framework\logs\info-2023-04-07.log:test_create_user.py:26 2023-04-07 22:29:11 >>>>>> 开始执行：
INFO    2023-04-07 22:29:12,050G:\auto_api1_framework\logs\info-2023-04-07.log:log_decorator.py:41 
======================================================
用例标题: 创建用户成功（必填参数）
请求路径: http://127.0.0.1:8888/api/private/v1/users
请求方式: POST
请求头:   {'User-Agent': 'python-requests/2.28.2', 'Accept-Encoding': 'gzip, deflate', 'Accept': '*/*', 'Connection': 'keep-alive', 'Content-Type': 'application/json', 'Authorization': 'Bearer eyJhbGciOiJIUzI1NiIsInR5cCI6IkpXVCJ9.eyJ1aWQiOjUwMCwicmlkIjowLCJpYXQiOjE2ODA4Nzc3NTEsImV4cCI6MTY4MDk2NDE1MX0.oUWq__r9veqDeH6lTo4N-O68fcFXUsAAAoNs-xEahik', 'Content-Length': '47'}
请求内容: {'username': 'HFps128', 'password': 'admin123'}
接口响应内容: {'data': {'id': 549, 'username': 'HFps128', 'role_id': -1, 'create_time': 1680877752}, 'meta': {'msg': '创建成功', 'status': 201}}
接口响应时长: 63 ms
Http状态码: 200
=====================================================
INFO    2023-04-07 22:29:12,053G:\auto_api1_framework\logs\info-2023-04-07.log:test_create_user.py:29 2023-04-07 22:29:11 >>>>>> 执行结束！
INFO    2023-04-07 22:29:12,054G:\auto_api1_framework\logs\info-2023-04-07.log:test_create_user.py:26 2023-04-07 22:29:11 >>>>>> 开始执行：
INFO    2023-04-07 22:29:12,144G:\auto_api1_framework\logs\info-2023-04-07.log:log_decorator.py:41 
======================================================
用例标题: 创建用户成功（必填+选填参数）
请求路径: http://127.0.0.1:8888/api/private/v1/users
请求方式: POST
请求头:   {'User-Agent': 'python-requests/2.28.2', 'Accept-Encoding': 'gzip, deflate', 'Accept': '*/*', 'Connection': 'keep-alive', 'Content-Type': 'application/json', 'Authorization': 'Bearer eyJhbGciOiJIUzI1NiIsInR5cCI6IkpXVCJ9.eyJ1aWQiOjUwMCwicmlkIjowLCJpYXQiOjE2ODA4Nzc3NTEsImV4cCI6MTY4MDk2NDE1MX0.oUWq__r9veqDeH6lTo4N-O68fcFXUsAAAoNs-xEahik', 'Content-Length': '81'}
请求内容: {'username': 'gcHz306', 'password': 'admin123@!', 'email': 'fangguo@example.org'}
接口响应内容: {'data': {'id': 550, 'username': 'gcHz306', 'email': 'fangguo@example.org', 'role_id': -1, 'create_time': 1680877752}, 'meta': {'msg': '创建成功', 'status': 201}}
接口响应时长: 85 ms
Http状态码: 200
=====================================================
INFO    2023-04-07 22:29:12,145G:\auto_api1_framework\logs\info-2023-04-07.log:test_create_user.py:29 2023-04-07 22:29:11 >>>>>> 执行结束！
INFO    2023-04-07 22:29:12,146G:\auto_api1_framework\logs\info-2023-04-07.log:test_create_user.py:26 2023-04-07 22:29:11 >>>>>> 开始执行：
INFO    2023-04-07 22:29:12,212G:\auto_api1_framework\logs\info-2023-04-07.log:log_decorator.py:41 
======================================================
用例标题: 创建用户成功（全部参数）
请求路径: http://127.0.0.1:8888/api/private/v1/users
请求方式: POST
请求头:   {'User-Agent': 'python-requests/2.28.2', 'Accept-Encoding': 'gzip, deflate', 'Accept': '*/*', 'Connection': 'keep-alive', 'Content-Type': 'application/json', 'Authorization': 'Bearer eyJhbGciOiJIUzI1NiIsInR5cCI6IkpXVCJ9.eyJ1aWQiOjUwMCwicmlkIjowLCJpYXQiOjE2ODA4Nzc3NTEsImV4cCI6MTY4MDk2NDE1MX0.oUWq__r9veqDeH6lTo4N-O68fcFXUsAAAoNs-xEahik', 'Content-Length': '103'}
请求内容: {'username': 'Dqdc949', 'password': '789456abcd', 'email': 'mana@example.org', 'mobile': '18175993127'}
接口响应内容: {'data': {'id': 551, 'username': 'Dqdc949', 'mobile': '18175993127', 'email': 'mana@example.org', 'role_id': -1, 'create_time': 1680877752}, 'meta': {'msg': '创建成功', 'status': 201}}
接口响应时长: 63 ms
Http状态码: 200
=====================================================
INFO    2023-04-07 22:29:12,214G:\auto_api1_framework\logs\info-2023-04-07.log:test_create_user.py:29 2023-04-07 22:29:11 >>>>>> 执行结束！
INFO    2023-04-07 22:29:12,215G:\auto_api1_framework\logs\info-2023-04-07.log:test_create_user.py:26 2023-04-07 22:29:11 >>>>>> 开始执行：
INFO    2023-04-07 22:29:12,219G:\auto_api1_framework\logs\info-2023-04-07.log:log_decorator.py:41 
======================================================
用例标题: 创建已存在用户
请求路径: http://127.0.0.1:8888/api/private/v1/users
请求方式: POST
请求头:   {'User-Agent': 'python-requests/2.28.2', 'Accept-Encoding': 'gzip, deflate', 'Accept': '*/*', 'Connection': 'keep-alive', 'Content-Type': 'application/json', 'Authorization': 'Bearer eyJhbGciOiJIUzI1NiIsInR5cCI6IkpXVCJ9.eyJ1aWQiOjUwMCwicmlkIjowLCJpYXQiOjE2ODA4Nzc3NTEsImV4cCI6MTY4MDk2NDE1MX0.oUWq__r9veqDeH6lTo4N-O68fcFXUsAAAoNs-xEahik', 'Content-Length': '43'}
请求内容: {'username': 'admin', 'password': '123456'}
接口响应内容: {'data': None, 'meta': {'msg': '用户名已存在', 'status': 400}}
接口响应时长: 2 ms
Http状态码: 200
=====================================================
INFO    2023-04-07 22:29:12,220G:\auto_api1_framework\logs\info-2023-04-07.log:test_create_user.py:29 2023-04-07 22:29:11 >>>>>> 执行结束！
INFO    2023-04-07 22:29:12,222G:\auto_api1_framework\logs\info-2023-04-07.log:test_create_user.py:26 2023-04-07 22:29:11 >>>>>> 开始执行：
INFO    2023-04-07 22:29:12,226G:\auto_api1_framework\logs\info-2023-04-07.log:log_decorator.py:41 
======================================================
用例标题: 用户名为空
请求路径: http://127.0.0.1:8888/api/private/v1/users
请求方式: POST
请求头:   {'User-Agent': 'python-requests/2.28.2', 'Accept-Encoding': 'gzip, deflate', 'Accept': '*/*', 'Connection': 'keep-alive', 'Content-Type': 'application/json', 'Authorization': 'Bearer eyJhbGciOiJIUzI1NiIsInR5cCI6IkpXVCJ9.eyJ1aWQiOjUwMCwicmlkIjowLCJpYXQiOjE2ODA4Nzc3NTEsImV4cCI6MTY4MDk2NDE1MX0.oUWq__r9veqDeH6lTo4N-O68fcFXUsAAAoNs-xEahik', 'Content-Length': '38'}
请求内容: {'username': '', 'password': '123456'}
接口响应内容: {'data': None, 'meta': {'msg': '用户名不能为空', 'status': 400}}
接口响应时长: 1 ms
Http状态码: 200
=====================================================
INFO    2023-04-07 22:29:12,227G:\auto_api1_framework\logs\info-2023-04-07.log:test_create_user.py:29 2023-04-07 22:29:11 >>>>>> 执行结束！
INFO    2023-04-07 22:30:43,078G:\auto_api1_framework\logs\info-2023-04-07.log:test_create_user.py:26 2023-04-07 22:30:42 >>>>>> 开始执行：
INFO    2023-04-07 22:30:43,143G:\auto_api1_framework\logs\info-2023-04-07.log:log_decorator.py:41 
======================================================
用例标题: 创建用户成功（必填参数）
请求路径: http://127.0.0.1:8888/api/private/v1/users
请求方式: POST
请求头:   {'User-Agent': 'python-requests/2.28.2', 'Accept-Encoding': 'gzip, deflate', 'Accept': '*/*', 'Connection': 'keep-alive', 'Content-Type': 'application/json', 'Authorization': 'Bearer eyJhbGciOiJIUzI1NiIsInR5cCI6IkpXVCJ9.eyJ1aWQiOjUwMCwicmlkIjowLCJpYXQiOjE2ODA4Nzc4NDMsImV4cCI6MTY4MDk2NDI0M30.Jl23gSwn81GeNG3LD4xyfmT3UL9zTBd_hVNUvg0Agyo', 'Content-Length': '47'}
请求内容: {'username': 'PWOS366', 'password': 'admin123'}
接口响应内容: {'data': {'id': 552, 'username': 'PWOS366', 'role_id': -1, 'create_time': 1680877843}, 'meta': {'msg': '创建成功', 'status': 201}}
接口响应时长: 62 ms
Http状态码: 200
=====================================================
INFO    2023-04-07 22:30:43,145G:\auto_api1_framework\logs\info-2023-04-07.log:test_create_user.py:29 2023-04-07 22:30:42 >>>>>> 执行结束！
INFO    2023-04-07 22:30:43,146G:\auto_api1_framework\logs\info-2023-04-07.log:test_create_user.py:26 2023-04-07 22:30:42 >>>>>> 开始执行：
INFO    2023-04-07 22:30:43,213G:\auto_api1_framework\logs\info-2023-04-07.log:log_decorator.py:41 
======================================================
用例标题: 创建用户成功（必填+选填参数）
请求路径: http://127.0.0.1:8888/api/private/v1/users
请求方式: POST
请求头:   {'User-Agent': 'python-requests/2.28.2', 'Accept-Encoding': 'gzip, deflate', 'Accept': '*/*', 'Connection': 'keep-alive', 'Content-Type': 'application/json', 'Authorization': 'Bearer eyJhbGciOiJIUzI1NiIsInR5cCI6IkpXVCJ9.eyJ1aWQiOjUwMCwicmlkIjowLCJpYXQiOjE2ODA4Nzc4NDMsImV4cCI6MTY4MDk2NDI0M30.Jl23gSwn81GeNG3LD4xyfmT3UL9zTBd_hVNUvg0Agyo', 'Content-Length': '79'}
请求内容: {'username': 'lQOo797', 'password': 'admin123@!', 'email': 'xia76@example.org'}
接口响应内容: {'data': {'id': 553, 'username': 'lQOo797', 'email': 'xia76@example.org', 'role_id': -1, 'create_time': 1680877843}, 'meta': {'msg': '创建成功', 'status': 201}}
接口响应时长: 64 ms
Http状态码: 200
=====================================================
INFO    2023-04-07 22:30:43,214G:\auto_api1_framework\logs\info-2023-04-07.log:test_create_user.py:29 2023-04-07 22:30:42 >>>>>> 执行结束！
INFO    2023-04-07 22:30:43,215G:\auto_api1_framework\logs\info-2023-04-07.log:test_create_user.py:26 2023-04-07 22:30:42 >>>>>> 开始执行：
INFO    2023-04-07 22:30:43,282G:\auto_api1_framework\logs\info-2023-04-07.log:log_decorator.py:41 
======================================================
用例标题: 创建用户成功（全部参数）
请求路径: http://127.0.0.1:8888/api/private/v1/users
请求方式: POST
请求头:   {'User-Agent': 'python-requests/2.28.2', 'Accept-Encoding': 'gzip, deflate', 'Accept': '*/*', 'Connection': 'keep-alive', 'Content-Type': 'application/json', 'Authorization': 'Bearer eyJhbGciOiJIUzI1NiIsInR5cCI6IkpXVCJ9.eyJ1aWQiOjUwMCwicmlkIjowLCJpYXQiOjE2ODA4Nzc4NDMsImV4cCI6MTY4MDk2NDI0M30.Jl23gSwn81GeNG3LD4xyfmT3UL9zTBd_hVNUvg0Agyo', 'Content-Length': '103'}
请求内容: {'username': 'XWwq873', 'password': '789456abcd', 'email': 'oqin@example.com', 'mobile': '15369579218'}
接口响应内容: {'data': {'id': 554, 'username': 'XWwq873', 'mobile': '15369579218', 'email': 'oqin@example.com', 'role_id': -1, 'create_time': 1680877843}, 'meta': {'msg': '创建成功', 'status': 201}}
接口响应时长: 64 ms
Http状态码: 200
=====================================================
INFO    2023-04-07 22:30:43,285G:\auto_api1_framework\logs\info-2023-04-07.log:test_create_user.py:29 2023-04-07 22:30:42 >>>>>> 执行结束！
INFO    2023-04-07 22:30:43,287G:\auto_api1_framework\logs\info-2023-04-07.log:test_create_user.py:26 2023-04-07 22:30:42 >>>>>> 开始执行：
INFO    2023-04-07 22:30:43,295G:\auto_api1_framework\logs\info-2023-04-07.log:log_decorator.py:41 
======================================================
用例标题: 创建已存在用户
请求路径: http://127.0.0.1:8888/api/private/v1/users
请求方式: POST
请求头:   {'User-Agent': 'python-requests/2.28.2', 'Accept-Encoding': 'gzip, deflate', 'Accept': '*/*', 'Connection': 'keep-alive', 'Content-Type': 'application/json', 'Authorization': 'Bearer eyJhbGciOiJIUzI1NiIsInR5cCI6IkpXVCJ9.eyJ1aWQiOjUwMCwicmlkIjowLCJpYXQiOjE2ODA4Nzc4NDMsImV4cCI6MTY4MDk2NDI0M30.Jl23gSwn81GeNG3LD4xyfmT3UL9zTBd_hVNUvg0Agyo', 'Content-Length': '43'}
请求内容: {'username': 'admin', 'password': '123456'}
接口响应内容: {'data': None, 'meta': {'msg': '用户名已存在', 'status': 400}}
接口响应时长: 4 ms
Http状态码: 200
=====================================================
INFO    2023-04-07 22:30:43,297G:\auto_api1_framework\logs\info-2023-04-07.log:test_create_user.py:29 2023-04-07 22:30:42 >>>>>> 执行结束！
INFO    2023-04-07 22:30:43,299G:\auto_api1_framework\logs\info-2023-04-07.log:test_create_user.py:26 2023-04-07 22:30:42 >>>>>> 开始执行：
INFO    2023-04-07 22:30:43,304G:\auto_api1_framework\logs\info-2023-04-07.log:log_decorator.py:41 
======================================================
用例标题: 用户名为空
请求路径: http://127.0.0.1:8888/api/private/v1/users
请求方式: POST
请求头:   {'User-Agent': 'python-requests/2.28.2', 'Accept-Encoding': 'gzip, deflate', 'Accept': '*/*', 'Connection': 'keep-alive', 'Content-Type': 'application/json', 'Authorization': 'Bearer eyJhbGciOiJIUzI1NiIsInR5cCI6IkpXVCJ9.eyJ1aWQiOjUwMCwicmlkIjowLCJpYXQiOjE2ODA4Nzc4NDMsImV4cCI6MTY4MDk2NDI0M30.Jl23gSwn81GeNG3LD4xyfmT3UL9zTBd_hVNUvg0Agyo', 'Content-Length': '38'}
请求内容: {'username': '', 'password': '123456'}
接口响应内容: {'data': None, 'meta': {'msg': '用户名不能为空', 'status': 400}}
接口响应时长: 2 ms
Http状态码: 200
=====================================================
INFO    2023-04-07 22:30:43,305G:\auto_api1_framework\logs\info-2023-04-07.log:test_create_user.py:29 2023-04-07 22:30:42 >>>>>> 执行结束！
INFO    2023-04-07 22:31:05,707G:\auto_api1_framework\logs\info-2023-04-07.log:test_create_user.py:26 2023-04-07 22:31:05 >>>>>> 开始执行：
INFO    2023-04-07 22:31:05,773G:\auto_api1_framework\logs\info-2023-04-07.log:log_decorator.py:41 
======================================================
用例标题: 创建用户成功（必填参数）
请求路径: http://127.0.0.1:8888/api/private/v1/users
请求方式: POST
请求头:   {'User-Agent': 'python-requests/2.28.2', 'Accept-Encoding': 'gzip, deflate', 'Accept': '*/*', 'Connection': 'keep-alive', 'Content-Type': 'application/json', 'Authorization': 'Bearer eyJhbGciOiJIUzI1NiIsInR5cCI6IkpXVCJ9.eyJ1aWQiOjUwMCwicmlkIjowLCJpYXQiOjE2ODA4Nzc4NjUsImV4cCI6MTY4MDk2NDI2NX0.hXZNHTJCY1Lzv5gaJHuk64uPlINJR9A5NZJW5dOjRzY', 'Content-Length': '47'}
请求内容: {'username': 'OUYp130', 'password': 'admin123'}
接口响应内容: {'data': {'id': 555, 'username': 'OUYp130', 'role_id': -1, 'create_time': 1680877865}, 'meta': {'msg': '创建成功', 'status': 201}}
接口响应时长: 63 ms
Http状态码: 200
=====================================================
INFO    2023-04-07 22:31:05,775G:\auto_api1_framework\logs\info-2023-04-07.log:test_create_user.py:29 2023-04-07 22:31:05 >>>>>> 执行结束！
INFO    2023-04-07 22:31:05,778G:\auto_api1_framework\logs\info-2023-04-07.log:test_create_user.py:26 2023-04-07 22:31:05 >>>>>> 开始执行：
INFO    2023-04-07 22:31:05,845G:\auto_api1_framework\logs\info-2023-04-07.log:log_decorator.py:41 
======================================================
用例标题: 创建用户成功（必填+选填参数）
请求路径: http://127.0.0.1:8888/api/private/v1/users
请求方式: POST
请求头:   {'User-Agent': 'python-requests/2.28.2', 'Accept-Encoding': 'gzip, deflate', 'Accept': '*/*', 'Connection': 'keep-alive', 'Content-Type': 'application/json', 'Authorization': 'Bearer eyJhbGciOiJIUzI1NiIsInR5cCI6IkpXVCJ9.eyJ1aWQiOjUwMCwicmlkIjowLCJpYXQiOjE2ODA4Nzc4NjUsImV4cCI6MTY4MDk2NDI2NX0.hXZNHTJCY1Lzv5gaJHuk64uPlINJR9A5NZJW5dOjRzY', 'Content-Length': '84'}
请求内容: {'username': 'kXiz640', 'password': 'admin123@!', 'email': 'xiulantian@example.net'}
接口响应内容: {'data': {'id': 556, 'username': 'kXiz640', 'email': 'xiulantian@example.net', 'role_id': -1, 'create_time': 1680877865}, 'meta': {'msg': '创建成功', 'status': 201}}
接口响应时长: 65 ms
Http状态码: 200
=====================================================
INFO    2023-04-07 22:31:05,846G:\auto_api1_framework\logs\info-2023-04-07.log:test_create_user.py:29 2023-04-07 22:31:05 >>>>>> 执行结束！
INFO    2023-04-07 22:31:05,849G:\auto_api1_framework\logs\info-2023-04-07.log:test_create_user.py:26 2023-04-07 22:31:05 >>>>>> 开始执行：
INFO    2023-04-07 22:31:05,916G:\auto_api1_framework\logs\info-2023-04-07.log:log_decorator.py:41 
======================================================
用例标题: 创建用户成功（全部参数）
请求路径: http://127.0.0.1:8888/api/private/v1/users
请求方式: POST
请求头:   {'User-Agent': 'python-requests/2.28.2', 'Accept-Encoding': 'gzip, deflate', 'Accept': '*/*', 'Connection': 'keep-alive', 'Content-Type': 'application/json', 'Authorization': 'Bearer eyJhbGciOiJIUzI1NiIsInR5cCI6IkpXVCJ9.eyJ1aWQiOjUwMCwicmlkIjowLCJpYXQiOjE2ODA4Nzc4NjUsImV4cCI6MTY4MDk2NDI2NX0.hXZNHTJCY1Lzv5gaJHuk64uPlINJR9A5NZJW5dOjRzY', 'Content-Length': '105'}
请求内容: {'username': 'vOGJ101', 'password': '789456abcd', 'email': 'suyong@example.com', 'mobile': '15574950179'}
接口响应内容: {'data': {'id': 557, 'username': 'vOGJ101', 'mobile': '15574950179', 'email': 'suyong@example.com', 'role_id': -1, 'create_time': 1680877865}, 'meta': {'msg': '创建成功', 'status': 201}}
接口响应时长: 64 ms
Http状态码: 200
=====================================================
INFO    2023-04-07 22:31:05,920G:\auto_api1_framework\logs\info-2023-04-07.log:test_create_user.py:29 2023-04-07 22:31:05 >>>>>> 执行结束！
INFO    2023-04-07 22:31:05,922G:\auto_api1_framework\logs\info-2023-04-07.log:test_create_user.py:26 2023-04-07 22:31:05 >>>>>> 开始执行：
INFO    2023-04-07 22:31:05,926G:\auto_api1_framework\logs\info-2023-04-07.log:log_decorator.py:41 
======================================================
用例标题: 创建已存在用户
请求路径: http://127.0.0.1:8888/api/private/v1/users
请求方式: POST
请求头:   {'User-Agent': 'python-requests/2.28.2', 'Accept-Encoding': 'gzip, deflate', 'Accept': '*/*', 'Connection': 'keep-alive', 'Content-Type': 'application/json', 'Authorization': 'Bearer eyJhbGciOiJIUzI1NiIsInR5cCI6IkpXVCJ9.eyJ1aWQiOjUwMCwicmlkIjowLCJpYXQiOjE2ODA4Nzc4NjUsImV4cCI6MTY4MDk2NDI2NX0.hXZNHTJCY1Lzv5gaJHuk64uPlINJR9A5NZJW5dOjRzY', 'Content-Length': '43'}
请求内容: {'username': 'admin', 'password': '123456'}
接口响应内容: {'data': None, 'meta': {'msg': '用户名已存在', 'status': 400}}
接口响应时长: 2 ms
Http状态码: 200
=====================================================
INFO    2023-04-07 22:31:05,927G:\auto_api1_framework\logs\info-2023-04-07.log:test_create_user.py:29 2023-04-07 22:31:05 >>>>>> 执行结束！
INFO    2023-04-07 22:31:05,929G:\auto_api1_framework\logs\info-2023-04-07.log:test_create_user.py:26 2023-04-07 22:31:05 >>>>>> 开始执行：
INFO    2023-04-07 22:31:05,933G:\auto_api1_framework\logs\info-2023-04-07.log:log_decorator.py:41 
======================================================
用例标题: 用户名为空
请求路径: http://127.0.0.1:8888/api/private/v1/users
请求方式: POST
请求头:   {'User-Agent': 'python-requests/2.28.2', 'Accept-Encoding': 'gzip, deflate', 'Accept': '*/*', 'Connection': 'keep-alive', 'Content-Type': 'application/json', 'Authorization': 'Bearer eyJhbGciOiJIUzI1NiIsInR5cCI6IkpXVCJ9.eyJ1aWQiOjUwMCwicmlkIjowLCJpYXQiOjE2ODA4Nzc4NjUsImV4cCI6MTY4MDk2NDI2NX0.hXZNHTJCY1Lzv5gaJHuk64uPlINJR9A5NZJW5dOjRzY', 'Content-Length': '38'}
请求内容: {'username': '', 'password': '123456'}
接口响应内容: {'data': None, 'meta': {'msg': '用户名不能为空', 'status': 400}}
接口响应时长: 1 ms
Http状态码: 200
=====================================================
INFO    2023-04-07 22:31:05,934G:\auto_api1_framework\logs\info-2023-04-07.log:test_create_user.py:29 2023-04-07 22:31:05 >>>>>> 执行结束！
INFO    2023-04-07 22:34:58,246G:\auto_api1_framework\logs\info-2023-04-07.log:test_create_user.py:26 2023-04-07 22:34:58 >>>>>> 开始执行：
INFO    2023-04-07 22:34:58,312G:\auto_api1_framework\logs\info-2023-04-07.log:log_decorator.py:41 
======================================================
用例标题: 创建用户成功（必填参数）
请求路径: http://127.0.0.1:8888/api/private/v1/users
请求方式: POST
请求头:   {'User-Agent': 'python-requests/2.28.2', 'Accept-Encoding': 'gzip, deflate', 'Accept': '*/*', 'Connection': 'keep-alive', 'Content-Type': 'application/json', 'Authorization': 'Bearer eyJhbGciOiJIUzI1NiIsInR5cCI6IkpXVCJ9.eyJ1aWQiOjUwMCwicmlkIjowLCJpYXQiOjE2ODA4NzgwOTgsImV4cCI6MTY4MDk2NDQ5OH0.OJ2lrdyqX6Wf2ssPRJqttc3R0cHl_oHnDcRXqz9MYKc', 'Content-Length': '47'}
请求内容: {'username': 'eKTH410', 'password': 'admin123'}
接口响应内容: {'data': {'id': 558, 'username': 'eKTH410', 'role_id': -1, 'create_time': 1680878098}, 'meta': {'msg': '创建成功', 'status': 201}}
接口响应时长: 63 ms
Http状态码: 200
=====================================================
INFO    2023-04-07 22:34:58,314G:\auto_api1_framework\logs\info-2023-04-07.log:test_create_user.py:29 2023-04-07 22:34:58 >>>>>> 执行结束！
INFO    2023-04-07 22:34:58,316G:\auto_api1_framework\logs\info-2023-04-07.log:test_create_user.py:26 2023-04-07 22:34:58 >>>>>> 开始执行：
INFO    2023-04-07 22:34:58,383G:\auto_api1_framework\logs\info-2023-04-07.log:log_decorator.py:41 
======================================================
用例标题: 创建用户成功（必填+选填参数）
请求路径: http://127.0.0.1:8888/api/private/v1/users
请求方式: POST
请求头:   {'User-Agent': 'python-requests/2.28.2', 'Accept-Encoding': 'gzip, deflate', 'Accept': '*/*', 'Connection': 'keep-alive', 'Content-Type': 'application/json', 'Authorization': 'Bearer eyJhbGciOiJIUzI1NiIsInR5cCI6IkpXVCJ9.eyJ1aWQiOjUwMCwicmlkIjowLCJpYXQiOjE2ODA4NzgwOTgsImV4cCI6MTY4MDk2NDQ5OH0.OJ2lrdyqX6Wf2ssPRJqttc3R0cHl_oHnDcRXqz9MYKc', 'Content-Length': '83'}
请求内容: {'username': 'dsuT404', 'password': 'admin123@!', 'email': 'fangcheng@example.org'}
接口响应内容: {'data': {'id': 559, 'username': 'dsuT404', 'email': 'fangcheng@example.org', 'role_id': -1, 'create_time': 1680878098}, 'meta': {'msg': '创建成功', 'status': 201}}
接口响应时长: 63 ms
Http状态码: 200
=====================================================
INFO    2023-04-07 22:34:58,385G:\auto_api1_framework\logs\info-2023-04-07.log:test_create_user.py:29 2023-04-07 22:34:58 >>>>>> 执行结束！
INFO    2023-04-07 22:34:58,386G:\auto_api1_framework\logs\info-2023-04-07.log:test_create_user.py:26 2023-04-07 22:34:58 >>>>>> 开始执行：
INFO    2023-04-07 22:34:58,450G:\auto_api1_framework\logs\info-2023-04-07.log:log_decorator.py:41 
======================================================
用例标题: 创建用户成功（全部参数）
请求路径: http://127.0.0.1:8888/api/private/v1/users
请求方式: POST
请求头:   {'User-Agent': 'python-requests/2.28.2', 'Accept-Encoding': 'gzip, deflate', 'Accept': '*/*', 'Connection': 'keep-alive', 'Content-Type': 'application/json', 'Authorization': 'Bearer eyJhbGciOiJIUzI1NiIsInR5cCI6IkpXVCJ9.eyJ1aWQiOjUwMCwicmlkIjowLCJpYXQiOjE2ODA4NzgwOTgsImV4cCI6MTY4MDk2NDQ5OH0.OJ2lrdyqX6Wf2ssPRJqttc3R0cHl_oHnDcRXqz9MYKc', 'Content-Length': '108'}
请求内容: {'username': 'XqwF341', 'password': '789456abcd', 'email': 'chaozhong@example.com', 'mobile': '14538434016'}
接口响应内容: {'data': {'id': 560, 'username': 'XqwF341', 'mobile': '14538434016', 'email': 'chaozhong@example.com', 'role_id': -1, 'create_time': 1680878098}, 'meta': {'msg': '创建成功', 'status': 201}}
接口响应时长: 63 ms
Http状态码: 200
=====================================================
INFO    2023-04-07 22:34:58,452G:\auto_api1_framework\logs\info-2023-04-07.log:test_create_user.py:29 2023-04-07 22:34:58 >>>>>> 执行结束！
INFO    2023-04-07 22:34:58,453G:\auto_api1_framework\logs\info-2023-04-07.log:test_create_user.py:26 2023-04-07 22:34:58 >>>>>> 开始执行：
INFO    2023-04-07 22:34:58,458G:\auto_api1_framework\logs\info-2023-04-07.log:log_decorator.py:41 
======================================================
用例标题: 创建已存在用户
请求路径: http://127.0.0.1:8888/api/private/v1/users
请求方式: POST
请求头:   {'User-Agent': 'python-requests/2.28.2', 'Accept-Encoding': 'gzip, deflate', 'Accept': '*/*', 'Connection': 'keep-alive', 'Content-Type': 'application/json', 'Authorization': 'Bearer eyJhbGciOiJIUzI1NiIsInR5cCI6IkpXVCJ9.eyJ1aWQiOjUwMCwicmlkIjowLCJpYXQiOjE2ODA4NzgwOTgsImV4cCI6MTY4MDk2NDQ5OH0.OJ2lrdyqX6Wf2ssPRJqttc3R0cHl_oHnDcRXqz9MYKc', 'Content-Length': '43'}
请求内容: {'username': 'admin', 'password': '123456'}
接口响应内容: {'data': None, 'meta': {'msg': '用户名已存在', 'status': 400}}
接口响应时长: 2 ms
Http状态码: 200
=====================================================
INFO    2023-04-07 22:34:58,460G:\auto_api1_framework\logs\info-2023-04-07.log:test_create_user.py:29 2023-04-07 22:34:58 >>>>>> 执行结束！
INFO    2023-04-07 22:34:58,461G:\auto_api1_framework\logs\info-2023-04-07.log:test_create_user.py:26 2023-04-07 22:34:58 >>>>>> 开始执行：
INFO    2023-04-07 22:34:58,466G:\auto_api1_framework\logs\info-2023-04-07.log:log_decorator.py:41 
======================================================
用例标题: 用户名为空
请求路径: http://127.0.0.1:8888/api/private/v1/users
请求方式: POST
请求头:   {'User-Agent': 'python-requests/2.28.2', 'Accept-Encoding': 'gzip, deflate', 'Accept': '*/*', 'Connection': 'keep-alive', 'Content-Type': 'application/json', 'Authorization': 'Bearer eyJhbGciOiJIUzI1NiIsInR5cCI6IkpXVCJ9.eyJ1aWQiOjUwMCwicmlkIjowLCJpYXQiOjE2ODA4NzgwOTgsImV4cCI6MTY4MDk2NDQ5OH0.OJ2lrdyqX6Wf2ssPRJqttc3R0cHl_oHnDcRXqz9MYKc', 'Content-Length': '38'}
请求内容: {'username': '', 'password': '123456'}
接口响应内容: {'data': None, 'meta': {'msg': '用户名不能为空', 'status': 400}}
接口响应时长: 1 ms
Http状态码: 200
=====================================================
INFO    2023-04-07 22:34:58,468G:\auto_api1_framework\logs\info-2023-04-07.log:test_create_user.py:29 2023-04-07 22:34:58 >>>>>> 执行结束！
INFO    2023-04-07 22:35:25,105G:\auto_api1_framework\logs\info-2023-04-07.log:test_create_user.py:26 2023-04-07 22:35:24 >>>>>> 开始执行：
INFO    2023-04-07 22:35:25,176G:\auto_api1_framework\logs\info-2023-04-07.log:log_decorator.py:41 
======================================================
用例标题: 创建用户成功（必填参数）
请求路径: http://127.0.0.1:8888/api/private/v1/users
请求方式: POST
请求头:   {'User-Agent': 'python-requests/2.28.2', 'Accept-Encoding': 'gzip, deflate', 'Accept': '*/*', 'Connection': 'keep-alive', 'Content-Type': 'application/json', 'Authorization': 'Bearer eyJhbGciOiJIUzI1NiIsInR5cCI6IkpXVCJ9.eyJ1aWQiOjUwMCwicmlkIjowLCJpYXQiOjE2ODA4NzgxMjUsImV4cCI6MTY4MDk2NDUyNX0.rgVVRQjJB7vJMvVy-nycN8ruELfiatlNgBQ7NyHljHQ', 'Content-Length': '47'}
请求内容: {'username': 'bWHI207', 'password': 'admin123'}
接口响应内容: {'data': {'id': 561, 'username': 'bWHI207', 'role_id': -1, 'create_time': 1680878125}, 'meta': {'msg': '创建成功', 'status': 201}}
接口响应时长: 65 ms
Http状态码: 200
=====================================================
INFO    2023-04-07 22:35:25,178G:\auto_api1_framework\logs\info-2023-04-07.log:test_create_user.py:29 2023-04-07 22:35:24 >>>>>> 执行结束！
INFO    2023-04-07 22:35:25,182G:\auto_api1_framework\logs\info-2023-04-07.log:test_create_user.py:26 2023-04-07 22:35:24 >>>>>> 开始执行：
INFO    2023-04-07 22:35:25,248G:\auto_api1_framework\logs\info-2023-04-07.log:log_decorator.py:41 
======================================================
用例标题: 创建用户成功（必填+选填参数）
请求路径: http://127.0.0.1:8888/api/private/v1/users
请求方式: POST
请求头:   {'User-Agent': 'python-requests/2.28.2', 'Accept-Encoding': 'gzip, deflate', 'Accept': '*/*', 'Connection': 'keep-alive', 'Content-Type': 'application/json', 'Authorization': 'Bearer eyJhbGciOiJIUzI1NiIsInR5cCI6IkpXVCJ9.eyJ1aWQiOjUwMCwicmlkIjowLCJpYXQiOjE2ODA4NzgxMjUsImV4cCI6MTY4MDk2NDUyNX0.rgVVRQjJB7vJMvVy-nycN8ruELfiatlNgBQ7NyHljHQ', 'Content-Length': '77'}
请求内容: {'username': 'hOdI485', 'password': 'admin123@!', 'email': 'mwu@example.net'}
接口响应内容: {'data': {'id': 562, 'username': 'hOdI485', 'email': 'mwu@example.net', 'role_id': -1, 'create_time': 1680878125}, 'meta': {'msg': '创建成功', 'status': 201}}
接口响应时长: 63 ms
Http状态码: 200
=====================================================
INFO    2023-04-07 22:35:25,249G:\auto_api1_framework\logs\info-2023-04-07.log:test_create_user.py:29 2023-04-07 22:35:24 >>>>>> 执行结束！
INFO    2023-04-07 22:35:25,252G:\auto_api1_framework\logs\info-2023-04-07.log:test_create_user.py:26 2023-04-07 22:35:24 >>>>>> 开始执行：
INFO    2023-04-07 22:35:25,320G:\auto_api1_framework\logs\info-2023-04-07.log:log_decorator.py:41 
======================================================
用例标题: 创建用户成功（全部参数）
请求路径: http://127.0.0.1:8888/api/private/v1/users
请求方式: POST
请求头:   {'User-Agent': 'python-requests/2.28.2', 'Accept-Encoding': 'gzip, deflate', 'Accept': '*/*', 'Connection': 'keep-alive', 'Content-Type': 'application/json', 'Authorization': 'Bearer eyJhbGciOiJIUzI1NiIsInR5cCI6IkpXVCJ9.eyJ1aWQiOjUwMCwicmlkIjowLCJpYXQiOjE2ODA4NzgxMjUsImV4cCI6MTY4MDk2NDUyNX0.rgVVRQjJB7vJMvVy-nycN8ruELfiatlNgBQ7NyHljHQ', 'Content-Length': '104'}
请求内容: {'username': 'zwpO757', 'password': '789456abcd', 'email': 'jie99@example.com', 'mobile': '13127708659'}
接口响应内容: {'data': {'id': 563, 'username': 'zwpO757', 'mobile': '13127708659', 'email': 'jie99@example.com', 'role_id': -1, 'create_time': 1680878125}, 'meta': {'msg': '创建成功', 'status': 201}}
接口响应时长: 64 ms
Http状态码: 200
=====================================================
INFO    2023-04-07 22:35:25,322G:\auto_api1_framework\logs\info-2023-04-07.log:test_create_user.py:29 2023-04-07 22:35:24 >>>>>> 执行结束！
INFO    2023-04-07 22:35:25,325G:\auto_api1_framework\logs\info-2023-04-07.log:test_create_user.py:26 2023-04-07 22:35:24 >>>>>> 开始执行：
INFO    2023-04-07 22:35:25,332G:\auto_api1_framework\logs\info-2023-04-07.log:log_decorator.py:41 
======================================================
用例标题: 创建已存在用户
请求路径: http://127.0.0.1:8888/api/private/v1/users
请求方式: POST
请求头:   {'User-Agent': 'python-requests/2.28.2', 'Accept-Encoding': 'gzip, deflate', 'Accept': '*/*', 'Connection': 'keep-alive', 'Content-Type': 'application/json', 'Authorization': 'Bearer eyJhbGciOiJIUzI1NiIsInR5cCI6IkpXVCJ9.eyJ1aWQiOjUwMCwicmlkIjowLCJpYXQiOjE2ODA4NzgxMjUsImV4cCI6MTY4MDk2NDUyNX0.rgVVRQjJB7vJMvVy-nycN8ruELfiatlNgBQ7NyHljHQ', 'Content-Length': '43'}
请求内容: {'username': 'admin', 'password': '123456'}
接口响应内容: {'data': None, 'meta': {'msg': '用户名已存在', 'status': 400}}
接口响应时长: 2 ms
Http状态码: 200
=====================================================
INFO    2023-04-07 22:35:25,333G:\auto_api1_framework\logs\info-2023-04-07.log:test_create_user.py:29 2023-04-07 22:35:24 >>>>>> 执行结束！
INFO    2023-04-07 22:35:25,336G:\auto_api1_framework\logs\info-2023-04-07.log:test_create_user.py:26 2023-04-07 22:35:24 >>>>>> 开始执行：
INFO    2023-04-07 22:35:25,341G:\auto_api1_framework\logs\info-2023-04-07.log:log_decorator.py:41 
======================================================
用例标题: 用户名为空
请求路径: http://127.0.0.1:8888/api/private/v1/users
请求方式: POST
请求头:   {'User-Agent': 'python-requests/2.28.2', 'Accept-Encoding': 'gzip, deflate', 'Accept': '*/*', 'Connection': 'keep-alive', 'Content-Type': 'application/json', 'Authorization': 'Bearer eyJhbGciOiJIUzI1NiIsInR5cCI6IkpXVCJ9.eyJ1aWQiOjUwMCwicmlkIjowLCJpYXQiOjE2ODA4NzgxMjUsImV4cCI6MTY4MDk2NDUyNX0.rgVVRQjJB7vJMvVy-nycN8ruELfiatlNgBQ7NyHljHQ', 'Content-Length': '38'}
请求内容: {'username': '', 'password': '123456'}
接口响应内容: {'data': None, 'meta': {'msg': '用户名不能为空', 'status': 400}}
接口响应时长: 1 ms
Http状态码: 200
=====================================================
INFO    2023-04-07 22:35:25,342G:\auto_api1_framework\logs\info-2023-04-07.log:test_create_user.py:29 2023-04-07 22:35:24 >>>>>> 执行结束！
INFO    2023-04-07 22:36:31,170G:\auto_api1_framework\logs\info-2023-04-07.log:test_create_user.py:26 2023-04-07 22:36:31 >>>>>> 开始执行：
INFO    2023-04-07 22:36:31,239G:\auto_api1_framework\logs\info-2023-04-07.log:log_decorator.py:41 
======================================================
用例标题: 创建用户成功（必填参数）
请求路径: http://127.0.0.1:8888/api/private/v1/users
请求方式: POST
请求头:   {'User-Agent': 'python-requests/2.28.2', 'Accept-Encoding': 'gzip, deflate', 'Accept': '*/*', 'Connection': 'keep-alive', 'Content-Type': 'application/json', 'Authorization': 'Bearer eyJhbGciOiJIUzI1NiIsInR5cCI6IkpXVCJ9.eyJ1aWQiOjUwMCwicmlkIjowLCJpYXQiOjE2ODA4NzgxOTEsImV4cCI6MTY4MDk2NDU5MX0.Wn3zhku8BIbjWf7SMokuR1_0_vBD0ySdPZsCopER-c8', 'Content-Length': '47'}
请求内容: {'username': 'cUJe919', 'password': 'admin123'}
接口响应内容: {'data': {'id': 564, 'username': 'cUJe919', 'role_id': -1, 'create_time': 1680878191}, 'meta': {'msg': '创建成功', 'status': 201}}
接口响应时长: 65 ms
Http状态码: 200
=====================================================
INFO    2023-04-07 22:36:31,241G:\auto_api1_framework\logs\info-2023-04-07.log:test_create_user.py:29 2023-04-07 22:36:31 >>>>>> 执行结束！
INFO    2023-04-07 22:36:31,243G:\auto_api1_framework\logs\info-2023-04-07.log:test_create_user.py:26 2023-04-07 22:36:31 >>>>>> 开始执行：
INFO    2023-04-07 22:36:31,310G:\auto_api1_framework\logs\info-2023-04-07.log:log_decorator.py:41 
======================================================
用例标题: 创建用户成功（必填+选填参数）
请求路径: http://127.0.0.1:8888/api/private/v1/users
请求方式: POST
请求头:   {'User-Agent': 'python-requests/2.28.2', 'Accept-Encoding': 'gzip, deflate', 'Accept': '*/*', 'Connection': 'keep-alive', 'Content-Type': 'application/json', 'Authorization': 'Bearer eyJhbGciOiJIUzI1NiIsInR5cCI6IkpXVCJ9.eyJ1aWQiOjUwMCwicmlkIjowLCJpYXQiOjE2ODA4NzgxOTEsImV4cCI6MTY4MDk2NDU5MX0.Wn3zhku8BIbjWf7SMokuR1_0_vBD0ySdPZsCopER-c8', 'Content-Length': '79'}
请求内容: {'username': 'bZlA966', 'password': 'admin123@!', 'email': 'jie66@example.org'}
接口响应内容: {'data': {'id': 565, 'username': 'bZlA966', 'email': 'jie66@example.org', 'role_id': -1, 'create_time': 1680878191}, 'meta': {'msg': '创建成功', 'status': 201}}
接口响应时长: 65 ms
Http状态码: 200
=====================================================
INFO    2023-04-07 22:36:31,312G:\auto_api1_framework\logs\info-2023-04-07.log:test_create_user.py:29 2023-04-07 22:36:31 >>>>>> 执行结束！
INFO    2023-04-07 22:36:31,312G:\auto_api1_framework\logs\info-2023-04-07.log:test_create_user.py:26 2023-04-07 22:36:31 >>>>>> 开始执行：
INFO    2023-04-07 22:36:31,383G:\auto_api1_framework\logs\info-2023-04-07.log:log_decorator.py:41 
======================================================
用例标题: 创建用户成功（全部参数）
请求路径: http://127.0.0.1:8888/api/private/v1/users
请求方式: POST
请求头:   {'User-Agent': 'python-requests/2.28.2', 'Accept-Encoding': 'gzip, deflate', 'Accept': '*/*', 'Connection': 'keep-alive', 'Content-Type': 'application/json', 'Authorization': 'Bearer eyJhbGciOiJIUzI1NiIsInR5cCI6IkpXVCJ9.eyJ1aWQiOjUwMCwicmlkIjowLCJpYXQiOjE2ODA4NzgxOTEsImV4cCI6MTY4MDk2NDU5MX0.Wn3zhku8BIbjWf7SMokuR1_0_vBD0ySdPZsCopER-c8', 'Content-Length': '105'}
请求内容: {'username': 'aTCR992', 'password': '789456abcd', 'email': 'liaoli@example.com', 'mobile': '18043979990'}
接口响应内容: {'data': {'id': 566, 'username': 'aTCR992', 'mobile': '18043979990', 'email': 'liaoli@example.com', 'role_id': -1, 'create_time': 1680878191}, 'meta': {'msg': '创建成功', 'status': 201}}
接口响应时长: 65 ms
Http状态码: 200
=====================================================
INFO    2023-04-07 22:36:31,385G:\auto_api1_framework\logs\info-2023-04-07.log:test_create_user.py:29 2023-04-07 22:36:31 >>>>>> 执行结束！
INFO    2023-04-07 22:36:31,385G:\auto_api1_framework\logs\info-2023-04-07.log:test_create_user.py:26 2023-04-07 22:36:31 >>>>>> 开始执行：
INFO    2023-04-07 22:36:31,393G:\auto_api1_framework\logs\info-2023-04-07.log:log_decorator.py:41 
======================================================
用例标题: 创建已存在用户
请求路径: http://127.0.0.1:8888/api/private/v1/users
请求方式: POST
请求头:   {'User-Agent': 'python-requests/2.28.2', 'Accept-Encoding': 'gzip, deflate', 'Accept': '*/*', 'Connection': 'keep-alive', 'Content-Type': 'application/json', 'Authorization': 'Bearer eyJhbGciOiJIUzI1NiIsInR5cCI6IkpXVCJ9.eyJ1aWQiOjUwMCwicmlkIjowLCJpYXQiOjE2ODA4NzgxOTEsImV4cCI6MTY4MDk2NDU5MX0.Wn3zhku8BIbjWf7SMokuR1_0_vBD0ySdPZsCopER-c8', 'Content-Length': '43'}
请求内容: {'username': 'admin', 'password': '123456'}
接口响应内容: {'data': None, 'meta': {'msg': '用户名已存在', 'status': 400}}
接口响应时长: 2 ms
Http状态码: 200
=====================================================
INFO    2023-04-07 22:36:31,395G:\auto_api1_framework\logs\info-2023-04-07.log:test_create_user.py:29 2023-04-07 22:36:31 >>>>>> 执行结束！
INFO    2023-04-07 22:36:31,396G:\auto_api1_framework\logs\info-2023-04-07.log:test_create_user.py:26 2023-04-07 22:36:31 >>>>>> 开始执行：
INFO    2023-04-07 22:36:31,400G:\auto_api1_framework\logs\info-2023-04-07.log:log_decorator.py:41 
======================================================
用例标题: 用户名为空
请求路径: http://127.0.0.1:8888/api/private/v1/users
请求方式: POST
请求头:   {'User-Agent': 'python-requests/2.28.2', 'Accept-Encoding': 'gzip, deflate', 'Accept': '*/*', 'Connection': 'keep-alive', 'Content-Type': 'application/json', 'Authorization': 'Bearer eyJhbGciOiJIUzI1NiIsInR5cCI6IkpXVCJ9.eyJ1aWQiOjUwMCwicmlkIjowLCJpYXQiOjE2ODA4NzgxOTEsImV4cCI6MTY4MDk2NDU5MX0.Wn3zhku8BIbjWf7SMokuR1_0_vBD0ySdPZsCopER-c8', 'Content-Length': '38'}
请求内容: {'username': '', 'password': '123456'}
接口响应内容: {'data': None, 'meta': {'msg': '用户名不能为空', 'status': 400}}
接口响应时长: 1 ms
Http状态码: 200
=====================================================
INFO    2023-04-07 22:36:31,401G:\auto_api1_framework\logs\info-2023-04-07.log:test_create_user.py:29 2023-04-07 22:36:31 >>>>>> 执行结束！
INFO    2023-04-07 22:37:49,551G:\auto_api1_framework\logs\info-2023-04-07.log:test_create_user.py:26 2023-04-07 22:37:49 >>>>>> 开始执行：
INFO    2023-04-07 22:37:49,616G:\auto_api1_framework\logs\info-2023-04-07.log:log_decorator.py:41 
======================================================
用例标题: 创建用户成功（必填参数）
请求路径: http://127.0.0.1:8888/api/private/v1/users
请求方式: POST
请求头:   {'User-Agent': 'python-requests/2.28.2', 'Accept-Encoding': 'gzip, deflate', 'Accept': '*/*', 'Connection': 'keep-alive', 'Content-Type': 'application/json', 'Authorization': 'Bearer eyJhbGciOiJIUzI1NiIsInR5cCI6IkpXVCJ9.eyJ1aWQiOjUwMCwicmlkIjowLCJpYXQiOjE2ODA4NzgyNjksImV4cCI6MTY4MDk2NDY2OX0.hk1OvlrSkrvl3fhjN6uX1ANljxIbpvxU1FMi50gnsNA', 'Content-Length': '47'}
请求内容: {'username': 'msHn591', 'password': 'admin123'}
接口响应内容: {'data': {'id': 567, 'username': 'msHn591', 'role_id': -1, 'create_time': 1680878269}, 'meta': {'msg': '创建成功', 'status': 201}}
接口响应时长: 63 ms
Http状态码: 200
=====================================================
INFO    2023-04-07 22:37:49,619G:\auto_api1_framework\logs\info-2023-04-07.log:test_create_user.py:29 2023-04-07 22:37:49 >>>>>> 执行结束！
INFO    2023-04-07 22:37:49,620G:\auto_api1_framework\logs\info-2023-04-07.log:test_create_user.py:26 2023-04-07 22:37:49 >>>>>> 开始执行：
INFO    2023-04-07 22:37:49,688G:\auto_api1_framework\logs\info-2023-04-07.log:log_decorator.py:41 
======================================================
用例标题: 创建用户成功（必填+选填参数）
请求路径: http://127.0.0.1:8888/api/private/v1/users
请求方式: POST
请求头:   {'User-Agent': 'python-requests/2.28.2', 'Accept-Encoding': 'gzip, deflate', 'Accept': '*/*', 'Connection': 'keep-alive', 'Content-Type': 'application/json', 'Authorization': 'Bearer eyJhbGciOiJIUzI1NiIsInR5cCI6IkpXVCJ9.eyJ1aWQiOjUwMCwicmlkIjowLCJpYXQiOjE2ODA4NzgyNjksImV4cCI6MTY4MDk2NDY2OX0.hk1OvlrSkrvl3fhjN6uX1ANljxIbpvxU1FMi50gnsNA', 'Content-Length': '78'}
请求内容: {'username': 'egib817', 'password': 'admin123@!', 'email': 'li59@example.net'}
接口响应内容: {'data': {'id': 568, 'username': 'egib817', 'email': 'li59@example.net', 'role_id': -1, 'create_time': 1680878269}, 'meta': {'msg': '创建成功', 'status': 201}}
接口响应时长: 65 ms
Http状态码: 200
=====================================================
INFO    2023-04-07 22:37:49,689G:\auto_api1_framework\logs\info-2023-04-07.log:test_create_user.py:29 2023-04-07 22:37:49 >>>>>> 执行结束！
INFO    2023-04-07 22:37:49,690G:\auto_api1_framework\logs\info-2023-04-07.log:test_create_user.py:26 2023-04-07 22:37:49 >>>>>> 开始执行：
INFO    2023-04-07 22:37:49,762G:\auto_api1_framework\logs\info-2023-04-07.log:log_decorator.py:41 
======================================================
用例标题: 创建用户成功（全部参数）
请求路径: http://127.0.0.1:8888/api/private/v1/users
请求方式: POST
请求头:   {'User-Agent': 'python-requests/2.28.2', 'Accept-Encoding': 'gzip, deflate', 'Accept': '*/*', 'Connection': 'keep-alive', 'Content-Type': 'application/json', 'Authorization': 'Bearer eyJhbGciOiJIUzI1NiIsInR5cCI6IkpXVCJ9.eyJ1aWQiOjUwMCwicmlkIjowLCJpYXQiOjE2ODA4NzgyNjksImV4cCI6MTY4MDk2NDY2OX0.hk1OvlrSkrvl3fhjN6uX1ANljxIbpvxU1FMi50gnsNA', 'Content-Length': '103'}
请求内容: {'username': 'Pfwj832', 'password': '789456abcd', 'email': 'lwen@example.net', 'mobile': '15352894267'}
接口响应内容: {'data': {'id': 569, 'username': 'Pfwj832', 'mobile': '15352894267', 'email': 'lwen@example.net', 'role_id': -1, 'create_time': 1680878269}, 'meta': {'msg': '创建成功', 'status': 201}}
接口响应时长: 65 ms
Http状态码: 200
=====================================================
INFO    2023-04-07 22:37:49,764G:\auto_api1_framework\logs\info-2023-04-07.log:test_create_user.py:29 2023-04-07 22:37:49 >>>>>> 执行结束！
INFO    2023-04-07 22:37:49,765G:\auto_api1_framework\logs\info-2023-04-07.log:test_create_user.py:26 2023-04-07 22:37:49 >>>>>> 开始执行：
INFO    2023-04-07 22:37:49,772G:\auto_api1_framework\logs\info-2023-04-07.log:log_decorator.py:41 
======================================================
用例标题: 创建已存在用户
请求路径: http://127.0.0.1:8888/api/private/v1/users
请求方式: POST
请求头:   {'User-Agent': 'python-requests/2.28.2', 'Accept-Encoding': 'gzip, deflate', 'Accept': '*/*', 'Connection': 'keep-alive', 'Content-Type': 'application/json', 'Authorization': 'Bearer eyJhbGciOiJIUzI1NiIsInR5cCI6IkpXVCJ9.eyJ1aWQiOjUwMCwicmlkIjowLCJpYXQiOjE2ODA4NzgyNjksImV4cCI6MTY4MDk2NDY2OX0.hk1OvlrSkrvl3fhjN6uX1ANljxIbpvxU1FMi50gnsNA', 'Content-Length': '43'}
请求内容: {'username': 'admin', 'password': '123456'}
接口响应内容: {'data': None, 'meta': {'msg': '用户名已存在', 'status': 400}}
接口响应时长: 2 ms
Http状态码: 200
=====================================================
INFO    2023-04-07 22:37:49,773G:\auto_api1_framework\logs\info-2023-04-07.log:test_create_user.py:29 2023-04-07 22:37:49 >>>>>> 执行结束！
INFO    2023-04-07 22:37:49,774G:\auto_api1_framework\logs\info-2023-04-07.log:test_create_user.py:26 2023-04-07 22:37:49 >>>>>> 开始执行：
INFO    2023-04-07 22:37:49,778G:\auto_api1_framework\logs\info-2023-04-07.log:log_decorator.py:41 
======================================================
用例标题: 用户名为空
请求路径: http://127.0.0.1:8888/api/private/v1/users
请求方式: POST
请求头:   {'User-Agent': 'python-requests/2.28.2', 'Accept-Encoding': 'gzip, deflate', 'Accept': '*/*', 'Connection': 'keep-alive', 'Content-Type': 'application/json', 'Authorization': 'Bearer eyJhbGciOiJIUzI1NiIsInR5cCI6IkpXVCJ9.eyJ1aWQiOjUwMCwicmlkIjowLCJpYXQiOjE2ODA4NzgyNjksImV4cCI6MTY4MDk2NDY2OX0.hk1OvlrSkrvl3fhjN6uX1ANljxIbpvxU1FMi50gnsNA', 'Content-Length': '38'}
请求内容: {'username': '', 'password': '123456'}
接口响应内容: {'data': None, 'meta': {'msg': '用户名不能为空', 'status': 400}}
接口响应时长: 1 ms
Http状态码: 200
=====================================================
INFO    2023-04-07 22:37:49,779G:\auto_api1_framework\logs\info-2023-04-07.log:test_create_user.py:29 2023-04-07 22:37:49 >>>>>> 执行结束！
INFO    2023-04-07 22:49:07,046G:\auto_api1_framework\logs\info-2023-04-07.log:test_create_user.py:26 2023-04-07 22:49:06 >>>>>> 开始执行：
INFO    2023-04-07 22:49:07,111G:\auto_api1_framework\logs\info-2023-04-07.log:log_decorator.py:41 
======================================================
用例标题: 创建用户成功（必填参数）
请求路径: http://127.0.0.1:8888/api/private/v1/users
请求方式: POST
请求头:   {'User-Agent': 'python-requests/2.28.2', 'Accept-Encoding': 'gzip, deflate', 'Accept': '*/*', 'Connection': 'keep-alive', 'Content-Type': 'application/json', 'Authorization': 'Bearer eyJhbGciOiJIUzI1NiIsInR5cCI6IkpXVCJ9.eyJ1aWQiOjUwMCwicmlkIjowLCJpYXQiOjE2ODA4Nzg5NDcsImV4cCI6MTY4MDk2NTM0N30.ZXQ3xFL0WAFuiWJHgD8fxP3t2Wa5kVWTdYC88mPCQ1E', 'Content-Length': '47'}
请求内容: {'username': 'RZtX808', 'password': 'admin123'}
接口响应内容: {'data': {'id': 570, 'username': 'RZtX808', 'role_id': -1, 'create_time': 1680878947}, 'meta': {'msg': '创建成功', 'status': 201}}
接口响应时长: 63 ms
Http状态码: 200
=====================================================
INFO    2023-04-07 22:49:07,113G:\auto_api1_framework\logs\info-2023-04-07.log:test_create_user.py:29 2023-04-07 22:49:06 >>>>>> 执行结束！
INFO    2023-04-07 22:49:07,115G:\auto_api1_framework\logs\info-2023-04-07.log:test_create_user.py:26 2023-04-07 22:49:06 >>>>>> 开始执行：
INFO    2023-04-07 22:49:07,183G:\auto_api1_framework\logs\info-2023-04-07.log:log_decorator.py:41 
======================================================
用例标题: 创建用户成功（必填+选填参数）
请求路径: http://127.0.0.1:8888/api/private/v1/users
请求方式: POST
请求头:   {'User-Agent': 'python-requests/2.28.2', 'Accept-Encoding': 'gzip, deflate', 'Accept': '*/*', 'Connection': 'keep-alive', 'Content-Type': 'application/json', 'Authorization': 'Bearer eyJhbGciOiJIUzI1NiIsInR5cCI6IkpXVCJ9.eyJ1aWQiOjUwMCwicmlkIjowLCJpYXQiOjE2ODA4Nzg5NDcsImV4cCI6MTY4MDk2NTM0N30.ZXQ3xFL0WAFuiWJHgD8fxP3t2Wa5kVWTdYC88mPCQ1E', 'Content-Length': '80'}
请求内容: {'username': 'kQTB952', 'password': 'admin123@!', 'email': 'jing16@example.net'}
接口响应内容: {'data': {'id': 571, 'username': 'kQTB952', 'email': 'jing16@example.net', 'role_id': -1, 'create_time': 1680878947}, 'meta': {'msg': '创建成功', 'status': 201}}
接口响应时长: 66 ms
Http状态码: 200
=====================================================
INFO    2023-04-07 22:49:07,185G:\auto_api1_framework\logs\info-2023-04-07.log:test_create_user.py:29 2023-04-07 22:49:06 >>>>>> 执行结束！
INFO    2023-04-07 22:49:07,185G:\auto_api1_framework\logs\info-2023-04-07.log:test_create_user.py:26 2023-04-07 22:49:06 >>>>>> 开始执行：
INFO    2023-04-07 22:49:07,252G:\auto_api1_framework\logs\info-2023-04-07.log:log_decorator.py:41 
======================================================
用例标题: 创建用户成功（全部参数）
请求路径: http://127.0.0.1:8888/api/private/v1/users
请求方式: POST
请求头:   {'User-Agent': 'python-requests/2.28.2', 'Accept-Encoding': 'gzip, deflate', 'Accept': '*/*', 'Connection': 'keep-alive', 'Content-Type': 'application/json', 'Authorization': 'Bearer eyJhbGciOiJIUzI1NiIsInR5cCI6IkpXVCJ9.eyJ1aWQiOjUwMCwicmlkIjowLCJpYXQiOjE2ODA4Nzg5NDcsImV4cCI6MTY4MDk2NTM0N30.ZXQ3xFL0WAFuiWJHgD8fxP3t2Wa5kVWTdYC88mPCQ1E', 'Content-Length': '104'}
请求内容: {'username': 'ygIS096', 'password': '789456abcd', 'email': 'min36@example.net', 'mobile': '15835349099'}
接口响应内容: {'data': {'id': 572, 'username': 'ygIS096', 'mobile': '15835349099', 'email': 'min36@example.net', 'role_id': -1, 'create_time': 1680878947}, 'meta': {'msg': '创建成功', 'status': 201}}
接口响应时长: 63 ms
Http状态码: 200
=====================================================
INFO    2023-04-07 22:49:07,253G:\auto_api1_framework\logs\info-2023-04-07.log:test_create_user.py:29 2023-04-07 22:49:06 >>>>>> 执行结束！
INFO    2023-04-07 22:49:07,255G:\auto_api1_framework\logs\info-2023-04-07.log:test_create_user.py:26 2023-04-07 22:49:06 >>>>>> 开始执行：
INFO    2023-04-07 22:49:07,260G:\auto_api1_framework\logs\info-2023-04-07.log:log_decorator.py:41 
======================================================
用例标题: 创建已存在用户
请求路径: http://127.0.0.1:8888/api/private/v1/users
请求方式: POST
请求头:   {'User-Agent': 'python-requests/2.28.2', 'Accept-Encoding': 'gzip, deflate', 'Accept': '*/*', 'Connection': 'keep-alive', 'Content-Type': 'application/json', 'Authorization': 'Bearer eyJhbGciOiJIUzI1NiIsInR5cCI6IkpXVCJ9.eyJ1aWQiOjUwMCwicmlkIjowLCJpYXQiOjE2ODA4Nzg5NDcsImV4cCI6MTY4MDk2NTM0N30.ZXQ3xFL0WAFuiWJHgD8fxP3t2Wa5kVWTdYC88mPCQ1E', 'Content-Length': '43'}
请求内容: {'username': 'admin', 'password': '123456'}
接口响应内容: {'data': None, 'meta': {'msg': '用户名已存在', 'status': 400}}
接口响应时长: 2 ms
Http状态码: 200
=====================================================
INFO    2023-04-07 22:49:07,262G:\auto_api1_framework\logs\info-2023-04-07.log:test_create_user.py:29 2023-04-07 22:49:06 >>>>>> 执行结束！
INFO    2023-04-07 22:49:07,263G:\auto_api1_framework\logs\info-2023-04-07.log:test_create_user.py:26 2023-04-07 22:49:06 >>>>>> 开始执行：
INFO    2023-04-07 22:49:07,267G:\auto_api1_framework\logs\info-2023-04-07.log:log_decorator.py:41 
======================================================
用例标题: 用户名为空
请求路径: http://127.0.0.1:8888/api/private/v1/users
请求方式: POST
请求头:   {'User-Agent': 'python-requests/2.28.2', 'Accept-Encoding': 'gzip, deflate', 'Accept': '*/*', 'Connection': 'keep-alive', 'Content-Type': 'application/json', 'Authorization': 'Bearer eyJhbGciOiJIUzI1NiIsInR5cCI6IkpXVCJ9.eyJ1aWQiOjUwMCwicmlkIjowLCJpYXQiOjE2ODA4Nzg5NDcsImV4cCI6MTY4MDk2NTM0N30.ZXQ3xFL0WAFuiWJHgD8fxP3t2Wa5kVWTdYC88mPCQ1E', 'Content-Length': '38'}
请求内容: {'username': '', 'password': '123456'}
接口响应内容: {'data': None, 'meta': {'msg': '用户名不能为空', 'status': 400}}
接口响应时长: 1 ms
Http状态码: 200
=====================================================
INFO    2023-04-07 22:49:07,340G:\auto_api1_framework\logs\info-2023-04-07.log:test_create_user.py:29 2023-04-07 22:49:06 >>>>>> 执行结束！
INFO    2023-04-07 22:50:09,294G:\auto_api1_framework\logs\info-2023-04-07.log:test_create_user.py:26 2023-04-07 22:50:09 >>>>>> 开始执行：
INFO    2023-04-07 22:50:09,361G:\auto_api1_framework\logs\info-2023-04-07.log:log_decorator.py:41 
======================================================
用例标题: 创建用户成功（必填参数）
请求路径: http://127.0.0.1:8888/api/private/v1/users
请求方式: POST
请求头:   {'User-Agent': 'python-requests/2.28.2', 'Accept-Encoding': 'gzip, deflate', 'Accept': '*/*', 'Connection': 'keep-alive', 'Content-Type': 'application/json', 'Authorization': 'Bearer eyJhbGciOiJIUzI1NiIsInR5cCI6IkpXVCJ9.eyJ1aWQiOjUwMCwicmlkIjowLCJpYXQiOjE2ODA4NzkwMDksImV4cCI6MTY4MDk2NTQwOX0.Q1UR0IV8TahZrGBBKCCCPAzNufFqGZ56izwz2_RxStI', 'Content-Length': '47'}
请求内容: {'username': 'yMDv099', 'password': 'admin123'}
接口响应内容: {'data': {'id': 573, 'username': 'yMDv099', 'role_id': -1, 'create_time': 1680879009}, 'meta': {'msg': '创建成功', 'status': 201}}
接口响应时长: 64 ms
Http状态码: 200
=====================================================
INFO    2023-04-07 22:50:09,437G:\auto_api1_framework\logs\info-2023-04-07.log:test_create_user.py:29 2023-04-07 22:50:09 >>>>>> 执行结束！
INFO    2023-04-07 22:50:09,438G:\auto_api1_framework\logs\info-2023-04-07.log:test_create_user.py:26 2023-04-07 22:50:09 >>>>>> 开始执行：
INFO    2023-04-07 22:50:09,504G:\auto_api1_framework\logs\info-2023-04-07.log:log_decorator.py:41 
======================================================
用例标题: 创建用户成功（必填+选填参数）
请求路径: http://127.0.0.1:8888/api/private/v1/users
请求方式: POST
请求头:   {'User-Agent': 'python-requests/2.28.2', 'Accept-Encoding': 'gzip, deflate', 'Accept': '*/*', 'Connection': 'keep-alive', 'Content-Type': 'application/json', 'Authorization': 'Bearer eyJhbGciOiJIUzI1NiIsInR5cCI6IkpXVCJ9.eyJ1aWQiOjUwMCwicmlkIjowLCJpYXQiOjE2ODA4NzkwMDksImV4cCI6MTY4MDk2NTQwOX0.Q1UR0IV8TahZrGBBKCCCPAzNufFqGZ56izwz2_RxStI', 'Content-Length': '80'}
请求内容: {'username': 'xpNa951', 'password': 'admin123@!', 'email': 'ping15@example.net'}
接口响应内容: {'data': {'id': 574, 'username': 'xpNa951', 'email': 'ping15@example.net', 'role_id': -1, 'create_time': 1680879009}, 'meta': {'msg': '创建成功', 'status': 201}}
接口响应时长: 63 ms
Http状态码: 200
=====================================================
INFO    2023-04-07 22:50:09,505G:\auto_api1_framework\logs\info-2023-04-07.log:test_create_user.py:29 2023-04-07 22:50:09 >>>>>> 执行结束！
INFO    2023-04-07 22:50:09,507G:\auto_api1_framework\logs\info-2023-04-07.log:test_create_user.py:26 2023-04-07 22:50:09 >>>>>> 开始执行：
INFO    2023-04-07 22:50:09,571G:\auto_api1_framework\logs\info-2023-04-07.log:log_decorator.py:41 
======================================================
用例标题: 创建用户成功（全部参数）
请求路径: http://127.0.0.1:8888/api/private/v1/users
请求方式: POST
请求头:   {'User-Agent': 'python-requests/2.28.2', 'Accept-Encoding': 'gzip, deflate', 'Accept': '*/*', 'Connection': 'keep-alive', 'Content-Type': 'application/json', 'Authorization': 'Bearer eyJhbGciOiJIUzI1NiIsInR5cCI6IkpXVCJ9.eyJ1aWQiOjUwMCwicmlkIjowLCJpYXQiOjE2ODA4NzkwMDksImV4cCI6MTY4MDk2NTQwOX0.Q1UR0IV8TahZrGBBKCCCPAzNufFqGZ56izwz2_RxStI', 'Content-Length': '104'}
请求内容: {'username': 'PDvu539', 'password': '789456abcd', 'email': 'sliao@example.net', 'mobile': '15183011191'}
接口响应内容: {'data': {'id': 575, 'username': 'PDvu539', 'mobile': '15183011191', 'email': 'sliao@example.net', 'role_id': -1, 'create_time': 1680879009}, 'meta': {'msg': '创建成功', 'status': 201}}
接口响应时长: 63 ms
Http状态码: 200
=====================================================
INFO    2023-04-07 22:50:09,573G:\auto_api1_framework\logs\info-2023-04-07.log:test_create_user.py:29 2023-04-07 22:50:09 >>>>>> 执行结束！
INFO    2023-04-07 22:50:09,574G:\auto_api1_framework\logs\info-2023-04-07.log:test_create_user.py:26 2023-04-07 22:50:09 >>>>>> 开始执行：
INFO    2023-04-07 22:50:09,579G:\auto_api1_framework\logs\info-2023-04-07.log:log_decorator.py:41 
======================================================
用例标题: 创建已存在用户
请求路径: http://127.0.0.1:8888/api/private/v1/users
请求方式: POST
请求头:   {'User-Agent': 'python-requests/2.28.2', 'Accept-Encoding': 'gzip, deflate', 'Accept': '*/*', 'Connection': 'keep-alive', 'Content-Type': 'application/json', 'Authorization': 'Bearer eyJhbGciOiJIUzI1NiIsInR5cCI6IkpXVCJ9.eyJ1aWQiOjUwMCwicmlkIjowLCJpYXQiOjE2ODA4NzkwMDksImV4cCI6MTY4MDk2NTQwOX0.Q1UR0IV8TahZrGBBKCCCPAzNufFqGZ56izwz2_RxStI', 'Content-Length': '43'}
请求内容: {'username': 'admin', 'password': '123456'}
接口响应内容: {'data': None, 'meta': {'msg': '用户名已存在', 'status': 400}}
接口响应时长: 2 ms
Http状态码: 200
=====================================================
INFO    2023-04-07 22:50:09,580G:\auto_api1_framework\logs\info-2023-04-07.log:test_create_user.py:29 2023-04-07 22:50:09 >>>>>> 执行结束！
INFO    2023-04-07 22:50:09,581G:\auto_api1_framework\logs\info-2023-04-07.log:test_create_user.py:26 2023-04-07 22:50:09 >>>>>> 开始执行：
INFO    2023-04-07 22:50:09,585G:\auto_api1_framework\logs\info-2023-04-07.log:log_decorator.py:41 
======================================================
用例标题: 用户名为空
请求路径: http://127.0.0.1:8888/api/private/v1/users
请求方式: POST
请求头:   {'User-Agent': 'python-requests/2.28.2', 'Accept-Encoding': 'gzip, deflate', 'Accept': '*/*', 'Connection': 'keep-alive', 'Content-Type': 'application/json', 'Authorization': 'Bearer eyJhbGciOiJIUzI1NiIsInR5cCI6IkpXVCJ9.eyJ1aWQiOjUwMCwicmlkIjowLCJpYXQiOjE2ODA4NzkwMDksImV4cCI6MTY4MDk2NTQwOX0.Q1UR0IV8TahZrGBBKCCCPAzNufFqGZ56izwz2_RxStI', 'Content-Length': '38'}
请求内容: {'username': '', 'password': '123456'}
接口响应内容: {'data': None, 'meta': {'msg': '用户名不能为空', 'status': 400}}
接口响应时长: 1 ms
Http状态码: 200
=====================================================
INFO    2023-04-07 22:50:09,594G:\auto_api1_framework\logs\info-2023-04-07.log:test_create_user.py:29 2023-04-07 22:50:09 >>>>>> 执行结束！
INFO    2023-04-07 22:50:39,969G:\auto_api1_framework\logs\info-2023-04-07.log:test_create_user.py:26 2023-04-07 22:50:39 >>>>>> 开始执行：
INFO    2023-04-07 22:50:40,034G:\auto_api1_framework\logs\info-2023-04-07.log:log_decorator.py:41 
======================================================
用例标题: 创建用户成功（必填参数）
请求路径: http://127.0.0.1:8888/api/private/v1/users
请求方式: POST
请求头:   {'User-Agent': 'python-requests/2.28.2', 'Accept-Encoding': 'gzip, deflate', 'Accept': '*/*', 'Connection': 'keep-alive', 'Content-Type': 'application/json', 'Authorization': 'Bearer eyJhbGciOiJIUzI1NiIsInR5cCI6IkpXVCJ9.eyJ1aWQiOjUwMCwicmlkIjowLCJpYXQiOjE2ODA4NzkwMzksImV4cCI6MTY4MDk2NTQzOX0.BNKn7KvYVx6pj1oHtxGwGaQqMaKlZ_7_G_pchVyXMsU', 'Content-Length': '47'}
请求内容: {'username': 'jzSQ310', 'password': 'admin123'}
接口响应内容: {'data': {'id': 576, 'username': 'jzSQ310', 'role_id': -1, 'create_time': 1680879040}, 'meta': {'msg': '创建成功', 'status': 201}}
接口响应时长: 62 ms
Http状态码: 200
=====================================================
INFO    2023-04-07 22:50:40,035G:\auto_api1_framework\logs\info-2023-04-07.log:test_create_user.py:29 2023-04-07 22:50:39 >>>>>> 执行结束！
INFO    2023-04-07 22:50:40,037G:\auto_api1_framework\logs\info-2023-04-07.log:test_create_user.py:26 2023-04-07 22:50:39 >>>>>> 开始执行：
INFO    2023-04-07 22:50:40,104G:\auto_api1_framework\logs\info-2023-04-07.log:log_decorator.py:41 
======================================================
用例标题: 创建用户成功（必填+选填参数）
请求路径: http://127.0.0.1:8888/api/private/v1/users
请求方式: POST
请求头:   {'User-Agent': 'python-requests/2.28.2', 'Accept-Encoding': 'gzip, deflate', 'Accept': '*/*', 'Connection': 'keep-alive', 'Content-Type': 'application/json', 'Authorization': 'Bearer eyJhbGciOiJIUzI1NiIsInR5cCI6IkpXVCJ9.eyJ1aWQiOjUwMCwicmlkIjowLCJpYXQiOjE2ODA4NzkwMzksImV4cCI6MTY4MDk2NTQzOX0.BNKn7KvYVx6pj1oHtxGwGaQqMaKlZ_7_G_pchVyXMsU', 'Content-Length': '80'}
请求内容: {'username': 'orcK942', 'password': 'admin123@!', 'email': 'pingli@example.com'}
接口响应内容: {'data': {'id': 577, 'username': 'orcK942', 'email': 'pingli@example.com', 'role_id': -1, 'create_time': 1680879040}, 'meta': {'msg': '创建成功', 'status': 201}}
接口响应时长: 64 ms
Http状态码: 200
=====================================================
INFO    2023-04-07 22:50:40,105G:\auto_api1_framework\logs\info-2023-04-07.log:test_create_user.py:29 2023-04-07 22:50:39 >>>>>> 执行结束！
INFO    2023-04-07 22:50:40,106G:\auto_api1_framework\logs\info-2023-04-07.log:test_create_user.py:26 2023-04-07 22:50:39 >>>>>> 开始执行：
INFO    2023-04-07 22:50:40,173G:\auto_api1_framework\logs\info-2023-04-07.log:log_decorator.py:41 
======================================================
用例标题: 创建用户成功（全部参数）
请求路径: http://127.0.0.1:8888/api/private/v1/users
请求方式: POST
请求头:   {'User-Agent': 'python-requests/2.28.2', 'Accept-Encoding': 'gzip, deflate', 'Accept': '*/*', 'Connection': 'keep-alive', 'Content-Type': 'application/json', 'Authorization': 'Bearer eyJhbGciOiJIUzI1NiIsInR5cCI6IkpXVCJ9.eyJ1aWQiOjUwMCwicmlkIjowLCJpYXQiOjE2ODA4NzkwMzksImV4cCI6MTY4MDk2NTQzOX0.BNKn7KvYVx6pj1oHtxGwGaQqMaKlZ_7_G_pchVyXMsU', 'Content-Length': '106'}
请求内容: {'username': 'oYgx928', 'password': '789456abcd', 'email': 'minzeng@example.com', 'mobile': '18576827579'}
接口响应内容: {'data': {'id': 578, 'username': 'oYgx928', 'mobile': '18576827579', 'email': 'minzeng@example.com', 'role_id': -1, 'create_time': 1680879040}, 'meta': {'msg': '创建成功', 'status': 201}}
接口响应时长: 64 ms
Http状态码: 200
=====================================================
INFO    2023-04-07 22:50:40,174G:\auto_api1_framework\logs\info-2023-04-07.log:test_create_user.py:29 2023-04-07 22:50:39 >>>>>> 执行结束！
INFO    2023-04-07 22:50:40,175G:\auto_api1_framework\logs\info-2023-04-07.log:test_create_user.py:26 2023-04-07 22:50:39 >>>>>> 开始执行：
INFO    2023-04-07 22:50:40,180G:\auto_api1_framework\logs\info-2023-04-07.log:log_decorator.py:41 
======================================================
用例标题: 创建已存在用户
请求路径: http://127.0.0.1:8888/api/private/v1/users
请求方式: POST
请求头:   {'User-Agent': 'python-requests/2.28.2', 'Accept-Encoding': 'gzip, deflate', 'Accept': '*/*', 'Connection': 'keep-alive', 'Content-Type': 'application/json', 'Authorization': 'Bearer eyJhbGciOiJIUzI1NiIsInR5cCI6IkpXVCJ9.eyJ1aWQiOjUwMCwicmlkIjowLCJpYXQiOjE2ODA4NzkwMzksImV4cCI6MTY4MDk2NTQzOX0.BNKn7KvYVx6pj1oHtxGwGaQqMaKlZ_7_G_pchVyXMsU', 'Content-Length': '43'}
请求内容: {'username': 'admin', 'password': '123456'}
接口响应内容: {'data': None, 'meta': {'msg': '用户名已存在', 'status': 400}}
接口响应时长: 2 ms
Http状态码: 200
=====================================================
INFO    2023-04-07 22:50:40,181G:\auto_api1_framework\logs\info-2023-04-07.log:test_create_user.py:29 2023-04-07 22:50:39 >>>>>> 执行结束！
INFO    2023-04-07 22:50:40,182G:\auto_api1_framework\logs\info-2023-04-07.log:test_create_user.py:26 2023-04-07 22:50:39 >>>>>> 开始执行：
INFO    2023-04-07 22:50:40,186G:\auto_api1_framework\logs\info-2023-04-07.log:log_decorator.py:41 
======================================================
用例标题: 用户名为空
请求路径: http://127.0.0.1:8888/api/private/v1/users
请求方式: POST
请求头:   {'User-Agent': 'python-requests/2.28.2', 'Accept-Encoding': 'gzip, deflate', 'Accept': '*/*', 'Connection': 'keep-alive', 'Content-Type': 'application/json', 'Authorization': 'Bearer eyJhbGciOiJIUzI1NiIsInR5cCI6IkpXVCJ9.eyJ1aWQiOjUwMCwicmlkIjowLCJpYXQiOjE2ODA4NzkwMzksImV4cCI6MTY4MDk2NTQzOX0.BNKn7KvYVx6pj1oHtxGwGaQqMaKlZ_7_G_pchVyXMsU', 'Content-Length': '38'}
请求内容: {'username': '', 'password': '123456'}
接口响应内容: {'data': None, 'meta': {'msg': '用户名不能为空', 'status': 400}}
接口响应时长: 1 ms
Http状态码: 200
=====================================================
INFO    2023-04-07 22:50:40,267G:\auto_api1_framework\logs\info-2023-04-07.log:test_create_user.py:29 2023-04-07 22:50:39 >>>>>> 执行结束！
INFO    2023-04-07 22:55:26,826G:\auto_api1_framework\logs\info-2023-04-07.log:test_create_user.py:26 2023-04-07 22:55:26 >>>>>> 开始执行：
INFO    2023-04-07 22:55:26,894G:\auto_api1_framework\logs\info-2023-04-07.log:log_decorator.py:42 
======================================================
用例标题: 创建用户成功（必填参数）
请求路径: http://127.0.0.1:8888/api/private/v1/users
请求方式: POST
请求头:   {'User-Agent': 'python-requests/2.28.2', 'Accept-Encoding': 'gzip, deflate', 'Accept': '*/*', 'Connection': 'keep-alive', 'Content-Type': 'application/json', 'Authorization': 'Bearer eyJhbGciOiJIUzI1NiIsInR5cCI6IkpXVCJ9.eyJ1aWQiOjUwMCwicmlkIjowLCJpYXQiOjE2ODA4NzkzMjYsImV4cCI6MTY4MDk2NTcyNn0.2ZofMYrygDESEw_xvDU314LhISE_jTlPs0i60yW7NnY', 'Content-Length': '47'}
请求内容: {'username': 'XOfW428', 'password': 'admin123'}
接口响应内容: {'data': {'id': 579, 'username': 'XOfW428', 'role_id': -1, 'create_time': 1680879326}, 'meta': {'msg': '创建成功', 'status': 201}}
接口响应时长: 64 ms
Http状态码: 200
断言结果: 200
=====================================================
INFO    2023-04-07 22:55:26,896G:\auto_api1_framework\logs\info-2023-04-07.log:test_create_user.py:29 2023-04-07 22:55:26 >>>>>> 执行结束！
INFO    2023-04-07 22:55:26,898G:\auto_api1_framework\logs\info-2023-04-07.log:test_create_user.py:26 2023-04-07 22:55:26 >>>>>> 开始执行：
INFO    2023-04-07 22:55:26,963G:\auto_api1_framework\logs\info-2023-04-07.log:log_decorator.py:42 
======================================================
用例标题: 创建用户成功（必填+选填参数）
请求路径: http://127.0.0.1:8888/api/private/v1/users
请求方式: POST
请求头:   {'User-Agent': 'python-requests/2.28.2', 'Accept-Encoding': 'gzip, deflate', 'Accept': '*/*', 'Connection': 'keep-alive', 'Content-Type': 'application/json', 'Authorization': 'Bearer eyJhbGciOiJIUzI1NiIsInR5cCI6IkpXVCJ9.eyJ1aWQiOjUwMCwicmlkIjowLCJpYXQiOjE2ODA4NzkzMjYsImV4cCI6MTY4MDk2NTcyNn0.2ZofMYrygDESEw_xvDU314LhISE_jTlPs0i60yW7NnY', 'Content-Length': '80'}
请求内容: {'username': 'jlHu050', 'password': 'admin123@!', 'email': 'fang04@example.com'}
接口响应内容: {'data': {'id': 580, 'username': 'jlHu050', 'email': 'fang04@example.com', 'role_id': -1, 'create_time': 1680879326}, 'meta': {'msg': '创建成功', 'status': 201}}
接口响应时长: 63 ms
Http状态码: 200
断言结果: 200
=====================================================
INFO    2023-04-07 22:55:26,967G:\auto_api1_framework\logs\info-2023-04-07.log:test_create_user.py:29 2023-04-07 22:55:26 >>>>>> 执行结束！
INFO    2023-04-07 22:55:26,968G:\auto_api1_framework\logs\info-2023-04-07.log:test_create_user.py:26 2023-04-07 22:55:26 >>>>>> 开始执行：
INFO    2023-04-07 22:55:27,036G:\auto_api1_framework\logs\info-2023-04-07.log:log_decorator.py:42 
======================================================
用例标题: 创建用户成功（全部参数）
请求路径: http://127.0.0.1:8888/api/private/v1/users
请求方式: POST
请求头:   {'User-Agent': 'python-requests/2.28.2', 'Accept-Encoding': 'gzip, deflate', 'Accept': '*/*', 'Connection': 'keep-alive', 'Content-Type': 'application/json', 'Authorization': 'Bearer eyJhbGciOiJIUzI1NiIsInR5cCI6IkpXVCJ9.eyJ1aWQiOjUwMCwicmlkIjowLCJpYXQiOjE2ODA4NzkzMjYsImV4cCI6MTY4MDk2NTcyNn0.2ZofMYrygDESEw_xvDU314LhISE_jTlPs0i60yW7NnY', 'Content-Length': '104'}
请求内容: {'username': 'NOAZ839', 'password': '789456abcd', 'email': 'wei39@example.net', 'mobile': '15971513060'}
接口响应内容: {'data': {'id': 581, 'username': 'NOAZ839', 'mobile': '15971513060', 'email': 'wei39@example.net', 'role_id': -1, 'create_time': 1680879327}, 'meta': {'msg': '创建成功', 'status': 201}}
接口响应时长: 65 ms
Http状态码: 200
断言结果: 200
=====================================================
INFO    2023-04-07 22:55:27,039G:\auto_api1_framework\logs\info-2023-04-07.log:test_create_user.py:29 2023-04-07 22:55:26 >>>>>> 执行结束！
INFO    2023-04-07 22:55:27,040G:\auto_api1_framework\logs\info-2023-04-07.log:test_create_user.py:26 2023-04-07 22:55:26 >>>>>> 开始执行：
INFO    2023-04-07 22:55:27,044G:\auto_api1_framework\logs\info-2023-04-07.log:log_decorator.py:42 
======================================================
用例标题: 创建已存在用户
请求路径: http://127.0.0.1:8888/api/private/v1/users
请求方式: POST
请求头:   {'User-Agent': 'python-requests/2.28.2', 'Accept-Encoding': 'gzip, deflate', 'Accept': '*/*', 'Connection': 'keep-alive', 'Content-Type': 'application/json', 'Authorization': 'Bearer eyJhbGciOiJIUzI1NiIsInR5cCI6IkpXVCJ9.eyJ1aWQiOjUwMCwicmlkIjowLCJpYXQiOjE2ODA4NzkzMjYsImV4cCI6MTY4MDk2NTcyNn0.2ZofMYrygDESEw_xvDU314LhISE_jTlPs0i60yW7NnY', 'Content-Length': '43'}
请求内容: {'username': 'admin', 'password': '123456'}
接口响应内容: {'data': None, 'meta': {'msg': '用户名已存在', 'status': 400}}
接口响应时长: 2 ms
Http状态码: 200
断言结果: 200
=====================================================
INFO    2023-04-07 22:55:27,046G:\auto_api1_framework\logs\info-2023-04-07.log:test_create_user.py:29 2023-04-07 22:55:26 >>>>>> 执行结束！
INFO    2023-04-07 22:55:27,047G:\auto_api1_framework\logs\info-2023-04-07.log:test_create_user.py:26 2023-04-07 22:55:26 >>>>>> 开始执行：
INFO    2023-04-07 22:55:27,051G:\auto_api1_framework\logs\info-2023-04-07.log:log_decorator.py:42 
======================================================
用例标题: 用户名为空
请求路径: http://127.0.0.1:8888/api/private/v1/users
请求方式: POST
请求头:   {'User-Agent': 'python-requests/2.28.2', 'Accept-Encoding': 'gzip, deflate', 'Accept': '*/*', 'Connection': 'keep-alive', 'Content-Type': 'application/json', 'Authorization': 'Bearer eyJhbGciOiJIUzI1NiIsInR5cCI6IkpXVCJ9.eyJ1aWQiOjUwMCwicmlkIjowLCJpYXQiOjE2ODA4NzkzMjYsImV4cCI6MTY4MDk2NTcyNn0.2ZofMYrygDESEw_xvDU314LhISE_jTlPs0i60yW7NnY', 'Content-Length': '38'}
请求内容: {'username': '', 'password': '123456'}
接口响应内容: {'data': None, 'meta': {'msg': '用户名不能为空', 'status': 400}}
接口响应时长: 1 ms
Http状态码: 200
断言结果: 200
=====================================================
INFO    2023-04-07 22:55:27,122G:\auto_api1_framework\logs\info-2023-04-07.log:test_create_user.py:29 2023-04-07 22:55:26 >>>>>> 执行结束！
INFO    2023-04-07 22:56:08,377G:\auto_api1_framework\logs\info-2023-04-07.log:test_create_user.py:26 2023-04-07 22:56:08 >>>>>> 开始执行：
INFO    2023-04-07 22:56:08,443G:\auto_api1_framework\logs\info-2023-04-07.log:log_decorator.py:42 
======================================================
用例标题: 创建用户成功（必填参数）
请求路径: http://127.0.0.1:8888/api/private/v1/users
请求方式: POST
请求头:   {'User-Agent': 'python-requests/2.28.2', 'Accept-Encoding': 'gzip, deflate', 'Accept': '*/*', 'Connection': 'keep-alive', 'Content-Type': 'application/json', 'Authorization': 'Bearer eyJhbGciOiJIUzI1NiIsInR5cCI6IkpXVCJ9.eyJ1aWQiOjUwMCwicmlkIjowLCJpYXQiOjE2ODA4NzkzNjgsImV4cCI6MTY4MDk2NTc2OH0.oukE_YLce9ow_2uzUYD2wkLtJM80nB4927FXCxy4Rv4', 'Content-Length': '47'}
请求内容: {'username': 'uPHr510', 'password': 'admin123'}
接口响应内容: {'data': {'id': 582, 'username': 'uPHr510', 'role_id': -1, 'create_time': 1680879368}, 'meta': {'msg': '创建成功', 'status': 201}}
接口响应时长: 63 ms
Http状态码: 200
断言结果: 200
=====================================================
INFO    2023-04-07 22:56:08,445G:\auto_api1_framework\logs\info-2023-04-07.log:test_create_user.py:29 2023-04-07 22:56:08 >>>>>> 执行结束！
INFO    2023-04-07 22:56:08,447G:\auto_api1_framework\logs\info-2023-04-07.log:test_create_user.py:26 2023-04-07 22:56:08 >>>>>> 开始执行：
INFO    2023-04-07 22:56:08,513G:\auto_api1_framework\logs\info-2023-04-07.log:log_decorator.py:42 
======================================================
用例标题: 创建用户成功（必填+选填参数）
请求路径: http://127.0.0.1:8888/api/private/v1/users
请求方式: POST
请求头:   {'User-Agent': 'python-requests/2.28.2', 'Accept-Encoding': 'gzip, deflate', 'Accept': '*/*', 'Connection': 'keep-alive', 'Content-Type': 'application/json', 'Authorization': 'Bearer eyJhbGciOiJIUzI1NiIsInR5cCI6IkpXVCJ9.eyJ1aWQiOjUwMCwicmlkIjowLCJpYXQiOjE2ODA4NzkzNjgsImV4cCI6MTY4MDk2NTc2OH0.oukE_YLce9ow_2uzUYD2wkLtJM80nB4927FXCxy4Rv4', 'Content-Length': '81'}
请求内容: {'username': 'Peti382', 'password': 'admin123@!', 'email': 'shifang@example.com'}
接口响应内容: {'data': {'id': 583, 'username': 'Peti382', 'email': 'shifang@example.com', 'role_id': -1, 'create_time': 1680879368}, 'meta': {'msg': '创建成功', 'status': 201}}
接口响应时长: 63 ms
Http状态码: 200
断言结果: 200
=====================================================
INFO    2023-04-07 22:56:08,515G:\auto_api1_framework\logs\info-2023-04-07.log:test_create_user.py:29 2023-04-07 22:56:08 >>>>>> 执行结束！
INFO    2023-04-07 22:56:08,516G:\auto_api1_framework\logs\info-2023-04-07.log:test_create_user.py:26 2023-04-07 22:56:08 >>>>>> 开始执行：
INFO    2023-04-07 22:56:08,583G:\auto_api1_framework\logs\info-2023-04-07.log:log_decorator.py:42 
======================================================
用例标题: 创建用户成功（全部参数）
请求路径: http://127.0.0.1:8888/api/private/v1/users
请求方式: POST
请求头:   {'User-Agent': 'python-requests/2.28.2', 'Accept-Encoding': 'gzip, deflate', 'Accept': '*/*', 'Connection': 'keep-alive', 'Content-Type': 'application/json', 'Authorization': 'Bearer eyJhbGciOiJIUzI1NiIsInR5cCI6IkpXVCJ9.eyJ1aWQiOjUwMCwicmlkIjowLCJpYXQiOjE2ODA4NzkzNjgsImV4cCI6MTY4MDk2NTc2OH0.oukE_YLce9ow_2uzUYD2wkLtJM80nB4927FXCxy4Rv4', 'Content-Length': '106'}
请求内容: {'username': 'NlZO617', 'password': '789456abcd', 'email': 'yanshao@example.net', 'mobile': '13075122290'}
接口响应内容: {'data': {'id': 584, 'username': 'NlZO617', 'mobile': '13075122290', 'email': 'yanshao@example.net', 'role_id': -1, 'create_time': 1680879368}, 'meta': {'msg': '创建成功', 'status': 201}}
接口响应时长: 64 ms
Http状态码: 200
断言结果: 200
=====================================================
INFO    2023-04-07 22:56:08,585G:\auto_api1_framework\logs\info-2023-04-07.log:test_create_user.py:29 2023-04-07 22:56:08 >>>>>> 执行结束！
INFO    2023-04-07 22:56:08,587G:\auto_api1_framework\logs\info-2023-04-07.log:test_create_user.py:26 2023-04-07 22:56:08 >>>>>> 开始执行：
INFO    2023-04-07 22:56:08,593G:\auto_api1_framework\logs\info-2023-04-07.log:log_decorator.py:42 
======================================================
用例标题: 创建已存在用户
请求路径: http://127.0.0.1:8888/api/private/v1/users
请求方式: POST
请求头:   {'User-Agent': 'python-requests/2.28.2', 'Accept-Encoding': 'gzip, deflate', 'Accept': '*/*', 'Connection': 'keep-alive', 'Content-Type': 'application/json', 'Authorization': 'Bearer eyJhbGciOiJIUzI1NiIsInR5cCI6IkpXVCJ9.eyJ1aWQiOjUwMCwicmlkIjowLCJpYXQiOjE2ODA4NzkzNjgsImV4cCI6MTY4MDk2NTc2OH0.oukE_YLce9ow_2uzUYD2wkLtJM80nB4927FXCxy4Rv4', 'Content-Length': '43'}
请求内容: {'username': 'admin', 'password': '123456'}
接口响应内容: {'data': None, 'meta': {'msg': '用户名已存在', 'status': 400}}
接口响应时长: 2 ms
Http状态码: 200
断言结果: 200
=====================================================
INFO    2023-04-07 22:56:08,594G:\auto_api1_framework\logs\info-2023-04-07.log:test_create_user.py:29 2023-04-07 22:56:08 >>>>>> 执行结束！
INFO    2023-04-07 22:56:08,596G:\auto_api1_framework\logs\info-2023-04-07.log:test_create_user.py:26 2023-04-07 22:56:08 >>>>>> 开始执行：
INFO    2023-04-07 22:56:08,600G:\auto_api1_framework\logs\info-2023-04-07.log:log_decorator.py:42 
======================================================
用例标题: 用户名为空
请求路径: http://127.0.0.1:8888/api/private/v1/users
请求方式: POST
请求头:   {'User-Agent': 'python-requests/2.28.2', 'Accept-Encoding': 'gzip, deflate', 'Accept': '*/*', 'Connection': 'keep-alive', 'Content-Type': 'application/json', 'Authorization': 'Bearer eyJhbGciOiJIUzI1NiIsInR5cCI6IkpXVCJ9.eyJ1aWQiOjUwMCwicmlkIjowLCJpYXQiOjE2ODA4NzkzNjgsImV4cCI6MTY4MDk2NTc2OH0.oukE_YLce9ow_2uzUYD2wkLtJM80nB4927FXCxy4Rv4', 'Content-Length': '38'}
请求内容: {'username': '', 'password': '123456'}
接口响应内容: {'data': None, 'meta': {'msg': '用户名不能为空', 'status': 400}}
接口响应时长: 1 ms
Http状态码: 200
断言结果: 200
=====================================================
INFO    2023-04-07 22:56:08,676G:\auto_api1_framework\logs\info-2023-04-07.log:test_create_user.py:29 2023-04-07 22:56:08 >>>>>> 执行结束！
INFO    2023-04-07 23:01:05,871G:\auto_api1_framework\logs\info-2023-04-07.log:test_create_user.py:26 2023-04-07 23:01:05 >>>>>> 开始执行：
INFO    2023-04-07 23:01:05,938G:\auto_api1_framework\logs\info-2023-04-07.log:log_decorator.py:42 
======================================================
用例标题: 创建用户成功（必填参数）
请求路径: http://127.0.0.1:8888/api/private/v1/users
请求方式: POST
请求头:   {'User-Agent': 'python-requests/2.28.2', 'Accept-Encoding': 'gzip, deflate', 'Accept': '*/*', 'Connection': 'keep-alive', 'Content-Type': 'application/json', 'Authorization': 'Bearer eyJhbGciOiJIUzI1NiIsInR5cCI6IkpXVCJ9.eyJ1aWQiOjUwMCwicmlkIjowLCJpYXQiOjE2ODA4Nzk2NjUsImV4cCI6MTY4MDk2NjA2NX0.PWN-ueU3__MaFPlJ0j6z3aG6OEiS7dXGWKfXQ4NEYNA', 'Content-Length': '47'}
请求内容: {'username': 'tFRP196', 'password': 'admin123'}
接口响应内容: {'data': {'id': 585, 'username': 'tFRP196', 'role_id': -1, 'create_time': 1680879665}, 'meta': {'msg': '创建成功', 'status': 201}}
接口响应时长: 64 ms
Http状态码: 200
断言结果: 200
=====================================================
INFO    2023-04-07 23:01:05,940G:\auto_api1_framework\logs\info-2023-04-07.log:test_create_user.py:29 2023-04-07 23:01:05 >>>>>> 执行结束！
INFO    2023-04-07 23:01:05,942G:\auto_api1_framework\logs\info-2023-04-07.log:test_create_user.py:26 2023-04-07 23:01:05 >>>>>> 开始执行：
INFO    2023-04-07 23:01:06,009G:\auto_api1_framework\logs\info-2023-04-07.log:log_decorator.py:42 
======================================================
用例标题: 创建用户成功（必填+选填参数）
请求路径: http://127.0.0.1:8888/api/private/v1/users
请求方式: POST
请求头:   {'User-Agent': 'python-requests/2.28.2', 'Accept-Encoding': 'gzip, deflate', 'Accept': '*/*', 'Connection': 'keep-alive', 'Content-Type': 'application/json', 'Authorization': 'Bearer eyJhbGciOiJIUzI1NiIsInR5cCI6IkpXVCJ9.eyJ1aWQiOjUwMCwicmlkIjowLCJpYXQiOjE2ODA4Nzk2NjUsImV4cCI6MTY4MDk2NjA2NX0.PWN-ueU3__MaFPlJ0j6z3aG6OEiS7dXGWKfXQ4NEYNA', 'Content-Length': '80'}
请求内容: {'username': 'USux655', 'password': 'admin123@!', 'email': 'jing92@example.net'}
接口响应内容: {'data': {'id': 586, 'username': 'USux655', 'email': 'jing92@example.net', 'role_id': -1, 'create_time': 1680879666}, 'meta': {'msg': '创建成功', 'status': 201}}
接口响应时长: 63 ms
Http状态码: 200
断言结果: 200
=====================================================
INFO    2023-04-07 23:01:06,011G:\auto_api1_framework\logs\info-2023-04-07.log:test_create_user.py:29 2023-04-07 23:01:05 >>>>>> 执行结束！
INFO    2023-04-07 23:01:06,011G:\auto_api1_framework\logs\info-2023-04-07.log:test_create_user.py:26 2023-04-07 23:01:05 >>>>>> 开始执行：
INFO    2023-04-07 23:01:06,079G:\auto_api1_framework\logs\info-2023-04-07.log:log_decorator.py:42 
======================================================
用例标题: 创建用户成功（全部参数）
请求路径: http://127.0.0.1:8888/api/private/v1/users
请求方式: POST
请求头:   {'User-Agent': 'python-requests/2.28.2', 'Accept-Encoding': 'gzip, deflate', 'Accept': '*/*', 'Connection': 'keep-alive', 'Content-Type': 'application/json', 'Authorization': 'Bearer eyJhbGciOiJIUzI1NiIsInR5cCI6IkpXVCJ9.eyJ1aWQiOjUwMCwicmlkIjowLCJpYXQiOjE2ODA4Nzk2NjUsImV4cCI6MTY4MDk2NjA2NX0.PWN-ueU3__MaFPlJ0j6z3aG6OEiS7dXGWKfXQ4NEYNA', 'Content-Length': '103'}
请求内容: {'username': 'UZEL450', 'password': '789456abcd', 'email': 'jtao@example.com', 'mobile': '13947428783'}
接口响应内容: {'data': {'id': 587, 'username': 'UZEL450', 'mobile': '13947428783', 'email': 'jtao@example.com', 'role_id': -1, 'create_time': 1680879666}, 'meta': {'msg': '创建成功', 'status': 201}}
接口响应时长: 63 ms
Http状态码: 200
断言结果: 200
=====================================================
INFO    2023-04-07 23:01:06,080G:\auto_api1_framework\logs\info-2023-04-07.log:test_create_user.py:29 2023-04-07 23:01:05 >>>>>> 执行结束！
INFO    2023-04-07 23:01:06,082G:\auto_api1_framework\logs\info-2023-04-07.log:test_create_user.py:26 2023-04-07 23:01:05 >>>>>> 开始执行：
INFO    2023-04-07 23:01:06,086G:\auto_api1_framework\logs\info-2023-04-07.log:log_decorator.py:42 
======================================================
用例标题: 创建已存在用户
请求路径: http://127.0.0.1:8888/api/private/v1/users
请求方式: POST
请求头:   {'User-Agent': 'python-requests/2.28.2', 'Accept-Encoding': 'gzip, deflate', 'Accept': '*/*', 'Connection': 'keep-alive', 'Content-Type': 'application/json', 'Authorization': 'Bearer eyJhbGciOiJIUzI1NiIsInR5cCI6IkpXVCJ9.eyJ1aWQiOjUwMCwicmlkIjowLCJpYXQiOjE2ODA4Nzk2NjUsImV4cCI6MTY4MDk2NjA2NX0.PWN-ueU3__MaFPlJ0j6z3aG6OEiS7dXGWKfXQ4NEYNA', 'Content-Length': '43'}
请求内容: {'username': 'admin', 'password': '123456'}
接口响应内容: {'data': None, 'meta': {'msg': '用户名已存在', 'status': 400}}
接口响应时长: 2 ms
Http状态码: 200
断言结果: 200
=====================================================
INFO    2023-04-07 23:01:06,088G:\auto_api1_framework\logs\info-2023-04-07.log:test_create_user.py:29 2023-04-07 23:01:05 >>>>>> 执行结束！
INFO    2023-04-07 23:01:06,089G:\auto_api1_framework\logs\info-2023-04-07.log:test_create_user.py:26 2023-04-07 23:01:05 >>>>>> 开始执行：
INFO    2023-04-07 23:01:06,092G:\auto_api1_framework\logs\info-2023-04-07.log:log_decorator.py:42 
======================================================
用例标题: 用户名为空
请求路径: http://127.0.0.1:8888/api/private/v1/users
请求方式: POST
请求头:   {'User-Agent': 'python-requests/2.28.2', 'Accept-Encoding': 'gzip, deflate', 'Accept': '*/*', 'Connection': 'keep-alive', 'Content-Type': 'application/json', 'Authorization': 'Bearer eyJhbGciOiJIUzI1NiIsInR5cCI6IkpXVCJ9.eyJ1aWQiOjUwMCwicmlkIjowLCJpYXQiOjE2ODA4Nzk2NjUsImV4cCI6MTY4MDk2NjA2NX0.PWN-ueU3__MaFPlJ0j6z3aG6OEiS7dXGWKfXQ4NEYNA', 'Content-Length': '38'}
请求内容: {'username': '', 'password': '123456'}
接口响应内容: {'data': None, 'meta': {'msg': '用户名不能为空', 'status': 400}}
接口响应时长: 1 ms
Http状态码: 200
断言结果: 200
=====================================================
INFO    2023-04-07 23:01:06,168G:\auto_api1_framework\logs\info-2023-04-07.log:test_create_user.py:29 2023-04-07 23:01:05 >>>>>> 执行结束！
INFO    2023-04-07 23:04:10,185G:\auto_api1_framework\logs\info-2023-04-07.log:test_create_user.py:26 2023-04-07 23:04:10 >>>>>> 开始执行：
INFO    2023-04-07 23:04:10,253G:\auto_api1_framework\logs\info-2023-04-07.log:log_decorator.py:42 
======================================================
用例标题: 创建用户成功（必填参数）
请求路径: http://127.0.0.1:8888/api/private/v1/users
请求方式: POST
请求头:   {'User-Agent': 'python-requests/2.28.2', 'Accept-Encoding': 'gzip, deflate', 'Accept': '*/*', 'Connection': 'keep-alive', 'Content-Type': 'application/json', 'Authorization': 'Bearer eyJhbGciOiJIUzI1NiIsInR5cCI6IkpXVCJ9.eyJ1aWQiOjUwMCwicmlkIjowLCJpYXQiOjE2ODA4Nzk4NTAsImV4cCI6MTY4MDk2NjI1MH0.Fuoanu4NMdb9wYe18hu5FopnNH8Fp8y8VqAViO7bAh0', 'Content-Length': '47'}
请求内容: {'username': 'QcDr127', 'password': 'admin123'}
接口响应内容: {'data': {'id': 588, 'username': 'QcDr127', 'role_id': -1, 'create_time': 1680879850}, 'meta': {'msg': '创建成功', 'status': 201}}
接口响应时长: 64 ms
Http状态码: 200
断言结果: 200
=====================================================
INFO    2023-04-07 23:04:10,254G:\auto_api1_framework\logs\info-2023-04-07.log:test_create_user.py:29 2023-04-07 23:04:10 >>>>>> 执行结束！
INFO    2023-04-07 23:04:10,256G:\auto_api1_framework\logs\info-2023-04-07.log:test_create_user.py:26 2023-04-07 23:04:10 >>>>>> 开始执行：
INFO    2023-04-07 23:04:10,322G:\auto_api1_framework\logs\info-2023-04-07.log:log_decorator.py:42 
======================================================
用例标题: 创建用户成功（必填+选填参数）
请求路径: http://127.0.0.1:8888/api/private/v1/users
请求方式: POST
请求头:   {'User-Agent': 'python-requests/2.28.2', 'Accept-Encoding': 'gzip, deflate', 'Accept': '*/*', 'Connection': 'keep-alive', 'Content-Type': 'application/json', 'Authorization': 'Bearer eyJhbGciOiJIUzI1NiIsInR5cCI6IkpXVCJ9.eyJ1aWQiOjUwMCwicmlkIjowLCJpYXQiOjE2ODA4Nzk4NTAsImV4cCI6MTY4MDk2NjI1MH0.Fuoanu4NMdb9wYe18hu5FopnNH8Fp8y8VqAViO7bAh0', 'Content-Length': '81'}
请求内容: {'username': 'XFAv324', 'password': 'admin123@!', 'email': 'zengtao@example.net'}
接口响应内容: {'data': {'id': 589, 'username': 'XFAv324', 'email': 'zengtao@example.net', 'role_id': -1, 'create_time': 1680879850}, 'meta': {'msg': '创建成功', 'status': 201}}
接口响应时长: 63 ms
Http状态码: 200
断言结果: 200
=====================================================
INFO    2023-04-07 23:04:10,324G:\auto_api1_framework\logs\info-2023-04-07.log:test_create_user.py:29 2023-04-07 23:04:10 >>>>>> 执行结束！
INFO    2023-04-07 23:04:10,325G:\auto_api1_framework\logs\info-2023-04-07.log:test_create_user.py:26 2023-04-07 23:04:10 >>>>>> 开始执行：
INFO    2023-04-07 23:04:10,391G:\auto_api1_framework\logs\info-2023-04-07.log:log_decorator.py:42 
======================================================
用例标题: 创建用户成功（全部参数）
请求路径: http://127.0.0.1:8888/api/private/v1/users
请求方式: POST
请求头:   {'User-Agent': 'python-requests/2.28.2', 'Accept-Encoding': 'gzip, deflate', 'Accept': '*/*', 'Connection': 'keep-alive', 'Content-Type': 'application/json', 'Authorization': 'Bearer eyJhbGciOiJIUzI1NiIsInR5cCI6IkpXVCJ9.eyJ1aWQiOjUwMCwicmlkIjowLCJpYXQiOjE2ODA4Nzk4NTAsImV4cCI6MTY4MDk2NjI1MH0.Fuoanu4NMdb9wYe18hu5FopnNH8Fp8y8VqAViO7bAh0', 'Content-Length': '107'}
请求内容: {'username': 'qyQy388', 'password': '789456abcd', 'email': 'shenping@example.com', 'mobile': '13944602050'}
接口响应内容: {'data': {'id': 590, 'username': 'qyQy388', 'mobile': '13944602050', 'email': 'shenping@example.com', 'role_id': -1, 'create_time': 1680879850}, 'meta': {'msg': '创建成功', 'status': 201}}
接口响应时长: 64 ms
Http状态码: 200
断言结果: 200
=====================================================
INFO    2023-04-07 23:04:10,392G:\auto_api1_framework\logs\info-2023-04-07.log:test_create_user.py:29 2023-04-07 23:04:10 >>>>>> 执行结束！
INFO    2023-04-07 23:04:10,393G:\auto_api1_framework\logs\info-2023-04-07.log:test_create_user.py:26 2023-04-07 23:04:10 >>>>>> 开始执行：
INFO    2023-04-07 23:04:10,397G:\auto_api1_framework\logs\info-2023-04-07.log:log_decorator.py:42 
======================================================
用例标题: 创建已存在用户
请求路径: http://127.0.0.1:8888/api/private/v1/users
请求方式: POST
请求头:   {'User-Agent': 'python-requests/2.28.2', 'Accept-Encoding': 'gzip, deflate', 'Accept': '*/*', 'Connection': 'keep-alive', 'Content-Type': 'application/json', 'Authorization': 'Bearer eyJhbGciOiJIUzI1NiIsInR5cCI6IkpXVCJ9.eyJ1aWQiOjUwMCwicmlkIjowLCJpYXQiOjE2ODA4Nzk4NTAsImV4cCI6MTY4MDk2NjI1MH0.Fuoanu4NMdb9wYe18hu5FopnNH8Fp8y8VqAViO7bAh0', 'Content-Length': '43'}
请求内容: {'username': 'admin', 'password': '123456'}
接口响应内容: {'data': None, 'meta': {'msg': '用户名已存在', 'status': 400}}
接口响应时长: 2 ms
Http状态码: 200
断言结果: 200
=====================================================
INFO    2023-04-07 23:04:10,399G:\auto_api1_framework\logs\info-2023-04-07.log:test_create_user.py:29 2023-04-07 23:04:10 >>>>>> 执行结束！
INFO    2023-04-07 23:04:10,401G:\auto_api1_framework\logs\info-2023-04-07.log:test_create_user.py:26 2023-04-07 23:04:10 >>>>>> 开始执行：
INFO    2023-04-07 23:04:10,403G:\auto_api1_framework\logs\info-2023-04-07.log:log_decorator.py:42 
======================================================
用例标题: 用户名为空
请求路径: http://127.0.0.1:8888/api/private/v1/users
请求方式: POST
请求头:   {'User-Agent': 'python-requests/2.28.2', 'Accept-Encoding': 'gzip, deflate', 'Accept': '*/*', 'Connection': 'keep-alive', 'Content-Type': 'application/json', 'Authorization': 'Bearer eyJhbGciOiJIUzI1NiIsInR5cCI6IkpXVCJ9.eyJ1aWQiOjUwMCwicmlkIjowLCJpYXQiOjE2ODA4Nzk4NTAsImV4cCI6MTY4MDk2NjI1MH0.Fuoanu4NMdb9wYe18hu5FopnNH8Fp8y8VqAViO7bAh0', 'Content-Length': '38'}
请求内容: {'username': '', 'password': '123456'}
接口响应内容: {'data': None, 'meta': {'msg': '用户名不能为空', 'status': 400}}
接口响应时长: 1 ms
Http状态码: 200
断言结果: 200
=====================================================
INFO    2023-04-07 23:04:10,404G:\auto_api1_framework\logs\info-2023-04-07.log:test_create_user.py:29 2023-04-07 23:04:10 >>>>>> 执行结束！
INFO    2023-04-07 23:06:20,931G:\auto_api1_framework\logs\info-2023-04-07.log:test_create_user.py:26 2023-04-07 23:06:20 >>>>>> 开始执行：
INFO    2023-04-07 23:06:21,001G:\auto_api1_framework\logs\info-2023-04-07.log:log_decorator.py:42 
======================================================
用例标题: 创建用户成功（必填参数）
请求路径: http://127.0.0.1:8888/api/private/v1/users
请求方式: POST
请求头:   {'User-Agent': 'python-requests/2.28.2', 'Accept-Encoding': 'gzip, deflate', 'Accept': '*/*', 'Connection': 'keep-alive', 'Content-Type': 'application/json', 'Authorization': 'Bearer eyJhbGciOiJIUzI1NiIsInR5cCI6IkpXVCJ9.eyJ1aWQiOjUwMCwicmlkIjowLCJpYXQiOjE2ODA4Nzk5ODAsImV4cCI6MTY4MDk2NjM4MH0.Bck-TV6YSuMw5GDGZlwUA1YfLdQiLVQG2Mp7KgD7kiA', 'Content-Length': '47'}
请求内容: {'username': 'Udtf686', 'password': 'admin123'}
接口响应内容: {'data': {'id': 591, 'username': 'Udtf686', 'role_id': -1, 'create_time': 1680879980}, 'meta': {'msg': '创建成功', 'status': 201}}
接口响应时长: 66 ms
Http状态码: 200
断言结果: 200
=====================================================
INFO    2023-04-07 23:06:21,003G:\auto_api1_framework\logs\info-2023-04-07.log:test_create_user.py:29 2023-04-07 23:06:20 >>>>>> 执行结束！
INFO    2023-04-07 23:06:21,004G:\auto_api1_framework\logs\info-2023-04-07.log:test_create_user.py:26 2023-04-07 23:06:20 >>>>>> 开始执行：
INFO    2023-04-07 23:06:21,069G:\auto_api1_framework\logs\info-2023-04-07.log:log_decorator.py:42 
======================================================
用例标题: 创建用户成功（必填+选填参数）
请求路径: http://127.0.0.1:8888/api/private/v1/users
请求方式: POST
请求头:   {'User-Agent': 'python-requests/2.28.2', 'Accept-Encoding': 'gzip, deflate', 'Accept': '*/*', 'Connection': 'keep-alive', 'Content-Type': 'application/json', 'Authorization': 'Bearer eyJhbGciOiJIUzI1NiIsInR5cCI6IkpXVCJ9.eyJ1aWQiOjUwMCwicmlkIjowLCJpYXQiOjE2ODA4Nzk5ODAsImV4cCI6MTY4MDk2NjM4MH0.Bck-TV6YSuMw5GDGZlwUA1YfLdQiLVQG2Mp7KgD7kiA', 'Content-Length': '79'}
请求内容: {'username': 'lACS697', 'password': 'admin123@!', 'email': 'ushao@example.org'}
接口响应内容: {'data': {'id': 592, 'username': 'lACS697', 'email': 'ushao@example.org', 'role_id': -1, 'create_time': 1680879981}, 'meta': {'msg': '创建成功', 'status': 201}}
接口响应时长: 63 ms
Http状态码: 200
断言结果: 200
=====================================================
INFO    2023-04-07 23:06:21,071G:\auto_api1_framework\logs\info-2023-04-07.log:test_create_user.py:29 2023-04-07 23:06:20 >>>>>> 执行结束！
INFO    2023-04-07 23:06:21,072G:\auto_api1_framework\logs\info-2023-04-07.log:test_create_user.py:26 2023-04-07 23:06:20 >>>>>> 开始执行：
INFO    2023-04-07 23:06:21,138G:\auto_api1_framework\logs\info-2023-04-07.log:log_decorator.py:42 
======================================================
用例标题: 创建用户成功（全部参数）
请求路径: http://127.0.0.1:8888/api/private/v1/users
请求方式: POST
请求头:   {'User-Agent': 'python-requests/2.28.2', 'Accept-Encoding': 'gzip, deflate', 'Accept': '*/*', 'Connection': 'keep-alive', 'Content-Type': 'application/json', 'Authorization': 'Bearer eyJhbGciOiJIUzI1NiIsInR5cCI6IkpXVCJ9.eyJ1aWQiOjUwMCwicmlkIjowLCJpYXQiOjE2ODA4Nzk5ODAsImV4cCI6MTY4MDk2NjM4MH0.Bck-TV6YSuMw5GDGZlwUA1YfLdQiLVQG2Mp7KgD7kiA', 'Content-Length': '104'}
请求内容: {'username': 'gBte590', 'password': '789456abcd', 'email': 'min73@example.org', 'mobile': '15817910586'}
接口响应内容: {'data': {'id': 593, 'username': 'gBte590', 'mobile': '15817910586', 'email': 'min73@example.org', 'role_id': -1, 'create_time': 1680879981}, 'meta': {'msg': '创建成功', 'status': 201}}
接口响应时长: 63 ms
Http状态码: 200
断言结果: 200
=====================================================
INFO    2023-04-07 23:06:21,139G:\auto_api1_framework\logs\info-2023-04-07.log:test_create_user.py:29 2023-04-07 23:06:20 >>>>>> 执行结束！
INFO    2023-04-07 23:06:21,141G:\auto_api1_framework\logs\info-2023-04-07.log:test_create_user.py:26 2023-04-07 23:06:20 >>>>>> 开始执行：
INFO    2023-04-07 23:06:21,145G:\auto_api1_framework\logs\info-2023-04-07.log:log_decorator.py:42 
======================================================
用例标题: 创建已存在用户
请求路径: http://127.0.0.1:8888/api/private/v1/users
请求方式: POST
请求头:   {'User-Agent': 'python-requests/2.28.2', 'Accept-Encoding': 'gzip, deflate', 'Accept': '*/*', 'Connection': 'keep-alive', 'Content-Type': 'application/json', 'Authorization': 'Bearer eyJhbGciOiJIUzI1NiIsInR5cCI6IkpXVCJ9.eyJ1aWQiOjUwMCwicmlkIjowLCJpYXQiOjE2ODA4Nzk5ODAsImV4cCI6MTY4MDk2NjM4MH0.Bck-TV6YSuMw5GDGZlwUA1YfLdQiLVQG2Mp7KgD7kiA', 'Content-Length': '43'}
请求内容: {'username': 'admin', 'password': '123456'}
接口响应内容: {'data': None, 'meta': {'msg': '用户名已存在', 'status': 400}}
接口响应时长: 2 ms
Http状态码: 200
断言结果: 200
=====================================================
INFO    2023-04-07 23:06:21,147G:\auto_api1_framework\logs\info-2023-04-07.log:test_create_user.py:29 2023-04-07 23:06:20 >>>>>> 执行结束！
INFO    2023-04-07 23:06:21,148G:\auto_api1_framework\logs\info-2023-04-07.log:test_create_user.py:26 2023-04-07 23:06:20 >>>>>> 开始执行：
INFO    2023-04-07 23:06:21,152G:\auto_api1_framework\logs\info-2023-04-07.log:log_decorator.py:42 
======================================================
用例标题: 用户名为空
请求路径: http://127.0.0.1:8888/api/private/v1/users
请求方式: POST
请求头:   {'User-Agent': 'python-requests/2.28.2', 'Accept-Encoding': 'gzip, deflate', 'Accept': '*/*', 'Connection': 'keep-alive', 'Content-Type': 'application/json', 'Authorization': 'Bearer eyJhbGciOiJIUzI1NiIsInR5cCI6IkpXVCJ9.eyJ1aWQiOjUwMCwicmlkIjowLCJpYXQiOjE2ODA4Nzk5ODAsImV4cCI6MTY4MDk2NjM4MH0.Bck-TV6YSuMw5GDGZlwUA1YfLdQiLVQG2Mp7KgD7kiA', 'Content-Length': '38'}
请求内容: {'username': '', 'password': '123456'}
接口响应内容: {'data': None, 'meta': {'msg': '用户名不能为空', 'status': 400}}
接口响应时长: 1 ms
Http状态码: 200
断言结果: 200
=====================================================
INFO    2023-04-07 23:06:21,153G:\auto_api1_framework\logs\info-2023-04-07.log:test_create_user.py:29 2023-04-07 23:06:20 >>>>>> 执行结束！
INFO    2023-04-07 23:06:41,064G:\auto_api1_framework\logs\info-2023-04-07.log:test_create_user.py:26 2023-04-07 23:06:40 >>>>>> 开始执行：
INFO    2023-04-07 23:06:41,132G:\auto_api1_framework\logs\info-2023-04-07.log:log_decorator.py:42 
======================================================
用例标题: 创建用户成功（必填参数）
请求路径: http://127.0.0.1:8888/api/private/v1/users
请求方式: POST
请求头:   {'User-Agent': 'python-requests/2.28.2', 'Accept-Encoding': 'gzip, deflate', 'Accept': '*/*', 'Connection': 'keep-alive', 'Content-Type': 'application/json', 'Authorization': 'Bearer eyJhbGciOiJIUzI1NiIsInR5cCI6IkpXVCJ9.eyJ1aWQiOjUwMCwicmlkIjowLCJpYXQiOjE2ODA4ODAwMDEsImV4cCI6MTY4MDk2NjQwMX0.8yqWTVjyaWioS9KAFCUjenvNgd0PXB34f7GEowOPMhM', 'Content-Length': '47'}
请求内容: {'username': 'VUTz505', 'password': 'admin123'}
接口响应内容: {'data': {'id': 594, 'username': 'VUTz505', 'role_id': -1, 'create_time': 1680880001}, 'meta': {'msg': '创建成功', 'status': 201}}
接口响应时长: 64 ms
Http状态码: 200
断言结果: 200
=====================================================
INFO    2023-04-07 23:06:41,134G:\auto_api1_framework\logs\info-2023-04-07.log:test_create_user.py:29 2023-04-07 23:06:40 >>>>>> 执行结束！
INFO    2023-04-07 23:06:41,135G:\auto_api1_framework\logs\info-2023-04-07.log:test_create_user.py:26 2023-04-07 23:06:40 >>>>>> 开始执行：
INFO    2023-04-07 23:06:41,202G:\auto_api1_framework\logs\info-2023-04-07.log:log_decorator.py:42 
======================================================
用例标题: 创建用户成功（必填+选填参数）
请求路径: http://127.0.0.1:8888/api/private/v1/users
请求方式: POST
请求头:   {'User-Agent': 'python-requests/2.28.2', 'Accept-Encoding': 'gzip, deflate', 'Accept': '*/*', 'Connection': 'keep-alive', 'Content-Type': 'application/json', 'Authorization': 'Bearer eyJhbGciOiJIUzI1NiIsInR5cCI6IkpXVCJ9.eyJ1aWQiOjUwMCwicmlkIjowLCJpYXQiOjE2ODA4ODAwMDEsImV4cCI6MTY4MDk2NjQwMX0.8yqWTVjyaWioS9KAFCUjenvNgd0PXB34f7GEowOPMhM', 'Content-Length': '80'}
请求内容: {'username': 'MmmG936', 'password': 'admin123@!', 'email': 'renjun@example.com'}
接口响应内容: {'data': {'id': 595, 'username': 'MmmG936', 'email': 'renjun@example.com', 'role_id': -1, 'create_time': 1680880001}, 'meta': {'msg': '创建成功', 'status': 201}}
接口响应时长: 64 ms
Http状态码: 200
断言结果: 200
=====================================================
INFO    2023-04-07 23:06:41,204G:\auto_api1_framework\logs\info-2023-04-07.log:test_create_user.py:29 2023-04-07 23:06:40 >>>>>> 执行结束！
INFO    2023-04-07 23:06:41,204G:\auto_api1_framework\logs\info-2023-04-07.log:test_create_user.py:26 2023-04-07 23:06:40 >>>>>> 开始执行：
INFO    2023-04-07 23:06:41,269G:\auto_api1_framework\logs\info-2023-04-07.log:log_decorator.py:42 
======================================================
用例标题: 创建用户成功（全部参数）
请求路径: http://127.0.0.1:8888/api/private/v1/users
请求方式: POST
请求头:   {'User-Agent': 'python-requests/2.28.2', 'Accept-Encoding': 'gzip, deflate', 'Accept': '*/*', 'Connection': 'keep-alive', 'Content-Type': 'application/json', 'Authorization': 'Bearer eyJhbGciOiJIUzI1NiIsInR5cCI6IkpXVCJ9.eyJ1aWQiOjUwMCwicmlkIjowLCJpYXQiOjE2ODA4ODAwMDEsImV4cCI6MTY4MDk2NjQwMX0.8yqWTVjyaWioS9KAFCUjenvNgd0PXB34f7GEowOPMhM', 'Content-Length': '106'}
请求内容: {'username': 'Qvjc075', 'password': '789456abcd', 'email': 'gangxia@example.org', 'mobile': '13728048221'}
接口响应内容: {'data': {'id': 596, 'username': 'Qvjc075', 'mobile': '13728048221', 'email': 'gangxia@example.org', 'role_id': -1, 'create_time': 1680880001}, 'meta': {'msg': '创建成功', 'status': 201}}
接口响应时长: 63 ms
Http状态码: 200
断言结果: 200
=====================================================
INFO    2023-04-07 23:06:41,272G:\auto_api1_framework\logs\info-2023-04-07.log:test_create_user.py:29 2023-04-07 23:06:40 >>>>>> 执行结束！
INFO    2023-04-07 23:06:41,273G:\auto_api1_framework\logs\info-2023-04-07.log:test_create_user.py:26 2023-04-07 23:06:40 >>>>>> 开始执行：
INFO    2023-04-07 23:06:41,277G:\auto_api1_framework\logs\info-2023-04-07.log:log_decorator.py:42 
======================================================
用例标题: 创建已存在用户
请求路径: http://127.0.0.1:8888/api/private/v1/users
请求方式: POST
请求头:   {'User-Agent': 'python-requests/2.28.2', 'Accept-Encoding': 'gzip, deflate', 'Accept': '*/*', 'Connection': 'keep-alive', 'Content-Type': 'application/json', 'Authorization': 'Bearer eyJhbGciOiJIUzI1NiIsInR5cCI6IkpXVCJ9.eyJ1aWQiOjUwMCwicmlkIjowLCJpYXQiOjE2ODA4ODAwMDEsImV4cCI6MTY4MDk2NjQwMX0.8yqWTVjyaWioS9KAFCUjenvNgd0PXB34f7GEowOPMhM', 'Content-Length': '43'}
请求内容: {'username': 'admin', 'password': '123456'}
接口响应内容: {'data': None, 'meta': {'msg': '用户名已存在', 'status': 400}}
接口响应时长: 2 ms
Http状态码: 200
断言结果: 200
=====================================================
INFO    2023-04-07 23:06:41,278G:\auto_api1_framework\logs\info-2023-04-07.log:test_create_user.py:29 2023-04-07 23:06:40 >>>>>> 执行结束！
INFO    2023-04-07 23:06:41,279G:\auto_api1_framework\logs\info-2023-04-07.log:test_create_user.py:26 2023-04-07 23:06:40 >>>>>> 开始执行：
INFO    2023-04-07 23:06:41,283G:\auto_api1_framework\logs\info-2023-04-07.log:log_decorator.py:42 
======================================================
用例标题: 用户名为空
请求路径: http://127.0.0.1:8888/api/private/v1/users
请求方式: POST
请求头:   {'User-Agent': 'python-requests/2.28.2', 'Accept-Encoding': 'gzip, deflate', 'Accept': '*/*', 'Connection': 'keep-alive', 'Content-Type': 'application/json', 'Authorization': 'Bearer eyJhbGciOiJIUzI1NiIsInR5cCI6IkpXVCJ9.eyJ1aWQiOjUwMCwicmlkIjowLCJpYXQiOjE2ODA4ODAwMDEsImV4cCI6MTY4MDk2NjQwMX0.8yqWTVjyaWioS9KAFCUjenvNgd0PXB34f7GEowOPMhM', 'Content-Length': '38'}
请求内容: {'username': '', 'password': '123456'}
接口响应内容: {'data': None, 'meta': {'msg': '用户名不能为空', 'status': 400}}
接口响应时长: 1 ms
Http状态码: 200
断言结果: 200
=====================================================
INFO    2023-04-07 23:06:41,285G:\auto_api1_framework\logs\info-2023-04-07.log:test_create_user.py:29 2023-04-07 23:06:40 >>>>>> 执行结束！
INFO    2023-04-07 23:08:49,713G:\auto_api1_framework\logs\info-2023-04-07.log:test_create_user.py:26 2023-04-07 23:08:49 >>>>>> 开始执行：
INFO    2023-04-07 23:08:49,779G:\auto_api1_framework\logs\info-2023-04-07.log:log_decorator.py:42 
======================================================
用例标题: 创建用户成功（必填参数）
请求路径: http://127.0.0.1:8888/api/private/v1/users
请求方式: POST
请求头:   {'User-Agent': 'python-requests/2.28.2', 'Accept-Encoding': 'gzip, deflate', 'Accept': '*/*', 'Connection': 'keep-alive', 'Content-Type': 'application/json', 'Authorization': 'Bearer eyJhbGciOiJIUzI1NiIsInR5cCI6IkpXVCJ9.eyJ1aWQiOjUwMCwicmlkIjowLCJpYXQiOjE2ODA4ODAxMjksImV4cCI6MTY4MDk2NjUyOX0.ppeXvOZvnnYg0AzbTV6hqdZ9NV7eLHOeUMfxft5ny1E', 'Content-Length': '47'}
请求内容: {'username': 'jVtd805', 'password': 'admin123'}
接口响应内容: {'data': {'id': 597, 'username': 'jVtd805', 'role_id': -1, 'create_time': 1680880129}, 'meta': {'msg': '创建成功', 'status': 201}}
接口响应时长: 63 ms
Http状态码: 200
断言结果: 200
=====================================================
INFO    2023-04-07 23:08:49,785G:\auto_api1_framework\logs\info-2023-04-07.log:test_create_user.py:29 2023-04-07 23:08:49 >>>>>> 执行结束！
INFO    2023-04-07 23:08:49,786G:\auto_api1_framework\logs\info-2023-04-07.log:test_create_user.py:26 2023-04-07 23:08:49 >>>>>> 开始执行：
INFO    2023-04-07 23:08:49,856G:\auto_api1_framework\logs\info-2023-04-07.log:log_decorator.py:42 
======================================================
用例标题: 创建用户成功（必填+选填参数）
请求路径: http://127.0.0.1:8888/api/private/v1/users
请求方式: POST
请求头:   {'User-Agent': 'python-requests/2.28.2', 'Accept-Encoding': 'gzip, deflate', 'Accept': '*/*', 'Connection': 'keep-alive', 'Content-Type': 'application/json', 'Authorization': 'Bearer eyJhbGciOiJIUzI1NiIsInR5cCI6IkpXVCJ9.eyJ1aWQiOjUwMCwicmlkIjowLCJpYXQiOjE2ODA4ODAxMjksImV4cCI6MTY4MDk2NjUyOX0.ppeXvOZvnnYg0AzbTV6hqdZ9NV7eLHOeUMfxft5ny1E', 'Content-Length': '83'}
请求内容: {'username': 'LzlT914', 'password': 'admin123@!', 'email': 'shenqiang@example.org'}
接口响应内容: {'data': {'id': 598, 'username': 'LzlT914', 'email': 'shenqiang@example.org', 'role_id': -1, 'create_time': 1680880129}, 'meta': {'msg': '创建成功', 'status': 201}}
接口响应时长: 66 ms
Http状态码: 200
断言结果: 200
=====================================================
INFO    2023-04-07 23:08:49,862G:\auto_api1_framework\logs\info-2023-04-07.log:test_create_user.py:29 2023-04-07 23:08:49 >>>>>> 执行结束！
INFO    2023-04-07 23:08:49,863G:\auto_api1_framework\logs\info-2023-04-07.log:test_create_user.py:26 2023-04-07 23:08:49 >>>>>> 开始执行：
INFO    2023-04-07 23:08:49,931G:\auto_api1_framework\logs\info-2023-04-07.log:log_decorator.py:42 
======================================================
用例标题: 创建用户成功（全部参数）
请求路径: http://127.0.0.1:8888/api/private/v1/users
请求方式: POST
请求头:   {'User-Agent': 'python-requests/2.28.2', 'Accept-Encoding': 'gzip, deflate', 'Accept': '*/*', 'Connection': 'keep-alive', 'Content-Type': 'application/json', 'Authorization': 'Bearer eyJhbGciOiJIUzI1NiIsInR5cCI6IkpXVCJ9.eyJ1aWQiOjUwMCwicmlkIjowLCJpYXQiOjE2ODA4ODAxMjksImV4cCI6MTY4MDk2NjUyOX0.ppeXvOZvnnYg0AzbTV6hqdZ9NV7eLHOeUMfxft5ny1E', 'Content-Length': '104'}
请求内容: {'username': 'wYis435', 'password': '789456abcd', 'email': 'xiahu@example.net', 'mobile': '15891574776'}
接口响应内容: {'data': {'id': 599, 'username': 'wYis435', 'mobile': '15891574776', 'email': 'xiahu@example.net', 'role_id': -1, 'create_time': 1680880129}, 'meta': {'msg': '创建成功', 'status': 201}}
接口响应时长: 64 ms
Http状态码: 200
断言结果: 200
=====================================================
INFO    2023-04-07 23:08:49,933G:\auto_api1_framework\logs\info-2023-04-07.log:test_create_user.py:29 2023-04-07 23:08:49 >>>>>> 执行结束！
INFO    2023-04-07 23:08:49,934G:\auto_api1_framework\logs\info-2023-04-07.log:test_create_user.py:26 2023-04-07 23:08:49 >>>>>> 开始执行：
INFO    2023-04-07 23:08:49,940G:\auto_api1_framework\logs\info-2023-04-07.log:log_decorator.py:42 
======================================================
用例标题: 创建已存在用户
请求路径: http://127.0.0.1:8888/api/private/v1/users
请求方式: POST
请求头:   {'User-Agent': 'python-requests/2.28.2', 'Accept-Encoding': 'gzip, deflate', 'Accept': '*/*', 'Connection': 'keep-alive', 'Content-Type': 'application/json', 'Authorization': 'Bearer eyJhbGciOiJIUzI1NiIsInR5cCI6IkpXVCJ9.eyJ1aWQiOjUwMCwicmlkIjowLCJpYXQiOjE2ODA4ODAxMjksImV4cCI6MTY4MDk2NjUyOX0.ppeXvOZvnnYg0AzbTV6hqdZ9NV7eLHOeUMfxft5ny1E', 'Content-Length': '43'}
请求内容: {'username': 'admin', 'password': '123456'}
接口响应内容: {'data': None, 'meta': {'msg': '用户名已存在', 'status': 400}}
接口响应时长: 3 ms
Http状态码: 200
断言结果: 200
=====================================================
INFO    2023-04-07 23:08:49,943G:\auto_api1_framework\logs\info-2023-04-07.log:test_create_user.py:29 2023-04-07 23:08:49 >>>>>> 执行结束！
INFO    2023-04-07 23:08:49,944G:\auto_api1_framework\logs\info-2023-04-07.log:test_create_user.py:26 2023-04-07 23:08:49 >>>>>> 开始执行：
INFO    2023-04-07 23:08:49,949G:\auto_api1_framework\logs\info-2023-04-07.log:log_decorator.py:42 
======================================================
用例标题: 用户名为空
请求路径: http://127.0.0.1:8888/api/private/v1/users
请求方式: POST
请求头:   {'User-Agent': 'python-requests/2.28.2', 'Accept-Encoding': 'gzip, deflate', 'Accept': '*/*', 'Connection': 'keep-alive', 'Content-Type': 'application/json', 'Authorization': 'Bearer eyJhbGciOiJIUzI1NiIsInR5cCI6IkpXVCJ9.eyJ1aWQiOjUwMCwicmlkIjowLCJpYXQiOjE2ODA4ODAxMjksImV4cCI6MTY4MDk2NjUyOX0.ppeXvOZvnnYg0AzbTV6hqdZ9NV7eLHOeUMfxft5ny1E', 'Content-Length': '38'}
请求内容: {'username': '', 'password': '123456'}
接口响应内容: {'data': None, 'meta': {'msg': '用户名不能为空', 'status': 400}}
接口响应时长: 1 ms
Http状态码: 200
断言结果: 200
=====================================================
INFO    2023-04-07 23:08:49,952G:\auto_api1_framework\logs\info-2023-04-07.log:test_create_user.py:29 2023-04-07 23:08:49 >>>>>> 执行结束！
INFO    2023-04-07 23:14:00,946G:\auto_api1_framework\logs\info-2023-04-07.log:test_create_user.py:26 2023-04-07 23:14:00 >>>>>> 开始执行：
INFO    2023-04-07 23:14:01,011G:\auto_api1_framework\logs\info-2023-04-07.log:log_decorator.py:42 
======================================================
用例标题: 创建用户成功（必填参数）
请求路径: http://127.0.0.1:8888/api/private/v1/users
请求方式: POST
请求头:   {'User-Agent': 'python-requests/2.28.2', 'Accept-Encoding': 'gzip, deflate', 'Accept': '*/*', 'Connection': 'keep-alive', 'Content-Type': 'application/json', 'Authorization': 'Bearer eyJhbGciOiJIUzI1NiIsInR5cCI6IkpXVCJ9.eyJ1aWQiOjUwMCwicmlkIjowLCJpYXQiOjE2ODA4ODA0NDAsImV4cCI6MTY4MDk2Njg0MH0.RtoPt4PiwI9KFqB6s-LEiNr9uGnct5d_Eq6bI7Dh90A', 'Content-Length': '47'}
请求内容: {'username': 'CMmg498', 'password': 'admin123'}
接口响应内容: {'data': {'id': 600, 'username': 'CMmg498', 'role_id': -1, 'create_time': 1680880441}, 'meta': {'msg': '创建成功', 'status': 201}}
接口响应时长: 63 ms
Http状态码: 200
断言结果: 200
=====================================================
INFO    2023-04-07 23:14:01,016G:\auto_api1_framework\logs\info-2023-04-07.log:test_create_user.py:29 2023-04-07 23:14:00 >>>>>> 执行结束！
INFO    2023-04-07 23:14:01,017G:\auto_api1_framework\logs\info-2023-04-07.log:test_create_user.py:26 2023-04-07 23:14:00 >>>>>> 开始执行：
INFO    2023-04-07 23:14:01,082G:\auto_api1_framework\logs\info-2023-04-07.log:log_decorator.py:42 
======================================================
用例标题: 创建用户成功（必填+选填参数）
请求路径: http://127.0.0.1:8888/api/private/v1/users
请求方式: POST
请求头:   {'User-Agent': 'python-requests/2.28.2', 'Accept-Encoding': 'gzip, deflate', 'Accept': '*/*', 'Connection': 'keep-alive', 'Content-Type': 'application/json', 'Authorization': 'Bearer eyJhbGciOiJIUzI1NiIsInR5cCI6IkpXVCJ9.eyJ1aWQiOjUwMCwicmlkIjowLCJpYXQiOjE2ODA4ODA0NDAsImV4cCI6MTY4MDk2Njg0MH0.RtoPt4PiwI9KFqB6s-LEiNr9uGnct5d_Eq6bI7Dh90A', 'Content-Length': '82'}
请求内容: {'username': 'foWI150', 'password': 'admin123@!', 'email': 'gangxiao@example.net'}
接口响应内容: {'data': {'id': 601, 'username': 'foWI150', 'email': 'gangxiao@example.net', 'role_id': -1, 'create_time': 1680880441}, 'meta': {'msg': '创建成功', 'status': 201}}
接口响应时长: 63 ms
Http状态码: 200
断言结果: 200
=====================================================
INFO    2023-04-07 23:14:01,086G:\auto_api1_framework\logs\info-2023-04-07.log:test_create_user.py:29 2023-04-07 23:14:00 >>>>>> 执行结束！
INFO    2023-04-07 23:14:01,087G:\auto_api1_framework\logs\info-2023-04-07.log:test_create_user.py:26 2023-04-07 23:14:00 >>>>>> 开始执行：
INFO    2023-04-07 23:14:01,154G:\auto_api1_framework\logs\info-2023-04-07.log:log_decorator.py:42 
======================================================
用例标题: 创建用户成功（全部参数）
请求路径: http://127.0.0.1:8888/api/private/v1/users
请求方式: POST
请求头:   {'User-Agent': 'python-requests/2.28.2', 'Accept-Encoding': 'gzip, deflate', 'Accept': '*/*', 'Connection': 'keep-alive', 'Content-Type': 'application/json', 'Authorization': 'Bearer eyJhbGciOiJIUzI1NiIsInR5cCI6IkpXVCJ9.eyJ1aWQiOjUwMCwicmlkIjowLCJpYXQiOjE2ODA4ODA0NDAsImV4cCI6MTY4MDk2Njg0MH0.RtoPt4PiwI9KFqB6s-LEiNr9uGnct5d_Eq6bI7Dh90A', 'Content-Length': '107'}
请求内容: {'username': 'oNWr727', 'password': '789456abcd', 'email': 'chaowang@example.net', 'mobile': '18664574777'}
接口响应内容: {'data': {'id': 602, 'username': 'oNWr727', 'mobile': '18664574777', 'email': 'chaowang@example.net', 'role_id': -1, 'create_time': 1680880441}, 'meta': {'msg': '创建成功', 'status': 201}}
接口响应时长: 65 ms
Http状态码: 200
断言结果: 200
=====================================================
INFO    2023-04-07 23:14:01,160G:\auto_api1_framework\logs\info-2023-04-07.log:test_create_user.py:29 2023-04-07 23:14:00 >>>>>> 执行结束！
INFO    2023-04-07 23:14:01,162G:\auto_api1_framework\logs\info-2023-04-07.log:test_create_user.py:26 2023-04-07 23:14:00 >>>>>> 开始执行：
INFO    2023-04-07 23:14:01,167G:\auto_api1_framework\logs\info-2023-04-07.log:log_decorator.py:42 
======================================================
用例标题: 创建已存在用户
请求路径: http://127.0.0.1:8888/api/private/v1/users
请求方式: POST
请求头:   {'User-Agent': 'python-requests/2.28.2', 'Accept-Encoding': 'gzip, deflate', 'Accept': '*/*', 'Connection': 'keep-alive', 'Content-Type': 'application/json', 'Authorization': 'Bearer eyJhbGciOiJIUzI1NiIsInR5cCI6IkpXVCJ9.eyJ1aWQiOjUwMCwicmlkIjowLCJpYXQiOjE2ODA4ODA0NDAsImV4cCI6MTY4MDk2Njg0MH0.RtoPt4PiwI9KFqB6s-LEiNr9uGnct5d_Eq6bI7Dh90A', 'Content-Length': '43'}
请求内容: {'username': 'admin', 'password': '123456'}
接口响应内容: {'data': None, 'meta': {'msg': '用户名已存在', 'status': 400}}
接口响应时长: 2 ms
Http状态码: 200
断言结果: 200
=====================================================
INFO    2023-04-07 23:14:01,169G:\auto_api1_framework\logs\info-2023-04-07.log:test_create_user.py:29 2023-04-07 23:14:00 >>>>>> 执行结束！
INFO    2023-04-07 23:14:01,170G:\auto_api1_framework\logs\info-2023-04-07.log:test_create_user.py:26 2023-04-07 23:14:00 >>>>>> 开始执行：
INFO    2023-04-07 23:14:01,173G:\auto_api1_framework\logs\info-2023-04-07.log:log_decorator.py:42 
======================================================
用例标题: 用户名为空
请求路径: http://127.0.0.1:8888/api/private/v1/users
请求方式: POST
请求头:   {'User-Agent': 'python-requests/2.28.2', 'Accept-Encoding': 'gzip, deflate', 'Accept': '*/*', 'Connection': 'keep-alive', 'Content-Type': 'application/json', 'Authorization': 'Bearer eyJhbGciOiJIUzI1NiIsInR5cCI6IkpXVCJ9.eyJ1aWQiOjUwMCwicmlkIjowLCJpYXQiOjE2ODA4ODA0NDAsImV4cCI6MTY4MDk2Njg0MH0.RtoPt4PiwI9KFqB6s-LEiNr9uGnct5d_Eq6bI7Dh90A', 'Content-Length': '38'}
请求内容: {'username': '', 'password': '123456'}
接口响应内容: {'data': None, 'meta': {'msg': '用户名不能为空', 'status': 400}}
接口响应时长: 1 ms
Http状态码: 200
断言结果: 200
=====================================================
INFO    2023-04-07 23:14:01,177G:\auto_api1_framework\logs\info-2023-04-07.log:test_create_user.py:29 2023-04-07 23:14:00 >>>>>> 执行结束！
INFO    2023-04-07 23:16:00,202G:\auto_api1_framework\logs\info-2023-04-07.log:test_create_user.py:26 2023-04-07 23:16:00 >>>>>> 开始执行：
INFO    2023-04-07 23:16:00,268G:\auto_api1_framework\logs\info-2023-04-07.log:log_decorator.py:42 
======================================================
用例标题: 创建用户成功（必填参数）
请求路径: http://127.0.0.1:8888/api/private/v1/users
请求方式: POST
请求头:   {'User-Agent': 'python-requests/2.28.2', 'Accept-Encoding': 'gzip, deflate', 'Accept': '*/*', 'Connection': 'keep-alive', 'Content-Type': 'application/json', 'Authorization': 'Bearer eyJhbGciOiJIUzI1NiIsInR5cCI6IkpXVCJ9.eyJ1aWQiOjUwMCwicmlkIjowLCJpYXQiOjE2ODA4ODA1NjAsImV4cCI6MTY4MDk2Njk2MH0.djc7SZ501Ub0guI-kEd8SwKcrYq-8oXJAAgcecdYlnk', 'Content-Length': '47'}
请求内容: {'username': 'sEzH599', 'password': 'admin123'}
接口响应内容: {'data': {'id': 603, 'username': 'sEzH599', 'role_id': -1, 'create_time': 1680880560}, 'meta': {'msg': '创建成功', 'status': 201}}
接口响应时长: 63 ms
Http状态码: 200
断言结果: 200
=====================================================
INFO    2023-04-07 23:16:00,269G:\auto_api1_framework\logs\info-2023-04-07.log:test_create_user.py:29 2023-04-07 23:16:00 >>>>>> 执行结束！
INFO    2023-04-07 23:16:00,272G:\auto_api1_framework\logs\info-2023-04-07.log:test_create_user.py:26 2023-04-07 23:16:00 >>>>>> 开始执行：
INFO    2023-04-07 23:16:00,337G:\auto_api1_framework\logs\info-2023-04-07.log:log_decorator.py:42 
======================================================
用例标题: 创建用户成功（必填+选填参数）
请求路径: http://127.0.0.1:8888/api/private/v1/users
请求方式: POST
请求头:   {'User-Agent': 'python-requests/2.28.2', 'Accept-Encoding': 'gzip, deflate', 'Accept': '*/*', 'Connection': 'keep-alive', 'Content-Type': 'application/json', 'Authorization': 'Bearer eyJhbGciOiJIUzI1NiIsInR5cCI6IkpXVCJ9.eyJ1aWQiOjUwMCwicmlkIjowLCJpYXQiOjE2ODA4ODA1NjAsImV4cCI6MTY4MDk2Njk2MH0.djc7SZ501Ub0guI-kEd8SwKcrYq-8oXJAAgcecdYlnk', 'Content-Length': '82'}
请求内容: {'username': 'ozSa055', 'password': 'admin123@!', 'email': 'juanmeng@example.net'}
接口响应内容: {'data': {'id': 604, 'username': 'ozSa055', 'email': 'juanmeng@example.net', 'role_id': -1, 'create_time': 1680880560}, 'meta': {'msg': '创建成功', 'status': 201}}
接口响应时长: 63 ms
Http状态码: 200
断言结果: 200
=====================================================
INFO    2023-04-07 23:16:00,338G:\auto_api1_framework\logs\info-2023-04-07.log:test_create_user.py:29 2023-04-07 23:16:00 >>>>>> 执行结束！
INFO    2023-04-07 23:16:00,339G:\auto_api1_framework\logs\info-2023-04-07.log:test_create_user.py:26 2023-04-07 23:16:00 >>>>>> 开始执行：
INFO    2023-04-07 23:16:00,406G:\auto_api1_framework\logs\info-2023-04-07.log:log_decorator.py:42 
======================================================
用例标题: 创建用户成功（全部参数）
请求路径: http://127.0.0.1:8888/api/private/v1/users
请求方式: POST
请求头:   {'User-Agent': 'python-requests/2.28.2', 'Accept-Encoding': 'gzip, deflate', 'Accept': '*/*', 'Connection': 'keep-alive', 'Content-Type': 'application/json', 'Authorization': 'Bearer eyJhbGciOiJIUzI1NiIsInR5cCI6IkpXVCJ9.eyJ1aWQiOjUwMCwicmlkIjowLCJpYXQiOjE2ODA4ODA1NjAsImV4cCI6MTY4MDk2Njk2MH0.djc7SZ501Ub0guI-kEd8SwKcrYq-8oXJAAgcecdYlnk', 'Content-Length': '102'}
请求内容: {'username': 'BrLF438', 'password': '789456abcd', 'email': 'mma@example.org', 'mobile': '18772057534'}
接口响应内容: {'data': {'id': 605, 'username': 'BrLF438', 'mobile': '18772057534', 'email': 'mma@example.org', 'role_id': -1, 'create_time': 1680880560}, 'meta': {'msg': '创建成功', 'status': 201}}
接口响应时长: 64 ms
Http状态码: 200
断言结果: 200
=====================================================
INFO    2023-04-07 23:16:00,407G:\auto_api1_framework\logs\info-2023-04-07.log:test_create_user.py:29 2023-04-07 23:16:00 >>>>>> 执行结束！
INFO    2023-04-07 23:16:00,408G:\auto_api1_framework\logs\info-2023-04-07.log:test_create_user.py:26 2023-04-07 23:16:00 >>>>>> 开始执行：
INFO    2023-04-07 23:16:00,413G:\auto_api1_framework\logs\info-2023-04-07.log:log_decorator.py:42 
======================================================
用例标题: 创建已存在用户
请求路径: http://127.0.0.1:8888/api/private/v1/users
请求方式: POST
请求头:   {'User-Agent': 'python-requests/2.28.2', 'Accept-Encoding': 'gzip, deflate', 'Accept': '*/*', 'Connection': 'keep-alive', 'Content-Type': 'application/json', 'Authorization': 'Bearer eyJhbGciOiJIUzI1NiIsInR5cCI6IkpXVCJ9.eyJ1aWQiOjUwMCwicmlkIjowLCJpYXQiOjE2ODA4ODA1NjAsImV4cCI6MTY4MDk2Njk2MH0.djc7SZ501Ub0guI-kEd8SwKcrYq-8oXJAAgcecdYlnk', 'Content-Length': '43'}
请求内容: {'username': 'admin', 'password': '123456'}
接口响应内容: {'data': None, 'meta': {'msg': '用户名已存在', 'status': 400}}
接口响应时长: 3 ms
Http状态码: 200
断言结果: 200
=====================================================
INFO    2023-04-07 23:16:00,415G:\auto_api1_framework\logs\info-2023-04-07.log:test_create_user.py:29 2023-04-07 23:16:00 >>>>>> 执行结束！
INFO    2023-04-07 23:16:00,416G:\auto_api1_framework\logs\info-2023-04-07.log:test_create_user.py:26 2023-04-07 23:16:00 >>>>>> 开始执行：
INFO    2023-04-07 23:16:00,420G:\auto_api1_framework\logs\info-2023-04-07.log:log_decorator.py:42 
======================================================
用例标题: 用户名为空
请求路径: http://127.0.0.1:8888/api/private/v1/users
请求方式: POST
请求头:   {'User-Agent': 'python-requests/2.28.2', 'Accept-Encoding': 'gzip, deflate', 'Accept': '*/*', 'Connection': 'keep-alive', 'Content-Type': 'application/json', 'Authorization': 'Bearer eyJhbGciOiJIUzI1NiIsInR5cCI6IkpXVCJ9.eyJ1aWQiOjUwMCwicmlkIjowLCJpYXQiOjE2ODA4ODA1NjAsImV4cCI6MTY4MDk2Njk2MH0.djc7SZ501Ub0guI-kEd8SwKcrYq-8oXJAAgcecdYlnk', 'Content-Length': '38'}
请求内容: {'username': '', 'password': '123456'}
接口响应内容: {'data': None, 'meta': {'msg': '用户名不能为空', 'status': 400}}
接口响应时长: 1 ms
Http状态码: 200
断言结果: 200
=====================================================
INFO    2023-04-07 23:16:00,422G:\auto_api1_framework\logs\info-2023-04-07.log:test_create_user.py:29 2023-04-07 23:16:00 >>>>>> 执行结束！
INFO    2023-04-07 23:16:34,695G:\auto_api1_framework\logs\info-2023-04-07.log:test_create_user.py:26 2023-04-07 23:16:34 >>>>>> 开始执行：
INFO    2023-04-07 23:16:34,760G:\auto_api1_framework\logs\info-2023-04-07.log:log_decorator.py:42 
======================================================
用例标题: 创建用户成功（必填参数）
请求路径: http://127.0.0.1:8888/api/private/v1/users
请求方式: POST
请求头:   {'User-Agent': 'python-requests/2.28.2', 'Accept-Encoding': 'gzip, deflate', 'Accept': '*/*', 'Connection': 'keep-alive', 'Content-Type': 'application/json', 'Authorization': 'Bearer eyJhbGciOiJIUzI1NiIsInR5cCI6IkpXVCJ9.eyJ1aWQiOjUwMCwicmlkIjowLCJpYXQiOjE2ODA4ODA1OTQsImV4cCI6MTY4MDk2Njk5NH0.DiaeBR6P-81BX8prpCaOjvQMfbaMClZtbrM5gMnaGko', 'Content-Length': '47'}
请求内容: {'username': 'BAeO019', 'password': 'admin123'}
接口响应内容: {'data': {'id': 606, 'username': 'BAeO019', 'role_id': -1, 'create_time': 1680880594}, 'meta': {'msg': '创建成功', 'status': 201}}
接口响应时长: 62 ms
Http状态码: 200
断言结果: 200
=====================================================
INFO    2023-04-07 23:16:34,762G:\auto_api1_framework\logs\info-2023-04-07.log:test_create_user.py:29 2023-04-07 23:16:34 >>>>>> 执行结束！
INFO    2023-04-07 23:16:34,763G:\auto_api1_framework\logs\info-2023-04-07.log:test_create_user.py:26 2023-04-07 23:16:34 >>>>>> 开始执行：
INFO    2023-04-07 23:16:34,832G:\auto_api1_framework\logs\info-2023-04-07.log:log_decorator.py:42 
======================================================
用例标题: 创建用户成功（必填+选填参数）
请求路径: http://127.0.0.1:8888/api/private/v1/users
请求方式: POST
请求头:   {'User-Agent': 'python-requests/2.28.2', 'Accept-Encoding': 'gzip, deflate', 'Accept': '*/*', 'Connection': 'keep-alive', 'Content-Type': 'application/json', 'Authorization': 'Bearer eyJhbGciOiJIUzI1NiIsInR5cCI6IkpXVCJ9.eyJ1aWQiOjUwMCwicmlkIjowLCJpYXQiOjE2ODA4ODA1OTQsImV4cCI6MTY4MDk2Njk5NH0.DiaeBR6P-81BX8prpCaOjvQMfbaMClZtbrM5gMnaGko', 'Content-Length': '79'}
请求内容: {'username': 'eogF194', 'password': 'admin123@!', 'email': 'ifang@example.org'}
接口响应内容: {'data': {'id': 607, 'username': 'eogF194', 'email': 'ifang@example.org', 'role_id': -1, 'create_time': 1680880594}, 'meta': {'msg': '创建成功', 'status': 201}}
接口响应时长: 64 ms
Http状态码: 200
断言结果: 200
=====================================================
INFO    2023-04-07 23:16:34,833G:\auto_api1_framework\logs\info-2023-04-07.log:test_create_user.py:29 2023-04-07 23:16:34 >>>>>> 执行结束！
INFO    2023-04-07 23:16:34,834G:\auto_api1_framework\logs\info-2023-04-07.log:test_create_user.py:26 2023-04-07 23:16:34 >>>>>> 开始执行：
INFO    2023-04-07 23:16:34,900G:\auto_api1_framework\logs\info-2023-04-07.log:log_decorator.py:42 
======================================================
用例标题: 创建用户成功（全部参数）
请求路径: http://127.0.0.1:8888/api/private/v1/users
请求方式: POST
请求头:   {'User-Agent': 'python-requests/2.28.2', 'Accept-Encoding': 'gzip, deflate', 'Accept': '*/*', 'Connection': 'keep-alive', 'Content-Type': 'application/json', 'Authorization': 'Bearer eyJhbGciOiJIUzI1NiIsInR5cCI6IkpXVCJ9.eyJ1aWQiOjUwMCwicmlkIjowLCJpYXQiOjE2ODA4ODA1OTQsImV4cCI6MTY4MDk2Njk5NH0.DiaeBR6P-81BX8prpCaOjvQMfbaMClZtbrM5gMnaGko', 'Content-Length': '104'}
请求内容: {'username': 'qCjs629', 'password': '789456abcd', 'email': 'tao19@example.net', 'mobile': '15056942264'}
接口响应内容: {'data': {'id': 608, 'username': 'qCjs629', 'mobile': '15056942264', 'email': 'tao19@example.net', 'role_id': -1, 'create_time': 1680880594}, 'meta': {'msg': '创建成功', 'status': 201}}
接口响应时长: 64 ms
Http状态码: 200
断言结果: 200
=====================================================
INFO    2023-04-07 23:16:34,902G:\auto_api1_framework\logs\info-2023-04-07.log:test_create_user.py:29 2023-04-07 23:16:34 >>>>>> 执行结束！
INFO    2023-04-07 23:16:34,903G:\auto_api1_framework\logs\info-2023-04-07.log:test_create_user.py:26 2023-04-07 23:16:34 >>>>>> 开始执行：
INFO    2023-04-07 23:16:34,909G:\auto_api1_framework\logs\info-2023-04-07.log:log_decorator.py:42 
======================================================
用例标题: 创建已存在用户
请求路径: http://127.0.0.1:8888/api/private/v1/users
请求方式: POST
请求头:   {'User-Agent': 'python-requests/2.28.2', 'Accept-Encoding': 'gzip, deflate', 'Accept': '*/*', 'Connection': 'keep-alive', 'Content-Type': 'application/json', 'Authorization': 'Bearer eyJhbGciOiJIUzI1NiIsInR5cCI6IkpXVCJ9.eyJ1aWQiOjUwMCwicmlkIjowLCJpYXQiOjE2ODA4ODA1OTQsImV4cCI6MTY4MDk2Njk5NH0.DiaeBR6P-81BX8prpCaOjvQMfbaMClZtbrM5gMnaGko', 'Content-Length': '43'}
请求内容: {'username': 'admin', 'password': '123456'}
接口响应内容: {'data': None, 'meta': {'msg': '用户名已存在', 'status': 400}}
接口响应时长: 2 ms
Http状态码: 200
断言结果: 200
=====================================================
INFO    2023-04-07 23:16:34,911G:\auto_api1_framework\logs\info-2023-04-07.log:test_create_user.py:29 2023-04-07 23:16:34 >>>>>> 执行结束！
INFO    2023-04-07 23:16:34,911G:\auto_api1_framework\logs\info-2023-04-07.log:test_create_user.py:26 2023-04-07 23:16:34 >>>>>> 开始执行：
INFO    2023-04-07 23:16:34,915G:\auto_api1_framework\logs\info-2023-04-07.log:log_decorator.py:42 
======================================================
用例标题: 用户名为空
请求路径: http://127.0.0.1:8888/api/private/v1/users
请求方式: POST
请求头:   {'User-Agent': 'python-requests/2.28.2', 'Accept-Encoding': 'gzip, deflate', 'Accept': '*/*', 'Connection': 'keep-alive', 'Content-Type': 'application/json', 'Authorization': 'Bearer eyJhbGciOiJIUzI1NiIsInR5cCI6IkpXVCJ9.eyJ1aWQiOjUwMCwicmlkIjowLCJpYXQiOjE2ODA4ODA1OTQsImV4cCI6MTY4MDk2Njk5NH0.DiaeBR6P-81BX8prpCaOjvQMfbaMClZtbrM5gMnaGko', 'Content-Length': '38'}
请求内容: {'username': '', 'password': '123456'}
接口响应内容: {'data': None, 'meta': {'msg': '用户名不能为空', 'status': 400}}
接口响应时长: 1 ms
Http状态码: 200
断言结果: 200
=====================================================
INFO    2023-04-07 23:16:34,917G:\auto_api1_framework\logs\info-2023-04-07.log:test_create_user.py:29 2023-04-07 23:16:34 >>>>>> 执行结束！
INFO    2023-04-07 23:25:21,204G:\auto_api1_framework\logs\info-2023-04-07.log:test_create_user.py:26 2023-04-07 23:25:21 >>>>>> 开始执行：
INFO    2023-04-07 23:25:21,271G:\auto_api1_framework\logs\info-2023-04-07.log:log_decorator.py:42 
======================================================
用例标题: 创建用户成功（必填参数）
请求路径: http://127.0.0.1:8888/api/private/v1/users
请求方式: POST
请求头:   {'User-Agent': 'python-requests/2.28.2', 'Accept-Encoding': 'gzip, deflate', 'Accept': '*/*', 'Connection': 'keep-alive', 'Content-Type': 'application/json', 'Authorization': 'Bearer eyJhbGciOiJIUzI1NiIsInR5cCI6IkpXVCJ9.eyJ1aWQiOjUwMCwicmlkIjowLCJpYXQiOjE2ODA4ODExMjEsImV4cCI6MTY4MDk2NzUyMX0.93CM9GRD1gql0qtDkeci6G_2MBbcD-aVoGfu5_hP6WU', 'Content-Length': '47'}
请求内容: {'username': 'qhzt567', 'password': 'admin123'}
接口响应内容: {'data': {'id': 609, 'username': 'qhzt567', 'role_id': -1, 'create_time': 1680881121}, 'meta': {'msg': '创建成功', 'status': 201}}
接口响应时长: 63 ms
Http状态码: 200
断言结果: 200
=====================================================
INFO    2023-04-07 23:25:21,272G:\auto_api1_framework\logs\info-2023-04-07.log:test_create_user.py:29 2023-04-07 23:25:21 >>>>>> 执行结束！
INFO    2023-04-07 23:25:21,274G:\auto_api1_framework\logs\info-2023-04-07.log:test_create_user.py:26 2023-04-07 23:25:21 >>>>>> 开始执行：
INFO    2023-04-07 23:25:21,340G:\auto_api1_framework\logs\info-2023-04-07.log:log_decorator.py:42 
======================================================
用例标题: 创建用户成功（必填+选填参数）
请求路径: http://127.0.0.1:8888/api/private/v1/users
请求方式: POST
请求头:   {'User-Agent': 'python-requests/2.28.2', 'Accept-Encoding': 'gzip, deflate', 'Accept': '*/*', 'Connection': 'keep-alive', 'Content-Type': 'application/json', 'Authorization': 'Bearer eyJhbGciOiJIUzI1NiIsInR5cCI6IkpXVCJ9.eyJ1aWQiOjUwMCwicmlkIjowLCJpYXQiOjE2ODA4ODExMjEsImV4cCI6MTY4MDk2NzUyMX0.93CM9GRD1gql0qtDkeci6G_2MBbcD-aVoGfu5_hP6WU', 'Content-Length': '81'}
请求内容: {'username': 'PSFW072', 'password': 'admin123@!', 'email': 'weijing@example.org'}
接口响应内容: {'data': {'id': 610, 'username': 'PSFW072', 'email': 'weijing@example.org', 'role_id': -1, 'create_time': 1680881121}, 'meta': {'msg': '创建成功', 'status': 201}}
接口响应时长: 63 ms
Http状态码: 200
断言结果: 200
=====================================================
INFO    2023-04-07 23:25:21,341G:\auto_api1_framework\logs\info-2023-04-07.log:test_create_user.py:29 2023-04-07 23:25:21 >>>>>> 执行结束！
INFO    2023-04-07 23:25:21,343G:\auto_api1_framework\logs\info-2023-04-07.log:test_create_user.py:26 2023-04-07 23:25:21 >>>>>> 开始执行：
INFO    2023-04-07 23:25:21,409G:\auto_api1_framework\logs\info-2023-04-07.log:log_decorator.py:42 
======================================================
用例标题: 创建用户成功（全部参数）
请求路径: http://127.0.0.1:8888/api/private/v1/users
请求方式: POST
请求头:   {'User-Agent': 'python-requests/2.28.2', 'Accept-Encoding': 'gzip, deflate', 'Accept': '*/*', 'Connection': 'keep-alive', 'Content-Type': 'application/json', 'Authorization': 'Bearer eyJhbGciOiJIUzI1NiIsInR5cCI6IkpXVCJ9.eyJ1aWQiOjUwMCwicmlkIjowLCJpYXQiOjE2ODA4ODExMjEsImV4cCI6MTY4MDk2NzUyMX0.93CM9GRD1gql0qtDkeci6G_2MBbcD-aVoGfu5_hP6WU', 'Content-Length': '106'}
请求内容: {'username': 'sGch170', 'password': '789456abcd', 'email': 'linming@example.org', 'mobile': '13647098821'}
接口响应内容: {'data': {'id': 611, 'username': 'sGch170', 'mobile': '13647098821', 'email': 'linming@example.org', 'role_id': -1, 'create_time': 1680881121}, 'meta': {'msg': '创建成功', 'status': 201}}
接口响应时长: 64 ms
Http状态码: 200
断言结果: 200
=====================================================
INFO    2023-04-07 23:25:21,411G:\auto_api1_framework\logs\info-2023-04-07.log:test_create_user.py:29 2023-04-07 23:25:21 >>>>>> 执行结束！
INFO    2023-04-07 23:25:21,413G:\auto_api1_framework\logs\info-2023-04-07.log:test_create_user.py:26 2023-04-07 23:25:21 >>>>>> 开始执行：
INFO    2023-04-07 23:25:21,418G:\auto_api1_framework\logs\info-2023-04-07.log:log_decorator.py:42 
======================================================
用例标题: 创建已存在用户
请求路径: http://127.0.0.1:8888/api/private/v1/users
请求方式: POST
请求头:   {'User-Agent': 'python-requests/2.28.2', 'Accept-Encoding': 'gzip, deflate', 'Accept': '*/*', 'Connection': 'keep-alive', 'Content-Type': 'application/json', 'Authorization': 'Bearer eyJhbGciOiJIUzI1NiIsInR5cCI6IkpXVCJ9.eyJ1aWQiOjUwMCwicmlkIjowLCJpYXQiOjE2ODA4ODExMjEsImV4cCI6MTY4MDk2NzUyMX0.93CM9GRD1gql0qtDkeci6G_2MBbcD-aVoGfu5_hP6WU', 'Content-Length': '43'}
请求内容: {'username': 'admin', 'password': '123456'}
接口响应内容: {'data': None, 'meta': {'msg': '用户名已存在', 'status': 400}}
接口响应时长: 2 ms
Http状态码: 200
断言结果: 200
=====================================================
INFO    2023-04-07 23:25:21,418G:\auto_api1_framework\logs\info-2023-04-07.log:test_create_user.py:29 2023-04-07 23:25:21 >>>>>> 执行结束！
INFO    2023-04-07 23:25:21,419G:\auto_api1_framework\logs\info-2023-04-07.log:test_create_user.py:26 2023-04-07 23:25:21 >>>>>> 开始执行：
INFO    2023-04-07 23:25:21,423G:\auto_api1_framework\logs\info-2023-04-07.log:log_decorator.py:42 
======================================================
用例标题: 用户名为空
请求路径: http://127.0.0.1:8888/api/private/v1/users
请求方式: POST
请求头:   {'User-Agent': 'python-requests/2.28.2', 'Accept-Encoding': 'gzip, deflate', 'Accept': '*/*', 'Connection': 'keep-alive', 'Content-Type': 'application/json', 'Authorization': 'Bearer eyJhbGciOiJIUzI1NiIsInR5cCI6IkpXVCJ9.eyJ1aWQiOjUwMCwicmlkIjowLCJpYXQiOjE2ODA4ODExMjEsImV4cCI6MTY4MDk2NzUyMX0.93CM9GRD1gql0qtDkeci6G_2MBbcD-aVoGfu5_hP6WU', 'Content-Length': '38'}
请求内容: {'username': '', 'password': '123456'}
接口响应内容: {'data': None, 'meta': {'msg': '用户名不能为空', 'status': 400}}
接口响应时长: 1 ms
Http状态码: 200
断言结果: 200
=====================================================
INFO    2023-04-07 23:25:21,424G:\auto_api1_framework\logs\info-2023-04-07.log:test_create_user.py:29 2023-04-07 23:25:21 >>>>>> 执行结束！
INFO    2023-04-07 23:25:32,374G:\auto_api1_framework\logs\info-2023-04-07.log:test_create_user.py:26 2023-04-07 23:25:32 >>>>>> 开始执行：
INFO    2023-04-07 23:25:32,440G:\auto_api1_framework\logs\info-2023-04-07.log:log_decorator.py:42 
======================================================
用例标题: 创建用户成功（必填参数）
请求路径: http://127.0.0.1:8888/api/private/v1/users
请求方式: POST
请求头:   {'User-Agent': 'python-requests/2.28.2', 'Accept-Encoding': 'gzip, deflate', 'Accept': '*/*', 'Connection': 'keep-alive', 'Content-Type': 'application/json', 'Authorization': 'Bearer eyJhbGciOiJIUzI1NiIsInR5cCI6IkpXVCJ9.eyJ1aWQiOjUwMCwicmlkIjowLCJpYXQiOjE2ODA4ODExMzIsImV4cCI6MTY4MDk2NzUzMn0.aa86chNtXXWqkwFd736n1tj4QXgB0pDPFaPmDg81x5s', 'Content-Length': '47'}
请求内容: {'username': 'FZmk453', 'password': 'admin123'}
接口响应内容: {'data': {'id': 612, 'username': 'FZmk453', 'role_id': -1, 'create_time': 1680881132}, 'meta': {'msg': '创建成功', 'status': 201}}
接口响应时长: 62 ms
Http状态码: 200
断言结果: 200
=====================================================
INFO    2023-04-07 23:25:32,509G:\auto_api1_framework\logs\info-2023-04-07.log:test_create_user.py:29 2023-04-07 23:25:32 >>>>>> 执行结束！
INFO    2023-04-07 23:25:32,512G:\auto_api1_framework\logs\info-2023-04-07.log:test_create_user.py:26 2023-04-07 23:25:32 >>>>>> 开始执行：
INFO    2023-04-07 23:25:32,577G:\auto_api1_framework\logs\info-2023-04-07.log:log_decorator.py:42 
======================================================
用例标题: 创建用户成功（必填+选填参数）
请求路径: http://127.0.0.1:8888/api/private/v1/users
请求方式: POST
请求头:   {'User-Agent': 'python-requests/2.28.2', 'Accept-Encoding': 'gzip, deflate', 'Accept': '*/*', 'Connection': 'keep-alive', 'Content-Type': 'application/json', 'Authorization': 'Bearer eyJhbGciOiJIUzI1NiIsInR5cCI6IkpXVCJ9.eyJ1aWQiOjUwMCwicmlkIjowLCJpYXQiOjE2ODA4ODExMzIsImV4cCI6MTY4MDk2NzUzMn0.aa86chNtXXWqkwFd736n1tj4QXgB0pDPFaPmDg81x5s', 'Content-Length': '82'}
请求内容: {'username': 'tRae728', 'password': 'admin123@!', 'email': 'yangwang@example.net'}
接口响应内容: {'data': {'id': 613, 'username': 'tRae728', 'email': 'yangwang@example.net', 'role_id': -1, 'create_time': 1680881132}, 'meta': {'msg': '创建成功', 'status': 201}}
接口响应时长: 63 ms
Http状态码: 200
断言结果: 200
=====================================================
INFO    2023-04-07 23:25:32,579G:\auto_api1_framework\logs\info-2023-04-07.log:test_create_user.py:29 2023-04-07 23:25:32 >>>>>> 执行结束！
INFO    2023-04-07 23:25:32,580G:\auto_api1_framework\logs\info-2023-04-07.log:test_create_user.py:26 2023-04-07 23:25:32 >>>>>> 开始执行：
INFO    2023-04-07 23:25:32,646G:\auto_api1_framework\logs\info-2023-04-07.log:log_decorator.py:42 
======================================================
用例标题: 创建用户成功（全部参数）
请求路径: http://127.0.0.1:8888/api/private/v1/users
请求方式: POST
请求头:   {'User-Agent': 'python-requests/2.28.2', 'Accept-Encoding': 'gzip, deflate', 'Accept': '*/*', 'Connection': 'keep-alive', 'Content-Type': 'application/json', 'Authorization': 'Bearer eyJhbGciOiJIUzI1NiIsInR5cCI6IkpXVCJ9.eyJ1aWQiOjUwMCwicmlkIjowLCJpYXQiOjE2ODA4ODExMzIsImV4cCI6MTY4MDk2NzUzMn0.aa86chNtXXWqkwFd736n1tj4QXgB0pDPFaPmDg81x5s', 'Content-Length': '104'}
请求内容: {'username': 'oVGL234', 'password': '789456abcd', 'email': 'oliao@example.com', 'mobile': '14746788929'}
接口响应内容: {'data': {'id': 614, 'username': 'oVGL234', 'mobile': '14746788929', 'email': 'oliao@example.com', 'role_id': -1, 'create_time': 1680881132}, 'meta': {'msg': '创建成功', 'status': 201}}
接口响应时长: 64 ms
Http状态码: 200
断言结果: 200
=====================================================
INFO    2023-04-07 23:25:32,648G:\auto_api1_framework\logs\info-2023-04-07.log:test_create_user.py:29 2023-04-07 23:25:32 >>>>>> 执行结束！
INFO    2023-04-07 23:25:32,649G:\auto_api1_framework\logs\info-2023-04-07.log:test_create_user.py:26 2023-04-07 23:25:32 >>>>>> 开始执行：
INFO    2023-04-07 23:25:32,653G:\auto_api1_framework\logs\info-2023-04-07.log:log_decorator.py:42 
======================================================
用例标题: 创建已存在用户
请求路径: http://127.0.0.1:8888/api/private/v1/users
请求方式: POST
请求头:   {'User-Agent': 'python-requests/2.28.2', 'Accept-Encoding': 'gzip, deflate', 'Accept': '*/*', 'Connection': 'keep-alive', 'Content-Type': 'application/json', 'Authorization': 'Bearer eyJhbGciOiJIUzI1NiIsInR5cCI6IkpXVCJ9.eyJ1aWQiOjUwMCwicmlkIjowLCJpYXQiOjE2ODA4ODExMzIsImV4cCI6MTY4MDk2NzUzMn0.aa86chNtXXWqkwFd736n1tj4QXgB0pDPFaPmDg81x5s', 'Content-Length': '43'}
请求内容: {'username': 'admin', 'password': '123456'}
接口响应内容: {'data': None, 'meta': {'msg': '用户名已存在', 'status': 400}}
接口响应时长: 2 ms
Http状态码: 200
断言结果: 200
=====================================================
INFO    2023-04-07 23:25:32,654G:\auto_api1_framework\logs\info-2023-04-07.log:test_create_user.py:29 2023-04-07 23:25:32 >>>>>> 执行结束！
INFO    2023-04-07 23:25:32,655G:\auto_api1_framework\logs\info-2023-04-07.log:test_create_user.py:26 2023-04-07 23:25:32 >>>>>> 开始执行：
INFO    2023-04-07 23:25:32,659G:\auto_api1_framework\logs\info-2023-04-07.log:log_decorator.py:42 
======================================================
用例标题: 用户名为空
请求路径: http://127.0.0.1:8888/api/private/v1/users
请求方式: POST
请求头:   {'User-Agent': 'python-requests/2.28.2', 'Accept-Encoding': 'gzip, deflate', 'Accept': '*/*', 'Connection': 'keep-alive', 'Content-Type': 'application/json', 'Authorization': 'Bearer eyJhbGciOiJIUzI1NiIsInR5cCI6IkpXVCJ9.eyJ1aWQiOjUwMCwicmlkIjowLCJpYXQiOjE2ODA4ODExMzIsImV4cCI6MTY4MDk2NzUzMn0.aa86chNtXXWqkwFd736n1tj4QXgB0pDPFaPmDg81x5s', 'Content-Length': '38'}
请求内容: {'username': '', 'password': '123456'}
接口响应内容: {'data': None, 'meta': {'msg': '用户名不能为空', 'status': 400}}
接口响应时长: 1 ms
Http状态码: 200
断言结果: 200
=====================================================
INFO    2023-04-07 23:25:32,660G:\auto_api1_framework\logs\info-2023-04-07.log:test_create_user.py:29 2023-04-07 23:25:32 >>>>>> 执行结束！
INFO    2023-04-07 23:26:09,194G:\auto_api1_framework\logs\info-2023-04-07.log:test_create_user.py:26 2023-04-07 23:26:09 >>>>>> 开始执行：
INFO    2023-04-07 23:26:09,261G:\auto_api1_framework\logs\info-2023-04-07.log:log_decorator.py:42 
======================================================
用例标题: 创建用户成功（必填参数）
请求路径: http://127.0.0.1:8888/api/private/v1/users
请求方式: POST
请求头:   {'User-Agent': 'python-requests/2.28.2', 'Accept-Encoding': 'gzip, deflate', 'Accept': '*/*', 'Connection': 'keep-alive', 'Content-Type': 'application/json', 'Authorization': 'Bearer eyJhbGciOiJIUzI1NiIsInR5cCI6IkpXVCJ9.eyJ1aWQiOjUwMCwicmlkIjowLCJpYXQiOjE2ODA4ODExNjksImV4cCI6MTY4MDk2NzU2OX0.SMmgS0E1gmB8WH4ewPOEZwWNf2D4GWElN0POcsk1TX4', 'Content-Length': '47'}
请求内容: {'username': 'jyrJ087', 'password': 'admin123'}
接口响应内容: {'data': {'id': 615, 'username': 'jyrJ087', 'role_id': -1, 'create_time': 1680881169}, 'meta': {'msg': '创建成功', 'status': 201}}
接口响应时长: 64 ms
Http状态码: 200
断言结果: 200
=====================================================
INFO    2023-04-07 23:26:09,335G:\auto_api1_framework\logs\info-2023-04-07.log:test_create_user.py:29 2023-04-07 23:26:09 >>>>>> 执行结束！
INFO    2023-04-07 23:26:09,339G:\auto_api1_framework\logs\info-2023-04-07.log:test_create_user.py:26 2023-04-07 23:26:09 >>>>>> 开始执行：
INFO    2023-04-07 23:26:09,404G:\auto_api1_framework\logs\info-2023-04-07.log:log_decorator.py:42 
======================================================
用例标题: 创建用户成功（必填+选填参数）
请求路径: http://127.0.0.1:8888/api/private/v1/users
请求方式: POST
请求头:   {'User-Agent': 'python-requests/2.28.2', 'Accept-Encoding': 'gzip, deflate', 'Accept': '*/*', 'Connection': 'keep-alive', 'Content-Type': 'application/json', 'Authorization': 'Bearer eyJhbGciOiJIUzI1NiIsInR5cCI6IkpXVCJ9.eyJ1aWQiOjUwMCwicmlkIjowLCJpYXQiOjE2ODA4ODExNjksImV4cCI6MTY4MDk2NzU2OX0.SMmgS0E1gmB8WH4ewPOEZwWNf2D4GWElN0POcsk1TX4', 'Content-Length': '81'}
请求内容: {'username': 'yCOu377', 'password': 'admin123@!', 'email': 'tianjie@example.net'}
接口响应内容: {'data': {'id': 616, 'username': 'yCOu377', 'email': 'tianjie@example.net', 'role_id': -1, 'create_time': 1680881169}, 'meta': {'msg': '创建成功', 'status': 201}}
接口响应时长: 64 ms
Http状态码: 200
断言结果: 200
=====================================================
INFO    2023-04-07 23:26:09,406G:\auto_api1_framework\logs\info-2023-04-07.log:test_create_user.py:29 2023-04-07 23:26:09 >>>>>> 执行结束！
INFO    2023-04-07 23:26:09,407G:\auto_api1_framework\logs\info-2023-04-07.log:test_create_user.py:26 2023-04-07 23:26:09 >>>>>> 开始执行：
INFO    2023-04-07 23:26:09,472G:\auto_api1_framework\logs\info-2023-04-07.log:log_decorator.py:42 
======================================================
用例标题: 创建用户成功（全部参数）
请求路径: http://127.0.0.1:8888/api/private/v1/users
请求方式: POST
请求头:   {'User-Agent': 'python-requests/2.28.2', 'Accept-Encoding': 'gzip, deflate', 'Accept': '*/*', 'Connection': 'keep-alive', 'Content-Type': 'application/json', 'Authorization': 'Bearer eyJhbGciOiJIUzI1NiIsInR5cCI6IkpXVCJ9.eyJ1aWQiOjUwMCwicmlkIjowLCJpYXQiOjE2ODA4ODExNjksImV4cCI6MTY4MDk2NzU2OX0.SMmgS0E1gmB8WH4ewPOEZwWNf2D4GWElN0POcsk1TX4', 'Content-Length': '107'}
请求内容: {'username': 'QJsB610', 'password': '789456abcd', 'email': 'zengyang@example.org', 'mobile': '13868773865'}
接口响应内容: {'data': {'id': 617, 'username': 'QJsB610', 'mobile': '13868773865', 'email': 'zengyang@example.org', 'role_id': -1, 'create_time': 1680881169}, 'meta': {'msg': '创建成功', 'status': 201}}
接口响应时长: 62 ms
Http状态码: 200
断言结果: 200
=====================================================
INFO    2023-04-07 23:26:09,473G:\auto_api1_framework\logs\info-2023-04-07.log:test_create_user.py:29 2023-04-07 23:26:09 >>>>>> 执行结束！
INFO    2023-04-07 23:26:09,475G:\auto_api1_framework\logs\info-2023-04-07.log:test_create_user.py:26 2023-04-07 23:26:09 >>>>>> 开始执行：
INFO    2023-04-07 23:26:09,479G:\auto_api1_framework\logs\info-2023-04-07.log:log_decorator.py:42 
======================================================
用例标题: 创建已存在用户
请求路径: http://127.0.0.1:8888/api/private/v1/users
请求方式: POST
请求头:   {'User-Agent': 'python-requests/2.28.2', 'Accept-Encoding': 'gzip, deflate', 'Accept': '*/*', 'Connection': 'keep-alive', 'Content-Type': 'application/json', 'Authorization': 'Bearer eyJhbGciOiJIUzI1NiIsInR5cCI6IkpXVCJ9.eyJ1aWQiOjUwMCwicmlkIjowLCJpYXQiOjE2ODA4ODExNjksImV4cCI6MTY4MDk2NzU2OX0.SMmgS0E1gmB8WH4ewPOEZwWNf2D4GWElN0POcsk1TX4', 'Content-Length': '43'}
请求内容: {'username': 'admin', 'password': '123456'}
接口响应内容: {'data': None, 'meta': {'msg': '用户名已存在', 'status': 400}}
接口响应时长: 2 ms
Http状态码: 200
断言结果: 200
=====================================================
INFO    2023-04-07 23:26:09,481G:\auto_api1_framework\logs\info-2023-04-07.log:test_create_user.py:29 2023-04-07 23:26:09 >>>>>> 执行结束！
INFO    2023-04-07 23:26:09,481G:\auto_api1_framework\logs\info-2023-04-07.log:test_create_user.py:26 2023-04-07 23:26:09 >>>>>> 开始执行：
INFO    2023-04-07 23:26:09,485G:\auto_api1_framework\logs\info-2023-04-07.log:log_decorator.py:42 
======================================================
用例标题: 用户名为空
请求路径: http://127.0.0.1:8888/api/private/v1/users
请求方式: POST
请求头:   {'User-Agent': 'python-requests/2.28.2', 'Accept-Encoding': 'gzip, deflate', 'Accept': '*/*', 'Connection': 'keep-alive', 'Content-Type': 'application/json', 'Authorization': 'Bearer eyJhbGciOiJIUzI1NiIsInR5cCI6IkpXVCJ9.eyJ1aWQiOjUwMCwicmlkIjowLCJpYXQiOjE2ODA4ODExNjksImV4cCI6MTY4MDk2NzU2OX0.SMmgS0E1gmB8WH4ewPOEZwWNf2D4GWElN0POcsk1TX4', 'Content-Length': '38'}
请求内容: {'username': '', 'password': '123456'}
接口响应内容: {'data': None, 'meta': {'msg': '用户名不能为空', 'status': 400}}
接口响应时长: 1 ms
Http状态码: 200
断言结果: 200
=====================================================
INFO    2023-04-07 23:26:09,486G:\auto_api1_framework\logs\info-2023-04-07.log:test_create_user.py:29 2023-04-07 23:26:09 >>>>>> 执行结束！
