INFO    2023-04-09 00:01:18,152G:\auto_api1_framework\logs\info-2023-04-09.log:test_update_user_status.py:26 2023-04-09 00:01:18 >>>>>> 开始执行：
INFO    2023-04-09 00:01:18,410G:\auto_api1_framework\logs\info-2023-04-09.log:test_update_user_status.py:29 2023-04-09 00:01:18 >>>>>> 执行结束！
INFO    2023-04-09 00:01:48,000G:\auto_api1_framework\logs\info-2023-04-09.log:test_update_user_status.py:26 2023-04-09 00:01:47 >>>>>> 开始执行：
INFO    2023-04-09 00:01:48,262G:\auto_api1_framework\logs\info-2023-04-09.log:log_decorator.py:42 
======================================================
用例标题: 创建用户成功（全部参数）
请求路径: http://127.0.0.1:8888/api/private/v1/users
请求方式: POST
请求头:   {'User-Agent': 'python-requests/2.28.2', 'Accept-Encoding': 'gzip, deflate', 'Accept': '*/*', 'Connection': 'keep-alive', 'Content-Type': 'application/json', 'Authorization': 'Bearer eyJhbGciOiJIUzI1NiIsInR5cCI6IkpXVCJ9.eyJ1aWQiOjUwMCwicmlkIjowLCJpYXQiOjE2ODA5Njk3MDcsImV4cCI6MTY4MTA1NjEwN30.gmO0VW82F9b4aleW26suwF-fYNvrSXur3ORKzp0Lolc', 'Content-Length': '103'}
请求内容: {'username': 'XhKHd015', 'password': '@p3^PkID', 'email': 'edeng@hotmail.com', 'mobile': '18996886660'}
接口响应内容: {'data': {'id': 800, 'username': 'XhKHd015', 'mobile': '18996886660', 'email': 'edeng@hotmail.com', 'role_id': -1, 'create_time': 1680969708}, 'meta': {'msg': '创建成功', 'status': 201}}
接口响应时长: 92 ms
Http状态码: 200
断言结果: 200
=====================================================
INFO    2023-04-09 00:01:48,343G:\auto_api1_framework\logs\info-2023-04-09.log:test_update_user_status.py:29 2023-04-09 00:01:47 >>>>>> 执行结束！
INFO    2023-04-09 00:03:20,527G:\auto_api1_framework\logs\info-2023-04-09.log:test_update_user_status.py:26 2023-04-09 00:03:20 >>>>>> 开始执行：
INFO    2023-04-09 00:03:20,770G:\auto_api1_framework\logs\info-2023-04-09.log:test_update_user_status.py:29 2023-04-09 00:03:20 >>>>>> 执行结束！
INFO    2023-04-09 00:03:48,548G:\auto_api1_framework\logs\info-2023-04-09.log:test_update_user_status.py:26 2023-04-09 00:03:48 >>>>>> 开始执行：
INFO    2023-04-09 00:03:48,811G:\auto_api1_framework\logs\info-2023-04-09.log:log_decorator.py:42 
======================================================
用例标题: 创建用户成功（全部参数）
请求路径: http://127.0.0.1:8888/api/private/v1/users
请求方式: POST
请求头:   {'User-Agent': 'python-requests/2.28.2', 'Accept-Encoding': 'gzip, deflate', 'Accept': '*/*', 'Connection': 'keep-alive', 'Content-Type': 'application/json', 'Authorization': 'Bearer eyJhbGciOiJIUzI1NiIsInR5cCI6IkpXVCJ9.eyJ1aWQiOjUwMCwicmlkIjowLCJpYXQiOjE2ODA5Njk4MjgsImV4cCI6MTY4MTA1NjIyOH0.NxZD2-HtsJppxH3L9tbqrFguuF43DcEulVZKhiHuMuQ', 'Content-Length': '104'}
请求内容: {'username': 'mNyvD429', 'password': '+1X5OBgj', 'email': 'xiulan51@yahoo.com', 'mobile': '14521978137'}
接口响应内容: {'data': {'id': 801, 'username': 'mNyvD429', 'mobile': '14521978137', 'email': 'xiulan51@yahoo.com', 'role_id': -1, 'create_time': 1680969828}, 'meta': {'msg': '创建成功', 'status': 201}}
接口响应时长: 87 ms
Http状态码: 200
断言结果: 200
=====================================================
INFO    2023-04-09 00:03:48,887G:\auto_api1_framework\logs\info-2023-04-09.log:test_update_user_status.py:29 2023-04-09 00:03:48 >>>>>> 执行结束！
INFO    2023-04-09 00:06:01,147G:\auto_api1_framework\logs\info-2023-04-09.log:test_update_user_status.py:26 2023-04-09 00:06:01 >>>>>> 开始执行：
INFO    2023-04-09 00:06:01,157G:\auto_api1_framework\logs\info-2023-04-09.log:log_decorator.py:42 
======================================================
用例标题: 修改用户信息
请求路径: http://127.0.0.1:8888/api/private/v1/users/744
请求方式: PUT
请求头:   {'User-Agent': 'python-requests/2.28.2', 'Accept-Encoding': 'gzip, deflate', 'Accept': '*/*', 'Connection': 'keep-alive', 'Authorization': 'Bearer eyJhbGciOiJIUzI1NiIsInR5cCI6IkpXVCJ9.eyJ1aWQiOjUwMCwicmlkIjowLCJpYXQiOjE2ODA5Njk5NjEsImV4cCI6MTY4MTA1NjM2MX0.7yfCYyJrRQWpPGarlzGuVdY0rbxMe-0AXwOvXFXoLro', 'Content-Length': '0'}
请求内容: None
接口响应内容: {'data': {'id': 744, 'username': 'athSp655', 'role_id': -1}, 'meta': {'msg': '更新成功', 'status': 200}}
接口响应时长: 6 ms
Http状态码: 200
断言结果: 200
=====================================================
INFO    2023-04-09 00:06:01,233G:\auto_api1_framework\logs\info-2023-04-09.log:test_update_user_status.py:29 2023-04-09 00:06:01 >>>>>> 执行结束！
INFO    2023-04-09 00:06:20,650G:\auto_api1_framework\logs\info-2023-04-09.log:test_update_user_status.py:26 2023-04-09 00:06:20 >>>>>> 开始执行：
INFO    2023-04-09 00:06:20,658G:\auto_api1_framework\logs\info-2023-04-09.log:log_decorator.py:42 
======================================================
用例标题: 修改用户信息
请求路径: http://127.0.0.1:8888/api/private/v1/users/744
请求方式: PUT
请求头:   {'User-Agent': 'python-requests/2.28.2', 'Accept-Encoding': 'gzip, deflate', 'Accept': '*/*', 'Connection': 'keep-alive', 'Authorization': 'Bearer eyJhbGciOiJIUzI1NiIsInR5cCI6IkpXVCJ9.eyJ1aWQiOjUwMCwicmlkIjowLCJpYXQiOjE2ODA5Njk5ODAsImV4cCI6MTY4MTA1NjM4MH0.OMg7QRMcao5RCX1aZ-qlcdZOZ8ykm7njMmB2dSy8DfU', 'Content-Length': '0'}
请求内容: None
接口响应内容: {'data': {'id': 744, 'username': 'athSp655', 'role_id': -1}, 'meta': {'msg': '更新成功', 'status': 200}}
接口响应时长: 4 ms
Http状态码: 200
断言结果: 200
=====================================================
INFO    2023-04-09 00:06:20,659G:\auto_api1_framework\logs\info-2023-04-09.log:test_update_user_status.py:29 2023-04-09 00:06:20 >>>>>> 执行结束！
INFO    2023-04-09 00:06:45,218G:\auto_api1_framework\logs\info-2023-04-09.log:test_update_user_status.py:26 2023-04-09 00:06:45 >>>>>> 开始执行：
INFO    2023-04-09 00:06:45,225G:\auto_api1_framework\logs\info-2023-04-09.log:log_decorator.py:42 
======================================================
用例标题: 修改用户信息
请求路径: http://127.0.0.1:8888/api/private/v1/users/744
请求方式: PUT
请求头:   {'User-Agent': 'python-requests/2.28.2', 'Accept-Encoding': 'gzip, deflate', 'Accept': '*/*', 'Connection': 'keep-alive', 'Authorization': 'Bearer eyJhbGciOiJIUzI1NiIsInR5cCI6IkpXVCJ9.eyJ1aWQiOjUwMCwicmlkIjowLCJpYXQiOjE2ODA5NzAwMDUsImV4cCI6MTY4MTA1NjQwNX0.xU-EN3t_3lquRfLgNGb794jc-zAyItTtACMMrxE2EdE', 'Content-Length': '0'}
请求内容: None
接口响应内容: {'data': {'id': 744, 'username': 'athSp655', 'role_id': -1}, 'meta': {'msg': '更新成功', 'status': 200}}
接口响应时长: 3 ms
Http状态码: 200
断言结果: 200
=====================================================
INFO    2023-04-09 00:06:45,227G:\auto_api1_framework\logs\info-2023-04-09.log:test_update_user_status.py:29 2023-04-09 00:06:45 >>>>>> 执行结束！
INFO    2023-04-09 00:07:08,429G:\auto_api1_framework\logs\info-2023-04-09.log:test_update_user_status.py:26 2023-04-09 00:07:08 >>>>>> 开始执行：
INFO    2023-04-09 00:07:08,437G:\auto_api1_framework\logs\info-2023-04-09.log:log_decorator.py:42 
======================================================
用例标题: 修改用户信息
请求路径: http://127.0.0.1:8888/api/private/v1/users/744
请求方式: PUT
请求头:   {'User-Agent': 'python-requests/2.28.2', 'Accept-Encoding': 'gzip, deflate', 'Accept': '*/*', 'Connection': 'keep-alive', 'Authorization': 'Bearer eyJhbGciOiJIUzI1NiIsInR5cCI6IkpXVCJ9.eyJ1aWQiOjUwMCwicmlkIjowLCJpYXQiOjE2ODA5NzAwMjgsImV4cCI6MTY4MTA1NjQyOH0.9ZV-LRqLO78qnPzz0wsRcmrXwA75jHZNT0oEW2_uLtA', 'Content-Length': '0'}
请求内容: None
接口响应内容: {'data': {'id': 744, 'username': 'athSp655', 'role_id': -1}, 'meta': {'msg': '更新成功', 'status': 200}}
接口响应时长: 4 ms
Http状态码: 200
断言结果: 200
=====================================================
INFO    2023-04-09 00:07:08,439G:\auto_api1_framework\logs\info-2023-04-09.log:test_update_user_status.py:29 2023-04-09 00:07:08 >>>>>> 执行结束！
INFO    2023-04-09 00:07:33,850G:\auto_api1_framework\logs\info-2023-04-09.log:test_update_user_status.py:26 2023-04-09 00:07:33 >>>>>> 开始执行：
INFO    2023-04-09 00:07:33,855G:\auto_api1_framework\logs\info-2023-04-09.log:log_decorator.py:42 
======================================================
用例标题: 修改用户信息
请求路径: http://127.0.0.1:8888/api/private/v1/users/$url_params%7Bid%7D
请求方式: PUT
请求头:   {'User-Agent': 'python-requests/2.28.2', 'Accept-Encoding': 'gzip, deflate', 'Accept': '*/*', 'Connection': 'keep-alive', 'Authorization': 'Bearer eyJhbGciOiJIUzI1NiIsInR5cCI6IkpXVCJ9.eyJ1aWQiOjUwMCwicmlkIjowLCJpYXQiOjE2ODA5NzAwNTMsImV4cCI6MTY4MTA1NjQ1M30.gSBgd2Nx4p6tASZ4vuTkwXuM9VuJr5WisRm0fUp7Pps', 'Content-Length': '0'}
请求内容: None
接口响应内容: {'data': None, 'meta': {'msg': '用户ID必须是数字', 'status': 400}}
接口响应时长: 1 ms
Http状态码: 200
断言结果: 200
=====================================================
INFO    2023-04-09 00:07:33,933G:\auto_api1_framework\logs\info-2023-04-09.log:test_update_user_status.py:29 2023-04-09 00:07:33 >>>>>> 执行结束！
INFO    2023-04-09 00:08:30,460G:\auto_api1_framework\logs\info-2023-04-09.log:test_update_user_status.py:26 2023-04-09 00:08:30 >>>>>> 开始执行：
INFO    2023-04-09 00:08:30,466G:\auto_api1_framework\logs\info-2023-04-09.log:log_decorator.py:42 
======================================================
用例标题: 修改用户信息
请求路径: http://127.0.0.1:8888/api/private/v1/users/%7Bid%7D
请求方式: PUT
请求头:   {'User-Agent': 'python-requests/2.28.2', 'Accept-Encoding': 'gzip, deflate', 'Accept': '*/*', 'Connection': 'keep-alive', 'Authorization': 'Bearer eyJhbGciOiJIUzI1NiIsInR5cCI6IkpXVCJ9.eyJ1aWQiOjUwMCwicmlkIjowLCJpYXQiOjE2ODA5NzAxMTAsImV4cCI6MTY4MTA1NjUxMH0.cEWuQNZmXCgsF-Z4zOt-T8uIAreFubRXn1ixnjDn328', 'Content-Length': '0'}
请求内容: None
接口响应内容: {'data': None, 'meta': {'msg': '用户ID必须是数字', 'status': 400}}
接口响应时长: 3 ms
Http状态码: 200
断言结果: 200
=====================================================
INFO    2023-04-09 00:08:30,546G:\auto_api1_framework\logs\info-2023-04-09.log:test_update_user_status.py:29 2023-04-09 00:08:30 >>>>>> 执行结束！
INFO    2023-04-09 00:09:02,227G:\auto_api1_framework\logs\info-2023-04-09.log:test_update_user_status.py:26 2023-04-09 00:09:02 >>>>>> 开始执行：
INFO    2023-04-09 00:09:02,234G:\auto_api1_framework\logs\info-2023-04-09.log:log_decorator.py:42 
======================================================
用例标题: 修改用户信息
请求路径: http://127.0.0.1:8888/api/private/v1/users/%7Bid%7D
请求方式: PUT
请求头:   {'User-Agent': 'python-requests/2.28.2', 'Accept-Encoding': 'gzip, deflate', 'Accept': '*/*', 'Connection': 'keep-alive', 'Authorization': 'Bearer eyJhbGciOiJIUzI1NiIsInR5cCI6IkpXVCJ9.eyJ1aWQiOjUwMCwicmlkIjowLCJpYXQiOjE2ODA5NzAxNDIsImV4cCI6MTY4MTA1NjU0Mn0.WRrhbNw0iRJUyVimDAGWB8GNwgOIrRr5WtK_gC1V4qA', 'Content-Length': '0'}
请求内容: None
接口响应内容: {'data': None, 'meta': {'msg': '用户ID必须是数字', 'status': 400}}
接口响应时长: 1 ms
Http状态码: 200
断言结果: 200
=====================================================
INFO    2023-04-09 00:09:02,311G:\auto_api1_framework\logs\info-2023-04-09.log:test_update_user_status.py:29 2023-04-09 00:09:02 >>>>>> 执行结束！
INFO    2023-04-09 00:09:33,157G:\auto_api1_framework\logs\info-2023-04-09.log:test_update_user_status.py:26 2023-04-09 00:09:33 >>>>>> 开始执行：
INFO    2023-04-09 00:09:33,163G:\auto_api1_framework\logs\info-2023-04-09.log:log_decorator.py:42 
======================================================
用例标题: 修改用户信息
请求路径: http://127.0.0.1:8888/api/private/v1/users/%7Bid%7D
请求方式: PUT
请求头:   {'User-Agent': 'python-requests/2.28.2', 'Accept-Encoding': 'gzip, deflate', 'Accept': '*/*', 'Connection': 'keep-alive', 'Authorization': 'Bearer eyJhbGciOiJIUzI1NiIsInR5cCI6IkpXVCJ9.eyJ1aWQiOjUwMCwicmlkIjowLCJpYXQiOjE2ODA5NzAxNzMsImV4cCI6MTY4MTA1NjU3M30.vpwAu34lTq5VTm3ihrxrIYhhZUvGdb1xCRhHNUtnn8E', 'Content-Length': '0'}
请求内容: None
接口响应内容: {'data': None, 'meta': {'msg': '用户ID必须是数字', 'status': 400}}
接口响应时长: 2 ms
Http状态码: 200
断言结果: 200
=====================================================
INFO    2023-04-09 00:09:33,235G:\auto_api1_framework\logs\info-2023-04-09.log:test_update_user_status.py:29 2023-04-09 00:09:33 >>>>>> 执行结束！
INFO    2023-04-09 00:10:09,026G:\auto_api1_framework\logs\info-2023-04-09.log:test_update_user_status.py:26 2023-04-09 00:10:08 >>>>>> 开始执行：
INFO    2023-04-09 00:10:09,031G:\auto_api1_framework\logs\info-2023-04-09.log:log_decorator.py:42 
======================================================
用例标题: 修改用户信息
请求路径: http://127.0.0.1:8888/api/private/v1/users/%7Bid%7D
请求方式: PUT
请求头:   {'User-Agent': 'python-requests/2.28.2', 'Accept-Encoding': 'gzip, deflate', 'Accept': '*/*', 'Connection': 'keep-alive', 'Authorization': 'Bearer eyJhbGciOiJIUzI1NiIsInR5cCI6IkpXVCJ9.eyJ1aWQiOjUwMCwicmlkIjowLCJpYXQiOjE2ODA5NzAyMDksImV4cCI6MTY4MTA1NjYwOX0.a7Dlk5LT_t3S-AqJ4K570iWkOS_KrwZO3IsUGnj4UXk', 'Content-Length': '0'}
请求内容: None
接口响应内容: {'data': None, 'meta': {'msg': '用户ID必须是数字', 'status': 400}}
接口响应时长: 1 ms
Http状态码: 200
断言结果: 200
=====================================================
INFO    2023-04-09 00:10:09,105G:\auto_api1_framework\logs\info-2023-04-09.log:test_update_user_status.py:29 2023-04-09 00:10:08 >>>>>> 执行结束！
INFO    2023-04-09 00:10:58,681G:\auto_api1_framework\logs\info-2023-04-09.log:test_update_user_status.py:26 2023-04-09 00:10:58 >>>>>> 开始执行：
INFO    2023-04-09 00:10:58,689G:\auto_api1_framework\logs\info-2023-04-09.log:log_decorator.py:42 
======================================================
用例标题: 修改用户信息
请求路径: http://127.0.0.1:8888/api/private/v1/users/%7Bid%7D
请求方式: PUT
请求头:   {'User-Agent': 'python-requests/2.28.2', 'Accept-Encoding': 'gzip, deflate', 'Accept': '*/*', 'Connection': 'keep-alive', 'Authorization': 'Bearer eyJhbGciOiJIUzI1NiIsInR5cCI6IkpXVCJ9.eyJ1aWQiOjUwMCwicmlkIjowLCJpYXQiOjE2ODA5NzAyNTgsImV4cCI6MTY4MTA1NjY1OH0.MPLkwpseUQgZv5NUpISUWcMXR8_63RZZ9Dj7B5mDCWI', 'Content-Length': '0'}
请求内容: None
接口响应内容: {'data': None, 'meta': {'msg': '用户ID必须是数字', 'status': 400}}
接口响应时长: 2 ms
Http状态码: 200
断言结果: 200
=====================================================
INFO    2023-04-09 00:10:58,764G:\auto_api1_framework\logs\info-2023-04-09.log:test_update_user_status.py:29 2023-04-09 00:10:58 >>>>>> 执行结束！
INFO    2023-04-09 00:11:24,574G:\auto_api1_framework\logs\info-2023-04-09.log:test_update_user_status.py:26 2023-04-09 00:11:24 >>>>>> 开始执行：
INFO    2023-04-09 00:11:24,580G:\auto_api1_framework\logs\info-2023-04-09.log:log_decorator.py:42 
======================================================
用例标题: 修改用户信息
请求路径: http://127.0.0.1:8888/api/private/v1/users/%7Bid%7D
请求方式: PUT
请求头:   {'User-Agent': 'python-requests/2.28.2', 'Accept-Encoding': 'gzip, deflate', 'Accept': '*/*', 'Connection': 'keep-alive', 'Authorization': 'Bearer eyJhbGciOiJIUzI1NiIsInR5cCI6IkpXVCJ9.eyJ1aWQiOjUwMCwicmlkIjowLCJpYXQiOjE2ODA5NzAyODQsImV4cCI6MTY4MTA1NjY4NH0.C-pdgpQ3XZ1vaAJiBY8wvnrsCJVo1vC65gLQAHsmu1k', 'Content-Length': '0'}
请求内容: None
接口响应内容: {'data': None, 'meta': {'msg': '用户ID必须是数字', 'status': 400}}
接口响应时长: 1 ms
Http状态码: 200
断言结果: 200
=====================================================
INFO    2023-04-09 00:11:24,656G:\auto_api1_framework\logs\info-2023-04-09.log:test_update_user_status.py:29 2023-04-09 00:11:24 >>>>>> 执行结束！
INFO    2023-04-09 00:13:32,269G:\auto_api1_framework\logs\info-2023-04-09.log:test_update_user_status.py:26 2023-04-09 00:13:32 >>>>>> 开始执行：
INFO    2023-04-09 00:13:32,275G:\auto_api1_framework\logs\info-2023-04-09.log:log_decorator.py:42 
======================================================
用例标题: 修改用户信息
请求路径: http://127.0.0.1:8888/api/private/v1/users/%7Bid%7D
请求方式: PUT
请求头:   {'User-Agent': 'python-requests/2.28.2', 'Accept-Encoding': 'gzip, deflate', 'Accept': '*/*', 'Connection': 'keep-alive', 'Authorization': 'Bearer eyJhbGciOiJIUzI1NiIsInR5cCI6IkpXVCJ9.eyJ1aWQiOjUwMCwicmlkIjowLCJpYXQiOjE2ODA5NzA0MTIsImV4cCI6MTY4MTA1NjgxMn0.WsxL9TTphIjRwuzdLUHnFxZgwtW0NUQa4qWmNs-EK34', 'Content-Length': '0'}
请求内容: None
接口响应内容: {'data': None, 'meta': {'msg': '用户ID必须是数字', 'status': 400}}
接口响应时长: 1 ms
Http状态码: 200
断言结果: 200
=====================================================
INFO    2023-04-09 00:13:32,355G:\auto_api1_framework\logs\info-2023-04-09.log:test_update_user_status.py:29 2023-04-09 00:13:32 >>>>>> 执行结束！
INFO    2023-04-09 00:13:48,456G:\auto_api1_framework\logs\info-2023-04-09.log:test_update_user_status.py:26 2023-04-09 00:13:48 >>>>>> 开始执行：
INFO    2023-04-09 00:13:48,462G:\auto_api1_framework\logs\info-2023-04-09.log:log_decorator.py:42 
======================================================
用例标题: 修改用户信息
请求路径: http://127.0.0.1:8888/api/private/v1/users/%7Bid%7D
请求方式: PUT
请求头:   {'User-Agent': 'python-requests/2.28.2', 'Accept-Encoding': 'gzip, deflate', 'Accept': '*/*', 'Connection': 'keep-alive', 'Authorization': 'Bearer eyJhbGciOiJIUzI1NiIsInR5cCI6IkpXVCJ9.eyJ1aWQiOjUwMCwicmlkIjowLCJpYXQiOjE2ODA5NzA0MjgsImV4cCI6MTY4MTA1NjgyOH0.ngZRZ8AKE4B0F2_K9_lrSrzTxvxKL0fAa3HmuTgcJtc', 'Content-Length': '0'}
请求内容: None
接口响应内容: {'data': None, 'meta': {'msg': '用户ID必须是数字', 'status': 400}}
接口响应时长: 1 ms
Http状态码: 200
断言结果: 200
=====================================================
INFO    2023-04-09 00:13:48,538G:\auto_api1_framework\logs\info-2023-04-09.log:test_update_user_status.py:29 2023-04-09 00:13:48 >>>>>> 执行结束！
INFO    2023-04-09 00:14:14,200G:\auto_api1_framework\logs\info-2023-04-09.log:test_update_user_status.py:26 2023-04-09 00:14:14 >>>>>> 开始执行：
INFO    2023-04-09 00:14:14,205G:\auto_api1_framework\logs\info-2023-04-09.log:log_decorator.py:42 
======================================================
用例标题: 修改用户信息
请求路径: http://127.0.0.1:8888/api/private/v1/users/%7Bid%7D
请求方式: PUT
请求头:   {'User-Agent': 'python-requests/2.28.2', 'Accept-Encoding': 'gzip, deflate', 'Accept': '*/*', 'Connection': 'keep-alive', 'Authorization': 'Bearer eyJhbGciOiJIUzI1NiIsInR5cCI6IkpXVCJ9.eyJ1aWQiOjUwMCwicmlkIjowLCJpYXQiOjE2ODA5NzA0NTQsImV4cCI6MTY4MTA1Njg1NH0.HqbAdnI91XFugDf2cyTg3FfIkLBZkkLjdEcC0ngIWeg', 'Content-Length': '0'}
请求内容: None
接口响应内容: {'data': None, 'meta': {'msg': '用户ID必须是数字', 'status': 400}}
接口响应时长: 1 ms
Http状态码: 200
断言结果: 200
=====================================================
INFO    2023-04-09 00:14:14,279G:\auto_api1_framework\logs\info-2023-04-09.log:test_update_user_status.py:29 2023-04-09 00:14:14 >>>>>> 执行结束！
INFO    2023-04-09 00:14:38,108G:\auto_api1_framework\logs\info-2023-04-09.log:test_update_user_status.py:26 2023-04-09 00:14:37 >>>>>> 开始执行：
INFO    2023-04-09 00:14:38,116G:\auto_api1_framework\logs\info-2023-04-09.log:log_decorator.py:42 
======================================================
用例标题: 修改用户信息
请求路径: http://127.0.0.1:8888/api/private/v1/users/%7Bid%7D
请求方式: PUT
请求头:   {'User-Agent': 'python-requests/2.28.2', 'Accept-Encoding': 'gzip, deflate', 'Accept': '*/*', 'Connection': 'keep-alive', 'Authorization': 'Bearer eyJhbGciOiJIUzI1NiIsInR5cCI6IkpXVCJ9.eyJ1aWQiOjUwMCwicmlkIjowLCJpYXQiOjE2ODA5NzA0NzgsImV4cCI6MTY4MTA1Njg3OH0.h2QKn-0yr2qSY5EhH2pjknqeRVahk5SkWGfKjjgDw6c', 'Content-Length': '0'}
请求内容: None
接口响应内容: {'data': None, 'meta': {'msg': '用户ID必须是数字', 'status': 400}}
接口响应时长: 1 ms
Http状态码: 200
断言结果: 200
=====================================================
INFO    2023-04-09 00:14:38,197G:\auto_api1_framework\logs\info-2023-04-09.log:test_update_user_status.py:29 2023-04-09 00:14:37 >>>>>> 执行结束！
INFO    2023-04-09 00:14:41,153G:\auto_api1_framework\logs\info-2023-04-09.log:test_update_user_status.py:26 2023-04-09 00:14:41 >>>>>> 开始执行：
INFO    2023-04-09 00:14:41,158G:\auto_api1_framework\logs\info-2023-04-09.log:log_decorator.py:42 
======================================================
用例标题: 修改用户信息
请求路径: http://127.0.0.1:8888/api/private/v1/users/%7Bid%7D
请求方式: PUT
请求头:   {'User-Agent': 'python-requests/2.28.2', 'Accept-Encoding': 'gzip, deflate', 'Accept': '*/*', 'Connection': 'keep-alive', 'Authorization': 'Bearer eyJhbGciOiJIUzI1NiIsInR5cCI6IkpXVCJ9.eyJ1aWQiOjUwMCwicmlkIjowLCJpYXQiOjE2ODA5NzA0ODEsImV4cCI6MTY4MTA1Njg4MX0.PEyk0r8wkEkyv2ALjvHw_XiMjROjctKpr_xhNgZKxV0', 'Content-Length': '0'}
请求内容: None
接口响应内容: {'data': None, 'meta': {'msg': '用户ID必须是数字', 'status': 400}}
接口响应时长: 1 ms
Http状态码: 200
断言结果: 200
=====================================================
INFO    2023-04-09 00:14:41,229G:\auto_api1_framework\logs\info-2023-04-09.log:test_update_user_status.py:29 2023-04-09 00:14:41 >>>>>> 执行结束！
INFO    2023-04-09 00:14:43,829G:\auto_api1_framework\logs\info-2023-04-09.log:test_update_user_status.py:26 2023-04-09 00:14:43 >>>>>> 开始执行：
INFO    2023-04-09 00:14:43,834G:\auto_api1_framework\logs\info-2023-04-09.log:log_decorator.py:42 
======================================================
用例标题: 修改用户信息
请求路径: http://127.0.0.1:8888/api/private/v1/users/%7Bid%7D
请求方式: PUT
请求头:   {'User-Agent': 'python-requests/2.28.2', 'Accept-Encoding': 'gzip, deflate', 'Accept': '*/*', 'Connection': 'keep-alive', 'Authorization': 'Bearer eyJhbGciOiJIUzI1NiIsInR5cCI6IkpXVCJ9.eyJ1aWQiOjUwMCwicmlkIjowLCJpYXQiOjE2ODA5NzA0ODMsImV4cCI6MTY4MTA1Njg4M30.uIn5VmPHtFm4drEZoHH9uwiAIuEr4aDkws3aEx-BZsI', 'Content-Length': '0'}
请求内容: None
接口响应内容: {'data': None, 'meta': {'msg': '用户ID必须是数字', 'status': 400}}
接口响应时长: 2 ms
Http状态码: 200
断言结果: 200
=====================================================
INFO    2023-04-09 00:14:43,905G:\auto_api1_framework\logs\info-2023-04-09.log:test_update_user_status.py:29 2023-04-09 00:14:43 >>>>>> 执行结束！
INFO    2023-04-09 00:15:36,883G:\auto_api1_framework\logs\info-2023-04-09.log:test_update_user_status.py:26 2023-04-09 00:15:36 >>>>>> 开始执行：
INFO    2023-04-09 00:15:37,128G:\auto_api1_framework\logs\info-2023-04-09.log:log_decorator.py:42 
======================================================
用例标题: 创建用户成功（全部参数）
请求路径: http://127.0.0.1:8888/api/private/v1/users
请求方式: POST
请求头:   {'User-Agent': 'python-requests/2.28.2', 'Accept-Encoding': 'gzip, deflate', 'Accept': '*/*', 'Connection': 'keep-alive', 'Content-Type': 'application/json', 'Authorization': 'Bearer eyJhbGciOiJIUzI1NiIsInR5cCI6IkpXVCJ9.eyJ1aWQiOjUwMCwicmlkIjowLCJpYXQiOjE2ODA5NzA1MzYsImV4cCI6MTY4MTA1NjkzNn0.XARxnNnIhLgv7EAl34A29X5PSHrhqoeV2dJUEYyWRWQ', 'Content-Length': '107'}
请求内容: {'username': 'zUdWr915', 'password': 'ANZ*&6Wf', 'email': 'fanghuang@hotmail.com', 'mobile': '15213991572'}
接口响应内容: {'data': {'id': 802, 'username': 'zUdWr915', 'mobile': '15213991572', 'email': 'fanghuang@hotmail.com', 'role_id': -1, 'create_time': 1680970537}, 'meta': {'msg': '创建成功', 'status': 201}}
接口响应时长: 80 ms
Http状态码: 200
断言结果: 200
=====================================================
INFO    2023-04-09 00:15:37,211G:\auto_api1_framework\logs\info-2023-04-09.log:test_update_user_status.py:29 2023-04-09 00:15:36 >>>>>> 执行结束！
INFO    2023-04-09 00:16:27,258G:\auto_api1_framework\logs\info-2023-04-09.log:test_update_user_status.py:26 2023-04-09 00:16:27 >>>>>> 开始执行：
INFO    2023-04-09 00:16:27,506G:\auto_api1_framework\logs\info-2023-04-09.log:log_decorator.py:42 
======================================================
用例标题: 创建用户成功（全部参数）
请求路径: http://127.0.0.1:8888/api/private/v1/users
请求方式: POST
请求头:   {'User-Agent': 'python-requests/2.28.2', 'Accept-Encoding': 'gzip, deflate', 'Accept': '*/*', 'Connection': 'keep-alive', 'Content-Type': 'application/json', 'Authorization': 'Bearer eyJhbGciOiJIUzI1NiIsInR5cCI6IkpXVCJ9.eyJ1aWQiOjUwMCwicmlkIjowLCJpYXQiOjE2ODA5NzA1ODcsImV4cCI6MTY4MTA1Njk4N30.KXae6xR79A13rOpPZ_BKVEKMfHOqVv2CGeFDAQvnxkQ', 'Content-Length': '105'}
请求内容: {'username': 'kqkfa563', 'password': '*!#5OvvL', 'email': 'gangzheng@yahoo.com', 'mobile': '13290755278'}
接口响应内容: {'data': {'id': 803, 'username': 'kqkfa563', 'mobile': '13290755278', 'email': 'gangzheng@yahoo.com', 'role_id': -1, 'create_time': 1680970587}, 'meta': {'msg': '创建成功', 'status': 201}}
接口响应时长: 82 ms
Http状态码: 200
断言结果: 200
=====================================================
INFO    2023-04-09 00:16:27,580G:\auto_api1_framework\logs\info-2023-04-09.log:test_update_user_status.py:29 2023-04-09 00:16:27 >>>>>> 执行结束！
INFO    2023-04-09 00:17:36,940G:\auto_api1_framework\logs\info-2023-04-09.log:test_update_user_status.py:26 2023-04-09 00:17:36 >>>>>> 开始执行：
INFO    2023-04-09 00:17:37,189G:\auto_api1_framework\logs\info-2023-04-09.log:log_decorator.py:42 
======================================================
用例标题: 创建用户成功（全部参数）
请求路径: http://127.0.0.1:8888/api/private/v1/users
请求方式: POST
请求头:   {'User-Agent': 'python-requests/2.28.2', 'Accept-Encoding': 'gzip, deflate', 'Accept': '*/*', 'Connection': 'keep-alive', 'Content-Type': 'application/json', 'Authorization': 'Bearer eyJhbGciOiJIUzI1NiIsInR5cCI6IkpXVCJ9.eyJ1aWQiOjUwMCwicmlkIjowLCJpYXQiOjE2ODA5NzA2NTYsImV4cCI6MTY4MTA1NzA1Nn0.2DZ5TGb5LauKtuMCxB8hZ2JzINAGrikwZjJlGcjf6Rk', 'Content-Length': '104'}
请求内容: {'username': 'VcTFS453', 'password': '*T2#6KUs', 'email': 'taozhang@yahoo.com', 'mobile': '13916269355'}
接口响应内容: {'data': {'id': 804, 'username': 'VcTFS453', 'mobile': '13916269355', 'email': 'taozhang@yahoo.com', 'role_id': -1, 'create_time': 1680970657}, 'meta': {'msg': '创建成功', 'status': 201}}
接口响应时长: 82 ms
Http状态码: 200
断言结果: 200
=====================================================
INFO    2023-04-09 00:17:37,262G:\auto_api1_framework\logs\info-2023-04-09.log:test_update_user_status.py:29 2023-04-09 00:17:36 >>>>>> 执行结束！
INFO    2023-04-09 00:18:49,970G:\auto_api1_framework\logs\info-2023-04-09.log:test_update_user_status.py:26 2023-04-09 00:18:49 >>>>>> 开始执行：
INFO    2023-04-09 00:18:50,223G:\auto_api1_framework\logs\info-2023-04-09.log:log_decorator.py:42 
======================================================
用例标题: 创建用户成功（全部参数）
请求路径: http://127.0.0.1:8888/api/private/v1/users
请求方式: POST
请求头:   {'User-Agent': 'python-requests/2.28.2', 'Accept-Encoding': 'gzip, deflate', 'Accept': '*/*', 'Connection': 'keep-alive', 'Content-Type': 'application/json', 'Authorization': 'Bearer eyJhbGciOiJIUzI1NiIsInR5cCI6IkpXVCJ9.eyJ1aWQiOjUwMCwicmlkIjowLCJpYXQiOjE2ODA5NzA3MjksImV4cCI6MTY4MTA1NzEyOX0.RZISsjYRdubW7ZNZf_-0wvtzRc4nXQJm5Gi4LUAuGUE', 'Content-Length': '106'}
请求内容: {'username': 'wkTLI868', 'password': 'vmRq)7Ii', 'email': 'pingliao@hotmail.com', 'mobile': '15144895090'}
接口响应内容: {'data': {'id': 805, 'username': 'wkTLI868', 'mobile': '15144895090', 'email': 'pingliao@hotmail.com', 'role_id': -1, 'create_time': 1680970730}, 'meta': {'msg': '创建成功', 'status': 201}}
接口响应时长: 83 ms
Http状态码: 200
断言结果: 200
=====================================================
INFO    2023-04-09 00:18:50,310G:\auto_api1_framework\logs\info-2023-04-09.log:test_update_user_status.py:29 2023-04-09 00:18:49 >>>>>> 执行结束！
INFO    2023-04-09 00:19:05,144G:\auto_api1_framework\logs\info-2023-04-09.log:test_update_user_status.py:26 2023-04-09 00:19:05 >>>>>> 开始执行：
INFO    2023-04-09 00:19:05,405G:\auto_api1_framework\logs\info-2023-04-09.log:log_decorator.py:42 
======================================================
用例标题: 创建用户成功（全部参数）
请求路径: http://127.0.0.1:8888/api/private/v1/users
请求方式: POST
请求头:   {'User-Agent': 'python-requests/2.28.2', 'Accept-Encoding': 'gzip, deflate', 'Accept': '*/*', 'Connection': 'keep-alive', 'Content-Type': 'application/json', 'Authorization': 'Bearer eyJhbGciOiJIUzI1NiIsInR5cCI6IkpXVCJ9.eyJ1aWQiOjUwMCwicmlkIjowLCJpYXQiOjE2ODA5NzA3NDUsImV4cCI6MTY4MTA1NzE0NX0.pd5c-Q170Df_QQ4Q9lcIVvgCWWWN4Ye412nbF4IUmaY', 'Content-Length': '100'}
请求内容: {'username': 'sJqJV505', 'password': ')6WtXsRy', 'email': 'thou@yahoo.com', 'mobile': '18549842310'}
接口响应内容: {'data': {'id': 806, 'username': 'sJqJV505', 'mobile': '18549842310', 'email': 'thou@yahoo.com', 'role_id': -1, 'create_time': 1680970745}, 'meta': {'msg': '创建成功', 'status': 201}}
接口响应时长: 89 ms
Http状态码: 200
断言结果: 200
=====================================================
INFO    2023-04-09 00:19:05,489G:\auto_api1_framework\logs\info-2023-04-09.log:test_update_user_status.py:29 2023-04-09 00:19:05 >>>>>> 执行结束！
INFO    2023-04-09 00:20:52,011G:\auto_api1_framework\logs\info-2023-04-09.log:test_update_user_status.py:26 2023-04-09 00:20:51 >>>>>> 开始执行：
INFO    2023-04-09 00:20:52,257G:\auto_api1_framework\logs\info-2023-04-09.log:log_decorator.py:42 
======================================================
用例标题: 创建用户成功（全部参数）
请求路径: http://127.0.0.1:8888/api/private/v1/users
请求方式: POST
请求头:   {'User-Agent': 'python-requests/2.28.2', 'Accept-Encoding': 'gzip, deflate', 'Accept': '*/*', 'Connection': 'keep-alive', 'Content-Type': 'application/json', 'Authorization': 'Bearer eyJhbGciOiJIUzI1NiIsInR5cCI6IkpXVCJ9.eyJ1aWQiOjUwMCwicmlkIjowLCJpYXQiOjE2ODA5NzA4NTIsImV4cCI6MTY4MTA1NzI1Mn0.KazvXmycc6xzJ8FjC-ChzUKdYzwRckB_gCPckL4i54Q', 'Content-Length': '102'}
请求内容: {'username': 'fnCLF465', 'password': '(&K3Kd23', 'email': 'jing05@yahoo.com', 'mobile': '13723781099'}
接口响应内容: {'data': {'id': 807, 'username': 'fnCLF465', 'mobile': '13723781099', 'email': 'jing05@yahoo.com', 'role_id': -1, 'create_time': 1680970852}, 'meta': {'msg': '创建成功', 'status': 201}}
接口响应时长: 82 ms
Http状态码: 200
断言结果: 200
=====================================================
INFO    2023-04-09 00:20:52,336G:\auto_api1_framework\logs\info-2023-04-09.log:test_update_user_status.py:29 2023-04-09 00:20:51 >>>>>> 执行结束！
INFO    2023-04-09 00:21:19,880G:\auto_api1_framework\logs\info-2023-04-09.log:test_update_user_status.py:26 2023-04-09 00:21:19 >>>>>> 开始执行：
INFO    2023-04-09 00:21:20,129G:\auto_api1_framework\logs\info-2023-04-09.log:log_decorator.py:42 
======================================================
用例标题: 创建用户成功（全部参数）
请求路径: http://127.0.0.1:8888/api/private/v1/users
请求方式: POST
请求头:   {'User-Agent': 'python-requests/2.28.2', 'Accept-Encoding': 'gzip, deflate', 'Accept': '*/*', 'Connection': 'keep-alive', 'Content-Type': 'application/json', 'Authorization': 'Bearer eyJhbGciOiJIUzI1NiIsInR5cCI6IkpXVCJ9.eyJ1aWQiOjUwMCwicmlkIjowLCJpYXQiOjE2ODA5NzA4NzksImV4cCI6MTY4MTA1NzI3OX0.BFZaluPhcIsW4BmZrYyQJqi-7YRQiPeG3vmNKHxi6CQ', 'Content-Length': '101'}
请求内容: {'username': 'YzKMH363', 'password': '0S_2%EJm', 'email': 'lipan@yahoo.com', 'mobile': '15618236002'}
接口响应内容: {'data': {'id': 808, 'username': 'YzKMH363', 'mobile': '15618236002', 'email': 'lipan@yahoo.com', 'role_id': -1, 'create_time': 1680970880}, 'meta': {'msg': '创建成功', 'status': 201}}
接口响应时长: 83 ms
Http状态码: 200
断言结果: 200
=====================================================
INFO    2023-04-09 00:21:20,213G:\auto_api1_framework\logs\info-2023-04-09.log:test_update_user_status.py:29 2023-04-09 00:21:19 >>>>>> 执行结束！
INFO    2023-04-09 00:24:19,104G:\auto_api1_framework\logs\info-2023-04-09.log:test_update_user_status.py:26 2023-04-09 00:24:18 >>>>>> 开始执行：
INFO    2023-04-09 00:24:19,337G:\auto_api1_framework\logs\info-2023-04-09.log:log_decorator.py:42 
======================================================
用例标题: 创建用户成功（全部参数）
请求路径: http://127.0.0.1:8888/api/private/v1/users
请求方式: POST
请求头:   {'User-Agent': 'python-requests/2.28.2', 'Accept-Encoding': 'gzip, deflate', 'Accept': '*/*', 'Connection': 'keep-alive', 'Content-Type': 'application/json', 'Authorization': 'Bearer eyJhbGciOiJIUzI1NiIsInR5cCI6IkpXVCJ9.eyJ1aWQiOjUwMCwicmlkIjowLCJpYXQiOjE2ODA5NzEwNTksImV4cCI6MTY4MTA1NzQ1OX0.Fq2_xtVJpjDp_LwLvan_GDpWMQ_UHEHebC81CXfS2S8', 'Content-Length': '103'}
请求内容: {'username': 'RaVan625', 'password': '(3gS4eRm', 'email': 'xqian@hotmail.com', 'mobile': '15845563340'}
接口响应内容: {'data': {'id': 809, 'username': 'RaVan625', 'mobile': '15845563340', 'email': 'xqian@hotmail.com', 'role_id': -1, 'create_time': 1680971059}, 'meta': {'msg': '创建成功', 'status': 201}}
接口响应时长: 68 ms
Http状态码: 200
断言结果: 200
=====================================================
INFO    2023-04-09 00:24:19,418G:\auto_api1_framework\logs\info-2023-04-09.log:test_update_user_status.py:29 2023-04-09 00:24:18 >>>>>> 执行结束！
INFO    2023-04-09 00:24:59,154G:\auto_api1_framework\logs\info-2023-04-09.log:test_update_user_status.py:26 2023-04-09 00:24:59 >>>>>> 开始执行：
INFO    2023-04-09 00:24:59,406G:\auto_api1_framework\logs\info-2023-04-09.log:test_update_user_status.py:29 2023-04-09 00:24:59 >>>>>> 执行结束！
INFO    2023-04-09 00:25:16,923G:\auto_api1_framework\logs\info-2023-04-09.log:test_update_user_status.py:26 2023-04-09 00:25:16 >>>>>> 开始执行：
INFO    2023-04-09 00:25:17,169G:\auto_api1_framework\logs\info-2023-04-09.log:log_decorator.py:42 
======================================================
用例标题: 创建用户成功（全部参数）
请求路径: http://127.0.0.1:8888/api/private/v1/users
请求方式: POST
请求头:   {'User-Agent': 'python-requests/2.28.2', 'Accept-Encoding': 'gzip, deflate', 'Accept': '*/*', 'Connection': 'keep-alive', 'Content-Type': 'application/json', 'Authorization': 'Bearer eyJhbGciOiJIUzI1NiIsInR5cCI6IkpXVCJ9.eyJ1aWQiOjUwMCwicmlkIjowLCJpYXQiOjE2ODA5NzExMTYsImV4cCI6MTY4MTA1NzUxNn0.Xh3GTXkamzbP98rAtGoCwyFG5Qx2X_dg8m89kCazujE', 'Content-Length': '106'}
请求内容: {'username': 'nfUlQ922', 'password': '%1ID_epc', 'email': 'weiqiang@hotmail.com', 'mobile': '15827857926'}
接口响应内容: {'data': {'id': 810, 'username': 'nfUlQ922', 'mobile': '15827857926', 'email': 'weiqiang@hotmail.com', 'role_id': -1, 'create_time': 1680971117}, 'meta': {'msg': '创建成功', 'status': 201}}
接口响应时长: 76 ms
Http状态码: 200
断言结果: 200
=====================================================
INFO    2023-04-09 00:25:17,252G:\auto_api1_framework\logs\info-2023-04-09.log:test_update_user_status.py:29 2023-04-09 00:25:16 >>>>>> 执行结束！
INFO    2023-04-09 00:29:40,168G:\auto_api1_framework\logs\info-2023-04-09.log:test_update_user_status.py:26 2023-04-09 00:29:40 >>>>>> 开始执行：
INFO    2023-04-09 00:29:40,406G:\auto_api1_framework\logs\info-2023-04-09.log:log_decorator.py:42 
======================================================
用例标题: 创建用户成功（全部参数）
请求路径: http://127.0.0.1:8888/api/private/v1/users
请求方式: POST
请求头:   {'User-Agent': 'python-requests/2.28.2', 'Accept-Encoding': 'gzip, deflate', 'Accept': '*/*', 'Connection': 'keep-alive', 'Content-Type': 'application/json', 'Authorization': 'Bearer eyJhbGciOiJIUzI1NiIsInR5cCI6IkpXVCJ9.eyJ1aWQiOjUwMCwicmlkIjowLCJpYXQiOjE2ODA5NzEzODAsImV4cCI6MTY4MTA1Nzc4MH0.xXk4Krk2lLiQrMPKFQlYAJ13A5nqrlPdiA9PjPKSySc', 'Content-Length': '100'}
请求内容: {'username': 'FJWQS902', 'password': '&InX)5Rc', 'email': 'na76@yahoo.com', 'mobile': '15744946286'}
接口响应内容: {'data': {'id': 811, 'username': 'FJWQS902', 'mobile': '15744946286', 'email': 'na76@yahoo.com', 'role_id': -1, 'create_time': 1680971380}, 'meta': {'msg': '创建成功', 'status': 201}}
接口响应时长: 76 ms
Http状态码: 200
断言结果: 200
=====================================================
INFO    2023-04-09 00:29:40,485G:\auto_api1_framework\logs\info-2023-04-09.log:test_update_user_status.py:29 2023-04-09 00:29:40 >>>>>> 执行结束！
INFO    2023-04-09 00:31:56,403G:\auto_api1_framework\logs\info-2023-04-09.log:test_update_user_status.py:26 2023-04-09 00:31:56 >>>>>> 开始执行：
INFO    2023-04-09 00:31:56,653G:\auto_api1_framework\logs\info-2023-04-09.log:log_decorator.py:42 
======================================================
用例标题: 创建用户成功（全部参数）
请求路径: http://127.0.0.1:8888/api/private/v1/users
请求方式: POST
请求头:   {'User-Agent': 'python-requests/2.28.2', 'Accept-Encoding': 'gzip, deflate', 'Accept': '*/*', 'Connection': 'keep-alive', 'Content-Type': 'application/json', 'Authorization': 'Bearer eyJhbGciOiJIUzI1NiIsInR5cCI6IkpXVCJ9.eyJ1aWQiOjUwMCwicmlkIjowLCJpYXQiOjE2ODA5NzE1MTYsImV4cCI6MTY4MTA1NzkxNn0.-MQrwPMn9in0bw3ER_1uiYEDXu-uXgc0U3FLkiXYaOU', 'Content-Length': '103'}
请求内容: {'username': 'zbwqX001', 'password': '#^2xpEun', 'email': 'guojuan@gmail.com', 'mobile': '13691560880'}
接口响应内容: {'data': {'id': 812, 'username': 'zbwqX001', 'mobile': '13691560880', 'email': 'guojuan@gmail.com', 'role_id': -1, 'create_time': 1680971516}, 'meta': {'msg': '创建成功', 'status': 201}}
接口响应时长: 83 ms
Http状态码: 200
断言结果: 200
=====================================================
INFO    2023-04-09 00:31:56,732G:\auto_api1_framework\logs\info-2023-04-09.log:test_update_user_status.py:29 2023-04-09 00:31:56 >>>>>> 执行结束！
INFO    2023-04-09 00:33:17,354G:\auto_api1_framework\logs\info-2023-04-09.log:test_update_user_status.py:26 2023-04-09 00:33:17 >>>>>> 开始执行：
INFO    2023-04-09 00:33:17,593G:\auto_api1_framework\logs\info-2023-04-09.log:log_decorator.py:42 
======================================================
用例标题: 创建用户成功（全部参数）
请求路径: http://127.0.0.1:8888/api/private/v1/users
请求方式: POST
请求头:   {'User-Agent': 'python-requests/2.28.2', 'Accept-Encoding': 'gzip, deflate', 'Accept': '*/*', 'Connection': 'keep-alive', 'Content-Type': 'application/json', 'Authorization': 'Bearer eyJhbGciOiJIUzI1NiIsInR5cCI6IkpXVCJ9.eyJ1aWQiOjUwMCwicmlkIjowLCJpYXQiOjE2ODA5NzE1OTcsImV4cCI6MTY4MTA1Nzk5N30.MkfVo0ZSWh204ZAZzzTW8ldGTp2aqsxDNTpJYTomejg', 'Content-Length': '104'}
请求内容: {'username': 'lwncn803', 'password': '!7WebZ4b', 'email': 'xiulan10@gmail.com', 'mobile': '14521923342'}
接口响应内容: {'data': {'id': 813, 'username': 'lwncn803', 'mobile': '14521923342', 'email': 'xiulan10@gmail.com', 'role_id': -1, 'create_time': 1680971597}, 'meta': {'msg': '创建成功', 'status': 201}}
接口响应时长: 75 ms
Http状态码: 200
断言结果: 200
=====================================================
INFO    2023-04-09 00:33:17,674G:\auto_api1_framework\logs\info-2023-04-09.log:test_update_user_status.py:29 2023-04-09 00:33:17 >>>>>> 执行结束！
INFO    2023-04-09 00:35:54,094G:\auto_api1_framework\logs\info-2023-04-09.log:test_update_user_status.py:26 2023-04-09 00:35:53 >>>>>> 开始执行：
INFO    2023-04-09 00:35:54,355G:\auto_api1_framework\logs\info-2023-04-09.log:log_decorator.py:42 
======================================================
用例标题: 创建用户成功（全部参数）
请求路径: http://127.0.0.1:8888/api/private/v1/users
请求方式: POST
请求头:   {'User-Agent': 'python-requests/2.28.2', 'Accept-Encoding': 'gzip, deflate', 'Accept': '*/*', 'Connection': 'keep-alive', 'Content-Type': 'application/json', 'Authorization': 'Bearer eyJhbGciOiJIUzI1NiIsInR5cCI6IkpXVCJ9.eyJ1aWQiOjUwMCwicmlkIjowLCJpYXQiOjE2ODA5NzE3NTQsImV4cCI6MTY4MTA1ODE1NH0.VnetXuDmyRKnk7f-ulCH24eC5i3Q0iw6HYZVezTvbS8', 'Content-Length': '105'}
请求内容: {'username': 'BycDm197', 'password': '^_pk77La', 'email': 'jingtao@hotmail.com', 'mobile': '15599870132'}
接口响应内容: {'data': {'id': 814, 'username': 'BycDm197', 'mobile': '15599870132', 'email': 'jingtao@hotmail.com', 'role_id': -1, 'create_time': 1680971754}, 'meta': {'msg': '创建成功', 'status': 201}}
接口响应时长: 87 ms
Http状态码: 200
断言结果: 200
=====================================================
INFO    2023-04-09 00:35:54,436G:\auto_api1_framework\logs\info-2023-04-09.log:test_update_user_status.py:29 2023-04-09 00:35:53 >>>>>> 执行结束！
INFO    2023-04-09 00:36:02,868G:\auto_api1_framework\logs\info-2023-04-09.log:test_update_user_status.py:26 2023-04-09 00:36:02 >>>>>> 开始执行：
INFO    2023-04-09 00:36:03,121G:\auto_api1_framework\logs\info-2023-04-09.log:log_decorator.py:42 
======================================================
用例标题: 创建用户成功（全部参数）
请求路径: http://127.0.0.1:8888/api/private/v1/users
请求方式: POST
请求头:   {'User-Agent': 'python-requests/2.28.2', 'Accept-Encoding': 'gzip, deflate', 'Accept': '*/*', 'Connection': 'keep-alive', 'Content-Type': 'application/json', 'Authorization': 'Bearer eyJhbGciOiJIUzI1NiIsInR5cCI6IkpXVCJ9.eyJ1aWQiOjUwMCwicmlkIjowLCJpYXQiOjE2ODA5NzE3NjIsImV4cCI6MTY4MTA1ODE2Mn0.OmK4rXdqTt-LqF9LMswyBEQbXaLT6Y6d5j5xtfrPA80', 'Content-Length': '101'}
请求内容: {'username': 'YNIry118', 'password': '%i1fbgKg', 'email': 'umeng@yahoo.com', 'mobile': '14565365043'}
接口响应内容: {'data': {'id': 815, 'username': 'YNIry118', 'mobile': '14565365043', 'email': 'umeng@yahoo.com', 'role_id': -1, 'create_time': 1680971763}, 'meta': {'msg': '创建成功', 'status': 201}}
接口响应时长: 82 ms
Http状态码: 200
断言结果: 200
=====================================================
INFO    2023-04-09 00:36:03,198G:\auto_api1_framework\logs\info-2023-04-09.log:test_update_user_status.py:29 2023-04-09 00:36:02 >>>>>> 执行结束！
INFO    2023-04-09 00:36:26,704G:\auto_api1_framework\logs\info-2023-04-09.log:test_update_user_status.py:26 2023-04-09 00:36:26 >>>>>> 开始执行：
INFO    2023-04-09 00:36:26,943G:\auto_api1_framework\logs\info-2023-04-09.log:log_decorator.py:42 
======================================================
用例标题: 创建用户成功（全部参数）
请求路径: http://127.0.0.1:8888/api/private/v1/users
请求方式: POST
请求头:   {'User-Agent': 'python-requests/2.28.2', 'Accept-Encoding': 'gzip, deflate', 'Accept': '*/*', 'Connection': 'keep-alive', 'Content-Type': 'application/json', 'Authorization': 'Bearer eyJhbGciOiJIUzI1NiIsInR5cCI6IkpXVCJ9.eyJ1aWQiOjUwMCwicmlkIjowLCJpYXQiOjE2ODA5NzE3ODYsImV4cCI6MTY4MTA1ODE4Nn0.ZfSPfELdXlFoA-JnfSDteQqkuLovEpAEw_gPpcOn3YM', 'Content-Length': '104'}
请求内容: {'username': 'BirLO575', 'password': '#%9qtvRc', 'email': 'mingzeng@yahoo.com', 'mobile': '13614879223'}
接口响应内容: {'data': {'id': 816, 'username': 'BirLO575', 'mobile': '13614879223', 'email': 'mingzeng@yahoo.com', 'role_id': -1, 'create_time': 1680971786}, 'meta': {'msg': '创建成功', 'status': 201}}
接口响应时长: 70 ms
Http状态码: 200
断言结果: 200
=====================================================
INFO    2023-04-09 00:36:27,021G:\auto_api1_framework\logs\info-2023-04-09.log:test_update_user_status.py:29 2023-04-09 00:36:26 >>>>>> 执行结束！
INFO    2023-04-09 00:37:19,286G:\auto_api1_framework\logs\info-2023-04-09.log:test_update_user_status.py:26 2023-04-09 00:37:19 >>>>>> 开始执行：
INFO    2023-04-09 00:37:19,549G:\auto_api1_framework\logs\info-2023-04-09.log:log_decorator.py:42 
======================================================
用例标题: 创建用户成功（全部参数）
请求路径: http://127.0.0.1:8888/api/private/v1/users
请求方式: POST
请求头:   {'User-Agent': 'python-requests/2.28.2', 'Accept-Encoding': 'gzip, deflate', 'Accept': '*/*', 'Connection': 'keep-alive', 'Content-Type': 'application/json', 'Authorization': 'Bearer eyJhbGciOiJIUzI1NiIsInR5cCI6IkpXVCJ9.eyJ1aWQiOjUwMCwicmlkIjowLCJpYXQiOjE2ODA5NzE4MzksImV4cCI6MTY4MTA1ODIzOX0.kERT014Du-2WnvOPjpRaKZsZtfqZaf-cECmU2mzSPb8', 'Content-Length': '100'}
请求内容: {'username': 'CqRyS383', 'password': 'N$3Fs#X$', 'email': 'na52@gmail.com', 'mobile': '18108727231'}
接口响应内容: {'data': {'id': 817, 'username': 'CqRyS383', 'mobile': '18108727231', 'email': 'na52@gmail.com', 'role_id': -1, 'create_time': 1680971839}, 'meta': {'msg': '创建成功', 'status': 201}}
接口响应时长: 80 ms
Http状态码: 200
断言结果: 200
=====================================================
INFO    2023-04-09 00:37:19,629G:\auto_api1_framework\logs\info-2023-04-09.log:test_update_user_status.py:29 2023-04-09 00:37:19 >>>>>> 执行结束！
INFO    2023-04-09 00:37:36,603G:\auto_api1_framework\logs\info-2023-04-09.log:test_update_user_status.py:26 2023-04-09 00:37:36 >>>>>> 开始执行：
INFO    2023-04-09 00:37:36,848G:\auto_api1_framework\logs\info-2023-04-09.log:log_decorator.py:42 
======================================================
用例标题: 创建用户成功（全部参数）
请求路径: http://127.0.0.1:8888/api/private/v1/users
请求方式: POST
请求头:   {'User-Agent': 'python-requests/2.28.2', 'Accept-Encoding': 'gzip, deflate', 'Accept': '*/*', 'Connection': 'keep-alive', 'Content-Type': 'application/json', 'Authorization': 'Bearer eyJhbGciOiJIUzI1NiIsInR5cCI6IkpXVCJ9.eyJ1aWQiOjUwMCwicmlkIjowLCJpYXQiOjE2ODA5NzE4NTYsImV4cCI6MTY4MTA1ODI1Nn0.pcsGiKllPJL7diHMA_Fb-uYsmjGQIEEYvcy0IkVn8_M', 'Content-Length': '99'}
请求内容: {'username': 'lflyf623', 'password': 'l%6XVFWd', 'email': 'vxu@yahoo.com', 'mobile': '15326390000'}
接口响应内容: {'data': {'id': 818, 'username': 'lflyf623', 'mobile': '15326390000', 'email': 'vxu@yahoo.com', 'role_id': -1, 'create_time': 1680971856}, 'meta': {'msg': '创建成功', 'status': 201}}
接口响应时长: 83 ms
Http状态码: 200
断言结果: 200
=====================================================
INFO    2023-04-09 00:37:36,923G:\auto_api1_framework\logs\info-2023-04-09.log:test_update_user_status.py:29 2023-04-09 00:37:36 >>>>>> 执行结束！
INFO    2023-04-09 00:37:53,819G:\auto_api1_framework\logs\info-2023-04-09.log:test_update_user_status.py:26 2023-04-09 00:37:53 >>>>>> 开始执行：
INFO    2023-04-09 00:37:54,075G:\auto_api1_framework\logs\info-2023-04-09.log:log_decorator.py:42 
======================================================
用例标题: 创建用户成功（全部参数）
请求路径: http://127.0.0.1:8888/api/private/v1/users
请求方式: POST
请求头:   {'User-Agent': 'python-requests/2.28.2', 'Accept-Encoding': 'gzip, deflate', 'Accept': '*/*', 'Connection': 'keep-alive', 'Content-Type': 'application/json', 'Authorization': 'Bearer eyJhbGciOiJIUzI1NiIsInR5cCI6IkpXVCJ9.eyJ1aWQiOjUwMCwicmlkIjowLCJpYXQiOjE2ODA5NzE4NzMsImV4cCI6MTY4MTA1ODI3M30.qFTlp4aqwZRzUhRDgSMflZJTMXG3f1wRK1pJLeyCTAI', 'Content-Length': '104'}
请求内容: {'username': 'bNZHn106', 'password': '_@4fHYyl', 'email': 'shaoyang@yahoo.com', 'mobile': '14542316859'}
接口响应内容: {'data': {'id': 819, 'username': 'bNZHn106', 'mobile': '14542316859', 'email': 'shaoyang@yahoo.com', 'role_id': -1, 'create_time': 1680971874}, 'meta': {'msg': '创建成功', 'status': 201}}
接口响应时长: 86 ms
Http状态码: 200
断言结果: 200
=====================================================
INFO    2023-04-09 00:37:54,153G:\auto_api1_framework\logs\info-2023-04-09.log:test_update_user_status.py:29 2023-04-09 00:37:53 >>>>>> 执行结束！
INFO    2023-04-09 00:38:35,572G:\auto_api1_framework\logs\info-2023-04-09.log:test_update_user_status.py:26 2023-04-09 00:38:35 >>>>>> 开始执行：
INFO    2023-04-09 00:38:35,825G:\auto_api1_framework\logs\info-2023-04-09.log:log_decorator.py:42 
======================================================
用例标题: 创建用户成功（全部参数）
请求路径: http://127.0.0.1:8888/api/private/v1/users
请求方式: POST
请求头:   {'User-Agent': 'python-requests/2.28.2', 'Accept-Encoding': 'gzip, deflate', 'Accept': '*/*', 'Connection': 'keep-alive', 'Content-Type': 'application/json', 'Authorization': 'Bearer eyJhbGciOiJIUzI1NiIsInR5cCI6IkpXVCJ9.eyJ1aWQiOjUwMCwicmlkIjowLCJpYXQiOjE2ODA5NzE5MTUsImV4cCI6MTY4MTA1ODMxNX0.0t_7cuszAPopY0jVHGhUqCYLC53Nwr6gdmfeQWl7YHE', 'Content-Length': '100'}
请求内容: {'username': 'vCzdX272', 'password': '8)6%2J@a', 'email': 'na63@yahoo.com', 'mobile': '18543100202'}
接口响应内容: {'data': {'id': 820, 'username': 'vCzdX272', 'mobile': '18543100202', 'email': 'na63@yahoo.com', 'role_id': -1, 'create_time': 1680971915}, 'meta': {'msg': '创建成功', 'status': 201}}
接口响应时长: 84 ms
Http状态码: 200
断言结果: 200
=====================================================
INFO    2023-04-09 00:38:35,903G:\auto_api1_framework\logs\info-2023-04-09.log:test_update_user_status.py:29 2023-04-09 00:38:35 >>>>>> 执行结束！
INFO    2023-04-09 00:38:48,764G:\auto_api1_framework\logs\info-2023-04-09.log:test_update_user_status.py:26 2023-04-09 00:38:48 >>>>>> 开始执行：
INFO    2023-04-09 00:38:49,015G:\auto_api1_framework\logs\info-2023-04-09.log:log_decorator.py:42 
======================================================
用例标题: 创建用户成功（全部参数）
请求路径: http://127.0.0.1:8888/api/private/v1/users
请求方式: POST
请求头:   {'User-Agent': 'python-requests/2.28.2', 'Accept-Encoding': 'gzip, deflate', 'Accept': '*/*', 'Connection': 'keep-alive', 'Content-Type': 'application/json', 'Authorization': 'Bearer eyJhbGciOiJIUzI1NiIsInR5cCI6IkpXVCJ9.eyJ1aWQiOjUwMCwicmlkIjowLCJpYXQiOjE2ODA5NzE5MjgsImV4cCI6MTY4MTA1ODMyOH0.dcEYJmjmUe4jC_ipcFU4T493EQpy975Uc0ErGTGg1zc', 'Content-Length': '104'}
请求内容: {'username': 'qBNXu134', 'password': '*!H8FrS#', 'email': 'fjiang@hotmail.com', 'mobile': '18852925603'}
接口响应内容: {'data': {'id': 821, 'username': 'qBNXu134', 'mobile': '18852925603', 'email': 'fjiang@hotmail.com', 'role_id': -1, 'create_time': 1680971929}, 'meta': {'msg': '创建成功', 'status': 201}}
接口响应时长: 81 ms
Http状态码: 200
断言结果: 200
=====================================================
INFO    2023-04-09 00:38:49,093G:\auto_api1_framework\logs\info-2023-04-09.log:test_update_user_status.py:29 2023-04-09 00:38:48 >>>>>> 执行结束！
INFO    2023-04-09 00:39:52,203G:\auto_api1_framework\logs\info-2023-04-09.log:test_update_user_status.py:26 2023-04-09 00:39:52 >>>>>> 开始执行：
INFO    2023-04-09 00:39:52,446G:\auto_api1_framework\logs\info-2023-04-09.log:log_decorator.py:42 
======================================================
用例标题: 创建用户成功（全部参数）
请求路径: http://127.0.0.1:8888/api/private/v1/users
请求方式: POST
请求头:   {'User-Agent': 'python-requests/2.28.2', 'Accept-Encoding': 'gzip, deflate', 'Accept': '*/*', 'Connection': 'keep-alive', 'Content-Type': 'application/json', 'Authorization': 'Bearer eyJhbGciOiJIUzI1NiIsInR5cCI6IkpXVCJ9.eyJ1aWQiOjUwMCwicmlkIjowLCJpYXQiOjE2ODA5NzE5OTIsImV4cCI6MTY4MTA1ODM5Mn0.ID7If_Pr2CSHS4MZMmRlsYXHJ4_9acumTxQsskF_Nqg', 'Content-Length': '104'}
请求内容: {'username': 'WSrWI911', 'password': '_4HU&NJv', 'email': 'gang18@hotmail.com', 'mobile': '15864872604'}
接口响应内容: {'data': {'id': 822, 'username': 'WSrWI911', 'mobile': '15864872604', 'email': 'gang18@hotmail.com', 'role_id': -1, 'create_time': 1680971992}, 'meta': {'msg': '创建成功', 'status': 201}}
接口响应时长: 69 ms
Http状态码: 200
断言结果: 200
=====================================================
INFO    2023-04-09 00:39:52,522G:\auto_api1_framework\logs\info-2023-04-09.log:test_update_user_status.py:29 2023-04-09 00:39:52 >>>>>> 执行结束！
INFO    2023-04-09 00:40:11,627G:\auto_api1_framework\logs\info-2023-04-09.log:test_update_user_status.py:26 2023-04-09 00:40:11 >>>>>> 开始执行：
INFO    2023-04-09 00:40:11,877G:\auto_api1_framework\logs\info-2023-04-09.log:log_decorator.py:42 
======================================================
用例标题: 创建用户成功（全部参数）
请求路径: http://127.0.0.1:8888/api/private/v1/users
请求方式: POST
请求头:   {'User-Agent': 'python-requests/2.28.2', 'Accept-Encoding': 'gzip, deflate', 'Accept': '*/*', 'Connection': 'keep-alive', 'Content-Type': 'application/json', 'Authorization': 'Bearer eyJhbGciOiJIUzI1NiIsInR5cCI6IkpXVCJ9.eyJ1aWQiOjUwMCwicmlkIjowLCJpYXQiOjE2ODA5NzIwMTEsImV4cCI6MTY4MTA1ODQxMX0.EyLkvz7eb7kkq2CR6ldZ4-bbmP8jQ_PBPswil0bv33o', 'Content-Length': '102'}
请求内容: {'username': 'avamO125', 'password': '6(n2ZIc!', 'email': 'qiumin@gmail.com', 'mobile': '14564902952'}
接口响应内容: {'data': {'id': 823, 'username': 'avamO125', 'mobile': '14564902952', 'email': 'qiumin@gmail.com', 'role_id': -1, 'create_time': 1680972011}, 'meta': {'msg': '创建成功', 'status': 201}}
接口响应时长: 86 ms
Http状态码: 200
断言结果: 200
=====================================================
INFO    2023-04-09 00:40:11,957G:\auto_api1_framework\logs\info-2023-04-09.log:test_update_user_status.py:29 2023-04-09 00:40:11 >>>>>> 执行结束！
INFO    2023-04-09 00:41:30,625G:\auto_api1_framework\logs\info-2023-04-09.log:test_update_user_status.py:26 2023-04-09 00:41:30 >>>>>> 开始执行：
INFO    2023-04-09 00:41:30,874G:\auto_api1_framework\logs\info-2023-04-09.log:log_decorator.py:42 
======================================================
用例标题: 创建用户成功（全部参数）
请求路径: http://127.0.0.1:8888/api/private/v1/users
请求方式: POST
请求头:   {'User-Agent': 'python-requests/2.28.2', 'Accept-Encoding': 'gzip, deflate', 'Accept': '*/*', 'Connection': 'keep-alive', 'Content-Type': 'application/json', 'Authorization': 'Bearer eyJhbGciOiJIUzI1NiIsInR5cCI6IkpXVCJ9.eyJ1aWQiOjUwMCwicmlkIjowLCJpYXQiOjE2ODA5NzIwOTAsImV4cCI6MTY4MTA1ODQ5MH0.nQuIZPkb5dazHIy3OVjSpDMtAyfMdfeLX7KIX0KHDjU', 'Content-Length': '102'}
请求内容: {'username': 'SvIrD480', 'password': '#^7K71Ow', 'email': 'zcai@hotmail.com', 'mobile': '14743837264'}
接口响应内容: {'data': {'id': 824, 'username': 'SvIrD480', 'mobile': '14743837264', 'email': 'zcai@hotmail.com', 'role_id': -1, 'create_time': 1680972090}, 'meta': {'msg': '创建成功', 'status': 201}}
接口响应时长: 79 ms
Http状态码: 200
断言结果: 200
=====================================================
INFO    2023-04-09 00:41:30,952G:\auto_api1_framework\logs\info-2023-04-09.log:test_update_user_status.py:29 2023-04-09 00:41:30 >>>>>> 执行结束！
INFO    2023-04-09 00:41:35,114G:\auto_api1_framework\logs\info-2023-04-09.log:test_update_user_status.py:26 2023-04-09 00:41:34 >>>>>> 开始执行：
INFO    2023-04-09 00:41:35,353G:\auto_api1_framework\logs\info-2023-04-09.log:log_decorator.py:42 
======================================================
用例标题: 创建用户成功（全部参数）
请求路径: http://127.0.0.1:8888/api/private/v1/users
请求方式: POST
请求头:   {'User-Agent': 'python-requests/2.28.2', 'Accept-Encoding': 'gzip, deflate', 'Accept': '*/*', 'Connection': 'keep-alive', 'Content-Type': 'application/json', 'Authorization': 'Bearer eyJhbGciOiJIUzI1NiIsInR5cCI6IkpXVCJ9.eyJ1aWQiOjUwMCwicmlkIjowLCJpYXQiOjE2ODA5NzIwOTUsImV4cCI6MTY4MTA1ODQ5NX0.3jSjqwXb0Md8_OljJdKHpUbekMY70Aau6J-ncI3wjhc', 'Content-Length': '104'}
请求内容: {'username': 'YBGQM641', 'password': ')9)6F3Rf', 'email': 'yong18@hotmail.com', 'mobile': '18847506965'}
接口响应内容: {'data': {'id': 825, 'username': 'YBGQM641', 'mobile': '18847506965', 'email': 'yong18@hotmail.com', 'role_id': -1, 'create_time': 1680972095}, 'meta': {'msg': '创建成功', 'status': 201}}
接口响应时长: 72 ms
Http状态码: 200
断言结果: 200
=====================================================
INFO    2023-04-09 00:41:35,431G:\auto_api1_framework\logs\info-2023-04-09.log:test_update_user_status.py:29 2023-04-09 00:41:34 >>>>>> 执行结束！
INFO    2023-04-09 00:42:13,276G:\auto_api1_framework\logs\info-2023-04-09.log:test_update_user_status.py:26 2023-04-09 00:42:13 >>>>>> 开始执行：
INFO    2023-04-09 00:42:13,521G:\auto_api1_framework\logs\info-2023-04-09.log:log_decorator.py:42 
======================================================
用例标题: 创建用户成功（全部参数）
请求路径: http://127.0.0.1:8888/api/private/v1/users
请求方式: POST
请求头:   {'User-Agent': 'python-requests/2.28.2', 'Accept-Encoding': 'gzip, deflate', 'Accept': '*/*', 'Connection': 'keep-alive', 'Content-Type': 'application/json', 'Authorization': 'Bearer eyJhbGciOiJIUzI1NiIsInR5cCI6IkpXVCJ9.eyJ1aWQiOjUwMCwicmlkIjowLCJpYXQiOjE2ODA5NzIxMzMsImV4cCI6MTY4MTA1ODUzM30.6fa__DLfJnh2WHvsH4xWDr4RjAtDi7ePTTcKhrd49c0', 'Content-Length': '107'}
请求内容: {'username': 'eqomW961', 'password': 'N)5UNCNn', 'email': 'tianxiuying@yahoo.com', 'mobile': '18267279158'}
接口响应内容: {'data': {'id': 826, 'username': 'eqomW961', 'mobile': '18267279158', 'email': 'tianxiuying@yahoo.com', 'role_id': -1, 'create_time': 1680972133}, 'meta': {'msg': '创建成功', 'status': 201}}
接口响应时长: 75 ms
Http状态码: 200
断言结果: 200
=====================================================
INFO    2023-04-09 00:42:13,599G:\auto_api1_framework\logs\info-2023-04-09.log:test_update_user_status.py:29 2023-04-09 00:42:13 >>>>>> 执行结束！
INFO    2023-04-09 00:46:28,045G:\auto_api1_framework\logs\info-2023-04-09.log:test_update_user_status.py:26 2023-04-09 00:46:27 >>>>>> 开始执行：
INFO    2023-04-09 00:46:28,292G:\auto_api1_framework\logs\info-2023-04-09.log:log_decorator.py:42 
======================================================
用例标题: 创建用户成功（全部参数）
请求路径: http://127.0.0.1:8888/api/private/v1/users
请求方式: POST
请求头:   {'User-Agent': 'python-requests/2.28.2', 'Accept-Encoding': 'gzip, deflate', 'Accept': '*/*', 'Connection': 'keep-alive', 'Content-Type': 'application/json', 'Authorization': 'Bearer eyJhbGciOiJIUzI1NiIsInR5cCI6IkpXVCJ9.eyJ1aWQiOjUwMCwicmlkIjowLCJpYXQiOjE2ODA5NzIzODgsImV4cCI6MTY4MTA1ODc4OH0.meS_d-qVN9qzxSxz9CYwPTx-wIwv5bJ44JrOW7g6Neo', 'Content-Length': '103'}
请求内容: {'username': 'ZNErL792', 'password': 'eCC$7Mfm', 'email': 'yiyan@hotmail.com', 'mobile': '14566339370'}
接口响应内容: {'data': {'id': 827, 'username': 'ZNErL792', 'mobile': '14566339370', 'email': 'yiyan@hotmail.com', 'role_id': -1, 'create_time': 1680972388}, 'meta': {'msg': '创建成功', 'status': 201}}
接口响应时长: 78 ms
Http状态码: 200
断言结果: 200
=====================================================
INFO    2023-04-09 00:46:28,296G:\auto_api1_framework\logs\info-2023-04-09.log:log_decorator.py:42 
======================================================
用例标题: 修改用户信息
请求路径: http://127.0.0.1:8888/api/private/v1/users/$cache%7Bid%7D
请求方式: PUT
请求头:   {'User-Agent': 'python-requests/2.28.2', 'Accept-Encoding': 'gzip, deflate', 'Accept': '*/*', 'Connection': 'keep-alive', 'Authorization': 'Bearer eyJhbGciOiJIUzI1NiIsInR5cCI6IkpXVCJ9.eyJ1aWQiOjUwMCwicmlkIjowLCJpYXQiOjE2ODA5NzIzODgsImV4cCI6MTY4MTA1ODc4OH0.meS_d-qVN9qzxSxz9CYwPTx-wIwv5bJ44JrOW7g6Neo', 'Content-Length': '0'}
请求内容: None
接口响应内容: {'data': None, 'meta': {'msg': '用户ID必须是数字', 'status': 400}}
接口响应时长: 1 ms
Http状态码: 200
断言结果: 200
=====================================================
INFO    2023-04-09 00:46:28,372G:\auto_api1_framework\logs\info-2023-04-09.log:test_update_user_status.py:29 2023-04-09 00:46:27 >>>>>> 执行结束！
INFO    2023-04-09 00:49:19,106G:\auto_api1_framework\logs\info-2023-04-09.log:test_update_user_status.py:26 2023-04-09 00:49:18 >>>>>> 开始执行：
INFO    2023-04-09 00:49:19,348G:\auto_api1_framework\logs\info-2023-04-09.log:log_decorator.py:42 
======================================================
用例标题: 创建用户成功（全部参数）
请求路径: http://127.0.0.1:8888/api/private/v1/users
请求方式: POST
请求头:   {'User-Agent': 'python-requests/2.28.2', 'Accept-Encoding': 'gzip, deflate', 'Accept': '*/*', 'Connection': 'keep-alive', 'Content-Type': 'application/json', 'Authorization': 'Bearer eyJhbGciOiJIUzI1NiIsInR5cCI6IkpXVCJ9.eyJ1aWQiOjUwMCwicmlkIjowLCJpYXQiOjE2ODA5NzI1NTksImV4cCI6MTY4MTA1ODk1OX0.q0ja3fXYef5mHEVKGDIYXzR30Jdh2vCFq85YcvqbGrU', 'Content-Length': '100'}
请求内容: {'username': 'UrloO751', 'password': '@c5NNnyd', 'email': 'ashi@gmail.com', 'mobile': '18514135556'}
接口响应内容: {'data': {'id': 828, 'username': 'UrloO751', 'mobile': '18514135556', 'email': 'ashi@gmail.com', 'role_id': -1, 'create_time': 1680972559}, 'meta': {'msg': '创建成功', 'status': 201}}
接口响应时长: 80 ms
Http状态码: 200
断言结果: 200
=====================================================
INFO    2023-04-09 00:49:19,351G:\auto_api1_framework\logs\info-2023-04-09.log:log_decorator.py:42 
======================================================
用例标题: 修改用户信息
请求路径: http://127.0.0.1:8888/api/private/v1/users/$cache%7Bupdate_user_status_01_id%7D
请求方式: PUT
请求头:   {'User-Agent': 'python-requests/2.28.2', 'Accept-Encoding': 'gzip, deflate', 'Accept': '*/*', 'Connection': 'keep-alive', 'Authorization': 'Bearer eyJhbGciOiJIUzI1NiIsInR5cCI6IkpXVCJ9.eyJ1aWQiOjUwMCwicmlkIjowLCJpYXQiOjE2ODA5NzI1NTksImV4cCI6MTY4MTA1ODk1OX0.q0ja3fXYef5mHEVKGDIYXzR30Jdh2vCFq85YcvqbGrU', 'Content-Length': '0'}
请求内容: None
接口响应内容: {'data': None, 'meta': {'msg': '用户ID必须是数字', 'status': 400}}
接口响应时长: 1 ms
Http状态码: 200
断言结果: 200
=====================================================
INFO    2023-04-09 00:49:19,427G:\auto_api1_framework\logs\info-2023-04-09.log:test_update_user_status.py:29 2023-04-09 00:49:18 >>>>>> 执行结束！
INFO    2023-04-09 00:49:57,117G:\auto_api1_framework\logs\info-2023-04-09.log:test_update_user_status.py:26 2023-04-09 00:49:56 >>>>>> 开始执行：
INFO    2023-04-09 00:49:57,389G:\auto_api1_framework\logs\info-2023-04-09.log:log_decorator.py:42 
======================================================
用例标题: 创建用户成功（全部参数）
请求路径: http://127.0.0.1:8888/api/private/v1/users
请求方式: POST
请求头:   {'User-Agent': 'python-requests/2.28.2', 'Accept-Encoding': 'gzip, deflate', 'Accept': '*/*', 'Connection': 'keep-alive', 'Content-Type': 'application/json', 'Authorization': 'Bearer eyJhbGciOiJIUzI1NiIsInR5cCI6IkpXVCJ9.eyJ1aWQiOjUwMCwicmlkIjowLCJpYXQiOjE2ODA5NzI1OTcsImV4cCI6MTY4MTA1ODk5N30.V7KJxKSrRNZNySYfzWoGa0_Jnd2b2jnKXeaxSq6UWro', 'Content-Length': '105'}
请求内容: {'username': 'OsXzc297', 'password': '^7Mvalrl', 'email': 'qiang43@hotmail.com', 'mobile': '14527734789'}
接口响应内容: {'data': {'id': 829, 'username': 'OsXzc297', 'mobile': '14527734789', 'email': 'qiang43@hotmail.com', 'role_id': -1, 'create_time': 1680972597}, 'meta': {'msg': '创建成功', 'status': 201}}
接口响应时长: 93 ms
Http状态码: 200
断言结果: 200
=====================================================
INFO    2023-04-09 00:49:57,392G:\auto_api1_framework\logs\info-2023-04-09.log:log_decorator.py:42 
======================================================
用例标题: 修改用户信息
请求路径: http://127.0.0.1:8888/api/private/v1/users/$cache%7Bupdate_user_status_01_id%7D
请求方式: PUT
请求头:   {'User-Agent': 'python-requests/2.28.2', 'Accept-Encoding': 'gzip, deflate', 'Accept': '*/*', 'Connection': 'keep-alive', 'Authorization': 'Bearer eyJhbGciOiJIUzI1NiIsInR5cCI6IkpXVCJ9.eyJ1aWQiOjUwMCwicmlkIjowLCJpYXQiOjE2ODA5NzI1OTcsImV4cCI6MTY4MTA1ODk5N30.V7KJxKSrRNZNySYfzWoGa0_Jnd2b2jnKXeaxSq6UWro', 'Content-Length': '0'}
请求内容: None
接口响应内容: {'data': None, 'meta': {'msg': '用户ID必须是数字', 'status': 400}}
接口响应时长: 2 ms
Http状态码: 200
断言结果: 200
=====================================================
INFO    2023-04-09 00:49:57,469G:\auto_api1_framework\logs\info-2023-04-09.log:test_update_user_status.py:29 2023-04-09 00:49:56 >>>>>> 执行结束！
INFO    2023-04-09 00:50:57,713G:\auto_api1_framework\logs\info-2023-04-09.log:test_update_user_status.py:26 2023-04-09 00:50:57 >>>>>> 开始执行：
INFO    2023-04-09 00:50:57,981G:\auto_api1_framework\logs\info-2023-04-09.log:log_decorator.py:42 
======================================================
用例标题: 创建用户成功（全部参数）
请求路径: http://127.0.0.1:8888/api/private/v1/users
请求方式: POST
请求头:   {'User-Agent': 'python-requests/2.28.2', 'Accept-Encoding': 'gzip, deflate', 'Accept': '*/*', 'Connection': 'keep-alive', 'Content-Type': 'application/json', 'Authorization': 'Bearer eyJhbGciOiJIUzI1NiIsInR5cCI6IkpXVCJ9.eyJ1aWQiOjUwMCwicmlkIjowLCJpYXQiOjE2ODA5NzI2NTcsImV4cCI6MTY4MTA1OTA1N30.WCDhzd2SBre0H__csKVGZQCvWiwn29NhTAa1P05vrg0', 'Content-Length': '101'}
请求内容: {'username': 'pHVDL071', 'password': '&*3lM6a!', 'email': 'licui@gmail.com', 'mobile': '18144742914'}
接口响应内容: {'data': {'id': 830, 'username': 'pHVDL071', 'mobile': '18144742914', 'email': 'licui@gmail.com', 'role_id': -1, 'create_time': 1680972657}, 'meta': {'msg': '创建成功', 'status': 201}}
接口响应时长: 87 ms
Http状态码: 200
断言结果: 200
=====================================================
INFO    2023-04-09 00:50:58,063G:\auto_api1_framework\logs\info-2023-04-09.log:test_update_user_status.py:29 2023-04-09 00:50:57 >>>>>> 执行结束！
INFO    2023-04-09 00:54:10,891G:\auto_api1_framework\logs\info-2023-04-09.log:test_update_user_status.py:26 2023-04-09 00:54:10 >>>>>> 开始执行：
INFO    2023-04-09 00:54:11,141G:\auto_api1_framework\logs\info-2023-04-09.log:log_decorator.py:42 
======================================================
用例标题: 创建用户成功（全部参数）
请求路径: http://127.0.0.1:8888/api/private/v1/users
请求方式: POST
请求头:   {'User-Agent': 'python-requests/2.28.2', 'Accept-Encoding': 'gzip, deflate', 'Accept': '*/*', 'Connection': 'keep-alive', 'Content-Type': 'application/json', 'Authorization': 'Bearer eyJhbGciOiJIUzI1NiIsInR5cCI6IkpXVCJ9.eyJ1aWQiOjUwMCwicmlkIjowLCJpYXQiOjE2ODA5NzI4NTAsImV4cCI6MTY4MTA1OTI1MH0.euEW-rSTaco6lOEPbLzn1pyXiln0hYGd-hJrJhfLves', 'Content-Length': '102'}
请求内容: {'username': 'WeHUi005', 'password': '&4VO#dhM', 'email': 'oxia@hotmail.com', 'mobile': '15660819839'}
接口响应内容: {'data': {'id': 831, 'username': 'WeHUi005', 'mobile': '15660819839', 'email': 'oxia@hotmail.com', 'role_id': -1, 'create_time': 1680972851}, 'meta': {'msg': '创建成功', 'status': 201}}
接口响应时长: 84 ms
Http状态码: 200
断言结果: 200
=====================================================
INFO    2023-04-09 00:54:11,219G:\auto_api1_framework\logs\info-2023-04-09.log:test_update_user_status.py:29 2023-04-09 00:54:10 >>>>>> 执行结束！
INFO    2023-04-09 00:55:07,096G:\auto_api1_framework\logs\info-2023-04-09.log:test_update_user_status.py:26 2023-04-09 00:55:06 >>>>>> 开始执行：
INFO    2023-04-09 00:55:07,361G:\auto_api1_framework\logs\info-2023-04-09.log:log_decorator.py:42 
======================================================
用例标题: 创建用户成功（全部参数）
请求路径: http://127.0.0.1:8888/api/private/v1/users
请求方式: POST
请求头:   {'User-Agent': 'python-requests/2.28.2', 'Accept-Encoding': 'gzip, deflate', 'Accept': '*/*', 'Connection': 'keep-alive', 'Content-Type': 'application/json', 'Authorization': 'Bearer eyJhbGciOiJIUzI1NiIsInR5cCI6IkpXVCJ9.eyJ1aWQiOjUwMCwicmlkIjowLCJpYXQiOjE2ODA5NzI5MDcsImV4cCI6MTY4MTA1OTMwN30.AyYMJKxcHH3Cu3Fy3ORL62QS7w01tReQ82r_Wb7ZJvk', 'Content-Length': '104'}
请求内容: {'username': 'mMrAV855', 'password': 'R_u9Gweu', 'email': 'yang46@hotmail.com', 'mobile': '14537323402'}
接口响应内容: {'data': {'id': 832, 'username': 'mMrAV855', 'mobile': '14537323402', 'email': 'yang46@hotmail.com', 'role_id': -1, 'create_time': 1680972907}, 'meta': {'msg': '创建成功', 'status': 201}}
接口响应时长: 85 ms
Http状态码: 200
断言结果: 200
=====================================================
INFO    2023-04-09 00:55:07,441G:\auto_api1_framework\logs\info-2023-04-09.log:test_update_user_status.py:29 2023-04-09 00:55:06 >>>>>> 执行结束！
INFO    2023-04-09 00:55:29,093G:\auto_api1_framework\logs\info-2023-04-09.log:test_update_user_status.py:26 2023-04-09 00:55:28 >>>>>> 开始执行：
INFO    2023-04-09 00:55:29,331G:\auto_api1_framework\logs\info-2023-04-09.log:log_decorator.py:42 
======================================================
用例标题: 创建用户成功（全部参数）
请求路径: http://127.0.0.1:8888/api/private/v1/users
请求方式: POST
请求头:   {'User-Agent': 'python-requests/2.28.2', 'Accept-Encoding': 'gzip, deflate', 'Accept': '*/*', 'Connection': 'keep-alive', 'Content-Type': 'application/json', 'Authorization': 'Bearer eyJhbGciOiJIUzI1NiIsInR5cCI6IkpXVCJ9.eyJ1aWQiOjUwMCwicmlkIjowLCJpYXQiOjE2ODA5NzI5MjksImV4cCI6MTY4MTA1OTMyOX0.Drm7VUsJPdIB0rGYvkIo2auUymdbSUy9YEpIQd7bpdk', 'Content-Length': '106'}
请求内容: {'username': 'WhudC249', 'password': 'i(6Jq*Os', 'email': 'yanjiang@hotmail.com', 'mobile': '13620793362'}
接口响应内容: {'data': {'id': 833, 'username': 'WhudC249', 'mobile': '13620793362', 'email': 'yanjiang@hotmail.com', 'role_id': -1, 'create_time': 1680972929}, 'meta': {'msg': '创建成功', 'status': 201}}
接口响应时长: 70 ms
Http状态码: 200
断言结果: 200
=====================================================
INFO    2023-04-09 00:55:29,409G:\auto_api1_framework\logs\info-2023-04-09.log:test_update_user_status.py:29 2023-04-09 00:55:28 >>>>>> 执行结束！
INFO    2023-04-09 00:58:34,564G:\auto_api1_framework\logs\info-2023-04-09.log:test_update_user_status.py:26 2023-04-09 00:58:34 >>>>>> 开始执行：
INFO    2023-04-09 00:58:34,815G:\auto_api1_framework\logs\info-2023-04-09.log:log_decorator.py:42 
======================================================
用例标题: 创建用户成功（全部参数）
请求路径: http://127.0.0.1:8888/api/private/v1/users
请求方式: POST
请求头:   {'User-Agent': 'python-requests/2.28.2', 'Accept-Encoding': 'gzip, deflate', 'Accept': '*/*', 'Connection': 'keep-alive', 'Content-Type': 'application/json', 'Authorization': 'Bearer eyJhbGciOiJIUzI1NiIsInR5cCI6IkpXVCJ9.eyJ1aWQiOjUwMCwicmlkIjowLCJpYXQiOjE2ODA5NzMxMTQsImV4cCI6MTY4MTA1OTUxNH0.gZEjpp7RTPWl1knEJlkthO7sqPzRjaeLXAm_P8jVIZY', 'Content-Length': '102'}
请求内容: {'username': 'sbEeS655', 'password': '*K3Kx53l', 'email': 'acai@hotmail.com', 'mobile': '15342968912'}
接口响应内容: {'data': {'id': 834, 'username': 'sbEeS655', 'mobile': '15342968912', 'email': 'acai@hotmail.com', 'role_id': -1, 'create_time': 1680973114}, 'meta': {'msg': '创建成功', 'status': 201}}
接口响应时长: 84 ms
Http状态码: 200
断言结果: 200
=====================================================
INFO    2023-04-09 00:58:34,896G:\auto_api1_framework\logs\info-2023-04-09.log:test_update_user_status.py:29 2023-04-09 00:58:34 >>>>>> 执行结束！
INFO    2023-04-09 01:04:36,140G:\auto_api1_framework\logs\info-2023-04-09.log:test_update_user_status.py:26 2023-04-09 01:04:36 >>>>>> 开始执行：
INFO    2023-04-09 01:04:36,386G:\auto_api1_framework\logs\info-2023-04-09.log:log_decorator.py:42 
======================================================
用例标题: 创建用户成功（全部参数）
请求路径: http://127.0.0.1:8888/api/private/v1/users
请求方式: POST
请求头:   {'User-Agent': 'python-requests/2.28.2', 'Accept-Encoding': 'gzip, deflate', 'Accept': '*/*', 'Connection': 'keep-alive', 'Content-Type': 'application/json', 'Authorization': 'Bearer eyJhbGciOiJIUzI1NiIsInR5cCI6IkpXVCJ9.eyJ1aWQiOjUwMCwicmlkIjowLCJpYXQiOjE2ODA5NzM0NzYsImV4cCI6MTY4MTA1OTg3Nn0.g79dxly5ovDXNAg-3kS86e3B-fS3dtUtKHRAf_PmSp0', 'Content-Length': '102'}
请求内容: {'username': 'gshVi834', 'password': '(S62ZzXD', 'email': 'chao24@gmail.com', 'mobile': '13840819824'}
接口响应内容: {'data': {'id': 835, 'username': 'gshVi834', 'mobile': '13840819824', 'email': 'chao24@gmail.com', 'role_id': -1, 'create_time': 1680973476}, 'meta': {'msg': '创建成功', 'status': 201}}
接口响应时长: 79 ms
Http状态码: 200
断言结果: 200
=====================================================
INFO    2023-04-09 01:04:36,466G:\auto_api1_framework\logs\info-2023-04-09.log:test_update_user_status.py:29 2023-04-09 01:04:36 >>>>>> 执行结束！
INFO    2023-04-09 01:06:34,091G:\auto_api1_framework\logs\info-2023-04-09.log:test_update_user_status.py:26 2023-04-09 01:06:33 >>>>>> 开始执行：
INFO    2023-04-09 01:06:34,339G:\auto_api1_framework\logs\info-2023-04-09.log:log_decorator.py:42 
======================================================
用例标题: 创建用户成功（全部参数）
请求路径: http://127.0.0.1:8888/api/private/v1/users
请求方式: POST
请求头:   {'User-Agent': 'python-requests/2.28.2', 'Accept-Encoding': 'gzip, deflate', 'Accept': '*/*', 'Connection': 'keep-alive', 'Content-Type': 'application/json', 'Authorization': 'Bearer eyJhbGciOiJIUzI1NiIsInR5cCI6IkpXVCJ9.eyJ1aWQiOjUwMCwicmlkIjowLCJpYXQiOjE2ODA5NzM1OTQsImV4cCI6MTY4MTA1OTk5NH0.MC8vM9JGH2dyG-RC0F_wyd4WnkKhE1tiDApnLoS661g', 'Content-Length': '101'}
请求内容: {'username': 'RhSUb161', 'password': 'Q(3T6Plq', 'email': 'jie80@yahoo.com', 'mobile': '15773565040'}
接口响应内容: {'data': {'id': 836, 'username': 'RhSUb161', 'mobile': '15773565040', 'email': 'jie80@yahoo.com', 'role_id': -1, 'create_time': 1680973594}, 'meta': {'msg': '创建成功', 'status': 201}}
接口响应时长: 76 ms
Http状态码: 200
断言结果: 200
=====================================================
INFO    2023-04-09 01:06:34,416G:\auto_api1_framework\logs\info-2023-04-09.log:test_update_user_status.py:29 2023-04-09 01:06:33 >>>>>> 执行结束！
INFO    2023-04-09 01:06:52,773G:\auto_api1_framework\logs\info-2023-04-09.log:test_update_user_status.py:26 2023-04-09 01:06:52 >>>>>> 开始执行：
INFO    2023-04-09 01:06:53,020G:\auto_api1_framework\logs\info-2023-04-09.log:log_decorator.py:42 
======================================================
用例标题: 创建用户成功（全部参数）
请求路径: http://127.0.0.1:8888/api/private/v1/users
请求方式: POST
请求头:   {'User-Agent': 'python-requests/2.28.2', 'Accept-Encoding': 'gzip, deflate', 'Accept': '*/*', 'Connection': 'keep-alive', 'Content-Type': 'application/json', 'Authorization': 'Bearer eyJhbGciOiJIUzI1NiIsInR5cCI6IkpXVCJ9.eyJ1aWQiOjUwMCwicmlkIjowLCJpYXQiOjE2ODA5NzM2MTIsImV4cCI6MTY4MTA2MDAxMn0.mWVGpPJxxMTsCPr19lBHVclvMwTWvRTDifiKpMeTNWc', 'Content-Length': '108'}
请求内容: {'username': 'fCTkI070', 'password': '$00WyCH+', 'email': 'zhangxiuying@yahoo.com', 'mobile': '14783478590'}
接口响应内容: {'data': {'id': 837, 'username': 'fCTkI070', 'mobile': '14783478590', 'email': 'zhangxiuying@yahoo.com', 'role_id': -1, 'create_time': 1680973613}, 'meta': {'msg': '创建成功', 'status': 201}}
接口响应时长: 80 ms
Http状态码: 200
断言结果: 200
=====================================================
INFO    2023-04-09 01:06:53,023G:\auto_api1_framework\logs\info-2023-04-09.log:log_decorator.py:42 
======================================================
用例标题: 修改用户信息
请求路径: http://127.0.0.1:8888/api/private/v1/users/$url_params%7Bid%7D
请求方式: PUT
请求头:   {'User-Agent': 'python-requests/2.28.2', 'Accept-Encoding': 'gzip, deflate', 'Accept': '*/*', 'Connection': 'keep-alive', 'Authorization': 'Bearer eyJhbGciOiJIUzI1NiIsInR5cCI6IkpXVCJ9.eyJ1aWQiOjUwMCwicmlkIjowLCJpYXQiOjE2ODA5NzM2MTIsImV4cCI6MTY4MTA2MDAxMn0.mWVGpPJxxMTsCPr19lBHVclvMwTWvRTDifiKpMeTNWc', 'Content-Length': '0'}
请求内容: None
接口响应内容: {'data': None, 'meta': {'msg': '用户ID必须是数字', 'status': 400}}
接口响应时长: 1 ms
Http状态码: 200
断言结果: 200
=====================================================
INFO    2023-04-09 01:06:53,105G:\auto_api1_framework\logs\info-2023-04-09.log:test_update_user_status.py:29 2023-04-09 01:06:52 >>>>>> 执行结束！
INFO    2023-04-09 01:07:02,777G:\auto_api1_framework\logs\info-2023-04-09.log:test_update_user_status.py:26 2023-04-09 01:07:02 >>>>>> 开始执行：
INFO    2023-04-09 01:07:03,028G:\auto_api1_framework\logs\info-2023-04-09.log:log_decorator.py:42 
======================================================
用例标题: 创建用户成功（全部参数）
请求路径: http://127.0.0.1:8888/api/private/v1/users
请求方式: POST
请求头:   {'User-Agent': 'python-requests/2.28.2', 'Accept-Encoding': 'gzip, deflate', 'Accept': '*/*', 'Connection': 'keep-alive', 'Content-Type': 'application/json', 'Authorization': 'Bearer eyJhbGciOiJIUzI1NiIsInR5cCI6IkpXVCJ9.eyJ1aWQiOjUwMCwicmlkIjowLCJpYXQiOjE2ODA5NzM2MjIsImV4cCI6MTY4MTA2MDAyMn0.Onl-fVu_ZNU6WaEtNUCUzzFPY9xgo9sTy_1h9T6awak', 'Content-Length': '104'}
请求内容: {'username': 'RGJZb780', 'password': '$put6pSb', 'email': 'dengyong@yahoo.com', 'mobile': '18727373666'}
接口响应内容: {'data': {'id': 838, 'username': 'RGJZb780', 'mobile': '18727373666', 'email': 'dengyong@yahoo.com', 'role_id': -1, 'create_time': 1680973623}, 'meta': {'msg': '创建成功', 'status': 201}}
接口响应时长: 87 ms
Http状态码: 200
断言结果: 200
=====================================================
INFO    2023-04-09 01:07:03,032G:\auto_api1_framework\logs\info-2023-04-09.log:log_decorator.py:42 
======================================================
用例标题: 修改用户信息
请求路径: http://127.0.0.1:8888/api/private/v1/users/$url_params%7Bid%7D
请求方式: PUT
请求头:   {'User-Agent': 'python-requests/2.28.2', 'Accept-Encoding': 'gzip, deflate', 'Accept': '*/*', 'Connection': 'keep-alive', 'Authorization': 'Bearer eyJhbGciOiJIUzI1NiIsInR5cCI6IkpXVCJ9.eyJ1aWQiOjUwMCwicmlkIjowLCJpYXQiOjE2ODA5NzM2MjIsImV4cCI6MTY4MTA2MDAyMn0.Onl-fVu_ZNU6WaEtNUCUzzFPY9xgo9sTy_1h9T6awak', 'Content-Length': '0'}
请求内容: None
接口响应内容: {'data': None, 'meta': {'msg': '用户ID必须是数字', 'status': 400}}
接口响应时长: 2 ms
Http状态码: 200
断言结果: 200
=====================================================
INFO    2023-04-09 01:07:03,114G:\auto_api1_framework\logs\info-2023-04-09.log:test_update_user_status.py:29 2023-04-09 01:07:02 >>>>>> 执行结束！
INFO    2023-04-09 01:07:16,262G:\auto_api1_framework\logs\info-2023-04-09.log:test_update_user_status.py:26 2023-04-09 01:07:16 >>>>>> 开始执行：
INFO    2023-04-09 01:07:16,506G:\auto_api1_framework\logs\info-2023-04-09.log:log_decorator.py:42 
======================================================
用例标题: 创建用户成功（全部参数）
请求路径: http://127.0.0.1:8888/api/private/v1/users
请求方式: POST
请求头:   {'User-Agent': 'python-requests/2.28.2', 'Accept-Encoding': 'gzip, deflate', 'Accept': '*/*', 'Connection': 'keep-alive', 'Content-Type': 'application/json', 'Authorization': 'Bearer eyJhbGciOiJIUzI1NiIsInR5cCI6IkpXVCJ9.eyJ1aWQiOjUwMCwicmlkIjowLCJpYXQiOjE2ODA5NzM2MzYsImV4cCI6MTY4MTA2MDAzNn0._hoheq8M1kHrWZ0aI1jxKxIQmcD7UyXrbT8yUEdse0A', 'Content-Length': '104'}
请求内容: {'username': 'ZGRlv631', 'password': '+O2IlWgr', 'email': 'yuanjing@yahoo.com', 'mobile': '18900735162'}
接口响应内容: {'data': {'id': 839, 'username': 'ZGRlv631', 'mobile': '18900735162', 'email': 'yuanjing@yahoo.com', 'role_id': -1, 'create_time': 1680973636}, 'meta': {'msg': '创建成功', 'status': 201}}
接口响应时长: 78 ms
Http状态码: 200
断言结果: 200
=====================================================
INFO    2023-04-09 01:07:16,580G:\auto_api1_framework\logs\info-2023-04-09.log:test_update_user_status.py:29 2023-04-09 01:07:16 >>>>>> 执行结束！
INFO    2023-04-09 01:07:27,019G:\auto_api1_framework\logs\info-2023-04-09.log:test_update_user_status.py:26 2023-04-09 01:07:26 >>>>>> 开始执行：
INFO    2023-04-09 01:07:27,262G:\auto_api1_framework\logs\info-2023-04-09.log:log_decorator.py:42 
======================================================
用例标题: 创建用户成功（全部参数）
请求路径: http://127.0.0.1:8888/api/private/v1/users
请求方式: POST
请求头:   {'User-Agent': 'python-requests/2.28.2', 'Accept-Encoding': 'gzip, deflate', 'Accept': '*/*', 'Connection': 'keep-alive', 'Content-Type': 'application/json', 'Authorization': 'Bearer eyJhbGciOiJIUzI1NiIsInR5cCI6IkpXVCJ9.eyJ1aWQiOjUwMCwicmlkIjowLCJpYXQiOjE2ODA5NzM2NDcsImV4cCI6MTY4MTA2MDA0N30.qbJJFNgO8Qb861kwbGrFYNjgTfojH3HJI-Zp1YFHFic', 'Content-Length': '104'}
请求内容: {'username': 'BeYja438', 'password': '&q4*6Kiy', 'email': 'ganglong@yahoo.com', 'mobile': '18944146624'}
接口响应内容: {'data': {'id': 840, 'username': 'BeYja438', 'mobile': '18944146624', 'email': 'ganglong@yahoo.com', 'role_id': -1, 'create_time': 1680973647}, 'meta': {'msg': '创建成功', 'status': 201}}
接口响应时长: 77 ms
Http状态码: 200
断言结果: 200
=====================================================
INFO    2023-04-09 01:07:27,266G:\auto_api1_framework\logs\info-2023-04-09.log:log_decorator.py:42 
======================================================
用例标题: 修改用户信息
请求路径: http://127.0.0.1:8888/api/private/v1/users/$url_params%7Bid%7D
请求方式: PUT
请求头:   {'User-Agent': 'python-requests/2.28.2', 'Accept-Encoding': 'gzip, deflate', 'Accept': '*/*', 'Connection': 'keep-alive', 'Authorization': 'Bearer eyJhbGciOiJIUzI1NiIsInR5cCI6IkpXVCJ9.eyJ1aWQiOjUwMCwicmlkIjowLCJpYXQiOjE2ODA5NzM2NDcsImV4cCI6MTY4MTA2MDA0N30.qbJJFNgO8Qb861kwbGrFYNjgTfojH3HJI-Zp1YFHFic', 'Content-Length': '0'}
请求内容: None
接口响应内容: {'data': None, 'meta': {'msg': '用户ID必须是数字', 'status': 400}}
接口响应时长: 1 ms
Http状态码: 200
断言结果: 200
=====================================================
INFO    2023-04-09 01:07:27,349G:\auto_api1_framework\logs\info-2023-04-09.log:test_update_user_status.py:29 2023-04-09 01:07:26 >>>>>> 执行结束！
INFO    2023-04-09 01:07:41,019G:\auto_api1_framework\logs\info-2023-04-09.log:test_update_user_status.py:26 2023-04-09 01:07:40 >>>>>> 开始执行：
INFO    2023-04-09 01:07:41,264G:\auto_api1_framework\logs\info-2023-04-09.log:log_decorator.py:42 
======================================================
用例标题: 创建用户成功（全部参数）
请求路径: http://127.0.0.1:8888/api/private/v1/users
请求方式: POST
请求头:   {'User-Agent': 'python-requests/2.28.2', 'Accept-Encoding': 'gzip, deflate', 'Accept': '*/*', 'Connection': 'keep-alive', 'Content-Type': 'application/json', 'Authorization': 'Bearer eyJhbGciOiJIUzI1NiIsInR5cCI6IkpXVCJ9.eyJ1aWQiOjUwMCwicmlkIjowLCJpYXQiOjE2ODA5NzM2NjEsImV4cCI6MTY4MTA2MDA2MX0.2zCgABNp7-uJmsOSvSmD0Krujyvad1ejqWfAyJw8j_w', 'Content-Length': '101'}
请求内容: {'username': 'qEfox656', 'password': '%vl2Kbst', 'email': 'jie69@yahoo.com', 'mobile': '13953413115'}
接口响应内容: {'data': {'id': 841, 'username': 'qEfox656', 'mobile': '13953413115', 'email': 'jie69@yahoo.com', 'role_id': -1, 'create_time': 1680973661}, 'meta': {'msg': '创建成功', 'status': 201}}
接口响应时长: 81 ms
Http状态码: 200
断言结果: 200
=====================================================
INFO    2023-04-09 01:07:41,338G:\auto_api1_framework\logs\info-2023-04-09.log:test_update_user_status.py:29 2023-04-09 01:07:40 >>>>>> 执行结束！
INFO    2023-04-09 01:08:03,236G:\auto_api1_framework\logs\info-2023-04-09.log:test_update_user_status.py:26 2023-04-09 01:08:03 >>>>>> 开始执行：
INFO    2023-04-09 01:08:03,484G:\auto_api1_framework\logs\info-2023-04-09.log:log_decorator.py:42 
======================================================
用例标题: 创建用户成功（全部参数）
请求路径: http://127.0.0.1:8888/api/private/v1/users
请求方式: POST
请求头:   {'User-Agent': 'python-requests/2.28.2', 'Accept-Encoding': 'gzip, deflate', 'Accept': '*/*', 'Connection': 'keep-alive', 'Content-Type': 'application/json', 'Authorization': 'Bearer eyJhbGciOiJIUzI1NiIsInR5cCI6IkpXVCJ9.eyJ1aWQiOjUwMCwicmlkIjowLCJpYXQiOjE2ODA5NzM2ODMsImV4cCI6MTY4MTA2MDA4M30.0NFfqZ0_xZhQY6i7RAQFlGKECl_4J3LhOo1VBPyeYpU', 'Content-Length': '105'}
请求内容: {'username': 'jfbtU607', 'password': '%7__hUVg', 'email': 'juanfan@hotmail.com', 'mobile': '15900055635'}
接口响应内容: {'data': {'id': 842, 'username': 'jfbtU607', 'mobile': '15900055635', 'email': 'juanfan@hotmail.com', 'role_id': -1, 'create_time': 1680973683}, 'meta': {'msg': '创建成功', 'status': 201}}
接口响应时长: 80 ms
Http状态码: 200
断言结果: 200
=====================================================
INFO    2023-04-09 01:08:03,489G:\auto_api1_framework\logs\info-2023-04-09.log:log_decorator.py:42 
======================================================
用例标题: 修改用户信息
请求路径: http://127.0.0.1:8888/api/private/v1/users/$url_params%7Bid%7D
请求方式: PUT
请求头:   {'User-Agent': 'python-requests/2.28.2', 'Accept-Encoding': 'gzip, deflate', 'Accept': '*/*', 'Connection': 'keep-alive', 'Authorization': 'Bearer eyJhbGciOiJIUzI1NiIsInR5cCI6IkpXVCJ9.eyJ1aWQiOjUwMCwicmlkIjowLCJpYXQiOjE2ODA5NzM2ODMsImV4cCI6MTY4MTA2MDA4M30.0NFfqZ0_xZhQY6i7RAQFlGKECl_4J3LhOo1VBPyeYpU', 'Content-Length': '0'}
请求内容: None
接口响应内容: {'data': None, 'meta': {'msg': '用户ID必须是数字', 'status': 400}}
接口响应时长: 2 ms
Http状态码: 200
断言结果: 200
=====================================================
INFO    2023-04-09 01:08:03,562G:\auto_api1_framework\logs\info-2023-04-09.log:test_update_user_status.py:29 2023-04-09 01:08:03 >>>>>> 执行结束！
INFO    2023-04-09 01:08:24,237G:\auto_api1_framework\logs\info-2023-04-09.log:test_update_user_status.py:26 2023-04-09 01:08:24 >>>>>> 开始执行：
INFO    2023-04-09 01:08:24,501G:\auto_api1_framework\logs\info-2023-04-09.log:log_decorator.py:42 
======================================================
用例标题: 创建用户成功（全部参数）
请求路径: http://127.0.0.1:8888/api/private/v1/users
请求方式: POST
请求头:   {'User-Agent': 'python-requests/2.28.2', 'Accept-Encoding': 'gzip, deflate', 'Accept': '*/*', 'Connection': 'keep-alive', 'Content-Type': 'application/json', 'Authorization': 'Bearer eyJhbGciOiJIUzI1NiIsInR5cCI6IkpXVCJ9.eyJ1aWQiOjUwMCwicmlkIjowLCJpYXQiOjE2ODA5NzM3MDQsImV4cCI6MTY4MTA2MDEwNH0.qHhn9j-Q7PX4ebpnG8_VTZ-j7jjNo940hpxIwcjpdko', 'Content-Length': '106'}
请求内容: {'username': 'iIuWW579', 'password': 'N+K8OJpr', 'email': 'fangdong@hotmail.com', 'mobile': '18932297893'}
接口响应内容: {'data': {'id': 843, 'username': 'iIuWW579', 'mobile': '18932297893', 'email': 'fangdong@hotmail.com', 'role_id': -1, 'create_time': 1680973704}, 'meta': {'msg': '创建成功', 'status': 201}}
接口响应时长: 82 ms
Http状态码: 200
断言结果: 200
=====================================================
INFO    2023-04-09 01:08:24,586G:\auto_api1_framework\logs\info-2023-04-09.log:test_update_user_status.py:29 2023-04-09 01:08:24 >>>>>> 执行结束！
INFO    2023-04-09 01:08:36,299G:\auto_api1_framework\logs\info-2023-04-09.log:test_update_user_status.py:26 2023-04-09 01:08:36 >>>>>> 开始执行：
INFO    2023-04-09 01:08:36,561G:\auto_api1_framework\logs\info-2023-04-09.log:log_decorator.py:42 
======================================================
用例标题: 创建用户成功（全部参数）
请求路径: http://127.0.0.1:8888/api/private/v1/users
请求方式: POST
请求头:   {'User-Agent': 'python-requests/2.28.2', 'Accept-Encoding': 'gzip, deflate', 'Accept': '*/*', 'Connection': 'keep-alive', 'Content-Type': 'application/json', 'Authorization': 'Bearer eyJhbGciOiJIUzI1NiIsInR5cCI6IkpXVCJ9.eyJ1aWQiOjUwMCwicmlkIjowLCJpYXQiOjE2ODA5NzM3MTYsImV4cCI6MTY4MTA2MDExNn0.2M3ctttN0LXEImsKrmx_FAl3VD9N7sBKoGATVeXOSU8', 'Content-Length': '101'}
请求内容: {'username': 'GtMPi199', 'password': '!0KuE&v4', 'email': 'jiesu@yahoo.com', 'mobile': '18075980867'}
接口响应内容: {'data': {'id': 844, 'username': 'GtMPi199', 'mobile': '18075980867', 'email': 'jiesu@yahoo.com', 'role_id': -1, 'create_time': 1680973716}, 'meta': {'msg': '创建成功', 'status': 201}}
接口响应时长: 85 ms
Http状态码: 200
断言结果: 200
=====================================================
INFO    2023-04-09 01:08:36,641G:\auto_api1_framework\logs\info-2023-04-09.log:test_update_user_status.py:29 2023-04-09 01:08:36 >>>>>> 执行结束！
INFO    2023-04-09 01:09:07,360G:\auto_api1_framework\logs\info-2023-04-09.log:test_update_user_status.py:26 2023-04-09 01:09:07 >>>>>> 开始执行：
INFO    2023-04-09 01:09:07,605G:\auto_api1_framework\logs\info-2023-04-09.log:log_decorator.py:42 
======================================================
用例标题: 创建用户成功（全部参数）
请求路径: http://127.0.0.1:8888/api/private/v1/users
请求方式: POST
请求头:   {'User-Agent': 'python-requests/2.28.2', 'Accept-Encoding': 'gzip, deflate', 'Accept': '*/*', 'Connection': 'keep-alive', 'Content-Type': 'application/json', 'Authorization': 'Bearer eyJhbGciOiJIUzI1NiIsInR5cCI6IkpXVCJ9.eyJ1aWQiOjUwMCwicmlkIjowLCJpYXQiOjE2ODA5NzM3NDcsImV4cCI6MTY4MTA2MDE0N30.M26iTJPUrWlSorcxuy0MBIo2ilE7XxAyWycVi2qCTBA', 'Content-Length': '105'}
请求内容: {'username': 'OGqxW189', 'password': '+$T9J%l^', 'email': 'xiongfang@yahoo.com', 'mobile': '13278765952'}
接口响应内容: {'data': {'id': 845, 'username': 'OGqxW189', 'mobile': '13278765952', 'email': 'xiongfang@yahoo.com', 'role_id': -1, 'create_time': 1680973747}, 'meta': {'msg': '创建成功', 'status': 201}}
接口响应时长: 78 ms
Http状态码: 200
断言结果: 200
=====================================================
INFO    2023-04-09 01:09:07,683G:\auto_api1_framework\logs\info-2023-04-09.log:test_update_user_status.py:29 2023-04-09 01:09:07 >>>>>> 执行结束！
INFO    2023-04-09 01:14:14,726G:\auto_api1_framework\logs\info-2023-04-09.log:test_update_user_status.py:26 2023-04-09 01:14:14 >>>>>> 开始执行：
INFO    2023-04-09 01:14:14,965G:\auto_api1_framework\logs\info-2023-04-09.log:log_decorator.py:42 
======================================================
用例标题: 创建用户成功（全部参数）
请求路径: http://127.0.0.1:8888/api/private/v1/users
请求方式: POST
请求头:   {'User-Agent': 'python-requests/2.28.2', 'Accept-Encoding': 'gzip, deflate', 'Accept': '*/*', 'Connection': 'keep-alive', 'Content-Type': 'application/json', 'Authorization': 'Bearer eyJhbGciOiJIUzI1NiIsInR5cCI6IkpXVCJ9.eyJ1aWQiOjUwMCwicmlkIjowLCJpYXQiOjE2ODA5NzQwNTQsImV4cCI6MTY4MTA2MDQ1NH0.ay8uj-x_lABx2O0aqhbGlr3RE0SAaR-7Ft8wbxMF85E', 'Content-Length': '102'}
请求内容: {'username': 'mOxyZ225', 'password': '#7aF9bib', 'email': 'juan51@yahoo.com', 'mobile': '15009973770'}
接口响应内容: {'data': {'id': 846, 'username': 'mOxyZ225', 'mobile': '15009973770', 'email': 'juan51@yahoo.com', 'role_id': -1, 'create_time': 1680974054}, 'meta': {'msg': '创建成功', 'status': 201}}
接口响应时长: 75 ms
Http状态码: 200
断言结果: 200
=====================================================
INFO    2023-04-09 01:14:15,042G:\auto_api1_framework\logs\info-2023-04-09.log:test_update_user_status.py:29 2023-04-09 01:14:14 >>>>>> 执行结束！
INFO    2023-04-09 01:15:13,780G:\auto_api1_framework\logs\info-2023-04-09.log:test_update_user_status.py:26 2023-04-09 01:15:13 >>>>>> 开始执行：
INFO    2023-04-09 01:15:14,016G:\auto_api1_framework\logs\info-2023-04-09.log:log_decorator.py:42 
======================================================
用例标题: 创建用户成功（全部参数）
请求路径: http://127.0.0.1:8888/api/private/v1/users
请求方式: POST
请求头:   {'User-Agent': 'python-requests/2.28.2', 'Accept-Encoding': 'gzip, deflate', 'Accept': '*/*', 'Connection': 'keep-alive', 'Content-Type': 'application/json', 'Authorization': 'Bearer eyJhbGciOiJIUzI1NiIsInR5cCI6IkpXVCJ9.eyJ1aWQiOjUwMCwicmlkIjowLCJpYXQiOjE2ODA5NzQxMTMsImV4cCI6MTY4MTA2MDUxM30.0Jo0zAAxS1d49uWBaHw8RZ8rOU9q-yOYi-kLvGJs6pk', 'Content-Length': '100'}
请求内容: {'username': 'QFZBV170', 'password': '1@6Flha8', 'email': 'sxue@gmail.com', 'mobile': '13932373957'}
接口响应内容: {'data': {'id': 847, 'username': 'QFZBV170', 'mobile': '13932373957', 'email': 'sxue@gmail.com', 'role_id': -1, 'create_time': 1680974114}, 'meta': {'msg': '创建成功', 'status': 201}}
接口响应时长: 68 ms
Http状态码: 200
断言结果: 200
=====================================================
INFO    2023-04-09 01:15:14,092G:\auto_api1_framework\logs\info-2023-04-09.log:test_update_user_status.py:29 2023-04-09 01:15:13 >>>>>> 执行结束！
INFO    2023-04-09 01:16:22,484G:\auto_api1_framework\logs\info-2023-04-09.log:test_update_user_status.py:26 2023-04-09 01:16:22 >>>>>> 开始执行：
INFO    2023-04-09 01:16:22,722G:\auto_api1_framework\logs\info-2023-04-09.log:log_decorator.py:42 
======================================================
用例标题: 创建用户成功（全部参数）
请求路径: http://127.0.0.1:8888/api/private/v1/users
请求方式: POST
请求头:   {'User-Agent': 'python-requests/2.28.2', 'Accept-Encoding': 'gzip, deflate', 'Accept': '*/*', 'Connection': 'keep-alive', 'Content-Type': 'application/json', 'Authorization': 'Bearer eyJhbGciOiJIUzI1NiIsInR5cCI6IkpXVCJ9.eyJ1aWQiOjUwMCwicmlkIjowLCJpYXQiOjE2ODA5NzQxODIsImV4cCI6MTY4MTA2MDU4Mn0.vMbga9OdCBi_u-R2TtftdTTJsxJ3YmXHEslAnJlMfPw', 'Content-Length': '103'}
请求内容: {'username': 'ZNAyL449', 'password': '&oW9PE&s', 'email': 'qiang56@gmail.com', 'mobile': '15003808429'}
接口响应内容: {'data': {'id': 848, 'username': 'ZNAyL449', 'mobile': '15003808429', 'email': 'qiang56@gmail.com', 'role_id': -1, 'create_time': 1680974182}, 'meta': {'msg': '创建成功', 'status': 201}}
接口响应时长: 73 ms
Http状态码: 200
断言结果: 200
=====================================================
INFO    2023-04-09 01:16:22,799G:\auto_api1_framework\logs\info-2023-04-09.log:test_update_user_status.py:29 2023-04-09 01:16:22 >>>>>> 执行结束！
INFO    2023-04-09 01:19:45,387G:\auto_api1_framework\logs\info-2023-04-09.log:test_update_user_status.py:26 2023-04-09 01:19:45 >>>>>> 开始执行：
INFO    2023-04-09 01:19:45,623G:\auto_api1_framework\logs\info-2023-04-09.log:log_decorator.py:42 
======================================================
用例标题: 创建用户成功（全部参数）
请求路径: http://127.0.0.1:8888/api/private/v1/users
请求方式: POST
请求头:   {'User-Agent': 'python-requests/2.28.2', 'Accept-Encoding': 'gzip, deflate', 'Accept': '*/*', 'Connection': 'keep-alive', 'Content-Type': 'application/json', 'Authorization': 'Bearer eyJhbGciOiJIUzI1NiIsInR5cCI6IkpXVCJ9.eyJ1aWQiOjUwMCwicmlkIjowLCJpYXQiOjE2ODA5NzQzODUsImV4cCI6MTY4MTA2MDc4NX0.lRYsD_AOIGLOGQH-ZOnRGWNfAtTiK-fP-0-6dg14TpU', 'Content-Length': '103'}
请求内容: {'username': 'PBFZf939', 'password': '!S#+8Up9', 'email': 'liren@hotmail.com', 'mobile': '18528006608'}
接口响应内容: {'data': {'id': 849, 'username': 'PBFZf939', 'mobile': '18528006608', 'email': 'liren@hotmail.com', 'role_id': -1, 'create_time': 1680974385}, 'meta': {'msg': '创建成功', 'status': 201}}
接口响应时长: 72 ms
Http状态码: 200
断言结果: 200
=====================================================
INFO    2023-04-09 01:19:45,708G:\auto_api1_framework\logs\info-2023-04-09.log:test_update_user_status.py:29 2023-04-09 01:19:45 >>>>>> 执行结束！
INFO    2023-04-09 01:21:27,225G:\auto_api1_framework\logs\info-2023-04-09.log:test_update_user_status.py:26 2023-04-09 01:21:27 >>>>>> 开始执行：
INFO    2023-04-09 01:21:27,465G:\auto_api1_framework\logs\info-2023-04-09.log:log_decorator.py:42 
======================================================
用例标题: 创建用户成功（全部参数）
请求路径: http://127.0.0.1:8888/api/private/v1/users
请求方式: POST
请求头:   {'User-Agent': 'python-requests/2.28.2', 'Accept-Encoding': 'gzip, deflate', 'Accept': '*/*', 'Connection': 'keep-alive', 'Content-Type': 'application/json', 'Authorization': 'Bearer eyJhbGciOiJIUzI1NiIsInR5cCI6IkpXVCJ9.eyJ1aWQiOjUwMCwicmlkIjowLCJpYXQiOjE2ODA5NzQ0ODcsImV4cCI6MTY4MTA2MDg4N30.qavY5poYHXbDE3CAC2RkgjNiBQmLx7wvXdYXOBSWRFQ', 'Content-Length': '104'}
请求内容: {'username': 'RsBRn855', 'password': '%08Z7i0M', 'email': 'zhanglei@yahoo.com', 'mobile': '15867882666'}
接口响应内容: {'data': {'id': 850, 'username': 'RsBRn855', 'mobile': '15867882666', 'email': 'zhanglei@yahoo.com', 'role_id': -1, 'create_time': 1680974487}, 'meta': {'msg': '创建成功', 'status': 201}}
接口响应时长: 74 ms
Http状态码: 200
断言结果: 200
=====================================================
INFO    2023-04-09 01:21:27,545G:\auto_api1_framework\logs\info-2023-04-09.log:test_update_user_status.py:29 2023-04-09 01:21:27 >>>>>> 执行结束！
INFO    2023-04-09 01:26:11,147G:\auto_api1_framework\logs\info-2023-04-09.log:test_update_user_status.py:26 2023-04-09 01:26:11 >>>>>> 开始执行：
INFO    2023-04-09 01:26:11,478G:\auto_api1_framework\logs\info-2023-04-09.log:test_update_user_status.py:29 2023-04-09 01:26:11 >>>>>> 执行结束！
INFO    2023-04-09 01:26:28,581G:\auto_api1_framework\logs\info-2023-04-09.log:test_update_user_status.py:26 2023-04-09 01:26:28 >>>>>> 开始执行：
INFO    2023-04-09 01:26:28,822G:\auto_api1_framework\logs\info-2023-04-09.log:log_decorator.py:42 
======================================================
用例标题: 创建用户成功（全部参数）
请求路径: http://127.0.0.1:8888/api/private/v1/users
请求方式: POST
请求头:   {'User-Agent': 'python-requests/2.28.2', 'Accept-Encoding': 'gzip, deflate', 'Accept': '*/*', 'Connection': 'keep-alive', 'Content-Type': 'application/json', 'Authorization': 'Bearer eyJhbGciOiJIUzI1NiIsInR5cCI6IkpXVCJ9.eyJ1aWQiOjUwMCwicmlkIjowLCJpYXQiOjE2ODA5NzQ3ODgsImV4cCI6MTY4MTA2MTE4OH0.WKBZyAvDzNjHe_ZrPmeaOh5XBHSHpGY21ZfsBgteO-Q', 'Content-Length': '101'}
请求内容: {'username': 'fnuaT797', 'password': '&IAz4B!i', 'email': 'jie06@gmail.com', 'mobile': '18011783331'}
接口响应内容: {'data': {'id': 852, 'username': 'fnuaT797', 'mobile': '18011783331', 'email': 'jie06@gmail.com', 'role_id': -1, 'create_time': 1680974788}, 'meta': {'msg': '创建成功', 'status': 201}}
接口响应时长: 77 ms
Http状态码: 200
断言结果: 200
=====================================================
INFO    2023-04-09 01:26:28,897G:\auto_api1_framework\logs\info-2023-04-09.log:test_update_user_status.py:29 2023-04-09 01:26:28 >>>>>> 执行结束！
INFO    2023-04-09 01:26:36,118G:\auto_api1_framework\logs\info-2023-04-09.log:test_update_user_status.py:26 2023-04-09 01:26:35 >>>>>> 开始执行：
INFO    2023-04-09 01:26:36,354G:\auto_api1_framework\logs\info-2023-04-09.log:log_decorator.py:42 
======================================================
用例标题: 创建用户成功（全部参数）
请求路径: http://127.0.0.1:8888/api/private/v1/users
请求方式: POST
请求头:   {'User-Agent': 'python-requests/2.28.2', 'Accept-Encoding': 'gzip, deflate', 'Accept': '*/*', 'Connection': 'keep-alive', 'Content-Type': 'application/json', 'Authorization': 'Bearer eyJhbGciOiJIUzI1NiIsInR5cCI6IkpXVCJ9.eyJ1aWQiOjUwMCwicmlkIjowLCJpYXQiOjE2ODA5NzQ3OTYsImV4cCI6MTY4MTA2MTE5Nn0.b_PukP-XNeozkRsDoX__mJF6cmhAozTvrErjkNDao88', 'Content-Length': '105'}
请求内容: {'username': 'GORDH515', 'password': '75+8mJGd', 'email': 'huangjing@gmail.com', 'mobile': '13933617597'}
接口响应内容: {'data': {'id': 853, 'username': 'GORDH515', 'mobile': '13933617597', 'email': 'huangjing@gmail.com', 'role_id': -1, 'create_time': 1680974796}, 'meta': {'msg': '创建成功', 'status': 201}}
接口响应时长: 70 ms
Http状态码: 200
断言结果: 200
=====================================================
INFO    2023-04-09 01:26:36,435G:\auto_api1_framework\logs\info-2023-04-09.log:test_update_user_status.py:29 2023-04-09 01:26:35 >>>>>> 执行结束！
INFO    2023-04-09 14:55:55,696G:\auto_api1_framework\logs\info-2023-04-09.log:test_update_user_status.py:26 2023-04-09 14:55:55 >>>>>> 开始执行：
INFO    2023-04-09 14:55:55,934G:\auto_api1_framework\logs\info-2023-04-09.log:log_decorator.py:42 
======================================================
用例标题: 创建用户成功（全部参数）
请求路径: http://127.0.0.1:8888/api/private/v1/users
请求方式: POST
请求头:   {'User-Agent': 'python-requests/2.28.2', 'Accept-Encoding': 'gzip, deflate', 'Accept': '*/*', 'Connection': 'keep-alive', 'Content-Type': 'application/json', 'Authorization': 'Bearer eyJhbGciOiJIUzI1NiIsInR5cCI6IkpXVCJ9.eyJ1aWQiOjUwMCwicmlkIjowLCJpYXQiOjE2ODEwMjMzNTUsImV4cCI6MTY4MTEwOTc1NX0.dHwjACGMC5C-OehTeuvkC25XMoTLaZEqihLaGDaPp2Y', 'Content-Length': '100'}
请求内容: {'username': 'BRsLe053', 'password': '6G+b1SEr', 'email': 'vtan@yahoo.com', 'mobile': '14559217219'}
接口响应内容: {'data': {'id': 854, 'username': 'BRsLe053', 'mobile': '14559217219', 'email': 'vtan@yahoo.com', 'role_id': -1, 'create_time': 1681023355}, 'meta': {'msg': '创建成功', 'status': 201}}
接口响应时长: 69 ms
Http状态码: 200
断言结果: 200
=====================================================
INFO    2023-04-09 14:55:56,026G:\auto_api1_framework\logs\info-2023-04-09.log:test_update_user_status.py:29 2023-04-09 14:55:55 >>>>>> 执行结束！
INFO    2023-04-09 14:56:24,799G:\auto_api1_framework\logs\info-2023-04-09.log:test_update_user_status.py:26 2023-04-09 14:56:24 >>>>>> 开始执行：
INFO    2023-04-09 14:56:25,046G:\auto_api1_framework\logs\info-2023-04-09.log:log_decorator.py:42 
======================================================
用例标题: 创建用户成功（全部参数）
请求路径: http://127.0.0.1:8888/api/private/v1/users
请求方式: POST
请求头:   {'User-Agent': 'python-requests/2.28.2', 'Accept-Encoding': 'gzip, deflate', 'Accept': '*/*', 'Connection': 'keep-alive', 'Content-Type': 'application/json', 'Authorization': 'Bearer eyJhbGciOiJIUzI1NiIsInR5cCI6IkpXVCJ9.eyJ1aWQiOjUwMCwicmlkIjowLCJpYXQiOjE2ODEwMjMzODQsImV4cCI6MTY4MTEwOTc4NH0.DnaIWvIjFYFEucse3_YHUuzamBTx1AFMc7HlIlC0KGQ', 'Content-Length': '102'}
请求内容: {'username': 'TaKhZ762', 'password': 'sMDv^6Sq', 'email': 'yong18@yahoo.com', 'mobile': '18955877974'}
接口响应内容: {'data': {'id': 855, 'username': 'TaKhZ762', 'mobile': '18955877974', 'email': 'yong18@yahoo.com', 'role_id': -1, 'create_time': 1681023385}, 'meta': {'msg': '创建成功', 'status': 201}}
接口响应时长: 84 ms
Http状态码: 200
断言结果: 200
=====================================================
INFO    2023-04-09 14:56:25,123G:\auto_api1_framework\logs\info-2023-04-09.log:test_update_user_status.py:29 2023-04-09 14:56:24 >>>>>> 执行结束！
INFO    2023-04-09 15:10:42,061G:\auto_api1_framework\logs\info-2023-04-09.log:test_update_user_status.py:26 2023-04-09 15:10:41 >>>>>> 开始执行：
INFO    2023-04-09 15:10:42,299G:\auto_api1_framework\logs\info-2023-04-09.log:log_decorator.py:42 
======================================================
用例标题: 创建用户成功（全部参数）
请求路径: http://127.0.0.1:8888/api/private/v1/users
请求方式: POST
请求头:   {'User-Agent': 'python-requests/2.28.2', 'Accept-Encoding': 'gzip, deflate', 'Accept': '*/*', 'Connection': 'keep-alive', 'Content-Type': 'application/json', 'Authorization': 'Bearer eyJhbGciOiJIUzI1NiIsInR5cCI6IkpXVCJ9.eyJ1aWQiOjUwMCwicmlkIjowLCJpYXQiOjE2ODEwMjQyNDIsImV4cCI6MTY4MTExMDY0Mn0.Tu_0JAFHoveu_W-67HBCq3UzjSLl9wbu3T7b6yHWudI', 'Content-Length': '100'}
请求内容: {'username': 'DBbtT175', 'password': '7#V1R!8p', 'email': 'qliu@gmail.com', 'mobile': '15056945229'}
接口响应内容: {'data': {'id': 856, 'username': 'DBbtT175', 'mobile': '15056945229', 'email': 'qliu@gmail.com', 'role_id': -1, 'create_time': 1681024242}, 'meta': {'msg': '创建成功', 'status': 201}}
接口响应时长: 82 ms
Http状态码: 200
断言结果: 200
=====================================================
INFO    2023-04-09 15:10:42,371G:\auto_api1_framework\logs\info-2023-04-09.log:test_update_user_status.py:29 2023-04-09 15:10:41 >>>>>> 执行结束！
INFO    2023-04-09 15:27:25,396G:\auto_api1_framework\logs\info-2023-04-09.log:test_update_user_status.py:26 2023-04-09 15:27:25 >>>>>> 开始执行：
INFO    2023-04-09 15:27:25,649G:\auto_api1_framework\logs\info-2023-04-09.log:log_decorator.py:42 
======================================================
用例标题: 创建用户成功（全部参数）
请求路径: http://127.0.0.1:8888/api/private/v1/users
请求方式: POST
请求头:   {'User-Agent': 'python-requests/2.28.2', 'Accept-Encoding': 'gzip, deflate', 'Accept': '*/*', 'Connection': 'keep-alive', 'Content-Type': 'application/json', 'Authorization': 'Bearer eyJhbGciOiJIUzI1NiIsInR5cCI6IkpXVCJ9.eyJ1aWQiOjUwMCwicmlkIjowLCJpYXQiOjE2ODEwMjUyNDUsImV4cCI6MTY4MTExMTY0NX0.2DAKDxYna-xvfyM5r-Tu8JaP5a7PPkS9cuulSelAe3A', 'Content-Length': '104'}
请求内容: {'username': 'MILVt488', 'password': '@42U9Wcr', 'email': 'jing99@hotmail.com', 'mobile': '13840124015'}
接口响应内容: {'data': {'id': 857, 'username': 'MILVt488', 'mobile': '13840124015', 'email': 'jing99@hotmail.com', 'role_id': -1, 'create_time': 1681025245}, 'meta': {'msg': '创建成功', 'status': 201}}
接口响应时长: 80 ms
Http状态码: 200
断言结果: 200
=====================================================
INFO    2023-04-09 15:27:25,730G:\auto_api1_framework\logs\info-2023-04-09.log:test_update_user_status.py:29 2023-04-09 15:27:25 >>>>>> 执行结束！
INFO    2023-04-09 15:31:17,012G:\auto_api1_framework\logs\info-2023-04-09.log:test_update_user_status.py:26 2023-04-09 15:31:16 >>>>>> 开始执行：
INFO    2023-04-09 15:31:17,263G:\auto_api1_framework\logs\info-2023-04-09.log:log_decorator.py:42 
======================================================
用例标题: 创建用户成功（全部参数）
请求路径: http://127.0.0.1:8888/api/private/v1/users
请求方式: POST
请求头:   {'User-Agent': 'python-requests/2.28.2', 'Accept-Encoding': 'gzip, deflate', 'Accept': '*/*', 'Connection': 'keep-alive', 'Content-Type': 'application/json', 'Authorization': 'Bearer eyJhbGciOiJIUzI1NiIsInR5cCI6IkpXVCJ9.eyJ1aWQiOjUwMCwicmlkIjowLCJpYXQiOjE2ODEwMjU0NzcsImV4cCI6MTY4MTExMTg3N30.D00wr435_XZ9kyUTEr8KGx8mbCzAJ8Aufq0Y5_fZnqE', 'Content-Length': '103'}
请求内容: {'username': 'fshQc395', 'password': '&gR!n1Mv', 'email': 'pingsun@yahoo.com', 'mobile': '13696325680'}
接口响应内容: {'data': {'id': 858, 'username': 'fshQc395', 'mobile': '13696325680', 'email': 'pingsun@yahoo.com', 'role_id': -1, 'create_time': 1681025477}, 'meta': {'msg': '创建成功', 'status': 201}}
接口响应时长: 86 ms
Http状态码: 200
断言结果: 200
=====================================================
INFO    2023-04-09 15:31:17,341G:\auto_api1_framework\logs\info-2023-04-09.log:test_update_user_status.py:29 2023-04-09 15:31:16 >>>>>> 执行结束！
INFO    2023-04-09 15:32:39,632G:\auto_api1_framework\logs\info-2023-04-09.log:test_update_user_status.py:26 2023-04-09 15:32:39 >>>>>> 开始执行：
INFO    2023-04-09 15:32:39,639G:\auto_api1_framework\logs\info-2023-04-09.log:log_decorator.py:42 
======================================================
用例标题: 修改用户信息
请求路径: http://127.0.0.1:8888/api/private/v1/users/$url_params%7Bid%7D
请求方式: PUT
请求头:   {'User-Agent': 'python-requests/2.28.2', 'Accept-Encoding': 'gzip, deflate', 'Accept': '*/*', 'Connection': 'keep-alive', 'Authorization': 'Bearer eyJhbGciOiJIUzI1NiIsInR5cCI6IkpXVCJ9.eyJ1aWQiOjUwMCwicmlkIjowLCJpYXQiOjE2ODEwMjU1NTksImV4cCI6MTY4MTExMTk1OX0.LnE4qEcP_OP186G6jEe2uX0M9tias3_tjHK6v07kQHg', 'Content-Length': '0'}
请求内容: None
接口响应内容: {'data': None, 'meta': {'msg': '用户ID必须是数字', 'status': 400}}
接口响应时长: 3 ms
Http状态码: 200
断言结果: 200
=====================================================
INFO    2023-04-09 15:32:39,717G:\auto_api1_framework\logs\info-2023-04-09.log:test_update_user_status.py:29 2023-04-09 15:32:39 >>>>>> 执行结束！
INFO    2023-04-09 15:37:48,217G:\auto_api1_framework\logs\info-2023-04-09.log:test_update_user_status.py:26 2023-04-09 15:37:48 >>>>>> 开始执行：
INFO    2023-04-09 15:37:48,481G:\auto_api1_framework\logs\info-2023-04-09.log:log_decorator.py:42 
======================================================
用例标题: 创建用户成功（全部参数）
请求路径: http://127.0.0.1:8888/api/private/v1/users
请求方式: POST
请求头:   {'User-Agent': 'python-requests/2.28.2', 'Accept-Encoding': 'gzip, deflate', 'Accept': '*/*', 'Connection': 'keep-alive', 'Content-Type': 'application/json', 'Authorization': 'Bearer eyJhbGciOiJIUzI1NiIsInR5cCI6IkpXVCJ9.eyJ1aWQiOjUwMCwicmlkIjowLCJpYXQiOjE2ODEwMjU4NjgsImV4cCI6MTY4MTExMjI2OH0.GjCmvEVLha01c5-5KvW8GFhOt7DQAAdUow__Iq1UJgk', 'Content-Length': '102'}
请求内容: {'username': 'xhHgy972', 'password': '!+2NeQws', 'email': 'yang74@yahoo.com', 'mobile': '18919246062'}
接口响应内容: {'data': {'id': 859, 'username': 'xhHgy972', 'mobile': '18919246062', 'email': 'yang74@yahoo.com', 'role_id': -1, 'create_time': 1681025868}, 'meta': {'msg': '创建成功', 'status': 201}}
接口响应时长: 81 ms
Http状态码: 200
断言结果: 200
=====================================================
INFO    2023-04-09 15:37:48,569G:\auto_api1_framework\logs\info-2023-04-09.log:test_update_user_status.py:29 2023-04-09 15:37:48 >>>>>> 执行结束！
INFO    2023-04-09 15:40:28,972G:\auto_api1_framework\logs\info-2023-04-09.log:test_update_user_status.py:26 2023-04-09 15:40:28 >>>>>> 开始执行：
INFO    2023-04-09 15:40:29,239G:\auto_api1_framework\logs\info-2023-04-09.log:log_decorator.py:42 
======================================================
用例标题: 创建用户成功（全部参数）
请求路径: http://127.0.0.1:8888/api/private/v1/users
请求方式: POST
请求头:   {'User-Agent': 'python-requests/2.28.2', 'Accept-Encoding': 'gzip, deflate', 'Accept': '*/*', 'Connection': 'keep-alive', 'Content-Type': 'application/json', 'Authorization': 'Bearer eyJhbGciOiJIUzI1NiIsInR5cCI6IkpXVCJ9.eyJ1aWQiOjUwMCwicmlkIjowLCJpYXQiOjE2ODEwMjYwMjgsImV4cCI6MTY4MTExMjQyOH0.pCsRtSEMF1LRHBrMj94ZXqhJsXxM28an89Usn94acas', 'Content-Length': '104'}
请求内容: {'username': 'HpShR358', 'password': '%ko2L)Ck', 'email': 'dongchao@yahoo.com', 'mobile': '15665642154'}
接口响应内容: {'data': {'id': 860, 'username': 'HpShR358', 'mobile': '15665642154', 'email': 'dongchao@yahoo.com', 'role_id': -1, 'create_time': 1681026029}, 'meta': {'msg': '创建成功', 'status': 201}}
接口响应时长: 84 ms
Http状态码: 200
断言结果: 200
=====================================================
INFO    2023-04-09 15:40:29,322G:\auto_api1_framework\logs\info-2023-04-09.log:test_update_user_status.py:29 2023-04-09 15:40:28 >>>>>> 执行结束！
INFO    2023-04-09 15:43:06,225G:\auto_api1_framework\logs\info-2023-04-09.log:test_update_user_status.py:26 2023-04-09 15:43:06 >>>>>> 开始执行：
INFO    2023-04-09 15:43:06,477G:\auto_api1_framework\logs\info-2023-04-09.log:log_decorator.py:42 
======================================================
用例标题: 创建用户成功（全部参数）
请求路径: http://127.0.0.1:8888/api/private/v1/users
请求方式: POST
请求头:   {'User-Agent': 'python-requests/2.28.2', 'Accept-Encoding': 'gzip, deflate', 'Accept': '*/*', 'Connection': 'keep-alive', 'Content-Type': 'application/json', 'Authorization': 'Bearer eyJhbGciOiJIUzI1NiIsInR5cCI6IkpXVCJ9.eyJ1aWQiOjUwMCwicmlkIjowLCJpYXQiOjE2ODEwMjYxODYsImV4cCI6MTY4MTExMjU4Nn0.MWnhp5pzfO36Yx0Q4skrde_ePQwAfiD0EobfUGqMWSQ', 'Content-Length': '106'}
请求内容: {'username': 'jGUum843', 'password': '$Q5Hoqy%', 'email': 'huangmin@hotmail.com', 'mobile': '14514171010'}
接口响应内容: {'data': {'id': 861, 'username': 'jGUum843', 'mobile': '14514171010', 'email': 'huangmin@hotmail.com', 'role_id': -1, 'create_time': 1681026186}, 'meta': {'msg': '创建成功', 'status': 201}}
接口响应时长: 83 ms
Http状态码: 200
断言结果: 200
=====================================================
INFO    2023-04-09 15:43:06,559G:\auto_api1_framework\logs\info-2023-04-09.log:test_update_user_status.py:29 2023-04-09 15:43:06 >>>>>> 执行结束！
INFO    2023-04-09 15:45:44,237G:\auto_api1_framework\logs\info-2023-04-09.log:test_update_user_status.py:26 2023-04-09 15:45:44 >>>>>> 开始执行：
INFO    2023-04-09 15:45:44,486G:\auto_api1_framework\logs\info-2023-04-09.log:log_decorator.py:42 
======================================================
用例标题: 创建用户成功（全部参数）
请求路径: http://127.0.0.1:8888/api/private/v1/users
请求方式: POST
请求头:   {'User-Agent': 'python-requests/2.28.2', 'Accept-Encoding': 'gzip, deflate', 'Accept': '*/*', 'Connection': 'keep-alive', 'Content-Type': 'application/json', 'Authorization': 'Bearer eyJhbGciOiJIUzI1NiIsInR5cCI6IkpXVCJ9.eyJ1aWQiOjUwMCwicmlkIjowLCJpYXQiOjE2ODEwMjYzNDQsImV4cCI6MTY4MTExMjc0NH0.nDB1zIuiwb26lUANP56LEG5DAwuPH7j6ZsMK_zAsoTw', 'Content-Length': '102'}
请求内容: {'username': 'jgHkK474', 'password': '$9_z+Me7', 'email': 'juanyu@gmail.com', 'mobile': '13642325936'}
接口响应内容: {'data': {'id': 862, 'username': 'jgHkK474', 'mobile': '13642325936', 'email': 'juanyu@gmail.com', 'role_id': -1, 'create_time': 1681026344}, 'meta': {'msg': '创建成功', 'status': 201}}
接口响应时长: 83 ms
Http状态码: 200
断言结果: 200
=====================================================
INFO    2023-04-09 15:45:44,567G:\auto_api1_framework\logs\info-2023-04-09.log:test_update_user_status.py:29 2023-04-09 15:45:44 >>>>>> 执行结束！
INFO    2023-04-09 15:50:13,352G:\auto_api1_framework\logs\info-2023-04-09.log:test_update_user_status.py:26 2023-04-09 15:50:13 >>>>>> 开始执行：
INFO    2023-04-09 15:50:13,607G:\auto_api1_framework\logs\info-2023-04-09.log:log_decorator.py:42 
======================================================
用例标题: 创建用户成功（全部参数）
请求路径: http://127.0.0.1:8888/api/private/v1/users
请求方式: POST
请求头:   {'User-Agent': 'python-requests/2.28.2', 'Accept-Encoding': 'gzip, deflate', 'Accept': '*/*', 'Connection': 'keep-alive', 'Content-Type': 'application/json', 'Authorization': 'Bearer eyJhbGciOiJIUzI1NiIsInR5cCI6IkpXVCJ9.eyJ1aWQiOjUwMCwicmlkIjowLCJpYXQiOjE2ODEwMjY2MTMsImV4cCI6MTY4MTExMzAxM30.CtqRhY-rdiALACF6bdJe9yCFrhXV7Cl84zYoO2YEUP0', 'Content-Length': '101'}
请求内容: {'username': 'bhjIk842', 'password': '4*0QSIUc', 'email': 'kwang@yahoo.com', 'mobile': '13601916639'}
接口响应内容: {'data': {'id': 863, 'username': 'bhjIk842', 'mobile': '13601916639', 'email': 'kwang@yahoo.com', 'role_id': -1, 'create_time': 1681026613}, 'meta': {'msg': '创建成功', 'status': 201}}
接口响应时长: 84 ms
Http状态码: 200
断言结果: 200
=====================================================
INFO    2023-04-09 15:50:13,685G:\auto_api1_framework\logs\info-2023-04-09.log:test_update_user_status.py:29 2023-04-09 15:50:13 >>>>>> 执行结束！
INFO    2023-04-09 15:51:09,833G:\auto_api1_framework\logs\info-2023-04-09.log:test_update_user_status.py:26 2023-04-09 15:51:09 >>>>>> 开始执行：
INFO    2023-04-09 15:51:10,095G:\auto_api1_framework\logs\info-2023-04-09.log:log_decorator.py:42 
======================================================
用例标题: 创建用户成功（全部参数）
请求路径: http://127.0.0.1:8888/api/private/v1/users
请求方式: POST
请求头:   {'User-Agent': 'python-requests/2.28.2', 'Accept-Encoding': 'gzip, deflate', 'Accept': '*/*', 'Connection': 'keep-alive', 'Content-Type': 'application/json', 'Authorization': 'Bearer eyJhbGciOiJIUzI1NiIsInR5cCI6IkpXVCJ9.eyJ1aWQiOjUwMCwicmlkIjowLCJpYXQiOjE2ODEwMjY2NjksImV4cCI6MTY4MTExMzA2OX0.azy-SbzBlx5xG9PxjLoIePxyWEjVqmwlajwOy7LCM0o', 'Content-Length': '102'}
请求内容: {'username': 'nIsbX023', 'password': 'Y(_0oHMh', 'email': 'xuming@yahoo.com', 'mobile': '15647296839'}
接口响应内容: {'data': {'id': 864, 'username': 'nIsbX023', 'mobile': '15647296839', 'email': 'xuming@yahoo.com', 'role_id': -1, 'create_time': 1681026670}, 'meta': {'msg': '创建成功', 'status': 201}}
接口响应时长: 88 ms
Http状态码: 200
断言结果: 200
=====================================================
INFO    2023-04-09 15:51:10,099G:\auto_api1_framework\logs\info-2023-04-09.log:log_decorator.py:42 
======================================================
用例标题: 修改用户信息
请求路径: http://127.0.0.1:8888/api/private/v1/users/$url_params%7Bid%7D
请求方式: PUT
请求头:   {'User-Agent': 'python-requests/2.28.2', 'Accept-Encoding': 'gzip, deflate', 'Accept': '*/*', 'Connection': 'keep-alive', 'Authorization': 'Bearer eyJhbGciOiJIUzI1NiIsInR5cCI6IkpXVCJ9.eyJ1aWQiOjUwMCwicmlkIjowLCJpYXQiOjE2ODEwMjY2NjksImV4cCI6MTY4MTExMzA2OX0.azy-SbzBlx5xG9PxjLoIePxyWEjVqmwlajwOy7LCM0o', 'Content-Length': '0'}
请求内容: None
接口响应内容: {'data': None, 'meta': {'msg': '用户ID必须是数字', 'status': 400}}
接口响应时长: 1 ms
Http状态码: 200
断言结果: 200
=====================================================
INFO    2023-04-09 15:51:10,173G:\auto_api1_framework\logs\info-2023-04-09.log:test_update_user_status.py:29 2023-04-09 15:51:09 >>>>>> 执行结束！
INFO    2023-04-09 15:52:27,478G:\auto_api1_framework\logs\info-2023-04-09.log:test_update_user_status.py:26 2023-04-09 15:52:27 >>>>>> 开始执行：
INFO    2023-04-09 15:52:27,738G:\auto_api1_framework\logs\info-2023-04-09.log:log_decorator.py:42 
======================================================
用例标题: 创建用户成功（全部参数）
请求路径: http://127.0.0.1:8888/api/private/v1/users
请求方式: POST
请求头:   {'User-Agent': 'python-requests/2.28.2', 'Accept-Encoding': 'gzip, deflate', 'Accept': '*/*', 'Connection': 'keep-alive', 'Content-Type': 'application/json', 'Authorization': 'Bearer eyJhbGciOiJIUzI1NiIsInR5cCI6IkpXVCJ9.eyJ1aWQiOjUwMCwicmlkIjowLCJpYXQiOjE2ODEwMjY3NDcsImV4cCI6MTY4MTExMzE0N30.JCU8u_3ve-j3AYM_fIKS2kyk9dxd8rVWo7_T55j941E', 'Content-Length': '104'}
请求内容: {'username': 'UkEVN234', 'password': ')92iKAs(', 'email': 'liuxia@hotmail.com', 'mobile': '18921488550'}
接口响应内容: {'data': {'id': 865, 'username': 'UkEVN234', 'mobile': '18921488550', 'email': 'liuxia@hotmail.com', 'role_id': -1, 'create_time': 1681026747}, 'meta': {'msg': '创建成功', 'status': 201}}
接口响应时长: 91 ms
Http状态码: 200
断言结果: 200
=====================================================
INFO    2023-04-09 15:52:27,816G:\auto_api1_framework\logs\info-2023-04-09.log:test_update_user_status.py:29 2023-04-09 15:52:27 >>>>>> 执行结束！
INFO    2023-04-09 15:52:53,810G:\auto_api1_framework\logs\info-2023-04-09.log:test_update_user_status.py:26 2023-04-09 15:52:53 >>>>>> 开始执行：
INFO    2023-04-09 15:52:54,068G:\auto_api1_framework\logs\info-2023-04-09.log:log_decorator.py:42 
======================================================
用例标题: 创建用户成功（全部参数）
请求路径: http://127.0.0.1:8888/api/private/v1/users
请求方式: POST
请求头:   {'User-Agent': 'python-requests/2.28.2', 'Accept-Encoding': 'gzip, deflate', 'Accept': '*/*', 'Connection': 'keep-alive', 'Content-Type': 'application/json', 'Authorization': 'Bearer eyJhbGciOiJIUzI1NiIsInR5cCI6IkpXVCJ9.eyJ1aWQiOjUwMCwicmlkIjowLCJpYXQiOjE2ODEwMjY3NzMsImV4cCI6MTY4MTExMzE3M30.v3g9OwZuITWO2GKZWdALFUk1Q2zfDAGj96VMRk3wOhM', 'Content-Length': '107'}
请求内容: {'username': 'ZNxgp742', 'password': 'h+x4QYvT', 'email': 'xiuying34@hotmail.com', 'mobile': '15157219082'}
接口响应内容: {'data': {'id': 866, 'username': 'ZNxgp742', 'mobile': '15157219082', 'email': 'xiuying34@hotmail.com', 'role_id': -1, 'create_time': 1681026774}, 'meta': {'msg': '创建成功', 'status': 201}}
接口响应时长: 90 ms
Http状态码: 200
断言结果: 200
=====================================================
INFO    2023-04-09 15:52:54,072G:\auto_api1_framework\logs\info-2023-04-09.log:log_decorator.py:42 
======================================================
用例标题: 修改用户信息
请求路径: http://127.0.0.1:8888/api/private/v1/users/$url_params%7Bid%7D
请求方式: PUT
请求头:   {'User-Agent': 'python-requests/2.28.2', 'Accept-Encoding': 'gzip, deflate', 'Accept': '*/*', 'Connection': 'keep-alive', 'Authorization': 'Bearer eyJhbGciOiJIUzI1NiIsInR5cCI6IkpXVCJ9.eyJ1aWQiOjUwMCwicmlkIjowLCJpYXQiOjE2ODEwMjY3NzMsImV4cCI6MTY4MTExMzE3M30.v3g9OwZuITWO2GKZWdALFUk1Q2zfDAGj96VMRk3wOhM', 'Content-Length': '0'}
请求内容: None
接口响应内容: {'data': None, 'meta': {'msg': '用户ID必须是数字', 'status': 400}}
接口响应时长: 1 ms
Http状态码: 200
断言结果: 200
=====================================================
INFO    2023-04-09 15:52:54,149G:\auto_api1_framework\logs\info-2023-04-09.log:test_update_user_status.py:29 2023-04-09 15:52:53 >>>>>> 执行结束！
INFO    2023-04-09 15:54:00,134G:\auto_api1_framework\logs\info-2023-04-09.log:test_update_user_status.py:26 2023-04-09 15:54:00 >>>>>> 开始执行：
INFO    2023-04-09 15:54:00,385G:\auto_api1_framework\logs\info-2023-04-09.log:log_decorator.py:42 
======================================================
用例标题: 创建用户成功（全部参数）
请求路径: http://127.0.0.1:8888/api/private/v1/users
请求方式: POST
请求头:   {'User-Agent': 'python-requests/2.28.2', 'Accept-Encoding': 'gzip, deflate', 'Accept': '*/*', 'Connection': 'keep-alive', 'Content-Type': 'application/json', 'Authorization': 'Bearer eyJhbGciOiJIUzI1NiIsInR5cCI6IkpXVCJ9.eyJ1aWQiOjUwMCwicmlkIjowLCJpYXQiOjE2ODEwMjY4NDAsImV4cCI6MTY4MTExMzI0MH0.RHRCyvNOudb_1v965u8rU3EMU2My1hPRcG_SOhbydR4', 'Content-Length': '104'}
请求内容: {'username': 'Giinc227', 'password': '*+4Kwf@P', 'email': 'ping02@hotmail.com', 'mobile': '13495724836'}
接口响应内容: {'data': {'id': 867, 'username': 'Giinc227', 'mobile': '13495724836', 'email': 'ping02@hotmail.com', 'role_id': -1, 'create_time': 1681026840}, 'meta': {'msg': '创建成功', 'status': 201}}
接口响应时长: 81 ms
Http状态码: 200
断言结果: 200
=====================================================
INFO    2023-04-09 15:54:00,389G:\auto_api1_framework\logs\info-2023-04-09.log:log_decorator.py:42 
======================================================
用例标题: 修改用户信息
请求路径: http://127.0.0.1:8888/api/private/v1/users/$url_params%7Bid%7D
请求方式: PUT
请求头:   {'User-Agent': 'python-requests/2.28.2', 'Accept-Encoding': 'gzip, deflate', 'Accept': '*/*', 'Connection': 'keep-alive', 'Authorization': 'Bearer eyJhbGciOiJIUzI1NiIsInR5cCI6IkpXVCJ9.eyJ1aWQiOjUwMCwicmlkIjowLCJpYXQiOjE2ODEwMjY4NDAsImV4cCI6MTY4MTExMzI0MH0.RHRCyvNOudb_1v965u8rU3EMU2My1hPRcG_SOhbydR4', 'Content-Length': '0'}
请求内容: None
接口响应内容: {'data': None, 'meta': {'msg': '用户ID必须是数字', 'status': 400}}
接口响应时长: 1 ms
Http状态码: 200
断言结果: 200
=====================================================
INFO    2023-04-09 15:54:00,466G:\auto_api1_framework\logs\info-2023-04-09.log:test_update_user_status.py:29 2023-04-09 15:54:00 >>>>>> 执行结束！
INFO    2023-04-09 15:54:19,851G:\auto_api1_framework\logs\info-2023-04-09.log:test_update_user_status.py:26 2023-04-09 15:54:19 >>>>>> 开始执行：
INFO    2023-04-09 15:54:20,107G:\auto_api1_framework\logs\info-2023-04-09.log:log_decorator.py:42 
======================================================
用例标题: 创建用户成功（全部参数）
请求路径: http://127.0.0.1:8888/api/private/v1/users
请求方式: POST
请求头:   {'User-Agent': 'python-requests/2.28.2', 'Accept-Encoding': 'gzip, deflate', 'Accept': '*/*', 'Connection': 'keep-alive', 'Content-Type': 'application/json', 'Authorization': 'Bearer eyJhbGciOiJIUzI1NiIsInR5cCI6IkpXVCJ9.eyJ1aWQiOjUwMCwicmlkIjowLCJpYXQiOjE2ODEwMjY4NTksImV4cCI6MTY4MTExMzI1OX0.4wCpBEP4NJzQhkcIZm2ni-ketmXKUGSN3vDt6X4mhKg', 'Content-Length': '101'}
请求内容: {'username': 'FkyjD150', 'password': '#I70CmW$', 'email': 'tyi@hotmail.com', 'mobile': '13733743878'}
接口响应内容: {'data': {'id': 868, 'username': 'FkyjD150', 'mobile': '13733743878', 'email': 'tyi@hotmail.com', 'role_id': -1, 'create_time': 1681026860}, 'meta': {'msg': '创建成功', 'status': 201}}
接口响应时长: 91 ms
Http状态码: 200
断言结果: 200
=====================================================
INFO    2023-04-09 15:54:20,111G:\auto_api1_framework\logs\info-2023-04-09.log:log_decorator.py:42 
======================================================
用例标题: 修改用户信息
请求路径: http://127.0.0.1:8888/api/private/v1/users/$url_params%7Bid%7D
请求方式: PUT
请求头:   {'User-Agent': 'python-requests/2.28.2', 'Accept-Encoding': 'gzip, deflate', 'Accept': '*/*', 'Connection': 'keep-alive', 'Authorization': 'Bearer eyJhbGciOiJIUzI1NiIsInR5cCI6IkpXVCJ9.eyJ1aWQiOjUwMCwicmlkIjowLCJpYXQiOjE2ODEwMjY4NTksImV4cCI6MTY4MTExMzI1OX0.4wCpBEP4NJzQhkcIZm2ni-ketmXKUGSN3vDt6X4mhKg', 'Content-Length': '0'}
请求内容: None
接口响应内容: {'data': None, 'meta': {'msg': '用户ID必须是数字', 'status': 400}}
接口响应时长: 2 ms
Http状态码: 200
断言结果: 200
=====================================================
INFO    2023-04-09 15:54:20,187G:\auto_api1_framework\logs\info-2023-04-09.log:test_update_user_status.py:29 2023-04-09 15:54:19 >>>>>> 执行结束！
INFO    2023-04-09 15:54:34,823G:\auto_api1_framework\logs\info-2023-04-09.log:test_update_user_status.py:26 2023-04-09 15:54:34 >>>>>> 开始执行：
INFO    2023-04-09 15:54:35,094G:\auto_api1_framework\logs\info-2023-04-09.log:log_decorator.py:42 
======================================================
用例标题: 创建用户成功（全部参数）
请求路径: http://127.0.0.1:8888/api/private/v1/users
请求方式: POST
请求头:   {'User-Agent': 'python-requests/2.28.2', 'Accept-Encoding': 'gzip, deflate', 'Accept': '*/*', 'Connection': 'keep-alive', 'Content-Type': 'application/json', 'Authorization': 'Bearer eyJhbGciOiJIUzI1NiIsInR5cCI6IkpXVCJ9.eyJ1aWQiOjUwMCwicmlkIjowLCJpYXQiOjE2ODEwMjY4NzQsImV4cCI6MTY4MTExMzI3NH0.Avp9hHJ93Pe4vi-icm65uhje_ptLLmb1jCLZvpnhyhQ', 'Content-Length': '101'}
请求内容: {'username': 'LNIhw834', 'password': 'fQC%5E1g', 'email': 'tao54@gmail.com', 'mobile': '18580223357'}
接口响应内容: {'data': {'id': 869, 'username': 'LNIhw834', 'mobile': '18580223357', 'email': 'tao54@gmail.com', 'role_id': -1, 'create_time': 1681026875}, 'meta': {'msg': '创建成功', 'status': 201}}
接口响应时长: 80 ms
Http状态码: 200
断言结果: 200
=====================================================
INFO    2023-04-09 15:54:35,097G:\auto_api1_framework\logs\info-2023-04-09.log:log_decorator.py:42 
======================================================
用例标题: 修改用户信息
请求路径: http://127.0.0.1:8888/api/private/v1/users/$url_params%7Bid%7D
请求方式: PUT
请求头:   {'User-Agent': 'python-requests/2.28.2', 'Accept-Encoding': 'gzip, deflate', 'Accept': '*/*', 'Connection': 'keep-alive', 'Authorization': 'Bearer eyJhbGciOiJIUzI1NiIsInR5cCI6IkpXVCJ9.eyJ1aWQiOjUwMCwicmlkIjowLCJpYXQiOjE2ODEwMjY4NzQsImV4cCI6MTY4MTExMzI3NH0.Avp9hHJ93Pe4vi-icm65uhje_ptLLmb1jCLZvpnhyhQ', 'Content-Length': '0'}
请求内容: None
接口响应内容: {'data': None, 'meta': {'msg': '用户ID必须是数字', 'status': 400}}
接口响应时长: 1 ms
Http状态码: 200
断言结果: 200
=====================================================
INFO    2023-04-09 15:54:35,176G:\auto_api1_framework\logs\info-2023-04-09.log:test_update_user_status.py:29 2023-04-09 15:54:34 >>>>>> 执行结束！
INFO    2023-04-09 15:54:58,918G:\auto_api1_framework\logs\info-2023-04-09.log:test_update_user_status.py:26 2023-04-09 15:54:58 >>>>>> 开始执行：
INFO    2023-04-09 15:54:59,177G:\auto_api1_framework\logs\info-2023-04-09.log:log_decorator.py:42 
======================================================
用例标题: 创建用户成功（全部参数）
请求路径: http://127.0.0.1:8888/api/private/v1/users
请求方式: POST
请求头:   {'User-Agent': 'python-requests/2.28.2', 'Accept-Encoding': 'gzip, deflate', 'Accept': '*/*', 'Connection': 'keep-alive', 'Content-Type': 'application/json', 'Authorization': 'Bearer eyJhbGciOiJIUzI1NiIsInR5cCI6IkpXVCJ9.eyJ1aWQiOjUwMCwicmlkIjowLCJpYXQiOjE2ODEwMjY4OTgsImV4cCI6MTY4MTExMzI5OH0.5LMzRJXdy0eLbtujD2RjmMUHaBKMntsmmXQc0T6S0w0', 'Content-Length': '105'}
请求内容: {'username': 'yRxUH819', 'password': '(3#X7cb)', 'email': 'qiang76@hotmail.com', 'mobile': '15538454027'}
接口响应内容: {'data': {'id': 870, 'username': 'yRxUH819', 'mobile': '15538454027', 'email': 'qiang76@hotmail.com', 'role_id': -1, 'create_time': 1681026899}, 'meta': {'msg': '创建成功', 'status': 201}}
接口响应时长: 89 ms
Http状态码: 200
断言结果: 200
=====================================================
INFO    2023-04-09 15:54:59,254G:\auto_api1_framework\logs\info-2023-04-09.log:test_update_user_status.py:29 2023-04-09 15:54:58 >>>>>> 执行结束！
INFO    2023-04-09 15:55:10,100G:\auto_api1_framework\logs\info-2023-04-09.log:test_update_user_status.py:26 2023-04-09 15:55:09 >>>>>> 开始执行：
INFO    2023-04-09 15:55:10,350G:\auto_api1_framework\logs\info-2023-04-09.log:log_decorator.py:42 
======================================================
用例标题: 创建用户成功（全部参数）
请求路径: http://127.0.0.1:8888/api/private/v1/users
请求方式: POST
请求头:   {'User-Agent': 'python-requests/2.28.2', 'Accept-Encoding': 'gzip, deflate', 'Accept': '*/*', 'Connection': 'keep-alive', 'Content-Type': 'application/json', 'Authorization': 'Bearer eyJhbGciOiJIUzI1NiIsInR5cCI6IkpXVCJ9.eyJ1aWQiOjUwMCwicmlkIjowLCJpYXQiOjE2ODEwMjY5MTAsImV4cCI6MTY4MTExMzMxMH0.qM2TA3PUO1Hph8C7j5s4q8J78xZrVhXn_Az41q63mLs', 'Content-Length': '102'}
请求内容: {'username': 'TkCQI776', 'password': 'H_0KOJm0', 'email': 'zxiang@yahoo.com', 'mobile': '13782086489'}
接口响应内容: {'data': {'id': 871, 'username': 'TkCQI776', 'mobile': '13782086489', 'email': 'zxiang@yahoo.com', 'role_id': -1, 'create_time': 1681026910}, 'meta': {'msg': '创建成功', 'status': 201}}
接口响应时长: 82 ms
Http状态码: 200
断言结果: 200
=====================================================
INFO    2023-04-09 15:55:10,354G:\auto_api1_framework\logs\info-2023-04-09.log:log_decorator.py:42 
======================================================
用例标题: 修改用户信息
请求路径: http://127.0.0.1:8888/api/private/v1/users/$url_params%7Bid%7D
请求方式: PUT
请求头:   {'User-Agent': 'python-requests/2.28.2', 'Accept-Encoding': 'gzip, deflate', 'Accept': '*/*', 'Connection': 'keep-alive', 'Authorization': 'Bearer eyJhbGciOiJIUzI1NiIsInR5cCI6IkpXVCJ9.eyJ1aWQiOjUwMCwicmlkIjowLCJpYXQiOjE2ODEwMjY5MTAsImV4cCI6MTY4MTExMzMxMH0.qM2TA3PUO1Hph8C7j5s4q8J78xZrVhXn_Az41q63mLs', 'Content-Length': '0'}
请求内容: None
接口响应内容: {'data': None, 'meta': {'msg': '用户ID必须是数字', 'status': 400}}
接口响应时长: 2 ms
Http状态码: 200
断言结果: 200
=====================================================
INFO    2023-04-09 15:55:10,430G:\auto_api1_framework\logs\info-2023-04-09.log:test_update_user_status.py:29 2023-04-09 15:55:09 >>>>>> 执行结束！
INFO    2023-04-09 15:55:59,257G:\auto_api1_framework\logs\info-2023-04-09.log:test_update_user_status.py:26 2023-04-09 15:55:59 >>>>>> 开始执行：
INFO    2023-04-09 15:55:59,503G:\auto_api1_framework\logs\info-2023-04-09.log:log_decorator.py:42 
======================================================
用例标题: 创建用户成功（全部参数）
请求路径: http://127.0.0.1:8888/api/private/v1/users
请求方式: POST
请求头:   {'User-Agent': 'python-requests/2.28.2', 'Accept-Encoding': 'gzip, deflate', 'Accept': '*/*', 'Connection': 'keep-alive', 'Content-Type': 'application/json', 'Authorization': 'Bearer eyJhbGciOiJIUzI1NiIsInR5cCI6IkpXVCJ9.eyJ1aWQiOjUwMCwicmlkIjowLCJpYXQiOjE2ODEwMjY5NTksImV4cCI6MTY4MTExMzM1OX0.isVZUWUlg2iocZykK2KzYC-S5QlB1nezaGdXS8HJfXU', 'Content-Length': '103'}
请求内容: {'username': 'sRsoS896', 'password': '%8U6OIqC', 'email': 'pinglei@yahoo.com', 'mobile': '15812816020'}
接口响应内容: {'data': {'id': 872, 'username': 'sRsoS896', 'mobile': '15812816020', 'email': 'pinglei@yahoo.com', 'role_id': -1, 'create_time': 1681026959}, 'meta': {'msg': '创建成功', 'status': 201}}
接口响应时长: 83 ms
Http状态码: 200
断言结果: 200
=====================================================
INFO    2023-04-09 15:55:59,508G:\auto_api1_framework\logs\info-2023-04-09.log:log_decorator.py:42 
======================================================
用例标题: 修改用户信息
请求路径: http://127.0.0.1:8888/api/private/v1/users/$url_params%7Bid%7D
请求方式: PUT
请求头:   {'User-Agent': 'python-requests/2.28.2', 'Accept-Encoding': 'gzip, deflate', 'Accept': '*/*', 'Connection': 'keep-alive', 'Authorization': 'Bearer eyJhbGciOiJIUzI1NiIsInR5cCI6IkpXVCJ9.eyJ1aWQiOjUwMCwicmlkIjowLCJpYXQiOjE2ODEwMjY5NTksImV4cCI6MTY4MTExMzM1OX0.isVZUWUlg2iocZykK2KzYC-S5QlB1nezaGdXS8HJfXU', 'Content-Length': '0'}
请求内容: None
接口响应内容: {'data': None, 'meta': {'msg': '用户ID必须是数字', 'status': 400}}
接口响应时长: 1 ms
Http状态码: 200
断言结果: 200
=====================================================
INFO    2023-04-09 15:55:59,580G:\auto_api1_framework\logs\info-2023-04-09.log:test_update_user_status.py:29 2023-04-09 15:55:59 >>>>>> 执行结束！
INFO    2023-04-09 16:01:46,774G:\auto_api1_framework\logs\info-2023-04-09.log:test_update_user_status.py:26 2023-04-09 16:01:46 >>>>>> 开始执行：
INFO    2023-04-09 16:01:47,015G:\auto_api1_framework\logs\info-2023-04-09.log:log_decorator.py:42 
======================================================
用例标题: 创建用户成功（全部参数）
请求路径: http://127.0.0.1:8888/api/private/v1/users
请求方式: POST
请求头:   {'User-Agent': 'python-requests/2.28.2', 'Accept-Encoding': 'gzip, deflate', 'Accept': '*/*', 'Connection': 'keep-alive', 'Content-Type': 'application/json', 'Authorization': 'Bearer eyJhbGciOiJIUzI1NiIsInR5cCI6IkpXVCJ9.eyJ1aWQiOjUwMCwicmlkIjowLCJpYXQiOjE2ODEwMjczMDYsImV4cCI6MTY4MTExMzcwNn0.8oPN7gvWdnBSgTRntyZDkYUX970uYxC1APZoYM-unBI', 'Content-Length': '101'}
请求内容: {'username': 'HlYzI382', 'password': '%@G3O70p', 'email': 'yejun@yahoo.com', 'mobile': '15273951990'}
接口响应内容: {'data': {'id': 873, 'username': 'HlYzI382', 'mobile': '15273951990', 'email': 'yejun@yahoo.com', 'role_id': -1, 'create_time': 1681027307}, 'meta': {'msg': '创建成功', 'status': 201}}
接口响应时长: 81 ms
Http状态码: 200
断言结果: 200
=====================================================
INFO    2023-04-09 16:01:47,019G:\auto_api1_framework\logs\info-2023-04-09.log:log_decorator.py:42 
======================================================
用例标题: 修改用户信息
请求路径: http://127.0.0.1:8888/api/private/v1/users/$url_params%7Bid%7D
请求方式: PUT
请求头:   {'User-Agent': 'python-requests/2.28.2', 'Accept-Encoding': 'gzip, deflate', 'Accept': '*/*', 'Connection': 'keep-alive', 'Authorization': 'Bearer eyJhbGciOiJIUzI1NiIsInR5cCI6IkpXVCJ9.eyJ1aWQiOjUwMCwicmlkIjowLCJpYXQiOjE2ODEwMjczMDYsImV4cCI6MTY4MTExMzcwNn0.8oPN7gvWdnBSgTRntyZDkYUX970uYxC1APZoYM-unBI', 'Content-Length': '0'}
请求内容: None
接口响应内容: {'data': None, 'meta': {'msg': '用户ID必须是数字', 'status': 400}}
接口响应时长: 1 ms
Http状态码: 200
断言结果: 200
=====================================================
INFO    2023-04-09 16:01:47,099G:\auto_api1_framework\logs\info-2023-04-09.log:test_update_user_status.py:29 2023-04-09 16:01:46 >>>>>> 执行结束！
INFO    2023-04-09 16:07:13,338G:\auto_api1_framework\logs\info-2023-04-09.log:test_update_user_status.py:26 2023-04-09 16:07:13 >>>>>> 开始执行：
INFO    2023-04-09 16:07:13,600G:\auto_api1_framework\logs\info-2023-04-09.log:log_decorator.py:42 
======================================================
用例标题: 创建用户成功（全部参数）
请求路径: http://127.0.0.1:8888/api/private/v1/users
请求方式: POST
请求头:   {'User-Agent': 'python-requests/2.28.2', 'Accept-Encoding': 'gzip, deflate', 'Accept': '*/*', 'Connection': 'keep-alive', 'Content-Type': 'application/json', 'Authorization': 'Bearer eyJhbGciOiJIUzI1NiIsInR5cCI6IkpXVCJ9.eyJ1aWQiOjUwMCwicmlkIjowLCJpYXQiOjE2ODEwMjc2MzMsImV4cCI6MTY4MTExNDAzM30.MB3N2owxCXcDxootyO7VeI-TRVmMHPRJ1zTT5CWo9rE', 'Content-Length': '101'}
请求内容: {'username': 'VBwPz782', 'password': '^%i6PyuI', 'email': 'wei86@gmail.com', 'mobile': '15134460017'}
接口响应内容: {'data': {'id': 874, 'username': 'VBwPz782', 'mobile': '15134460017', 'email': 'wei86@gmail.com', 'role_id': -1, 'create_time': 1681027633}, 'meta': {'msg': '创建成功', 'status': 201}}
接口响应时长: 82 ms
Http状态码: 200
断言结果: 200
=====================================================
INFO    2023-04-09 16:07:13,605G:\auto_api1_framework\logs\info-2023-04-09.log:log_decorator.py:42 
======================================================
用例标题: 修改用户信息
请求路径: http://127.0.0.1:8888/api/private/v1/users/$url_params%7Bid%7D
请求方式: PUT
请求头:   {'User-Agent': 'python-requests/2.28.2', 'Accept-Encoding': 'gzip, deflate', 'Accept': '*/*', 'Connection': 'keep-alive', 'Authorization': 'Bearer eyJhbGciOiJIUzI1NiIsInR5cCI6IkpXVCJ9.eyJ1aWQiOjUwMCwicmlkIjowLCJpYXQiOjE2ODEwMjc2MzMsImV4cCI6MTY4MTExNDAzM30.MB3N2owxCXcDxootyO7VeI-TRVmMHPRJ1zTT5CWo9rE', 'Content-Length': '0'}
请求内容: None
接口响应内容: {'data': None, 'meta': {'msg': '用户ID必须是数字', 'status': 400}}
接口响应时长: 2 ms
Http状态码: 200
断言结果: 200
=====================================================
INFO    2023-04-09 16:07:13,681G:\auto_api1_framework\logs\info-2023-04-09.log:test_update_user_status.py:29 2023-04-09 16:07:13 >>>>>> 执行结束！
INFO    2023-04-09 16:07:34,170G:\auto_api1_framework\logs\info-2023-04-09.log:test_update_user_status.py:26 2023-04-09 16:07:34 >>>>>> 开始执行：
INFO    2023-04-09 16:07:34,432G:\auto_api1_framework\logs\info-2023-04-09.log:log_decorator.py:42 
======================================================
用例标题: 创建用户成功（全部参数）
请求路径: http://127.0.0.1:8888/api/private/v1/users
请求方式: POST
请求头:   {'User-Agent': 'python-requests/2.28.2', 'Accept-Encoding': 'gzip, deflate', 'Accept': '*/*', 'Connection': 'keep-alive', 'Content-Type': 'application/json', 'Authorization': 'Bearer eyJhbGciOiJIUzI1NiIsInR5cCI6IkpXVCJ9.eyJ1aWQiOjUwMCwicmlkIjowLCJpYXQiOjE2ODEwMjc2NTQsImV4cCI6MTY4MTExNDA1NH0.kT50YgyuNzc8rxlID3DrwICGVmMMA1EFruy07AkuwVI', 'Content-Length': '103'}
请求内容: {'username': 'EGHMU826', 'password': 'VIz)6KCg', 'email': 'luoyong@yahoo.com', 'mobile': '18853964031'}
接口响应内容: {'data': {'id': 875, 'username': 'EGHMU826', 'mobile': '18853964031', 'email': 'luoyong@yahoo.com', 'role_id': -1, 'create_time': 1681027654}, 'meta': {'msg': '创建成功', 'status': 201}}
接口响应时长: 83 ms
Http状态码: 200
断言结果: 200
=====================================================
INFO    2023-04-09 16:07:34,436G:\auto_api1_framework\logs\info-2023-04-09.log:log_decorator.py:42 
======================================================
用例标题: 修改用户信息
请求路径: http://127.0.0.1:8888/api/private/v1/users/$url_params%7Bid%7D
请求方式: PUT
请求头:   {'User-Agent': 'python-requests/2.28.2', 'Accept-Encoding': 'gzip, deflate', 'Accept': '*/*', 'Connection': 'keep-alive', 'Authorization': 'Bearer eyJhbGciOiJIUzI1NiIsInR5cCI6IkpXVCJ9.eyJ1aWQiOjUwMCwicmlkIjowLCJpYXQiOjE2ODEwMjc2NTQsImV4cCI6MTY4MTExNDA1NH0.kT50YgyuNzc8rxlID3DrwICGVmMMA1EFruy07AkuwVI', 'Content-Length': '0'}
请求内容: None
接口响应内容: {'data': None, 'meta': {'msg': '用户ID必须是数字', 'status': 400}}
接口响应时长: 2 ms
Http状态码: 200
断言结果: 200
=====================================================
INFO    2023-04-09 16:07:34,520G:\auto_api1_framework\logs\info-2023-04-09.log:test_update_user_status.py:29 2023-04-09 16:07:34 >>>>>> 执行结束！
INFO    2023-04-09 16:09:06,196G:\auto_api1_framework\logs\info-2023-04-09.log:test_update_user_status.py:26 2023-04-09 16:09:06 >>>>>> 开始执行：
INFO    2023-04-09 16:09:06,464G:\auto_api1_framework\logs\info-2023-04-09.log:log_decorator.py:42 
======================================================
用例标题: 创建用户成功（全部参数）
请求路径: http://127.0.0.1:8888/api/private/v1/users
请求方式: POST
请求头:   {'User-Agent': 'python-requests/2.28.2', 'Accept-Encoding': 'gzip, deflate', 'Accept': '*/*', 'Connection': 'keep-alive', 'Content-Type': 'application/json', 'Authorization': 'Bearer eyJhbGciOiJIUzI1NiIsInR5cCI6IkpXVCJ9.eyJ1aWQiOjUwMCwicmlkIjowLCJpYXQiOjE2ODEwMjc3NDYsImV4cCI6MTY4MTExNDE0Nn0.ktV5kDA2WnkNH-QbhCirVYfUmeQAhyy4g7CV4J4MGUE', 'Content-Length': '107'}
请求内容: {'username': 'TZxCQ327', 'password': '%$9MO_t&', 'email': 'xiuying97@hotmail.com', 'mobile': '15734714191'}
接口响应内容: {'data': {'id': 876, 'username': 'TZxCQ327', 'mobile': '15734714191', 'email': 'xiuying97@hotmail.com', 'role_id': -1, 'create_time': 1681027746}, 'meta': {'msg': '创建成功', 'status': 201}}
接口响应时长: 82 ms
Http状态码: 200
断言结果: 200
=====================================================
INFO    2023-04-09 16:09:06,470G:\auto_api1_framework\logs\info-2023-04-09.log:log_decorator.py:42 
======================================================
用例标题: 修改用户信息
请求路径: http://127.0.0.1:8888/api/private/v1/users/$url_params%7Bid%7D
请求方式: PUT
请求头:   {'User-Agent': 'python-requests/2.28.2', 'Accept-Encoding': 'gzip, deflate', 'Accept': '*/*', 'Connection': 'keep-alive', 'Authorization': 'Bearer eyJhbGciOiJIUzI1NiIsInR5cCI6IkpXVCJ9.eyJ1aWQiOjUwMCwicmlkIjowLCJpYXQiOjE2ODEwMjc3NDYsImV4cCI6MTY4MTExNDE0Nn0.ktV5kDA2WnkNH-QbhCirVYfUmeQAhyy4g7CV4J4MGUE', 'Content-Length': '0'}
请求内容: None
接口响应内容: {'data': None, 'meta': {'msg': '用户ID必须是数字', 'status': 400}}
接口响应时长: 2 ms
Http状态码: 200
断言结果: 200
=====================================================
INFO    2023-04-09 16:09:06,551G:\auto_api1_framework\logs\info-2023-04-09.log:test_update_user_status.py:29 2023-04-09 16:09:06 >>>>>> 执行结束！
INFO    2023-04-09 16:10:34,702G:\auto_api1_framework\logs\info-2023-04-09.log:test_update_user_status.py:26 2023-04-09 16:10:34 >>>>>> 开始执行：
INFO    2023-04-09 16:10:34,979G:\auto_api1_framework\logs\info-2023-04-09.log:log_decorator.py:42 
======================================================
用例标题: 创建用户成功（全部参数）
请求路径: http://127.0.0.1:8888/api/private/v1/users
请求方式: POST
请求头:   {'User-Agent': 'python-requests/2.28.2', 'Accept-Encoding': 'gzip, deflate', 'Accept': '*/*', 'Connection': 'keep-alive', 'Content-Type': 'application/json', 'Authorization': 'Bearer eyJhbGciOiJIUzI1NiIsInR5cCI6IkpXVCJ9.eyJ1aWQiOjUwMCwicmlkIjowLCJpYXQiOjE2ODEwMjc4MzQsImV4cCI6MTY4MTExNDIzNH0.ons-C1Iu7icCkw5P5PGvYYhwvSkJY5XvkRMWgmAW5Xg', 'Content-Length': '104'}
请求内容: {'username': 'MwCpg965', 'password': '&Gw3UeTJ', 'email': 'kongjing@yahoo.com', 'mobile': '15951786349'}
接口响应内容: {'data': {'id': 877, 'username': 'MwCpg965', 'mobile': '15951786349', 'email': 'kongjing@yahoo.com', 'role_id': -1, 'create_time': 1681027834}, 'meta': {'msg': '创建成功', 'status': 201}}
接口响应时长: 84 ms
Http状态码: 200
断言结果: 200
=====================================================
INFO    2023-04-09 16:10:34,983G:\auto_api1_framework\logs\info-2023-04-09.log:log_decorator.py:42 
======================================================
用例标题: 修改用户信息
请求路径: http://127.0.0.1:8888/api/private/v1/users/$url_params%7Bid%7D
请求方式: PUT
请求头:   {'User-Agent': 'python-requests/2.28.2', 'Accept-Encoding': 'gzip, deflate', 'Accept': '*/*', 'Connection': 'keep-alive', 'Authorization': 'Bearer eyJhbGciOiJIUzI1NiIsInR5cCI6IkpXVCJ9.eyJ1aWQiOjUwMCwicmlkIjowLCJpYXQiOjE2ODEwMjc4MzQsImV4cCI6MTY4MTExNDIzNH0.ons-C1Iu7icCkw5P5PGvYYhwvSkJY5XvkRMWgmAW5Xg', 'Content-Length': '0'}
请求内容: None
接口响应内容: {'data': None, 'meta': {'msg': '用户ID必须是数字', 'status': 400}}
接口响应时长: 2 ms
Http状态码: 200
断言结果: 200
=====================================================
INFO    2023-04-09 16:10:35,066G:\auto_api1_framework\logs\info-2023-04-09.log:test_update_user_status.py:29 2023-04-09 16:10:34 >>>>>> 执行结束！
INFO    2023-04-09 16:10:50,105G:\auto_api1_framework\logs\info-2023-04-09.log:test_update_user_status.py:26 2023-04-09 16:10:49 >>>>>> 开始执行：
INFO    2023-04-09 16:10:50,369G:\auto_api1_framework\logs\info-2023-04-09.log:log_decorator.py:42 
======================================================
用例标题: 创建用户成功（全部参数）
请求路径: http://127.0.0.1:8888/api/private/v1/users
请求方式: POST
请求头:   {'User-Agent': 'python-requests/2.28.2', 'Accept-Encoding': 'gzip, deflate', 'Accept': '*/*', 'Connection': 'keep-alive', 'Content-Type': 'application/json', 'Authorization': 'Bearer eyJhbGciOiJIUzI1NiIsInR5cCI6IkpXVCJ9.eyJ1aWQiOjUwMCwicmlkIjowLCJpYXQiOjE2ODEwMjc4NTAsImV4cCI6MTY4MTExNDI1MH0.fe_fzWGJUDRboCUPr2fkgkRrMoD5J32B0ANAJjFNusY', 'Content-Length': '101'}
请求内容: {'username': 'KVAdT152', 'password': '&k9@ppHn', 'email': 'min84@yahoo.com', 'mobile': '13696725394'}
接口响应内容: {'data': {'id': 878, 'username': 'KVAdT152', 'mobile': '13696725394', 'email': 'min84@yahoo.com', 'role_id': -1, 'create_time': 1681027850}, 'meta': {'msg': '创建成功', 'status': 201}}
接口响应时长: 83 ms
Http状态码: 200
断言结果: 200
=====================================================
INFO    2023-04-09 16:10:50,373G:\auto_api1_framework\logs\info-2023-04-09.log:log_decorator.py:42 
======================================================
用例标题: 修改用户信息
请求路径: http://127.0.0.1:8888/api/private/v1/users/$url_params%7Bid%7D
请求方式: PUT
请求头:   {'User-Agent': 'python-requests/2.28.2', 'Accept-Encoding': 'gzip, deflate', 'Accept': '*/*', 'Connection': 'keep-alive', 'Authorization': 'Bearer eyJhbGciOiJIUzI1NiIsInR5cCI6IkpXVCJ9.eyJ1aWQiOjUwMCwicmlkIjowLCJpYXQiOjE2ODEwMjc4NTAsImV4cCI6MTY4MTExNDI1MH0.fe_fzWGJUDRboCUPr2fkgkRrMoD5J32B0ANAJjFNusY', 'Content-Length': '0'}
请求内容: None
接口响应内容: {'data': None, 'meta': {'msg': '用户ID必须是数字', 'status': 400}}
接口响应时长: 2 ms
Http状态码: 200
断言结果: 200
=====================================================
INFO    2023-04-09 16:10:50,451G:\auto_api1_framework\logs\info-2023-04-09.log:test_update_user_status.py:29 2023-04-09 16:10:49 >>>>>> 执行结束！
INFO    2023-04-09 16:12:08,992G:\auto_api1_framework\logs\info-2023-04-09.log:test_update_user_status.py:26 2023-04-09 16:12:08 >>>>>> 开始执行：
INFO    2023-04-09 16:12:09,257G:\auto_api1_framework\logs\info-2023-04-09.log:log_decorator.py:42 
======================================================
用例标题: 创建用户成功（全部参数）
请求路径: http://127.0.0.1:8888/api/private/v1/users
请求方式: POST
请求头:   {'User-Agent': 'python-requests/2.28.2', 'Accept-Encoding': 'gzip, deflate', 'Accept': '*/*', 'Connection': 'keep-alive', 'Content-Type': 'application/json', 'Authorization': 'Bearer eyJhbGciOiJIUzI1NiIsInR5cCI6IkpXVCJ9.eyJ1aWQiOjUwMCwicmlkIjowLCJpYXQiOjE2ODEwMjc5MjgsImV4cCI6MTY4MTExNDMyOH0.MvrYI84i2hAES_Mf02crgCzrUsxU0iSp6RpGD8gSv-0', 'Content-Length': '100'}
请求内容: {'username': 'sHzia589', 'password': '+S8w4YvH', 'email': 'usun@gmail.com', 'mobile': '18719136482'}
接口响应内容: {'data': {'id': 879, 'username': 'sHzia589', 'mobile': '18719136482', 'email': 'usun@gmail.com', 'role_id': -1, 'create_time': 1681027929}, 'meta': {'msg': '创建成功', 'status': 201}}
接口响应时长: 84 ms
Http状态码: 200
断言结果: 200
=====================================================
INFO    2023-04-09 16:12:09,337G:\auto_api1_framework\logs\info-2023-04-09.log:test_update_user_status.py:29 2023-04-09 16:12:08 >>>>>> 执行结束！
INFO    2023-04-09 16:12:32,294G:\auto_api1_framework\logs\info-2023-04-09.log:test_update_user_status.py:26 2023-04-09 16:12:32 >>>>>> 开始执行：
INFO    2023-04-09 16:12:32,561G:\auto_api1_framework\logs\info-2023-04-09.log:log_decorator.py:42 
======================================================
用例标题: 创建用户成功（全部参数）
请求路径: http://127.0.0.1:8888/api/private/v1/users
请求方式: POST
请求头:   {'User-Agent': 'python-requests/2.28.2', 'Accept-Encoding': 'gzip, deflate', 'Accept': '*/*', 'Connection': 'keep-alive', 'Content-Type': 'application/json', 'Authorization': 'Bearer eyJhbGciOiJIUzI1NiIsInR5cCI6IkpXVCJ9.eyJ1aWQiOjUwMCwicmlkIjowLCJpYXQiOjE2ODEwMjc5NTIsImV4cCI6MTY4MTExNDM1Mn0.oKM_FUKWydYwdbrRZfxH0nzS78MWwheyZb5xLQF09lM', 'Content-Length': '101'}
请求内容: {'username': 'HJYtn151', 'password': '!0&$!Nf%', 'email': 'jiemo@gmail.com', 'mobile': '15375964790'}
接口响应内容: {'data': {'id': 880, 'username': 'HJYtn151', 'mobile': '15375964790', 'email': 'jiemo@gmail.com', 'role_id': -1, 'create_time': 1681027952}, 'meta': {'msg': '创建成功', 'status': 201}}
接口响应时长: 81 ms
Http状态码: 200
断言结果: 200
=====================================================
INFO    2023-04-09 16:12:32,565G:\auto_api1_framework\logs\info-2023-04-09.log:log_decorator.py:42 
======================================================
用例标题: 修改用户信息
请求路径: http://127.0.0.1:8888/api/private/v1/users/$url_params%7Bid%7D
请求方式: PUT
请求头:   {'User-Agent': 'python-requests/2.28.2', 'Accept-Encoding': 'gzip, deflate', 'Accept': '*/*', 'Connection': 'keep-alive', 'Authorization': 'Bearer eyJhbGciOiJIUzI1NiIsInR5cCI6IkpXVCJ9.eyJ1aWQiOjUwMCwicmlkIjowLCJpYXQiOjE2ODEwMjc5NTIsImV4cCI6MTY4MTExNDM1Mn0.oKM_FUKWydYwdbrRZfxH0nzS78MWwheyZb5xLQF09lM', 'Content-Length': '0'}
请求内容: None
接口响应内容: {'data': None, 'meta': {'msg': '用户ID必须是数字', 'status': 400}}
接口响应时长: 2 ms
Http状态码: 200
断言结果: 200
=====================================================
INFO    2023-04-09 16:12:32,663G:\auto_api1_framework\logs\info-2023-04-09.log:test_update_user_status.py:29 2023-04-09 16:12:32 >>>>>> 执行结束！
INFO    2023-04-09 16:12:57,043G:\auto_api1_framework\logs\info-2023-04-09.log:test_update_user_status.py:26 2023-04-09 16:12:56 >>>>>> 开始执行：
INFO    2023-04-09 16:12:57,298G:\auto_api1_framework\logs\info-2023-04-09.log:log_decorator.py:42 
======================================================
用例标题: 创建用户成功（全部参数）
请求路径: http://127.0.0.1:8888/api/private/v1/users
请求方式: POST
请求头:   {'User-Agent': 'python-requests/2.28.2', 'Accept-Encoding': 'gzip, deflate', 'Accept': '*/*', 'Connection': 'keep-alive', 'Content-Type': 'application/json', 'Authorization': 'Bearer eyJhbGciOiJIUzI1NiIsInR5cCI6IkpXVCJ9.eyJ1aWQiOjUwMCwicmlkIjowLCJpYXQiOjE2ODEwMjc5NzcsImV4cCI6MTY4MTExNDM3N30.Lx8cwayKzOh25nLlTQ5pYztCBQwHXsQMcdaPm6nwFCI', 'Content-Length': '102'}
请求内容: {'username': 'epakH426', 'password': '7^8PM_@y', 'email': 'gang07@yahoo.com', 'mobile': '18026499988'}
接口响应内容: {'data': {'id': 881, 'username': 'epakH426', 'mobile': '18026499988', 'email': 'gang07@yahoo.com', 'role_id': -1, 'create_time': 1681027977}, 'meta': {'msg': '创建成功', 'status': 201}}
接口响应时长: 81 ms
Http状态码: 200
断言结果: 200
=====================================================
INFO    2023-04-09 16:12:57,376G:\auto_api1_framework\logs\info-2023-04-09.log:test_update_user_status.py:29 2023-04-09 16:12:56 >>>>>> 执行结束！
INFO    2023-04-09 16:14:01,332G:\auto_api1_framework\logs\info-2023-04-09.log:test_update_user_status.py:26 2023-04-09 16:14:01 >>>>>> 开始执行：
INFO    2023-04-09 16:14:01,596G:\auto_api1_framework\logs\info-2023-04-09.log:log_decorator.py:42 
======================================================
用例标题: 创建用户成功（全部参数）
请求路径: http://127.0.0.1:8888/api/private/v1/users
请求方式: POST
请求头:   {'User-Agent': 'python-requests/2.28.2', 'Accept-Encoding': 'gzip, deflate', 'Accept': '*/*', 'Connection': 'keep-alive', 'Content-Type': 'application/json', 'Authorization': 'Bearer eyJhbGciOiJIUzI1NiIsInR5cCI6IkpXVCJ9.eyJ1aWQiOjUwMCwicmlkIjowLCJpYXQiOjE2ODEwMjgwNDEsImV4cCI6MTY4MTExNDQ0MX0.QrFZrQQGMHW4qYX4As00yicEvHf5K0z3zWF3TzKqQXg', 'Content-Length': '99'}
请求内容: {'username': 'lgMHx991', 'password': 'T%8Gioy!', 'email': 'idu@yahoo.com', 'mobile': '15284295467'}
接口响应内容: {'data': {'id': 882, 'username': 'lgMHx991', 'mobile': '15284295467', 'email': 'idu@yahoo.com', 'role_id': -1, 'create_time': 1681028041}, 'meta': {'msg': '创建成功', 'status': 201}}
接口响应时长: 88 ms
Http状态码: 200
断言结果: 200
=====================================================
INFO    2023-04-09 16:14:01,678G:\auto_api1_framework\logs\info-2023-04-09.log:test_update_user_status.py:29 2023-04-09 16:14:01 >>>>>> 执行结束！
INFO    2023-04-09 16:14:28,488G:\auto_api1_framework\logs\info-2023-04-09.log:test_update_user_status.py:26 2023-04-09 16:14:28 >>>>>> 开始执行：
INFO    2023-04-09 16:14:28,749G:\auto_api1_framework\logs\info-2023-04-09.log:log_decorator.py:42 
======================================================
用例标题: 创建用户成功（全部参数）
请求路径: http://127.0.0.1:8888/api/private/v1/users
请求方式: POST
请求头:   {'User-Agent': 'python-requests/2.28.2', 'Accept-Encoding': 'gzip, deflate', 'Accept': '*/*', 'Connection': 'keep-alive', 'Content-Type': 'application/json', 'Authorization': 'Bearer eyJhbGciOiJIUzI1NiIsInR5cCI6IkpXVCJ9.eyJ1aWQiOjUwMCwicmlkIjowLCJpYXQiOjE2ODEwMjgwNjgsImV4cCI6MTY4MTExNDQ2OH0.6tavkt7rdvsGFUDyFLHP8wJCeKrlMYWx8-eN891G7t8', 'Content-Length': '104'}
请求内容: {'username': 'CoYap503', 'password': '^tp0FaEh', 'email': 'mojing@hotmail.com', 'mobile': '15880625995'}
接口响应内容: {'data': {'id': 883, 'username': 'CoYap503', 'mobile': '15880625995', 'email': 'mojing@hotmail.com', 'role_id': -1, 'create_time': 1681028068}, 'meta': {'msg': '创建成功', 'status': 201}}
接口响应时长: 82 ms
Http状态码: 200
断言结果: 200
=====================================================
INFO    2023-04-09 16:14:28,753G:\auto_api1_framework\logs\info-2023-04-09.log:log_decorator.py:42 
======================================================
用例标题: 修改用户信息
请求路径: http://127.0.0.1:8888/api/private/v1/users/$url_params%7Bid%7D
请求方式: PUT
请求头:   {'User-Agent': 'python-requests/2.28.2', 'Accept-Encoding': 'gzip, deflate', 'Accept': '*/*', 'Connection': 'keep-alive', 'Authorization': 'Bearer eyJhbGciOiJIUzI1NiIsInR5cCI6IkpXVCJ9.eyJ1aWQiOjUwMCwicmlkIjowLCJpYXQiOjE2ODEwMjgwNjgsImV4cCI6MTY4MTExNDQ2OH0.6tavkt7rdvsGFUDyFLHP8wJCeKrlMYWx8-eN891G7t8', 'Content-Length': '0'}
请求内容: None
接口响应内容: {'data': None, 'meta': {'msg': '用户ID必须是数字', 'status': 400}}
接口响应时长: 1 ms
Http状态码: 200
断言结果: 200
=====================================================
INFO    2023-04-09 16:14:28,827G:\auto_api1_framework\logs\info-2023-04-09.log:test_update_user_status.py:29 2023-04-09 16:14:28 >>>>>> 执行结束！
INFO    2023-04-09 16:14:57,296G:\auto_api1_framework\logs\info-2023-04-09.log:test_update_user_status.py:26 2023-04-09 16:14:57 >>>>>> 开始执行：
INFO    2023-04-09 16:14:57,563G:\auto_api1_framework\logs\info-2023-04-09.log:log_decorator.py:42 
======================================================
用例标题: 创建用户成功（全部参数）
请求路径: http://127.0.0.1:8888/api/private/v1/users
请求方式: POST
请求头:   {'User-Agent': 'python-requests/2.28.2', 'Accept-Encoding': 'gzip, deflate', 'Accept': '*/*', 'Connection': 'keep-alive', 'Content-Type': 'application/json', 'Authorization': 'Bearer eyJhbGciOiJIUzI1NiIsInR5cCI6IkpXVCJ9.eyJ1aWQiOjUwMCwicmlkIjowLCJpYXQiOjE2ODEwMjgwOTcsImV4cCI6MTY4MTExNDQ5N30.otaUwmpYPovC3Rb_P7r3RTeZKLRm2wF4RUSCUDAr2Xg', 'Content-Length': '101'}
请求内容: {'username': 'MEduu716', 'password': '2^5MLs)S', 'email': 'nahou@yahoo.com', 'mobile': '14558600369'}
接口响应内容: {'data': {'id': 884, 'username': 'MEduu716', 'mobile': '14558600369', 'email': 'nahou@yahoo.com', 'role_id': -1, 'create_time': 1681028097}, 'meta': {'msg': '创建成功', 'status': 201}}
接口响应时长: 82 ms
Http状态码: 200
断言结果: 200
=====================================================
INFO    2023-04-09 16:14:57,644G:\auto_api1_framework\logs\info-2023-04-09.log:test_update_user_status.py:29 2023-04-09 16:14:57 >>>>>> 执行结束！
INFO    2023-04-09 16:15:22,172G:\auto_api1_framework\logs\info-2023-04-09.log:test_update_user_status.py:26 2023-04-09 16:15:22 >>>>>> 开始执行：
INFO    2023-04-09 16:15:22,431G:\auto_api1_framework\logs\info-2023-04-09.log:log_decorator.py:42 
======================================================
用例标题: 创建用户成功（全部参数）
请求路径: http://127.0.0.1:8888/api/private/v1/users
请求方式: POST
请求头:   {'User-Agent': 'python-requests/2.28.2', 'Accept-Encoding': 'gzip, deflate', 'Accept': '*/*', 'Connection': 'keep-alive', 'Content-Type': 'application/json', 'Authorization': 'Bearer eyJhbGciOiJIUzI1NiIsInR5cCI6IkpXVCJ9.eyJ1aWQiOjUwMCwicmlkIjowLCJpYXQiOjE2ODEwMjgxMjIsImV4cCI6MTY4MTExNDUyMn0.yxvnjMOsMvVrqctxp7zlj8Oclu1OBSpxIBLwS2Xb_CE', 'Content-Length': '101'}
请求内容: {'username': 'UhWec479', 'password': 'eP)+8^Pu', 'email': 'nayao@gmail.com', 'mobile': '14720384080'}
接口响应内容: {'data': {'id': 885, 'username': 'UhWec479', 'mobile': '14720384080', 'email': 'nayao@gmail.com', 'role_id': -1, 'create_time': 1681028122}, 'meta': {'msg': '创建成功', 'status': 201}}
接口响应时长: 82 ms
Http状态码: 200
断言结果: 200
=====================================================
INFO    2023-04-09 16:15:22,436G:\auto_api1_framework\logs\info-2023-04-09.log:log_decorator.py:42 
======================================================
用例标题: 修改用户信息
请求路径: http://127.0.0.1:8888/api/private/v1/users/$url_params%7Bid%7D
请求方式: PUT
请求头:   {'User-Agent': 'python-requests/2.28.2', 'Accept-Encoding': 'gzip, deflate', 'Accept': '*/*', 'Connection': 'keep-alive', 'Authorization': 'Bearer eyJhbGciOiJIUzI1NiIsInR5cCI6IkpXVCJ9.eyJ1aWQiOjUwMCwicmlkIjowLCJpYXQiOjE2ODEwMjgxMjIsImV4cCI6MTY4MTExNDUyMn0.yxvnjMOsMvVrqctxp7zlj8Oclu1OBSpxIBLwS2Xb_CE', 'Content-Length': '0'}
请求内容: None
接口响应内容: {'data': None, 'meta': {'msg': '用户ID必须是数字', 'status': 400}}
接口响应时长: 2 ms
Http状态码: 200
断言结果: 200
=====================================================
INFO    2023-04-09 16:15:22,519G:\auto_api1_framework\logs\info-2023-04-09.log:test_update_user_status.py:29 2023-04-09 16:15:22 >>>>>> 执行结束！
INFO    2023-04-09 16:15:59,308G:\auto_api1_framework\logs\info-2023-04-09.log:test_update_user_status.py:26 2023-04-09 16:15:59 >>>>>> 开始执行：
INFO    2023-04-09 16:15:59,570G:\auto_api1_framework\logs\info-2023-04-09.log:log_decorator.py:42 
======================================================
用例标题: 创建用户成功（全部参数）
请求路径: http://127.0.0.1:8888/api/private/v1/users
请求方式: POST
请求头:   {'User-Agent': 'python-requests/2.28.2', 'Accept-Encoding': 'gzip, deflate', 'Accept': '*/*', 'Connection': 'keep-alive', 'Content-Type': 'application/json', 'Authorization': 'Bearer eyJhbGciOiJIUzI1NiIsInR5cCI6IkpXVCJ9.eyJ1aWQiOjUwMCwicmlkIjowLCJpYXQiOjE2ODEwMjgxNTksImV4cCI6MTY4MTExNDU1OX0.1eWuaFjWEzmn_4oUlpALGzhdlXKv3w828xZ-qs0IfLQ', 'Content-Length': '104'}
请求内容: {'username': 'IroTZ218', 'password': '&5lbYm@O', 'email': 'pingding@yahoo.com', 'mobile': '13234740918'}
接口响应内容: {'data': {'id': 886, 'username': 'IroTZ218', 'mobile': '13234740918', 'email': 'pingding@yahoo.com', 'role_id': -1, 'create_time': 1681028159}, 'meta': {'msg': '创建成功', 'status': 201}}
接口响应时长: 81 ms
Http状态码: 200
断言结果: 200
=====================================================
INFO    2023-04-09 16:15:59,574G:\auto_api1_framework\logs\info-2023-04-09.log:log_decorator.py:42 
======================================================
用例标题: 修改用户信息
请求路径: http://127.0.0.1:8888/api/private/v1/users/$url_params%7Bid%7D
请求方式: PUT
请求头:   {'User-Agent': 'python-requests/2.28.2', 'Accept-Encoding': 'gzip, deflate', 'Accept': '*/*', 'Connection': 'keep-alive', 'Authorization': 'Bearer eyJhbGciOiJIUzI1NiIsInR5cCI6IkpXVCJ9.eyJ1aWQiOjUwMCwicmlkIjowLCJpYXQiOjE2ODEwMjgxNTksImV4cCI6MTY4MTExNDU1OX0.1eWuaFjWEzmn_4oUlpALGzhdlXKv3w828xZ-qs0IfLQ', 'Content-Length': '0'}
请求内容: None
接口响应内容: {'data': None, 'meta': {'msg': '用户ID必须是数字', 'status': 400}}
接口响应时长: 2 ms
Http状态码: 200
断言结果: 200
=====================================================
INFO    2023-04-09 16:15:59,656G:\auto_api1_framework\logs\info-2023-04-09.log:test_update_user_status.py:29 2023-04-09 16:15:59 >>>>>> 执行结束！
INFO    2023-04-09 16:16:27,195G:\auto_api1_framework\logs\info-2023-04-09.log:test_update_user_status.py:26 2023-04-09 16:16:27 >>>>>> 开始执行：
INFO    2023-04-09 16:16:27,451G:\auto_api1_framework\logs\info-2023-04-09.log:log_decorator.py:42 
======================================================
用例标题: 创建用户成功（全部参数）
请求路径: http://127.0.0.1:8888/api/private/v1/users
请求方式: POST
请求头:   {'User-Agent': 'python-requests/2.28.2', 'Accept-Encoding': 'gzip, deflate', 'Accept': '*/*', 'Connection': 'keep-alive', 'Content-Type': 'application/json', 'Authorization': 'Bearer eyJhbGciOiJIUzI1NiIsInR5cCI6IkpXVCJ9.eyJ1aWQiOjUwMCwicmlkIjowLCJpYXQiOjE2ODEwMjgxODcsImV4cCI6MTY4MTExNDU4N30.HxQdx2gmOSTZcBkniO8iFQBGlxDHDk6UsaQsZtldjwc', 'Content-Length': '102'}
请求内容: {'username': 'zOmik997', 'password': '$0kvQo(R', 'email': 'baiwei@yahoo.com', 'mobile': '13569503655'}
接口响应内容: {'data': {'id': 887, 'username': 'zOmik997', 'mobile': '13569503655', 'email': 'baiwei@yahoo.com', 'role_id': -1, 'create_time': 1681028187}, 'meta': {'msg': '创建成功', 'status': 201}}
接口响应时长: 81 ms
Http状态码: 200
断言结果: 200
=====================================================
INFO    2023-04-09 16:16:27,455G:\auto_api1_framework\logs\info-2023-04-09.log:log_decorator.py:42 
======================================================
用例标题: 修改用户信息
请求路径: http://127.0.0.1:8888/api/private/v1/users/$url_params%7Bid%7D
请求方式: PUT
请求头:   {'User-Agent': 'python-requests/2.28.2', 'Accept-Encoding': 'gzip, deflate', 'Accept': '*/*', 'Connection': 'keep-alive', 'Authorization': 'Bearer eyJhbGciOiJIUzI1NiIsInR5cCI6IkpXVCJ9.eyJ1aWQiOjUwMCwicmlkIjowLCJpYXQiOjE2ODEwMjgxODcsImV4cCI6MTY4MTExNDU4N30.HxQdx2gmOSTZcBkniO8iFQBGlxDHDk6UsaQsZtldjwc', 'Content-Length': '0'}
请求内容: None
接口响应内容: {'data': None, 'meta': {'msg': '用户ID必须是数字', 'status': 400}}
接口响应时长: 2 ms
Http状态码: 200
断言结果: 200
=====================================================
INFO    2023-04-09 16:16:27,531G:\auto_api1_framework\logs\info-2023-04-09.log:test_update_user_status.py:29 2023-04-09 16:16:27 >>>>>> 执行结束！
INFO    2023-04-09 16:16:42,270G:\auto_api1_framework\logs\info-2023-04-09.log:test_update_user_status.py:26 2023-04-09 16:16:42 >>>>>> 开始执行：
INFO    2023-04-09 16:16:42,532G:\auto_api1_framework\logs\info-2023-04-09.log:log_decorator.py:42 
======================================================
用例标题: 创建用户成功（全部参数）
请求路径: http://127.0.0.1:8888/api/private/v1/users
请求方式: POST
请求头:   {'User-Agent': 'python-requests/2.28.2', 'Accept-Encoding': 'gzip, deflate', 'Accept': '*/*', 'Connection': 'keep-alive', 'Content-Type': 'application/json', 'Authorization': 'Bearer eyJhbGciOiJIUzI1NiIsInR5cCI6IkpXVCJ9.eyJ1aWQiOjUwMCwicmlkIjowLCJpYXQiOjE2ODEwMjgyMDIsImV4cCI6MTY4MTExNDYwMn0.BGr-ws_gK1y9y8DP2p8qasfrZwj61rG-xTsOBmPEFfY', 'Content-Length': '100'}
请求内容: {'username': 'ryssF734', 'password': '&D_8Ayht', 'email': 'hcui@gmail.com', 'mobile': '15580223766'}
接口响应内容: {'data': {'id': 888, 'username': 'ryssF734', 'mobile': '15580223766', 'email': 'hcui@gmail.com', 'role_id': -1, 'create_time': 1681028202}, 'meta': {'msg': '创建成功', 'status': 201}}
接口响应时长: 84 ms
Http状态码: 200
断言结果: 200
=====================================================
INFO    2023-04-09 16:16:42,616G:\auto_api1_framework\logs\info-2023-04-09.log:test_update_user_status.py:29 2023-04-09 16:16:42 >>>>>> 执行结束！
INFO    2023-04-09 16:16:58,029G:\auto_api1_framework\logs\info-2023-04-09.log:test_update_user_status.py:26 2023-04-09 16:16:57 >>>>>> 开始执行：
INFO    2023-04-09 16:16:58,293G:\auto_api1_framework\logs\info-2023-04-09.log:log_decorator.py:42 
======================================================
用例标题: 创建用户成功（全部参数）
请求路径: http://127.0.0.1:8888/api/private/v1/users
请求方式: POST
请求头:   {'User-Agent': 'python-requests/2.28.2', 'Accept-Encoding': 'gzip, deflate', 'Accept': '*/*', 'Connection': 'keep-alive', 'Content-Type': 'application/json', 'Authorization': 'Bearer eyJhbGciOiJIUzI1NiIsInR5cCI6IkpXVCJ9.eyJ1aWQiOjUwMCwicmlkIjowLCJpYXQiOjE2ODEwMjgyMTgsImV4cCI6MTY4MTExNDYxOH0.aNDvIwIey2W6hYq8JF9MFdKzNmJZd55cWrwba8QFCDg', 'Content-Length': '103'}
请求内容: {'username': 'Divzf996', 'password': 't&4KYCc5', 'email': 'weideng@yahoo.com', 'mobile': '14507429697'}
接口响应内容: {'data': {'id': 889, 'username': 'Divzf996', 'mobile': '14507429697', 'email': 'weideng@yahoo.com', 'role_id': -1, 'create_time': 1681028218}, 'meta': {'msg': '创建成功', 'status': 201}}
接口响应时长: 82 ms
Http状态码: 200
断言结果: 200
=====================================================
INFO    2023-04-09 16:16:58,383G:\auto_api1_framework\logs\info-2023-04-09.log:test_update_user_status.py:29 2023-04-09 16:16:57 >>>>>> 执行结束！
INFO    2023-04-09 16:17:07,431G:\auto_api1_framework\logs\info-2023-04-09.log:test_update_user_status.py:26 2023-04-09 16:17:07 >>>>>> 开始执行：
INFO    2023-04-09 16:17:07,703G:\auto_api1_framework\logs\info-2023-04-09.log:log_decorator.py:42 
======================================================
用例标题: 创建用户成功（全部参数）
请求路径: http://127.0.0.1:8888/api/private/v1/users
请求方式: POST
请求头:   {'User-Agent': 'python-requests/2.28.2', 'Accept-Encoding': 'gzip, deflate', 'Accept': '*/*', 'Connection': 'keep-alive', 'Content-Type': 'application/json', 'Authorization': 'Bearer eyJhbGciOiJIUzI1NiIsInR5cCI6IkpXVCJ9.eyJ1aWQiOjUwMCwicmlkIjowLCJpYXQiOjE2ODEwMjgyMjcsImV4cCI6MTY4MTExNDYyN30.vieD03jsOtW2d9Xx_-4KVHaS0XBfw47e-w6YStYfXi0', 'Content-Length': '101'}
请求内容: {'username': 'sqWtB891', 'password': 'A&e5R0Am', 'email': 'gye@hotmail.com', 'mobile': '15619481776'}
接口响应内容: {'data': {'id': 890, 'username': 'sqWtB891', 'mobile': '15619481776', 'email': 'gye@hotmail.com', 'role_id': -1, 'create_time': 1681028227}, 'meta': {'msg': '创建成功', 'status': 201}}
接口响应时长: 87 ms
Http状态码: 200
断言结果: 200
=====================================================
INFO    2023-04-09 16:17:07,707G:\auto_api1_framework\logs\info-2023-04-09.log:log_decorator.py:42 
======================================================
用例标题: 修改用户信息
请求路径: http://127.0.0.1:8888/api/private/v1/users/$url_params%7Bid%7D
请求方式: PUT
请求头:   {'User-Agent': 'python-requests/2.28.2', 'Accept-Encoding': 'gzip, deflate', 'Accept': '*/*', 'Connection': 'keep-alive', 'Authorization': 'Bearer eyJhbGciOiJIUzI1NiIsInR5cCI6IkpXVCJ9.eyJ1aWQiOjUwMCwicmlkIjowLCJpYXQiOjE2ODEwMjgyMjcsImV4cCI6MTY4MTExNDYyN30.vieD03jsOtW2d9Xx_-4KVHaS0XBfw47e-w6YStYfXi0', 'Content-Length': '0'}
请求内容: None
接口响应内容: {'data': None, 'meta': {'msg': '用户ID必须是数字', 'status': 400}}
接口响应时长: 2 ms
Http状态码: 200
断言结果: 200
=====================================================
INFO    2023-04-09 16:17:07,783G:\auto_api1_framework\logs\info-2023-04-09.log:test_update_user_status.py:29 2023-04-09 16:17:07 >>>>>> 执行结束！
INFO    2023-04-09 16:17:20,682G:\auto_api1_framework\logs\info-2023-04-09.log:test_update_user_status.py:26 2023-04-09 16:17:20 >>>>>> 开始执行：
INFO    2023-04-09 16:17:20,943G:\auto_api1_framework\logs\info-2023-04-09.log:log_decorator.py:42 
======================================================
用例标题: 创建用户成功（全部参数）
请求路径: http://127.0.0.1:8888/api/private/v1/users
请求方式: POST
请求头:   {'User-Agent': 'python-requests/2.28.2', 'Accept-Encoding': 'gzip, deflate', 'Accept': '*/*', 'Connection': 'keep-alive', 'Content-Type': 'application/json', 'Authorization': 'Bearer eyJhbGciOiJIUzI1NiIsInR5cCI6IkpXVCJ9.eyJ1aWQiOjUwMCwicmlkIjowLCJpYXQiOjE2ODEwMjgyNDAsImV4cCI6MTY4MTExNDY0MH0.MzJsIsqIRLCHF0VE3nyXCHp3zKi0rhCpFAU1oISuCRU', 'Content-Length': '107'}
请求内容: {'username': 'BwvJT450', 'password': '&0vM(awW', 'email': 'guiyingzhou@yahoo.com', 'mobile': '18275565158'}
接口响应内容: {'data': {'id': 891, 'username': 'BwvJT450', 'mobile': '18275565158', 'email': 'guiyingzhou@yahoo.com', 'role_id': -1, 'create_time': 1681028240}, 'meta': {'msg': '创建成功', 'status': 201}}
接口响应时长: 85 ms
Http状态码: 200
断言结果: 200
=====================================================
INFO    2023-04-09 16:17:20,947G:\auto_api1_framework\logs\info-2023-04-09.log:log_decorator.py:42 
======================================================
用例标题: 修改用户信息
请求路径: http://127.0.0.1:8888/api/private/v1/users/$url_params%7Bid%7D
请求方式: PUT
请求头:   {'User-Agent': 'python-requests/2.28.2', 'Accept-Encoding': 'gzip, deflate', 'Accept': '*/*', 'Connection': 'keep-alive', 'Authorization': 'Bearer eyJhbGciOiJIUzI1NiIsInR5cCI6IkpXVCJ9.eyJ1aWQiOjUwMCwicmlkIjowLCJpYXQiOjE2ODEwMjgyNDAsImV4cCI6MTY4MTExNDY0MH0.MzJsIsqIRLCHF0VE3nyXCHp3zKi0rhCpFAU1oISuCRU', 'Content-Length': '0'}
请求内容: None
接口响应内容: {'data': None, 'meta': {'msg': '用户ID必须是数字', 'status': 400}}
接口响应时长: 2 ms
Http状态码: 200
断言结果: 200
=====================================================
INFO    2023-04-09 16:17:21,024G:\auto_api1_framework\logs\info-2023-04-09.log:test_update_user_status.py:29 2023-04-09 16:17:20 >>>>>> 执行结束！
INFO    2023-04-09 16:18:02,236G:\auto_api1_framework\logs\info-2023-04-09.log:test_update_user_status.py:26 2023-04-09 16:18:02 >>>>>> 开始执行：
INFO    2023-04-09 16:18:02,498G:\auto_api1_framework\logs\info-2023-04-09.log:log_decorator.py:42 
======================================================
用例标题: 创建用户成功（全部参数）
请求路径: http://127.0.0.1:8888/api/private/v1/users
请求方式: POST
请求头:   {'User-Agent': 'python-requests/2.28.2', 'Accept-Encoding': 'gzip, deflate', 'Accept': '*/*', 'Connection': 'keep-alive', 'Content-Type': 'application/json', 'Authorization': 'Bearer eyJhbGciOiJIUzI1NiIsInR5cCI6IkpXVCJ9.eyJ1aWQiOjUwMCwicmlkIjowLCJpYXQiOjE2ODEwMjgyODIsImV4cCI6MTY4MTExNDY4Mn0.aaiGI1dENPxemqqWPcuDL4WCRg7QV84uYxYDpuiJVd0', 'Content-Length': '101'}
请求内容: {'username': 'AxfDh793', 'password': 'B(4A%4Cc', 'email': 'liyao@yahoo.com', 'mobile': '15867045062'}
接口响应内容: {'data': {'id': 892, 'username': 'AxfDh793', 'mobile': '15867045062', 'email': 'liyao@yahoo.com', 'role_id': -1, 'create_time': 1681028282}, 'meta': {'msg': '创建成功', 'status': 201}}
接口响应时长: 82 ms
Http状态码: 200
断言结果: 200
=====================================================
INFO    2023-04-09 16:18:02,502G:\auto_api1_framework\logs\info-2023-04-09.log:log_decorator.py:42 
======================================================
用例标题: 修改用户信息
请求路径: http://127.0.0.1:8888/api/private/v1/users/$url_params%7Bid%7D
请求方式: PUT
请求头:   {'User-Agent': 'python-requests/2.28.2', 'Accept-Encoding': 'gzip, deflate', 'Accept': '*/*', 'Connection': 'keep-alive', 'Authorization': 'Bearer eyJhbGciOiJIUzI1NiIsInR5cCI6IkpXVCJ9.eyJ1aWQiOjUwMCwicmlkIjowLCJpYXQiOjE2ODEwMjgyODIsImV4cCI6MTY4MTExNDY4Mn0.aaiGI1dENPxemqqWPcuDL4WCRg7QV84uYxYDpuiJVd0', 'Content-Length': '0'}
请求内容: None
接口响应内容: {'data': None, 'meta': {'msg': '用户ID必须是数字', 'status': 400}}
接口响应时长: 2 ms
Http状态码: 200
断言结果: 200
=====================================================
INFO    2023-04-09 16:18:02,580G:\auto_api1_framework\logs\info-2023-04-09.log:test_update_user_status.py:29 2023-04-09 16:18:02 >>>>>> 执行结束！
INFO    2023-04-09 16:19:02,114G:\auto_api1_framework\logs\info-2023-04-09.log:test_update_user_status.py:26 2023-04-09 16:19:01 >>>>>> 开始执行：
INFO    2023-04-09 16:19:02,366G:\auto_api1_framework\logs\info-2023-04-09.log:log_decorator.py:42 
======================================================
用例标题: 创建用户成功（全部参数）
请求路径: http://127.0.0.1:8888/api/private/v1/users
请求方式: POST
请求头:   {'User-Agent': 'python-requests/2.28.2', 'Accept-Encoding': 'gzip, deflate', 'Accept': '*/*', 'Connection': 'keep-alive', 'Content-Type': 'application/json', 'Authorization': 'Bearer eyJhbGciOiJIUzI1NiIsInR5cCI6IkpXVCJ9.eyJ1aWQiOjUwMCwicmlkIjowLCJpYXQiOjE2ODEwMjgzNDIsImV4cCI6MTY4MTExNDc0Mn0.eSSWoXyzM7mDq1vwTfBL2DfSowpykCHEmjxT-WvvQEA', 'Content-Length': '102'}
请求内容: {'username': 'ppNIc895', 'password': 'L)!6Fe90', 'email': 'uwen@hotmail.com', 'mobile': '13619731723'}
接口响应内容: {'data': {'id': 893, 'username': 'ppNIc895', 'mobile': '13619731723', 'email': 'uwen@hotmail.com', 'role_id': -1, 'create_time': 1681028342}, 'meta': {'msg': '创建成功', 'status': 201}}
接口响应时长: 83 ms
Http状态码: 200
断言结果: 200
=====================================================
INFO    2023-04-09 16:19:02,371G:\auto_api1_framework\logs\info-2023-04-09.log:log_decorator.py:42 
======================================================
用例标题: 修改用户信息
请求路径: http://127.0.0.1:8888/api/private/v1/users/$url_params%7Bid%7D
请求方式: PUT
请求头:   {'User-Agent': 'python-requests/2.28.2', 'Accept-Encoding': 'gzip, deflate', 'Accept': '*/*', 'Connection': 'keep-alive', 'Authorization': 'Bearer eyJhbGciOiJIUzI1NiIsInR5cCI6IkpXVCJ9.eyJ1aWQiOjUwMCwicmlkIjowLCJpYXQiOjE2ODEwMjgzNDIsImV4cCI6MTY4MTExNDc0Mn0.eSSWoXyzM7mDq1vwTfBL2DfSowpykCHEmjxT-WvvQEA', 'Content-Length': '0'}
请求内容: None
接口响应内容: {'data': None, 'meta': {'msg': '用户ID必须是数字', 'status': 400}}
接口响应时长: 2 ms
Http状态码: 200
断言结果: 200
=====================================================
INFO    2023-04-09 16:19:02,449G:\auto_api1_framework\logs\info-2023-04-09.log:test_update_user_status.py:29 2023-04-09 16:19:01 >>>>>> 执行结束！
INFO    2023-04-09 16:19:21,623G:\auto_api1_framework\logs\info-2023-04-09.log:test_update_user_status.py:26 2023-04-09 16:19:21 >>>>>> 开始执行：
INFO    2023-04-09 16:19:21,891G:\auto_api1_framework\logs\info-2023-04-09.log:log_decorator.py:42 
======================================================
用例标题: 创建用户成功（全部参数）
请求路径: http://127.0.0.1:8888/api/private/v1/users
请求方式: POST
请求头:   {'User-Agent': 'python-requests/2.28.2', 'Accept-Encoding': 'gzip, deflate', 'Accept': '*/*', 'Connection': 'keep-alive', 'Content-Type': 'application/json', 'Authorization': 'Bearer eyJhbGciOiJIUzI1NiIsInR5cCI6IkpXVCJ9.eyJ1aWQiOjUwMCwicmlkIjowLCJpYXQiOjE2ODEwMjgzNjEsImV4cCI6MTY4MTExNDc2MX0.7h-Vk8y-a3Zb0A7HrqaHxKOxfykU7qW7dTT1TcKU4vc', 'Content-Length': '102'}
请求内容: {'username': 'ibmDw672', 'password': ')#VA0ViK', 'email': 'chaogu@yahoo.com', 'mobile': '13982837173'}
接口响应内容: {'data': {'id': 894, 'username': 'ibmDw672', 'mobile': '13982837173', 'email': 'chaogu@yahoo.com', 'role_id': -1, 'create_time': 1681028361}, 'meta': {'msg': '创建成功', 'status': 201}}
接口响应时长: 87 ms
Http状态码: 200
断言结果: 200
=====================================================
INFO    2023-04-09 16:19:21,896G:\auto_api1_framework\logs\info-2023-04-09.log:log_decorator.py:42 
======================================================
用例标题: 修改用户信息
请求路径: http://127.0.0.1:8888/api/private/v1/users/$url_params%7Bid%7D
请求方式: PUT
请求头:   {'User-Agent': 'python-requests/2.28.2', 'Accept-Encoding': 'gzip, deflate', 'Accept': '*/*', 'Connection': 'keep-alive', 'Authorization': 'Bearer eyJhbGciOiJIUzI1NiIsInR5cCI6IkpXVCJ9.eyJ1aWQiOjUwMCwicmlkIjowLCJpYXQiOjE2ODEwMjgzNjEsImV4cCI6MTY4MTExNDc2MX0.7h-Vk8y-a3Zb0A7HrqaHxKOxfykU7qW7dTT1TcKU4vc', 'Content-Length': '0'}
请求内容: None
接口响应内容: {'data': None, 'meta': {'msg': '用户ID必须是数字', 'status': 400}}
接口响应时长: 2 ms
Http状态码: 200
断言结果: 200
=====================================================
INFO    2023-04-09 16:19:21,972G:\auto_api1_framework\logs\info-2023-04-09.log:test_update_user_status.py:29 2023-04-09 16:19:21 >>>>>> 执行结束！
INFO    2023-04-09 16:21:00,618G:\auto_api1_framework\logs\info-2023-04-09.log:test_update_user_status.py:26 2023-04-09 16:21:00 >>>>>> 开始执行：
INFO    2023-04-09 16:21:00,872G:\auto_api1_framework\logs\info-2023-04-09.log:log_decorator.py:42 
======================================================
用例标题: 创建用户成功（全部参数）
请求路径: http://127.0.0.1:8888/api/private/v1/users
请求方式: POST
请求头:   {'User-Agent': 'python-requests/2.28.2', 'Accept-Encoding': 'gzip, deflate', 'Accept': '*/*', 'Connection': 'keep-alive', 'Content-Type': 'application/json', 'Authorization': 'Bearer eyJhbGciOiJIUzI1NiIsInR5cCI6IkpXVCJ9.eyJ1aWQiOjUwMCwicmlkIjowLCJpYXQiOjE2ODEwMjg0NjAsImV4cCI6MTY4MTExNDg2MH0.XaTPRERzIxX8Gv6E2be0WL8P52Ew_-g73EH6bCM3STU', 'Content-Length': '101'}
请求内容: {'username': 'KimgH793', 'password': ')a0QZfld', 'email': 'jie24@yahoo.com', 'mobile': '18809360607'}
接口响应内容: {'data': {'id': 895, 'username': 'KimgH793', 'mobile': '18809360607', 'email': 'jie24@yahoo.com', 'role_id': -1, 'create_time': 1681028460}, 'meta': {'msg': '创建成功', 'status': 201}}
接口响应时长: 85 ms
Http状态码: 200
断言结果: 200
=====================================================
INFO    2023-04-09 16:21:00,876G:\auto_api1_framework\logs\info-2023-04-09.log:log_decorator.py:42 
======================================================
用例标题: 修改用户信息
请求路径: http://127.0.0.1:8888/api/private/v1/users/$url_params%7Bid%7D
请求方式: PUT
请求头:   {'User-Agent': 'python-requests/2.28.2', 'Accept-Encoding': 'gzip, deflate', 'Accept': '*/*', 'Connection': 'keep-alive', 'Authorization': 'Bearer eyJhbGciOiJIUzI1NiIsInR5cCI6IkpXVCJ9.eyJ1aWQiOjUwMCwicmlkIjowLCJpYXQiOjE2ODEwMjg0NjAsImV4cCI6MTY4MTExNDg2MH0.XaTPRERzIxX8Gv6E2be0WL8P52Ew_-g73EH6bCM3STU', 'Content-Length': '0'}
请求内容: None
接口响应内容: {'data': None, 'meta': {'msg': '用户ID必须是数字', 'status': 400}}
接口响应时长: 1 ms
Http状态码: 200
断言结果: 200
=====================================================
INFO    2023-04-09 16:21:00,949G:\auto_api1_framework\logs\info-2023-04-09.log:test_update_user_status.py:29 2023-04-09 16:21:00 >>>>>> 执行结束！
INFO    2023-04-09 16:21:13,780G:\auto_api1_framework\logs\info-2023-04-09.log:test_update_user_status.py:26 2023-04-09 16:21:13 >>>>>> 开始执行：
INFO    2023-04-09 16:21:14,030G:\auto_api1_framework\logs\info-2023-04-09.log:log_decorator.py:42 
======================================================
用例标题: 创建用户成功（全部参数）
请求路径: http://127.0.0.1:8888/api/private/v1/users
请求方式: POST
请求头:   {'User-Agent': 'python-requests/2.28.2', 'Accept-Encoding': 'gzip, deflate', 'Accept': '*/*', 'Connection': 'keep-alive', 'Content-Type': 'application/json', 'Authorization': 'Bearer eyJhbGciOiJIUzI1NiIsInR5cCI6IkpXVCJ9.eyJ1aWQiOjUwMCwicmlkIjowLCJpYXQiOjE2ODEwMjg0NzMsImV4cCI6MTY4MTExNDg3M30.hJTnkM1ww_z7biM3gI_VVt-8YnAX84KckAQTPZDs9dg', 'Content-Length': '100'}
请求内容: {'username': 'YUChC426', 'password': 'T_&72Jxz', 'email': 'li03@gmail.com', 'mobile': '13588525465'}
接口响应内容: {'data': {'id': 896, 'username': 'YUChC426', 'mobile': '13588525465', 'email': 'li03@gmail.com', 'role_id': -1, 'create_time': 1681028474}, 'meta': {'msg': '创建成功', 'status': 201}}
接口响应时长: 80 ms
Http状态码: 200
断言结果: 200
=====================================================
INFO    2023-04-09 16:21:14,035G:\auto_api1_framework\logs\info-2023-04-09.log:log_decorator.py:42 
======================================================
用例标题: 修改用户信息
请求路径: http://127.0.0.1:8888/api/private/v1/users/$url_params%7Bid%7D
请求方式: PUT
请求头:   {'User-Agent': 'python-requests/2.28.2', 'Accept-Encoding': 'gzip, deflate', 'Accept': '*/*', 'Connection': 'keep-alive', 'Authorization': 'Bearer eyJhbGciOiJIUzI1NiIsInR5cCI6IkpXVCJ9.eyJ1aWQiOjUwMCwicmlkIjowLCJpYXQiOjE2ODEwMjg0NzMsImV4cCI6MTY4MTExNDg3M30.hJTnkM1ww_z7biM3gI_VVt-8YnAX84KckAQTPZDs9dg', 'Content-Length': '0'}
请求内容: None
接口响应内容: {'data': None, 'meta': {'msg': '用户ID必须是数字', 'status': 400}}
接口响应时长: 2 ms
Http状态码: 200
断言结果: 200
=====================================================
INFO    2023-04-09 16:21:14,114G:\auto_api1_framework\logs\info-2023-04-09.log:test_update_user_status.py:29 2023-04-09 16:21:13 >>>>>> 执行结束！
INFO    2023-04-09 16:21:48,495G:\auto_api1_framework\logs\info-2023-04-09.log:test_update_user_status.py:26 2023-04-09 16:21:48 >>>>>> 开始执行：
INFO    2023-04-09 16:21:48,745G:\auto_api1_framework\logs\info-2023-04-09.log:log_decorator.py:42 
======================================================
用例标题: 创建用户成功（全部参数）
请求路径: http://127.0.0.1:8888/api/private/v1/users
请求方式: POST
请求头:   {'User-Agent': 'python-requests/2.28.2', 'Accept-Encoding': 'gzip, deflate', 'Accept': '*/*', 'Connection': 'keep-alive', 'Content-Type': 'application/json', 'Authorization': 'Bearer eyJhbGciOiJIUzI1NiIsInR5cCI6IkpXVCJ9.eyJ1aWQiOjUwMCwicmlkIjowLCJpYXQiOjE2ODEwMjg1MDgsImV4cCI6MTY4MTExNDkwOH0.IACJtBTWS3PeuhVKx1onLbirZRXcs_9WslKZLepwi3Q', 'Content-Length': '103'}
请求内容: {'username': 'uHpbQ205', 'password': 'E@X8SdWy', 'email': 'jiachao@gmail.com', 'mobile': '15987859171'}
接口响应内容: {'data': {'id': 897, 'username': 'uHpbQ205', 'mobile': '15987859171', 'email': 'jiachao@gmail.com', 'role_id': -1, 'create_time': 1681028508}, 'meta': {'msg': '创建成功', 'status': 201}}
接口响应时长: 82 ms
Http状态码: 200
断言结果: 200
=====================================================
INFO    2023-04-09 16:21:48,824G:\auto_api1_framework\logs\info-2023-04-09.log:test_update_user_status.py:29 2023-04-09 16:21:48 >>>>>> 执行结束！
INFO    2023-04-09 16:22:05,802G:\auto_api1_framework\logs\info-2023-04-09.log:test_update_user_status.py:26 2023-04-09 16:22:05 >>>>>> 开始执行：
INFO    2023-04-09 16:22:05,877G:\auto_api1_framework\logs\info-2023-04-09.log:test_update_user_status.py:29 2023-04-09 16:22:05 >>>>>> 执行结束！
INFO    2023-04-09 16:22:30,035G:\auto_api1_framework\logs\info-2023-04-09.log:test_update_user_status.py:26 2023-04-09 16:22:29 >>>>>> 开始执行：
INFO    2023-04-09 16:22:30,127G:\auto_api1_framework\logs\info-2023-04-09.log:test_update_user_status.py:29 2023-04-09 16:22:29 >>>>>> 执行结束！
INFO    2023-04-09 16:22:43,959G:\auto_api1_framework\logs\info-2023-04-09.log:test_update_user_status.py:26 2023-04-09 16:22:43 >>>>>> 开始执行：
INFO    2023-04-09 16:22:44,200G:\auto_api1_framework\logs\info-2023-04-09.log:log_decorator.py:42 
======================================================
用例标题: 创建用户成功（全部参数）
请求路径: http://127.0.0.1:8888/api/private/v1/users
请求方式: POST
请求头:   {'User-Agent': 'python-requests/2.28.2', 'Accept-Encoding': 'gzip, deflate', 'Accept': '*/*', 'Connection': 'keep-alive', 'Content-Type': 'application/json', 'Authorization': 'Bearer eyJhbGciOiJIUzI1NiIsInR5cCI6IkpXVCJ9.eyJ1aWQiOjUwMCwicmlkIjowLCJpYXQiOjE2ODEwMjg1NjMsImV4cCI6MTY4MTExNDk2M30.TvQyW0EFXASW8b8oTpj98jZ8mB-HapOL2h6Ki7KOIns', 'Content-Length': '102'}
请求内容: {'username': 'tkGGr981', 'password': '&9i30Oe3', 'email': 'mofang@gmail.com', 'mobile': '15717821334'}
接口响应内容: {'data': {'id': 898, 'username': 'tkGGr981', 'mobile': '15717821334', 'email': 'mofang@gmail.com', 'role_id': -1, 'create_time': 1681028564}, 'meta': {'msg': '创建成功', 'status': 201}}
接口响应时长: 77 ms
Http状态码: 200
断言结果: 200
=====================================================
INFO    2023-04-09 16:22:44,279G:\auto_api1_framework\logs\info-2023-04-09.log:test_update_user_status.py:29 2023-04-09 16:22:43 >>>>>> 执行结束！
INFO    2023-04-09 16:23:54,790G:\auto_api1_framework\logs\info-2023-04-09.log:test_update_user_status.py:26 2023-04-09 16:23:54 >>>>>> 开始执行：
INFO    2023-04-09 16:23:55,045G:\auto_api1_framework\logs\info-2023-04-09.log:log_decorator.py:42 
======================================================
用例标题: 创建用户成功（全部参数）
请求路径: http://127.0.0.1:8888/api/private/v1/users
请求方式: POST
请求头:   {'User-Agent': 'python-requests/2.28.2', 'Accept-Encoding': 'gzip, deflate', 'Accept': '*/*', 'Connection': 'keep-alive', 'Content-Type': 'application/json', 'Authorization': 'Bearer eyJhbGciOiJIUzI1NiIsInR5cCI6IkpXVCJ9.eyJ1aWQiOjUwMCwicmlkIjowLCJpYXQiOjE2ODEwMjg2MzQsImV4cCI6MTY4MTExNTAzNH0.WPN9FarX1vidZtFaZW-Kv_16SnqD_gCwLhpcFTMR7pc', 'Content-Length': '101'}
请求内容: {'username': 'UgjUB725', 'password': 'S%s8DBa6', 'email': 'min93@gmail.com', 'mobile': '15663251202'}
接口响应内容: {'data': {'id': 899, 'username': 'UgjUB725', 'mobile': '15663251202', 'email': 'min93@gmail.com', 'role_id': -1, 'create_time': 1681028635}, 'meta': {'msg': '创建成功', 'status': 201}}
接口响应时长: 86 ms
Http状态码: 200
断言结果: 200
=====================================================
INFO    2023-04-09 16:23:55,123G:\auto_api1_framework\logs\info-2023-04-09.log:test_update_user_status.py:29 2023-04-09 16:23:54 >>>>>> 执行结束！
INFO    2023-04-09 16:24:12,783G:\auto_api1_framework\logs\info-2023-04-09.log:test_update_user_status.py:26 2023-04-09 16:24:12 >>>>>> 开始执行：
INFO    2023-04-09 16:24:13,023G:\auto_api1_framework\logs\info-2023-04-09.log:log_decorator.py:42 
======================================================
用例标题: 创建用户成功（全部参数）
请求路径: http://127.0.0.1:8888/api/private/v1/users
请求方式: POST
请求头:   {'User-Agent': 'python-requests/2.28.2', 'Accept-Encoding': 'gzip, deflate', 'Accept': '*/*', 'Connection': 'keep-alive', 'Content-Type': 'application/json', 'Authorization': 'Bearer eyJhbGciOiJIUzI1NiIsInR5cCI6IkpXVCJ9.eyJ1aWQiOjUwMCwicmlkIjowLCJpYXQiOjE2ODEwMjg2NTIsImV4cCI6MTY4MTExNTA1Mn0.B1pyJaj8nt7aYBSV0SbqPzEBh4FPRJZ-6mLL8MU7Trs', 'Content-Length': '102'}
请求内容: {'username': 'bkoyD795', 'password': '+6H%ShoC', 'email': 'yong94@yahoo.com', 'mobile': '18770188497'}
接口响应内容: {'data': {'id': 900, 'username': 'bkoyD795', 'mobile': '18770188497', 'email': 'yong94@yahoo.com', 'role_id': -1, 'create_time': 1681028653}, 'meta': {'msg': '创建成功', 'status': 201}}
接口响应时长: 76 ms
Http状态码: 200
断言结果: 200
=====================================================
INFO    2023-04-09 16:24:13,103G:\auto_api1_framework\logs\info-2023-04-09.log:test_update_user_status.py:29 2023-04-09 16:24:12 >>>>>> 执行结束！
INFO    2023-04-09 16:27:23,502G:\auto_api1_framework\logs\info-2023-04-09.log:test_update_user_status.py:26 2023-04-09 16:27:23 >>>>>> 开始执行：
INFO    2023-04-09 16:27:23,748G:\auto_api1_framework\logs\info-2023-04-09.log:log_decorator.py:42 
======================================================
用例标题: 创建用户成功（全部参数）
请求路径: http://127.0.0.1:8888/api/private/v1/users
请求方式: POST
请求头:   {'User-Agent': 'python-requests/2.28.2', 'Accept-Encoding': 'gzip, deflate', 'Accept': '*/*', 'Connection': 'keep-alive', 'Content-Type': 'application/json', 'Authorization': 'Bearer eyJhbGciOiJIUzI1NiIsInR5cCI6IkpXVCJ9.eyJ1aWQiOjUwMCwicmlkIjowLCJpYXQiOjE2ODEwMjg4NDMsImV4cCI6MTY4MTExNTI0M30.ix0d7gPuYB8en0y0hgBkVRtBqvRMicJ1qhXEyUMir6Q', 'Content-Length': '105'}
请求内容: {'username': 'GwvOR607', 'password': 'z)R4bBv(', 'email': 'dongmin@hotmail.com', 'mobile': '18856618380'}
接口响应内容: {'data': {'id': 901, 'username': 'GwvOR607', 'mobile': '18856618380', 'email': 'dongmin@hotmail.com', 'role_id': -1, 'create_time': 1681028843}, 'meta': {'msg': '创建成功', 'status': 201}}
接口响应时长: 78 ms
Http状态码: 200
断言结果: 200
=====================================================
INFO    2023-04-09 16:27:23,829G:\auto_api1_framework\logs\info-2023-04-09.log:test_update_user_status.py:29 2023-04-09 16:27:23 >>>>>> 执行结束！
INFO    2023-04-09 16:27:43,054G:\auto_api1_framework\logs\info-2023-04-09.log:test_update_user_status.py:26 2023-04-09 16:27:42 >>>>>> 开始执行：
INFO    2023-04-09 16:27:43,297G:\auto_api1_framework\logs\info-2023-04-09.log:log_decorator.py:42 
======================================================
用例标题: 创建用户成功（全部参数）
请求路径: http://127.0.0.1:8888/api/private/v1/users
请求方式: POST
请求头:   {'User-Agent': 'python-requests/2.28.2', 'Accept-Encoding': 'gzip, deflate', 'Accept': '*/*', 'Connection': 'keep-alive', 'Content-Type': 'application/json', 'Authorization': 'Bearer eyJhbGciOiJIUzI1NiIsInR5cCI6IkpXVCJ9.eyJ1aWQiOjUwMCwicmlkIjowLCJpYXQiOjE2ODEwMjg4NjMsImV4cCI6MTY4MTExNTI2M30.6fKmpI6ZFUy2bj8O77ZGJRxIrAeWgwieV5USrDR2_dg', 'Content-Length': '102'}
请求内容: {'username': 'WEHmL385', 'password': 'J&W5qSp$', 'email': 'mincao@gmail.com', 'mobile': '14558643234'}
接口响应内容: {'data': {'id': 902, 'username': 'WEHmL385', 'mobile': '14558643234', 'email': 'mincao@gmail.com', 'role_id': -1, 'create_time': 1681028863}, 'meta': {'msg': '创建成功', 'status': 201}}
接口响应时长: 81 ms
Http状态码: 200
断言结果: 200
=====================================================
INFO    2023-04-09 16:27:43,372G:\auto_api1_framework\logs\info-2023-04-09.log:test_update_user_status.py:29 2023-04-09 16:27:42 >>>>>> 执行结束！
INFO    2023-04-09 16:27:50,991G:\auto_api1_framework\logs\info-2023-04-09.log:test_update_user_status.py:26 2023-04-09 16:27:50 >>>>>> 开始执行：
INFO    2023-04-09 16:27:51,249G:\auto_api1_framework\logs\info-2023-04-09.log:log_decorator.py:42 
======================================================
用例标题: 创建用户成功（全部参数）
请求路径: http://127.0.0.1:8888/api/private/v1/users
请求方式: POST
请求头:   {'User-Agent': 'python-requests/2.28.2', 'Accept-Encoding': 'gzip, deflate', 'Accept': '*/*', 'Connection': 'keep-alive', 'Content-Type': 'application/json', 'Authorization': 'Bearer eyJhbGciOiJIUzI1NiIsInR5cCI6IkpXVCJ9.eyJ1aWQiOjUwMCwicmlkIjowLCJpYXQiOjE2ODEwMjg4NzAsImV4cCI6MTY4MTExNTI3MH0.hNfBVwz4NdWdlMSHwxWoYeYx2O2KgxDqzHYN_2xfE98', 'Content-Length': '101'}
请求内容: {'username': 'VPVyh256', 'password': '%3^$Bsgs', 'email': 'odu@hotmail.com', 'mobile': '13822553265'}
接口响应内容: {'data': {'id': 903, 'username': 'VPVyh256', 'mobile': '13822553265', 'email': 'odu@hotmail.com', 'role_id': -1, 'create_time': 1681028871}, 'meta': {'msg': '创建成功', 'status': 201}}
接口响应时长: 86 ms
Http状态码: 200
断言结果: 200
=====================================================
INFO    2023-04-09 16:27:51,253G:\auto_api1_framework\logs\info-2023-04-09.log:log_decorator.py:42 
======================================================
用例标题: 修改用户信息
请求路径: http://127.0.0.1:8888/api/private/v1/users/$url_params%7Bid%7D
请求方式: PUT
请求头:   {'User-Agent': 'python-requests/2.28.2', 'Accept-Encoding': 'gzip, deflate', 'Accept': '*/*', 'Connection': 'keep-alive', 'Authorization': 'Bearer eyJhbGciOiJIUzI1NiIsInR5cCI6IkpXVCJ9.eyJ1aWQiOjUwMCwicmlkIjowLCJpYXQiOjE2ODEwMjg4NzAsImV4cCI6MTY4MTExNTI3MH0.hNfBVwz4NdWdlMSHwxWoYeYx2O2KgxDqzHYN_2xfE98', 'Content-Length': '0'}
请求内容: None
接口响应内容: {'data': None, 'meta': {'msg': '用户ID必须是数字', 'status': 400}}
接口响应时长: 1 ms
Http状态码: 200
断言结果: 200
=====================================================
INFO    2023-04-09 16:27:51,331G:\auto_api1_framework\logs\info-2023-04-09.log:test_update_user_status.py:29 2023-04-09 16:27:50 >>>>>> 执行结束！
INFO    2023-04-09 16:28:11,310G:\auto_api1_framework\logs\info-2023-04-09.log:test_update_user_status.py:26 2023-04-09 16:28:11 >>>>>> 开始执行：
INFO    2023-04-09 16:28:11,565G:\auto_api1_framework\logs\info-2023-04-09.log:log_decorator.py:42 
======================================================
用例标题: 创建用户成功（全部参数）
请求路径: http://127.0.0.1:8888/api/private/v1/users
请求方式: POST
请求头:   {'User-Agent': 'python-requests/2.28.2', 'Accept-Encoding': 'gzip, deflate', 'Accept': '*/*', 'Connection': 'keep-alive', 'Content-Type': 'application/json', 'Authorization': 'Bearer eyJhbGciOiJIUzI1NiIsInR5cCI6IkpXVCJ9.eyJ1aWQiOjUwMCwicmlkIjowLCJpYXQiOjE2ODEwMjg4OTEsImV4cCI6MTY4MTExNTI5MX0.g2f_iCvUJwCUAG8b5UdWr6dijNoi0FcMB8NN5zax3OA', 'Content-Length': '105'}
请求内容: {'username': 'GVqNZ957', 'password': ')hBt8Ubo', 'email': 'yaoxiulan@yahoo.com', 'mobile': '15113568299'}
接口响应内容: {'data': {'id': 904, 'username': 'GVqNZ957', 'mobile': '15113568299', 'email': 'yaoxiulan@yahoo.com', 'role_id': -1, 'create_time': 1681028891}, 'meta': {'msg': '创建成功', 'status': 201}}
接口响应时长: 84 ms
Http状态码: 200
断言结果: 200
=====================================================
INFO    2023-04-09 16:28:11,641G:\auto_api1_framework\logs\info-2023-04-09.log:test_update_user_status.py:29 2023-04-09 16:28:11 >>>>>> 执行结束！
INFO    2023-04-09 16:29:34,483G:\auto_api1_framework\logs\info-2023-04-09.log:test_update_user_status.py:26 2023-04-09 16:29:34 >>>>>> 开始执行：
INFO    2023-04-09 16:29:34,731G:\auto_api1_framework\logs\info-2023-04-09.log:log_decorator.py:42 
======================================================
用例标题: 创建用户成功（全部参数）
请求路径: http://127.0.0.1:8888/api/private/v1/users
请求方式: POST
请求头:   {'User-Agent': 'python-requests/2.28.2', 'Accept-Encoding': 'gzip, deflate', 'Accept': '*/*', 'Connection': 'keep-alive', 'Content-Type': 'application/json', 'Authorization': 'Bearer eyJhbGciOiJIUzI1NiIsInR5cCI6IkpXVCJ9.eyJ1aWQiOjUwMCwicmlkIjowLCJpYXQiOjE2ODEwMjg5NzQsImV4cCI6MTY4MTExNTM3NH0.6w77Rn5lFQSwJR32kB6ldkMpEQ_QSx_GQFPzekvn57w', 'Content-Length': '107'}
请求内容: {'username': 'FKNtF108', 'password': 'J_1BkqaO', 'email': 'xiuyingwu@hotmail.com', 'mobile': '18907627984'}
接口响应内容: {'data': {'id': 905, 'username': 'FKNtF108', 'mobile': '18907627984', 'email': 'xiuyingwu@hotmail.com', 'role_id': -1, 'create_time': 1681028974}, 'meta': {'msg': '创建成功', 'status': 201}}
接口响应时长: 81 ms
Http状态码: 200
断言结果: 200
=====================================================
INFO    2023-04-09 16:29:34,810G:\auto_api1_framework\logs\info-2023-04-09.log:test_update_user_status.py:29 2023-04-09 16:29:34 >>>>>> 执行结束！
INFO    2023-04-09 16:31:20,315G:\auto_api1_framework\logs\info-2023-04-09.log:test_update_user_status.py:26 2023-04-09 16:31:20 >>>>>> 开始执行：
INFO    2023-04-09 16:31:20,560G:\auto_api1_framework\logs\info-2023-04-09.log:log_decorator.py:42 
======================================================
用例标题: 创建用户成功（全部参数）
请求路径: http://127.0.0.1:8888/api/private/v1/users
请求方式: POST
请求头:   {'User-Agent': 'python-requests/2.28.2', 'Accept-Encoding': 'gzip, deflate', 'Accept': '*/*', 'Connection': 'keep-alive', 'Content-Type': 'application/json', 'Authorization': 'Bearer eyJhbGciOiJIUzI1NiIsInR5cCI6IkpXVCJ9.eyJ1aWQiOjUwMCwicmlkIjowLCJpYXQiOjE2ODEwMjkwODAsImV4cCI6MTY4MTExNTQ4MH0.fZ0-tIO5Xqqls-ObXMEoSoZ_DrUNvdwN4PkpeqidlvU', 'Content-Length': '102'}
请求内容: {'username': 'CoPhk147', 'password': '()8uuXIg', 'email': 'pinghu@yahoo.com', 'mobile': '15316981189'}
接口响应内容: {'data': {'id': 906, 'username': 'CoPhk147', 'mobile': '15316981189', 'email': 'pinghu@yahoo.com', 'role_id': -1, 'create_time': 1681029080}, 'meta': {'msg': '创建成功', 'status': 201}}
接口响应时长: 81 ms
Http状态码: 200
断言结果: 200
=====================================================
INFO    2023-04-09 16:31:20,641G:\auto_api1_framework\logs\info-2023-04-09.log:test_update_user_status.py:29 2023-04-09 16:31:20 >>>>>> 执行结束！
INFO    2023-04-09 16:31:58,346G:\auto_api1_framework\logs\info-2023-04-09.log:test_update_user_status.py:26 2023-04-09 16:31:58 >>>>>> 开始执行：
INFO    2023-04-09 16:31:58,614G:\auto_api1_framework\logs\info-2023-04-09.log:log_decorator.py:42 
======================================================
用例标题: 创建用户成功（全部参数）
请求路径: http://127.0.0.1:8888/api/private/v1/users
请求方式: POST
请求头:   {'User-Agent': 'python-requests/2.28.2', 'Accept-Encoding': 'gzip, deflate', 'Accept': '*/*', 'Connection': 'keep-alive', 'Content-Type': 'application/json', 'Authorization': 'Bearer eyJhbGciOiJIUzI1NiIsInR5cCI6IkpXVCJ9.eyJ1aWQiOjUwMCwicmlkIjowLCJpYXQiOjE2ODEwMjkxMTgsImV4cCI6MTY4MTExNTUxOH0.eG7LH-tCSXHcadU6bXYE9E-xYMsXlGV6P2zsK0rmhWg', 'Content-Length': '100'}
请求内容: {'username': 'LMgEq904', 'password': 'z^0XVhxQ', 'email': 'atao@yahoo.com', 'mobile': '18826291831'}
接口响应内容: {'data': {'id': 907, 'username': 'LMgEq904', 'mobile': '18826291831', 'email': 'atao@yahoo.com', 'role_id': -1, 'create_time': 1681029118}, 'meta': {'msg': '创建成功', 'status': 201}}
接口响应时长: 85 ms
Http状态码: 200
断言结果: 200
=====================================================
INFO    2023-04-09 16:31:58,692G:\auto_api1_framework\logs\info-2023-04-09.log:test_update_user_status.py:29 2023-04-09 16:31:58 >>>>>> 执行结束！
INFO    2023-04-09 16:32:15,661G:\auto_api1_framework\logs\info-2023-04-09.log:test_update_user_status.py:26 2023-04-09 16:32:15 >>>>>> 开始执行：
INFO    2023-04-09 16:32:15,899G:\auto_api1_framework\logs\info-2023-04-09.log:log_decorator.py:42 
======================================================
用例标题: 创建用户成功（全部参数）
请求路径: http://127.0.0.1:8888/api/private/v1/users
请求方式: POST
请求头:   {'User-Agent': 'python-requests/2.28.2', 'Accept-Encoding': 'gzip, deflate', 'Accept': '*/*', 'Connection': 'keep-alive', 'Content-Type': 'application/json', 'Authorization': 'Bearer eyJhbGciOiJIUzI1NiIsInR5cCI6IkpXVCJ9.eyJ1aWQiOjUwMCwicmlkIjowLCJpYXQiOjE2ODEwMjkxMzUsImV4cCI6MTY4MTExNTUzNX0.BN5Ee-wYGW00da399TsD08rDrNYI3gz9ViCKLAuiV3Y', 'Content-Length': '101'}
请求内容: {'username': 'KGTIb201', 'password': 'x(b1CEkH', 'email': 'xia01@gmail.com', 'mobile': '18279883419'}
接口响应内容: {'data': {'id': 908, 'username': 'KGTIb201', 'mobile': '18279883419', 'email': 'xia01@gmail.com', 'role_id': -1, 'create_time': 1681029135}, 'meta': {'msg': '创建成功', 'status': 201}}
接口响应时长: 76 ms
Http状态码: 200
断言结果: 200
=====================================================
INFO    2023-04-09 16:32:15,979G:\auto_api1_framework\logs\info-2023-04-09.log:test_update_user_status.py:29 2023-04-09 16:32:15 >>>>>> 执行结束！
INFO    2023-04-09 16:32:26,188G:\auto_api1_framework\logs\info-2023-04-09.log:test_update_user_status.py:26 2023-04-09 16:32:26 >>>>>> 开始执行：
INFO    2023-04-09 16:32:26,431G:\auto_api1_framework\logs\info-2023-04-09.log:log_decorator.py:42 
======================================================
用例标题: 创建用户成功（全部参数）
请求路径: http://127.0.0.1:8888/api/private/v1/users
请求方式: POST
请求头:   {'User-Agent': 'python-requests/2.28.2', 'Accept-Encoding': 'gzip, deflate', 'Accept': '*/*', 'Connection': 'keep-alive', 'Content-Type': 'application/json', 'Authorization': 'Bearer eyJhbGciOiJIUzI1NiIsInR5cCI6IkpXVCJ9.eyJ1aWQiOjUwMCwicmlkIjowLCJpYXQiOjE2ODEwMjkxNDYsImV4cCI6MTY4MTExNTU0Nn0.LBVPOzXRmSpu4eA8degD3VqJDyuNoLuDa7A0PUEXchw', 'Content-Length': '102'}
请求内容: {'username': 'Vrqjt899', 'password': '(3^Y^SAd', 'email': 'duming@gmail.com', 'mobile': '15838591817'}
接口响应内容: {'data': {'id': 909, 'username': 'Vrqjt899', 'mobile': '15838591817', 'email': 'duming@gmail.com', 'role_id': -1, 'create_time': 1681029146}, 'meta': {'msg': '创建成功', 'status': 201}}
接口响应时长: 81 ms
Http状态码: 200
断言结果: 200
=====================================================
INFO    2023-04-09 16:32:26,436G:\auto_api1_framework\logs\info-2023-04-09.log:log_decorator.py:42 
======================================================
用例标题: 修改用户信息
请求路径: http://127.0.0.1:8888/api/private/v1/users/$url_params%7Bid%7D
请求方式: PUT
请求头:   {'User-Agent': 'python-requests/2.28.2', 'Accept-Encoding': 'gzip, deflate', 'Accept': '*/*', 'Connection': 'keep-alive', 'Authorization': 'Bearer eyJhbGciOiJIUzI1NiIsInR5cCI6IkpXVCJ9.eyJ1aWQiOjUwMCwicmlkIjowLCJpYXQiOjE2ODEwMjkxNDYsImV4cCI6MTY4MTExNTU0Nn0.LBVPOzXRmSpu4eA8degD3VqJDyuNoLuDa7A0PUEXchw', 'Content-Length': '0'}
请求内容: None
接口响应内容: {'data': None, 'meta': {'msg': '用户ID必须是数字', 'status': 400}}
接口响应时长: 2 ms
Http状态码: 200
断言结果: 200
=====================================================
INFO    2023-04-09 16:32:26,515G:\auto_api1_framework\logs\info-2023-04-09.log:test_update_user_status.py:29 2023-04-09 16:32:26 >>>>>> 执行结束！
INFO    2023-04-09 16:33:22,417G:\auto_api1_framework\logs\info-2023-04-09.log:test_update_user_status.py:26 2023-04-09 16:33:22 >>>>>> 开始执行：
INFO    2023-04-09 16:33:22,659G:\auto_api1_framework\logs\info-2023-04-09.log:log_decorator.py:42 
======================================================
用例标题: 创建用户成功（全部参数）
请求路径: http://127.0.0.1:8888/api/private/v1/users
请求方式: POST
请求头:   {'User-Agent': 'python-requests/2.28.2', 'Accept-Encoding': 'gzip, deflate', 'Accept': '*/*', 'Connection': 'keep-alive', 'Content-Type': 'application/json', 'Authorization': 'Bearer eyJhbGciOiJIUzI1NiIsInR5cCI6IkpXVCJ9.eyJ1aWQiOjUwMCwicmlkIjowLCJpYXQiOjE2ODEwMjkyMDIsImV4cCI6MTY4MTExNTYwMn0.UpjowWlI57IcwFsUXZ7RF6vJttJuQnlqwNtUmQ7BhHg', 'Content-Length': '104'}
请求内容: {'username': 'TfMps419', 'password': '%6NgUua9', 'email': 'fang58@hotmail.com', 'mobile': '18633153814'}
接口响应内容: {'data': {'id': 910, 'username': 'TfMps419', 'mobile': '18633153814', 'email': 'fang58@hotmail.com', 'role_id': -1, 'create_time': 1681029202}, 'meta': {'msg': '创建成功', 'status': 201}}
接口响应时长: 73 ms
Http状态码: 200
断言结果: 200
=====================================================
INFO    2023-04-09 16:33:22,663G:\auto_api1_framework\logs\info-2023-04-09.log:log_decorator.py:42 
======================================================
用例标题: 修改用户信息
请求路径: http://127.0.0.1:8888/api/private/v1/users/$url_params%7Bid%7D
请求方式: PUT
请求头:   {'User-Agent': 'python-requests/2.28.2', 'Accept-Encoding': 'gzip, deflate', 'Accept': '*/*', 'Connection': 'keep-alive', 'Authorization': 'Bearer eyJhbGciOiJIUzI1NiIsInR5cCI6IkpXVCJ9.eyJ1aWQiOjUwMCwicmlkIjowLCJpYXQiOjE2ODEwMjkyMDIsImV4cCI6MTY4MTExNTYwMn0.UpjowWlI57IcwFsUXZ7RF6vJttJuQnlqwNtUmQ7BhHg', 'Content-Length': '0'}
请求内容: None
接口响应内容: {'data': None, 'meta': {'msg': '用户ID必须是数字', 'status': 400}}
接口响应时长: 1 ms
Http状态码: 200
断言结果: 200
=====================================================
INFO    2023-04-09 16:33:22,742G:\auto_api1_framework\logs\info-2023-04-09.log:test_update_user_status.py:29 2023-04-09 16:33:22 >>>>>> 执行结束！
INFO    2023-04-09 16:33:25,027G:\auto_api1_framework\logs\info-2023-04-09.log:test_update_user_status.py:26 2023-04-09 16:33:24 >>>>>> 开始执行：
INFO    2023-04-09 16:33:25,275G:\auto_api1_framework\logs\info-2023-04-09.log:log_decorator.py:42 
======================================================
用例标题: 创建用户成功（全部参数）
请求路径: http://127.0.0.1:8888/api/private/v1/users
请求方式: POST
请求头:   {'User-Agent': 'python-requests/2.28.2', 'Accept-Encoding': 'gzip, deflate', 'Accept': '*/*', 'Connection': 'keep-alive', 'Content-Type': 'application/json', 'Authorization': 'Bearer eyJhbGciOiJIUzI1NiIsInR5cCI6IkpXVCJ9.eyJ1aWQiOjUwMCwicmlkIjowLCJpYXQiOjE2ODEwMjkyMDUsImV4cCI6MTY4MTExNTYwNX0.r-BrKy_uhWVkvfd8vqLKh6oPwUyEU2HstzynixcrzaE', 'Content-Length': '99'}
请求内容: {'username': 'LtJjM334', 'password': '*M*30HIv', 'email': 'wma@gmail.com', 'mobile': '15166965181'}
接口响应内容: {'data': {'id': 911, 'username': 'LtJjM334', 'mobile': '15166965181', 'email': 'wma@gmail.com', 'role_id': -1, 'create_time': 1681029205}, 'meta': {'msg': '创建成功', 'status': 201}}
接口响应时长: 79 ms
Http状态码: 200
断言结果: 200
=====================================================
INFO    2023-04-09 16:33:25,279G:\auto_api1_framework\logs\info-2023-04-09.log:log_decorator.py:42 
======================================================
用例标题: 修改用户信息
请求路径: http://127.0.0.1:8888/api/private/v1/users/$url_params%7Bid%7D
请求方式: PUT
请求头:   {'User-Agent': 'python-requests/2.28.2', 'Accept-Encoding': 'gzip, deflate', 'Accept': '*/*', 'Connection': 'keep-alive', 'Authorization': 'Bearer eyJhbGciOiJIUzI1NiIsInR5cCI6IkpXVCJ9.eyJ1aWQiOjUwMCwicmlkIjowLCJpYXQiOjE2ODEwMjkyMDUsImV4cCI6MTY4MTExNTYwNX0.r-BrKy_uhWVkvfd8vqLKh6oPwUyEU2HstzynixcrzaE', 'Content-Length': '0'}
请求内容: None
接口响应内容: {'data': None, 'meta': {'msg': '用户ID必须是数字', 'status': 400}}
接口响应时长: 1 ms
Http状态码: 200
断言结果: 200
=====================================================
INFO    2023-04-09 16:33:25,353G:\auto_api1_framework\logs\info-2023-04-09.log:test_update_user_status.py:29 2023-04-09 16:33:24 >>>>>> 执行结束！
INFO    2023-04-09 16:33:48,014G:\auto_api1_framework\logs\info-2023-04-09.log:test_update_user_status.py:26 2023-04-09 16:33:47 >>>>>> 开始执行：
INFO    2023-04-09 16:33:48,262G:\auto_api1_framework\logs\info-2023-04-09.log:log_decorator.py:42 
======================================================
用例标题: 创建用户成功（全部参数）
请求路径: http://127.0.0.1:8888/api/private/v1/users
请求方式: POST
请求头:   {'User-Agent': 'python-requests/2.28.2', 'Accept-Encoding': 'gzip, deflate', 'Accept': '*/*', 'Connection': 'keep-alive', 'Content-Type': 'application/json', 'Authorization': 'Bearer eyJhbGciOiJIUzI1NiIsInR5cCI6IkpXVCJ9.eyJ1aWQiOjUwMCwicmlkIjowLCJpYXQiOjE2ODEwMjkyMjgsImV4cCI6MTY4MTExNTYyOH0.1unrLXb3gWtyWuDBByBthHphyUl3w_cujmFFGeK9OsA', 'Content-Length': '103'}
请求内容: {'username': 'oTNQO010', 'password': '%0Mv2Iln', 'email': 'mshen@hotmail.com', 'mobile': '18042623759'}
接口响应内容: {'data': {'id': 912, 'username': 'oTNQO010', 'mobile': '18042623759', 'email': 'mshen@hotmail.com', 'role_id': -1, 'create_time': 1681029228}, 'meta': {'msg': '创建成功', 'status': 201}}
接口响应时长: 81 ms
Http状态码: 200
断言结果: 200
=====================================================
INFO    2023-04-09 16:33:48,341G:\auto_api1_framework\logs\info-2023-04-09.log:test_update_user_status.py:29 2023-04-09 16:33:47 >>>>>> 执行结束！
INFO    2023-04-09 16:33:56,349G:\auto_api1_framework\logs\info-2023-04-09.log:test_update_user_status.py:26 2023-04-09 16:33:56 >>>>>> 开始执行：
INFO    2023-04-09 16:33:56,586G:\auto_api1_framework\logs\info-2023-04-09.log:log_decorator.py:42 
======================================================
用例标题: 创建用户成功（全部参数）
请求路径: http://127.0.0.1:8888/api/private/v1/users
请求方式: POST
请求头:   {'User-Agent': 'python-requests/2.28.2', 'Accept-Encoding': 'gzip, deflate', 'Accept': '*/*', 'Connection': 'keep-alive', 'Content-Type': 'application/json', 'Authorization': 'Bearer eyJhbGciOiJIUzI1NiIsInR5cCI6IkpXVCJ9.eyJ1aWQiOjUwMCwicmlkIjowLCJpYXQiOjE2ODEwMjkyMzYsImV4cCI6MTY4MTExNTYzNn0.MZwBqQO_pEg18xqnbcsv5Cspd7iTFOy_Wi6V6LvzaZk', 'Content-Length': '106'}
请求内容: {'username': 'fFQJf734', 'password': '_7#Hl4Xm', 'email': 'yanzhong@hotmail.com', 'mobile': '13239268163'}
接口响应内容: {'data': {'id': 913, 'username': 'fFQJf734', 'mobile': '13239268163', 'email': 'yanzhong@hotmail.com', 'role_id': -1, 'create_time': 1681029236}, 'meta': {'msg': '创建成功', 'status': 201}}
接口响应时长: 77 ms
Http状态码: 200
断言结果: 200
=====================================================
INFO    2023-04-09 16:33:56,590G:\auto_api1_framework\logs\info-2023-04-09.log:log_decorator.py:42 
======================================================
用例标题: 修改用户信息
请求路径: http://127.0.0.1:8888/api/private/v1/users/$url_params%7Bid%7D
请求方式: PUT
请求头:   {'User-Agent': 'python-requests/2.28.2', 'Accept-Encoding': 'gzip, deflate', 'Accept': '*/*', 'Connection': 'keep-alive', 'Authorization': 'Bearer eyJhbGciOiJIUzI1NiIsInR5cCI6IkpXVCJ9.eyJ1aWQiOjUwMCwicmlkIjowLCJpYXQiOjE2ODEwMjkyMzYsImV4cCI6MTY4MTExNTYzNn0.MZwBqQO_pEg18xqnbcsv5Cspd7iTFOy_Wi6V6LvzaZk', 'Content-Length': '0'}
请求内容: None
接口响应内容: {'data': None, 'meta': {'msg': '用户ID必须是数字', 'status': 400}}
接口响应时长: 2 ms
Http状态码: 200
断言结果: 200
=====================================================
INFO    2023-04-09 16:33:56,666G:\auto_api1_framework\logs\info-2023-04-09.log:test_update_user_status.py:29 2023-04-09 16:33:56 >>>>>> 执行结束！
INFO    2023-04-09 16:35:36,991G:\auto_api1_framework\logs\info-2023-04-09.log:test_update_user_status.py:26 2023-04-09 16:35:36 >>>>>> 开始执行：
INFO    2023-04-09 16:35:37,230G:\auto_api1_framework\logs\info-2023-04-09.log:log_decorator.py:42 
======================================================
用例标题: 创建用户成功（全部参数）
请求路径: http://127.0.0.1:8888/api/private/v1/users
请求方式: POST
请求头:   {'User-Agent': 'python-requests/2.28.2', 'Accept-Encoding': 'gzip, deflate', 'Accept': '*/*', 'Connection': 'keep-alive', 'Content-Type': 'application/json', 'Authorization': 'Bearer eyJhbGciOiJIUzI1NiIsInR5cCI6IkpXVCJ9.eyJ1aWQiOjUwMCwicmlkIjowLCJpYXQiOjE2ODEwMjkzMzYsImV4cCI6MTY4MTExNTczNn0.DhG38agsfPlYdi3RJqnG2DFVSLtwc9RFsLD2lfHW6Zc', 'Content-Length': '104'}
请求内容: {'username': 'hrcHo778', 'password': '@&!7Uw1r', 'email': 'haotao@hotmail.com', 'mobile': '18212020162'}
接口响应内容: {'data': {'id': 914, 'username': 'hrcHo778', 'mobile': '18212020162', 'email': 'haotao@hotmail.com', 'role_id': -1, 'create_time': 1681029337}, 'meta': {'msg': '创建成功', 'status': 201}}
接口响应时长: 74 ms
Http状态码: 200
断言结果: 200
=====================================================
INFO    2023-04-09 16:35:37,234G:\auto_api1_framework\logs\info-2023-04-09.log:log_decorator.py:42 
======================================================
用例标题: 修改用户信息
请求路径: http://127.0.0.1:8888/api/private/v1/users/$url_params%7Bid%7D
请求方式: PUT
请求头:   {'User-Agent': 'python-requests/2.28.2', 'Accept-Encoding': 'gzip, deflate', 'Accept': '*/*', 'Connection': 'keep-alive', 'Authorization': 'Bearer eyJhbGciOiJIUzI1NiIsInR5cCI6IkpXVCJ9.eyJ1aWQiOjUwMCwicmlkIjowLCJpYXQiOjE2ODEwMjkzMzYsImV4cCI6MTY4MTExNTczNn0.DhG38agsfPlYdi3RJqnG2DFVSLtwc9RFsLD2lfHW6Zc', 'Content-Length': '0'}
请求内容: None
接口响应内容: {'data': None, 'meta': {'msg': '用户ID必须是数字', 'status': 400}}
接口响应时长: 1 ms
Http状态码: 200
断言结果: 200
=====================================================
INFO    2023-04-09 16:35:37,309G:\auto_api1_framework\logs\info-2023-04-09.log:test_update_user_status.py:29 2023-04-09 16:35:36 >>>>>> 执行结束！
INFO    2023-04-09 16:35:56,301G:\auto_api1_framework\logs\info-2023-04-09.log:test_update_user_status.py:26 2023-04-09 16:35:56 >>>>>> 开始执行：
INFO    2023-04-09 16:35:56,549G:\auto_api1_framework\logs\info-2023-04-09.log:log_decorator.py:42 
======================================================
用例标题: 创建用户成功（全部参数）
请求路径: http://127.0.0.1:8888/api/private/v1/users
请求方式: POST
请求头:   {'User-Agent': 'python-requests/2.28.2', 'Accept-Encoding': 'gzip, deflate', 'Accept': '*/*', 'Connection': 'keep-alive', 'Content-Type': 'application/json', 'Authorization': 'Bearer eyJhbGciOiJIUzI1NiIsInR5cCI6IkpXVCJ9.eyJ1aWQiOjUwMCwicmlkIjowLCJpYXQiOjE2ODEwMjkzNTYsImV4cCI6MTY4MTExNTc1Nn0.zxX7AfUYYLxMh6nwrX62N4e7cT8qwCEIPulte0TLck0', 'Content-Length': '103'}
请求内容: {'username': 'RgATt830', 'password': 'a^0Xxg6x', 'email': 'wei36@hotmail.com', 'mobile': '13116603970'}
接口响应内容: {'data': {'id': 915, 'username': 'RgATt830', 'mobile': '13116603970', 'email': 'wei36@hotmail.com', 'role_id': -1, 'create_time': 1681029356}, 'meta': {'msg': '创建成功', 'status': 201}}
接口响应时长: 81 ms
Http状态码: 200
断言结果: 200
=====================================================
INFO    2023-04-09 16:35:56,626G:\auto_api1_framework\logs\info-2023-04-09.log:test_update_user_status.py:29 2023-04-09 16:35:56 >>>>>> 执行结束！
INFO    2023-04-09 16:37:42,550G:\auto_api1_framework\logs\info-2023-04-09.log:test_update_user_status.py:26 2023-04-09 16:37:42 >>>>>> 开始执行：
INFO    2023-04-09 16:37:42,797G:\auto_api1_framework\logs\info-2023-04-09.log:log_decorator.py:42 
======================================================
用例标题: 创建用户成功（全部参数）
请求路径: http://127.0.0.1:8888/api/private/v1/users
请求方式: POST
请求头:   {'User-Agent': 'python-requests/2.28.2', 'Accept-Encoding': 'gzip, deflate', 'Accept': '*/*', 'Connection': 'keep-alive', 'Content-Type': 'application/json', 'Authorization': 'Bearer eyJhbGciOiJIUzI1NiIsInR5cCI6IkpXVCJ9.eyJ1aWQiOjUwMCwicmlkIjowLCJpYXQiOjE2ODEwMjk0NjIsImV4cCI6MTY4MTExNTg2Mn0.265ogRTQqre99sDfg3qP76oxsPUU4fRSRrDUWWA9IkM', 'Content-Length': '102'}
请求内容: {'username': 'UiGJq258', 'password': '$*6Le)Zx', 'email': 'magang@yahoo.com', 'mobile': '14551390499'}
接口响应内容: {'data': {'id': 916, 'username': 'UiGJq258', 'mobile': '14551390499', 'email': 'magang@yahoo.com', 'role_id': -1, 'create_time': 1681029462}, 'meta': {'msg': '创建成功', 'status': 201}}
接口响应时长: 81 ms
Http状态码: 200
断言结果: 200
=====================================================
INFO    2023-04-09 16:37:42,801G:\auto_api1_framework\logs\info-2023-04-09.log:log_decorator.py:42 
======================================================
用例标题: 修改用户信息
请求路径: http://127.0.0.1:8888/api/private/v1/users/$url_params%7Bid%7D
请求方式: PUT
请求头:   {'User-Agent': 'python-requests/2.28.2', 'Accept-Encoding': 'gzip, deflate', 'Accept': '*/*', 'Connection': 'keep-alive', 'Authorization': 'Bearer eyJhbGciOiJIUzI1NiIsInR5cCI6IkpXVCJ9.eyJ1aWQiOjUwMCwicmlkIjowLCJpYXQiOjE2ODEwMjk0NjIsImV4cCI6MTY4MTExNTg2Mn0.265ogRTQqre99sDfg3qP76oxsPUU4fRSRrDUWWA9IkM', 'Content-Length': '0'}
请求内容: None
接口响应内容: {'data': None, 'meta': {'msg': '用户ID必须是数字', 'status': 400}}
接口响应时长: 2 ms
Http状态码: 200
断言结果: 200
=====================================================
INFO    2023-04-09 16:37:42,877G:\auto_api1_framework\logs\info-2023-04-09.log:test_update_user_status.py:29 2023-04-09 16:37:42 >>>>>> 执行结束！
INFO    2023-04-09 16:38:39,392G:\auto_api1_framework\logs\info-2023-04-09.log:test_update_user_status.py:26 2023-04-09 16:38:39 >>>>>> 开始执行：
INFO    2023-04-09 16:38:39,642G:\auto_api1_framework\logs\info-2023-04-09.log:log_decorator.py:42 
======================================================
用例标题: 创建用户成功（全部参数）
请求路径: http://127.0.0.1:8888/api/private/v1/users
请求方式: POST
请求头:   {'User-Agent': 'python-requests/2.28.2', 'Accept-Encoding': 'gzip, deflate', 'Accept': '*/*', 'Connection': 'keep-alive', 'Content-Type': 'application/json', 'Authorization': 'Bearer eyJhbGciOiJIUzI1NiIsInR5cCI6IkpXVCJ9.eyJ1aWQiOjUwMCwicmlkIjowLCJpYXQiOjE2ODEwMjk1MTksImV4cCI6MTY4MTExNTkxOX0.9n2kk1WaOvz0vSIMzGJ645DXYEny_8tP_D6_dfDm4wE', 'Content-Length': '104'}
请求内容: {'username': 'OFOkD192', 'password': '_k5Af&(b', 'email': 'xiulanwu@gmail.com', 'mobile': '18230687086'}
接口响应内容: {'data': {'id': 917, 'username': 'OFOkD192', 'mobile': '18230687086', 'email': 'xiulanwu@gmail.com', 'role_id': -1, 'create_time': 1681029519}, 'meta': {'msg': '创建成功', 'status': 201}}
接口响应时长: 81 ms
Http状态码: 200
断言结果: 200
=====================================================
INFO    2023-04-09 16:38:39,646G:\auto_api1_framework\logs\info-2023-04-09.log:log_decorator.py:42 
======================================================
用例标题: 修改用户信息
请求路径: http://127.0.0.1:8888/api/private/v1/users/$url_params%7Bid%7D
请求方式: PUT
请求头:   {'User-Agent': 'python-requests/2.28.2', 'Accept-Encoding': 'gzip, deflate', 'Accept': '*/*', 'Connection': 'keep-alive', 'Authorization': 'Bearer eyJhbGciOiJIUzI1NiIsInR5cCI6IkpXVCJ9.eyJ1aWQiOjUwMCwicmlkIjowLCJpYXQiOjE2ODEwMjk1MTksImV4cCI6MTY4MTExNTkxOX0.9n2kk1WaOvz0vSIMzGJ645DXYEny_8tP_D6_dfDm4wE', 'Content-Length': '0'}
请求内容: None
接口响应内容: {'data': None, 'meta': {'msg': '用户ID必须是数字', 'status': 400}}
接口响应时长: 1 ms
Http状态码: 200
断言结果: 200
=====================================================
INFO    2023-04-09 16:38:39,719G:\auto_api1_framework\logs\info-2023-04-09.log:test_update_user_status.py:29 2023-04-09 16:38:39 >>>>>> 执行结束！
INFO    2023-04-09 16:38:48,078G:\auto_api1_framework\logs\info-2023-04-09.log:test_update_user_status.py:26 2023-04-09 16:38:47 >>>>>> 开始执行：
INFO    2023-04-09 16:38:48,321G:\auto_api1_framework\logs\info-2023-04-09.log:log_decorator.py:42 
======================================================
用例标题: 创建用户成功（全部参数）
请求路径: http://127.0.0.1:8888/api/private/v1/users
请求方式: POST
请求头:   {'User-Agent': 'python-requests/2.28.2', 'Accept-Encoding': 'gzip, deflate', 'Accept': '*/*', 'Connection': 'keep-alive', 'Content-Type': 'application/json', 'Authorization': 'Bearer eyJhbGciOiJIUzI1NiIsInR5cCI6IkpXVCJ9.eyJ1aWQiOjUwMCwicmlkIjowLCJpYXQiOjE2ODEwMjk1MjgsImV4cCI6MTY4MTExNTkyOH0.oqmbniPc4YuIeUWseLt2ZPbvO668ZXdbkuZ14hK1Dls', 'Content-Length': '101'}
请求内容: {'username': 'Pltau428', 'password': '+5ZCrfrb', 'email': 'leiye@yahoo.com', 'mobile': '18242458054'}
接口响应内容: {'data': {'id': 918, 'username': 'Pltau428', 'mobile': '18242458054', 'email': 'leiye@yahoo.com', 'role_id': -1, 'create_time': 1681029528}, 'meta': {'msg': '创建成功', 'status': 201}}
接口响应时长: 79 ms
Http状态码: 200
断言结果: 200
=====================================================
INFO    2023-04-09 16:38:48,399G:\auto_api1_framework\logs\info-2023-04-09.log:test_update_user_status.py:29 2023-04-09 16:38:47 >>>>>> 执行结束！
INFO    2023-04-09 16:39:03,731G:\auto_api1_framework\logs\info-2023-04-09.log:test_update_user_status.py:26 2023-04-09 16:39:03 >>>>>> 开始执行：
INFO    2023-04-09 16:39:03,980G:\auto_api1_framework\logs\info-2023-04-09.log:log_decorator.py:42 
======================================================
用例标题: 创建用户成功（全部参数）
请求路径: http://127.0.0.1:8888/api/private/v1/users
请求方式: POST
请求头:   {'User-Agent': 'python-requests/2.28.2', 'Accept-Encoding': 'gzip, deflate', 'Accept': '*/*', 'Connection': 'keep-alive', 'Content-Type': 'application/json', 'Authorization': 'Bearer eyJhbGciOiJIUzI1NiIsInR5cCI6IkpXVCJ9.eyJ1aWQiOjUwMCwicmlkIjowLCJpYXQiOjE2ODEwMjk1NDMsImV4cCI6MTY4MTExNTk0M30.IRfJZtEnefld0WcMzufdb3ACTnq-vFLjUcAXMUSpV20', 'Content-Length': '100'}
请求内容: {'username': 'RHGWJ734', 'password': 'Q$d89E^g', 'email': 'jshi@yahoo.com', 'mobile': '13369786338'}
接口响应内容: {'data': {'id': 919, 'username': 'RHGWJ734', 'mobile': '13369786338', 'email': 'jshi@yahoo.com', 'role_id': -1, 'create_time': 1681029543}, 'meta': {'msg': '创建成功', 'status': 201}}
接口响应时长: 81 ms
Http状态码: 200
断言结果: 200
=====================================================
INFO    2023-04-09 16:39:04,059G:\auto_api1_framework\logs\info-2023-04-09.log:test_update_user_status.py:29 2023-04-09 16:39:03 >>>>>> 执行结束！
INFO    2023-04-09 16:48:34,240G:\auto_api1_framework\logs\info-2023-04-09.log:test_update_user_status.py:26 2023-04-09 16:48:34 >>>>>> 开始执行：
INFO    2023-04-09 16:48:34,498G:\auto_api1_framework\logs\info-2023-04-09.log:log_decorator.py:42 
======================================================
用例标题: 创建用户成功（全部参数）
请求路径: http://127.0.0.1:8888/api/private/v1/users
请求方式: POST
请求头:   {'User-Agent': 'python-requests/2.28.2', 'Accept-Encoding': 'gzip, deflate', 'Accept': '*/*', 'Connection': 'keep-alive', 'Content-Type': 'application/json', 'Authorization': 'Bearer eyJhbGciOiJIUzI1NiIsInR5cCI6IkpXVCJ9.eyJ1aWQiOjUwMCwicmlkIjowLCJpYXQiOjE2ODEwMzAxMTQsImV4cCI6MTY4MTExNjUxNH0.pJqk4KdgAl-HpYwGE3RTYFXpC39xvR5yWxbwKv2xHvQ', 'Content-Length': '105'}
请求内容: {'username': 'vwTwy666', 'password': 'N^+4Yiuj', 'email': 'guiying97@gmail.com', 'mobile': '13589634361'}
接口响应内容: {'data': {'id': 920, 'username': 'vwTwy666', 'mobile': '13589634361', 'email': 'guiying97@gmail.com', 'role_id': -1, 'create_time': 1681030114}, 'meta': {'msg': '创建成功', 'status': 201}}
接口响应时长: 89 ms
Http状态码: 200
断言结果: 200
=====================================================
INFO    2023-04-09 16:48:34,577G:\auto_api1_framework\logs\info-2023-04-09.log:test_update_user_status.py:29 2023-04-09 16:48:34 >>>>>> 执行结束！
INFO    2023-04-09 16:49:04,372G:\auto_api1_framework\logs\info-2023-04-09.log:test_update_user_status.py:26 2023-04-09 16:49:04 >>>>>> 开始执行：
INFO    2023-04-09 16:49:04,620G:\auto_api1_framework\logs\info-2023-04-09.log:log_decorator.py:42 
======================================================
用例标题: 创建用户成功（全部参数）
请求路径: http://127.0.0.1:8888/api/private/v1/users
请求方式: POST
请求头:   {'User-Agent': 'python-requests/2.28.2', 'Accept-Encoding': 'gzip, deflate', 'Accept': '*/*', 'Connection': 'keep-alive', 'Content-Type': 'application/json', 'Authorization': 'Bearer eyJhbGciOiJIUzI1NiIsInR5cCI6IkpXVCJ9.eyJ1aWQiOjUwMCwicmlkIjowLCJpYXQiOjE2ODEwMzAxNDQsImV4cCI6MTY4MTExNjU0NH0.wy7O8S8COFEkkXzInQbKThdjBiNYCTZTo2J54wETRdY', 'Content-Length': '100'}
请求内容: {'username': 'hIAHK734', 'password': '_c1UkBn&', 'email': 'mcao@yahoo.com', 'mobile': '15114342057'}
接口响应内容: {'data': {'id': 921, 'username': 'hIAHK734', 'mobile': '15114342057', 'email': 'mcao@yahoo.com', 'role_id': -1, 'create_time': 1681030144}, 'meta': {'msg': '创建成功', 'status': 201}}
接口响应时长: 85 ms
Http状态码: 200
断言结果: 200
=====================================================
INFO    2023-04-09 16:49:04,696G:\auto_api1_framework\logs\info-2023-04-09.log:test_update_user_status.py:29 2023-04-09 16:49:04 >>>>>> 执行结束！
INFO    2023-04-09 16:49:53,192G:\auto_api1_framework\logs\info-2023-04-09.log:test_update_user_status.py:26 2023-04-09 16:49:53 >>>>>> 开始执行：
INFO    2023-04-09 16:49:53,438G:\auto_api1_framework\logs\info-2023-04-09.log:log_decorator.py:42 
======================================================
用例标题: 创建用户成功（全部参数）
请求路径: http://127.0.0.1:8888/api/private/v1/users
请求方式: POST
请求头:   {'User-Agent': 'python-requests/2.28.2', 'Accept-Encoding': 'gzip, deflate', 'Accept': '*/*', 'Connection': 'keep-alive', 'Content-Type': 'application/json', 'Authorization': 'Bearer eyJhbGciOiJIUzI1NiIsInR5cCI6IkpXVCJ9.eyJ1aWQiOjUwMCwicmlkIjowLCJpYXQiOjE2ODEwMzAxOTMsImV4cCI6MTY4MTExNjU5M30._w7PhTXDaUg4AH6pHoqashjEyVyEix52RMi4I8WNTGk', 'Content-Length': '102'}
请求内容: {'username': 'yXBdp882', 'password': '&__s1G#k', 'email': 'wanlei@yahoo.com', 'mobile': '13080735496'}
接口响应内容: {'data': {'id': 922, 'username': 'yXBdp882', 'mobile': '13080735496', 'email': 'wanlei@yahoo.com', 'role_id': -1, 'create_time': 1681030193}, 'meta': {'msg': '创建成功', 'status': 201}}
接口响应时长: 82 ms
Http状态码: 200
断言结果: 200
=====================================================
INFO    2023-04-09 16:49:53,513G:\auto_api1_framework\logs\info-2023-04-09.log:test_update_user_status.py:29 2023-04-09 16:49:53 >>>>>> 执行结束！
INFO    2023-04-09 16:50:15,433G:\auto_api1_framework\logs\info-2023-04-09.log:test_update_user_status.py:26 2023-04-09 16:50:15 >>>>>> 开始执行：
INFO    2023-04-09 16:50:15,685G:\auto_api1_framework\logs\info-2023-04-09.log:log_decorator.py:42 
======================================================
用例标题: 创建用户成功（全部参数）
请求路径: http://127.0.0.1:8888/api/private/v1/users
请求方式: POST
请求头:   {'User-Agent': 'python-requests/2.28.2', 'Accept-Encoding': 'gzip, deflate', 'Accept': '*/*', 'Connection': 'keep-alive', 'Content-Type': 'application/json', 'Authorization': 'Bearer eyJhbGciOiJIUzI1NiIsInR5cCI6IkpXVCJ9.eyJ1aWQiOjUwMCwicmlkIjowLCJpYXQiOjE2ODEwMzAyMTUsImV4cCI6MTY4MTExNjYxNX0.Sd4zX72La51t4bUTBe5L-iGB6a7YtmL8biaK8HgvpSw', 'Content-Length': '102'}
请求内容: {'username': 'OObWD332', 'password': '*0JnQd)k', 'email': 'qiumin@gmail.com', 'mobile': '18023011754'}
接口响应内容: {'data': {'id': 923, 'username': 'OObWD332', 'mobile': '18023011754', 'email': 'qiumin@gmail.com', 'role_id': -1, 'create_time': 1681030215}, 'meta': {'msg': '创建成功', 'status': 201}}
接口响应时长: 82 ms
Http状态码: 200
断言结果: 200
=====================================================
INFO    2023-04-09 16:50:15,764G:\auto_api1_framework\logs\info-2023-04-09.log:test_update_user_status.py:29 2023-04-09 16:50:15 >>>>>> 执行结束！
INFO    2023-04-09 16:50:26,053G:\auto_api1_framework\logs\info-2023-04-09.log:test_update_user_status.py:26 2023-04-09 16:50:25 >>>>>> 开始执行：
INFO    2023-04-09 16:50:26,305G:\auto_api1_framework\logs\info-2023-04-09.log:log_decorator.py:42 
======================================================
用例标题: 创建用户成功（全部参数）
请求路径: http://127.0.0.1:8888/api/private/v1/users
请求方式: POST
请求头:   {'User-Agent': 'python-requests/2.28.2', 'Accept-Encoding': 'gzip, deflate', 'Accept': '*/*', 'Connection': 'keep-alive', 'Content-Type': 'application/json', 'Authorization': 'Bearer eyJhbGciOiJIUzI1NiIsInR5cCI6IkpXVCJ9.eyJ1aWQiOjUwMCwicmlkIjowLCJpYXQiOjE2ODEwMzAyMjYsImV4cCI6MTY4MTExNjYyNn0.5gbSthPGCYsEpM_hG3H-K6f3pPvdOIUFB4AFLLnlb8Q', 'Content-Length': '104'}
请求内容: {'username': 'JmpiG964', 'password': '&5^*9tCo', 'email': 'luojun@hotmail.com', 'mobile': '18196419382'}
接口响应内容: {'data': {'id': 924, 'username': 'JmpiG964', 'mobile': '18196419382', 'email': 'luojun@hotmail.com', 'role_id': -1, 'create_time': 1681030226}, 'meta': {'msg': '创建成功', 'status': 201}}
接口响应时长: 82 ms
Http状态码: 200
断言结果: 200
=====================================================
INFO    2023-04-09 16:50:26,393G:\auto_api1_framework\logs\info-2023-04-09.log:test_update_user_status.py:29 2023-04-09 16:50:25 >>>>>> 执行结束！
INFO    2023-04-09 16:50:56,724G:\auto_api1_framework\logs\info-2023-04-09.log:test_update_user_status.py:26 2023-04-09 16:50:56 >>>>>> 开始执行：
INFO    2023-04-09 16:50:56,974G:\auto_api1_framework\logs\info-2023-04-09.log:log_decorator.py:42 
======================================================
用例标题: 创建用户成功（全部参数）
请求路径: http://127.0.0.1:8888/api/private/v1/users
请求方式: POST
请求头:   {'User-Agent': 'python-requests/2.28.2', 'Accept-Encoding': 'gzip, deflate', 'Accept': '*/*', 'Connection': 'keep-alive', 'Content-Type': 'application/json', 'Authorization': 'Bearer eyJhbGciOiJIUzI1NiIsInR5cCI6IkpXVCJ9.eyJ1aWQiOjUwMCwicmlkIjowLCJpYXQiOjE2ODEwMzAyNTYsImV4cCI6MTY4MTExNjY1Nn0.IKL_znqz6CvV6s_RnftwkdHxitIgucubyU7UN3V-sZM', 'Content-Length': '100'}
请求内容: {'username': 'RgOUV641', 'password': 'NO^2AamJ', 'email': 'rjia@gmail.com', 'mobile': '13225286122'}
接口响应内容: {'data': {'id': 925, 'username': 'RgOUV641', 'mobile': '13225286122', 'email': 'rjia@gmail.com', 'role_id': -1, 'create_time': 1681030256}, 'meta': {'msg': '创建成功', 'status': 201}}
接口响应时长: 84 ms
Http状态码: 200
断言结果: 200
=====================================================
INFO    2023-04-09 16:50:57,054G:\auto_api1_framework\logs\info-2023-04-09.log:test_update_user_status.py:29 2023-04-09 16:50:56 >>>>>> 执行结束！
INFO    2023-04-09 16:51:08,532G:\auto_api1_framework\logs\info-2023-04-09.log:test_update_user_status.py:26 2023-04-09 16:51:08 >>>>>> 开始执行：
INFO    2023-04-09 16:51:08,782G:\auto_api1_framework\logs\info-2023-04-09.log:log_decorator.py:42 
======================================================
用例标题: 创建用户成功（全部参数）
请求路径: http://127.0.0.1:8888/api/private/v1/users
请求方式: POST
请求头:   {'User-Agent': 'python-requests/2.28.2', 'Accept-Encoding': 'gzip, deflate', 'Accept': '*/*', 'Connection': 'keep-alive', 'Content-Type': 'application/json', 'Authorization': 'Bearer eyJhbGciOiJIUzI1NiIsInR5cCI6IkpXVCJ9.eyJ1aWQiOjUwMCwicmlkIjowLCJpYXQiOjE2ODEwMzAyNjgsImV4cCI6MTY4MTExNjY2OH0.fF1ZxSpha-1A5cuU2yADUqwwJCLtD5UAWd6UnpjJ4Fo', 'Content-Length': '102'}
请求内容: {'username': 'twCUt461', 'password': '$4z1Gpu2', 'email': 'ming16@yahoo.com', 'mobile': '18667507799'}
接口响应内容: {'data': {'id': 926, 'username': 'twCUt461', 'mobile': '18667507799', 'email': 'ming16@yahoo.com', 'role_id': -1, 'create_time': 1681030268}, 'meta': {'msg': '创建成功', 'status': 201}}
接口响应时长: 81 ms
Http状态码: 200
断言结果: 200
=====================================================
INFO    2023-04-09 16:51:08,859G:\auto_api1_framework\logs\info-2023-04-09.log:test_update_user_status.py:29 2023-04-09 16:51:08 >>>>>> 执行结束！
INFO    2023-04-09 16:51:24,483G:\auto_api1_framework\logs\info-2023-04-09.log:test_update_user_status.py:26 2023-04-09 16:51:24 >>>>>> 开始执行：
INFO    2023-04-09 16:51:24,726G:\auto_api1_framework\logs\info-2023-04-09.log:log_decorator.py:42 
======================================================
用例标题: 创建用户成功（全部参数）
请求路径: http://127.0.0.1:8888/api/private/v1/users
请求方式: POST
请求头:   {'User-Agent': 'python-requests/2.28.2', 'Accept-Encoding': 'gzip, deflate', 'Accept': '*/*', 'Connection': 'keep-alive', 'Content-Type': 'application/json', 'Authorization': 'Bearer eyJhbGciOiJIUzI1NiIsInR5cCI6IkpXVCJ9.eyJ1aWQiOjUwMCwicmlkIjowLCJpYXQiOjE2ODEwMzAyODQsImV4cCI6MTY4MTExNjY4NH0.JkzZXvGHa9xank4cA1Ze6Y8bJIL1SjOIv2iPj3jznsw', 'Content-Length': '101'}
请求内容: {'username': 'QbyIW666', 'password': 'e^2S4VgK', 'email': 'tao23@yahoo.com', 'mobile': '15934210927'}
接口响应内容: {'data': {'id': 927, 'username': 'QbyIW666', 'mobile': '15934210927', 'email': 'tao23@yahoo.com', 'role_id': -1, 'create_time': 1681030284}, 'meta': {'msg': '创建成功', 'status': 201}}
接口响应时长: 78 ms
Http状态码: 200
断言结果: 200
=====================================================
INFO    2023-04-09 16:51:24,730G:\auto_api1_framework\logs\info-2023-04-09.log:log_decorator.py:42 
======================================================
用例标题: 修改用户信息
请求路径: http://127.0.0.1:8888/api/private/v1/users/$url_params%7Bid%7D
请求方式: PUT
请求头:   {'User-Agent': 'python-requests/2.28.2', 'Accept-Encoding': 'gzip, deflate', 'Accept': '*/*', 'Connection': 'keep-alive', 'Authorization': 'Bearer eyJhbGciOiJIUzI1NiIsInR5cCI6IkpXVCJ9.eyJ1aWQiOjUwMCwicmlkIjowLCJpYXQiOjE2ODEwMzAyODQsImV4cCI6MTY4MTExNjY4NH0.JkzZXvGHa9xank4cA1Ze6Y8bJIL1SjOIv2iPj3jznsw', 'Content-Length': '0'}
请求内容: None
接口响应内容: {'data': None, 'meta': {'msg': '用户ID必须是数字', 'status': 400}}
接口响应时长: 1 ms
Http状态码: 200
断言结果: 200
=====================================================
INFO    2023-04-09 16:51:24,805G:\auto_api1_framework\logs\info-2023-04-09.log:test_update_user_status.py:29 2023-04-09 16:51:24 >>>>>> 执行结束！
INFO    2023-04-09 16:51:48,655G:\auto_api1_framework\logs\info-2023-04-09.log:test_update_user_status.py:26 2023-04-09 16:51:48 >>>>>> 开始执行：
INFO    2023-04-09 16:51:48,903G:\auto_api1_framework\logs\info-2023-04-09.log:log_decorator.py:42 
======================================================
用例标题: 创建用户成功（全部参数）
请求路径: http://127.0.0.1:8888/api/private/v1/users
请求方式: POST
请求头:   {'User-Agent': 'python-requests/2.28.2', 'Accept-Encoding': 'gzip, deflate', 'Accept': '*/*', 'Connection': 'keep-alive', 'Content-Type': 'application/json', 'Authorization': 'Bearer eyJhbGciOiJIUzI1NiIsInR5cCI6IkpXVCJ9.eyJ1aWQiOjUwMCwicmlkIjowLCJpYXQiOjE2ODEwMzAzMDgsImV4cCI6MTY4MTExNjcwOH0.ink1xubueE7PBtEsgCdOarLHvVXJKCUCJreiqh0S6DM', 'Content-Length': '100'}
请求内容: {'username': 'hljHK591', 'password': '3P!!87Wq', 'email': 'sdai@yahoo.com', 'mobile': '18669829686'}
接口响应内容: {'data': {'id': 928, 'username': 'hljHK591', 'mobile': '18669829686', 'email': 'sdai@yahoo.com', 'role_id': -1, 'create_time': 1681030308}, 'meta': {'msg': '创建成功', 'status': 201}}
接口响应时长: 82 ms
Http状态码: 200
断言结果: 200
=====================================================
INFO    2023-04-09 16:51:48,984G:\auto_api1_framework\logs\info-2023-04-09.log:test_update_user_status.py:29 2023-04-09 16:51:48 >>>>>> 执行结束！
INFO    2023-04-09 16:52:38,255G:\auto_api1_framework\logs\info-2023-04-09.log:test_update_user_status.py:26 2023-04-09 16:52:38 >>>>>> 开始执行：
INFO    2023-04-09 16:52:38,503G:\auto_api1_framework\logs\info-2023-04-09.log:log_decorator.py:42 
======================================================
用例标题: 创建用户成功（全部参数）
请求路径: http://127.0.0.1:8888/api/private/v1/users
请求方式: POST
请求头:   {'User-Agent': 'python-requests/2.28.2', 'Accept-Encoding': 'gzip, deflate', 'Accept': '*/*', 'Connection': 'keep-alive', 'Content-Type': 'application/json', 'Authorization': 'Bearer eyJhbGciOiJIUzI1NiIsInR5cCI6IkpXVCJ9.eyJ1aWQiOjUwMCwicmlkIjowLCJpYXQiOjE2ODEwMzAzNTgsImV4cCI6MTY4MTExNjc1OH0.3QbTENcmqLgafciQhmW5phMggHCDMStcCWLYP6hYm5I', 'Content-Length': '101'}
请求内容: {'username': 'jzsJs314', 'password': 'VH&9Zyo_', 'email': 'rtian@yahoo.com', 'mobile': '15365238518'}
接口响应内容: {'data': {'id': 929, 'username': 'jzsJs314', 'mobile': '15365238518', 'email': 'rtian@yahoo.com', 'role_id': -1, 'create_time': 1681030358}, 'meta': {'msg': '创建成功', 'status': 201}}
接口响应时长: 84 ms
Http状态码: 200
断言结果: 200
=====================================================
INFO    2023-04-09 16:52:38,506G:\auto_api1_framework\logs\info-2023-04-09.log:log_decorator.py:42 
======================================================
用例标题: 修改用户信息
请求路径: http://127.0.0.1:8888/api/private/v1/users/$url_params%7Bid%7D
请求方式: PUT
请求头:   {'User-Agent': 'python-requests/2.28.2', 'Accept-Encoding': 'gzip, deflate', 'Accept': '*/*', 'Connection': 'keep-alive', 'Authorization': 'Bearer eyJhbGciOiJIUzI1NiIsInR5cCI6IkpXVCJ9.eyJ1aWQiOjUwMCwicmlkIjowLCJpYXQiOjE2ODEwMzAzNTgsImV4cCI6MTY4MTExNjc1OH0.3QbTENcmqLgafciQhmW5phMggHCDMStcCWLYP6hYm5I', 'Content-Length': '0'}
请求内容: None
接口响应内容: {'data': None, 'meta': {'msg': '用户ID必须是数字', 'status': 400}}
接口响应时长: 1 ms
Http状态码: 200
断言结果: 200
=====================================================
INFO    2023-04-09 16:52:38,579G:\auto_api1_framework\logs\info-2023-04-09.log:test_update_user_status.py:29 2023-04-09 16:52:38 >>>>>> 执行结束！
INFO    2023-04-09 16:56:06,967G:\auto_api1_framework\logs\info-2023-04-09.log:test_update_user_status.py:26 2023-04-09 16:56:06 >>>>>> 开始执行：
INFO    2023-04-09 16:56:07,224G:\auto_api1_framework\logs\info-2023-04-09.log:log_decorator.py:42 
======================================================
用例标题: 创建用户成功（全部参数）
请求路径: http://127.0.0.1:8888/api/private/v1/users
请求方式: POST
请求头:   {'User-Agent': 'python-requests/2.28.2', 'Accept-Encoding': 'gzip, deflate', 'Accept': '*/*', 'Connection': 'keep-alive', 'Content-Type': 'application/json', 'Authorization': 'Bearer eyJhbGciOiJIUzI1NiIsInR5cCI6IkpXVCJ9.eyJ1aWQiOjUwMCwicmlkIjowLCJpYXQiOjE2ODEwMzA1NjYsImV4cCI6MTY4MTExNjk2Nn0.tgVDvSO5oFUd6jsfVsCz58-ZdAOhFQvG9FbncpAZ1RQ', 'Content-Length': '103'}
请求内容: {'username': 'dNRjX441', 'password': ')8wS#U#z', 'email': 'qiang54@yahoo.com', 'mobile': '13763942886'}
接口响应内容: {'data': {'id': 930, 'username': 'dNRjX441', 'mobile': '13763942886', 'email': 'qiang54@yahoo.com', 'role_id': -1, 'create_time': 1681030567}, 'meta': {'msg': '创建成功', 'status': 201}}
接口响应时长: 89 ms
Http状态码: 200
断言结果: 200
=====================================================
INFO    2023-04-09 16:56:07,229G:\auto_api1_framework\logs\info-2023-04-09.log:log_decorator.py:42 
======================================================
用例标题: 修改用户信息
请求路径: http://127.0.0.1:8888/api/private/v1/users/$url_params%7Bid%7D
请求方式: PUT
请求头:   {'User-Agent': 'python-requests/2.28.2', 'Accept-Encoding': 'gzip, deflate', 'Accept': '*/*', 'Connection': 'keep-alive', 'Authorization': 'Bearer eyJhbGciOiJIUzI1NiIsInR5cCI6IkpXVCJ9.eyJ1aWQiOjUwMCwicmlkIjowLCJpYXQiOjE2ODEwMzA1NjYsImV4cCI6MTY4MTExNjk2Nn0.tgVDvSO5oFUd6jsfVsCz58-ZdAOhFQvG9FbncpAZ1RQ', 'Content-Length': '0'}
请求内容: None
接口响应内容: {'data': None, 'meta': {'msg': '用户ID必须是数字', 'status': 400}}
接口响应时长: 2 ms
Http状态码: 200
断言结果: 200
=====================================================
INFO    2023-04-09 16:56:07,305G:\auto_api1_framework\logs\info-2023-04-09.log:test_update_user_status.py:29 2023-04-09 16:56:06 >>>>>> 执行结束！
INFO    2023-04-09 16:58:14,484G:\auto_api1_framework\logs\info-2023-04-09.log:test_update_user_status.py:26 2023-04-09 16:58:14 >>>>>> 开始执行：
INFO    2023-04-09 16:58:14,731G:\auto_api1_framework\logs\info-2023-04-09.log:log_decorator.py:42 
======================================================
用例标题: 创建用户成功（全部参数）
请求路径: http://127.0.0.1:8888/api/private/v1/users
请求方式: POST
请求头:   {'User-Agent': 'python-requests/2.28.2', 'Accept-Encoding': 'gzip, deflate', 'Accept': '*/*', 'Connection': 'keep-alive', 'Content-Type': 'application/json', 'Authorization': 'Bearer eyJhbGciOiJIUzI1NiIsInR5cCI6IkpXVCJ9.eyJ1aWQiOjUwMCwicmlkIjowLCJpYXQiOjE2ODEwMzA2OTQsImV4cCI6MTY4MTExNzA5NH0.biZu5g_QUX4Lq2Om45tm5VbCp5hGA9Y_v7lMm_ceeYM', 'Content-Length': '103'}
请求内容: {'username': 'YCdGb156', 'password': '!2lwKV@l', 'email': 'jun85@hotmail.com', 'mobile': '15863012237'}
接口响应内容: {'data': {'id': 931, 'username': 'YCdGb156', 'mobile': '15863012237', 'email': 'jun85@hotmail.com', 'role_id': -1, 'create_time': 1681030694}, 'meta': {'msg': '创建成功', 'status': 201}}
接口响应时长: 82 ms
Http状态码: 200
断言结果: 200
=====================================================
INFO    2023-04-09 16:58:14,735G:\auto_api1_framework\logs\info-2023-04-09.log:log_decorator.py:42 
======================================================
用例标题: 修改用户信息
请求路径: http://127.0.0.1:8888/api/private/v1/users/$url_params%7Bid%7D
请求方式: PUT
请求头:   {'User-Agent': 'python-requests/2.28.2', 'Accept-Encoding': 'gzip, deflate', 'Accept': '*/*', 'Connection': 'keep-alive', 'Authorization': 'Bearer eyJhbGciOiJIUzI1NiIsInR5cCI6IkpXVCJ9.eyJ1aWQiOjUwMCwicmlkIjowLCJpYXQiOjE2ODEwMzA2OTQsImV4cCI6MTY4MTExNzA5NH0.biZu5g_QUX4Lq2Om45tm5VbCp5hGA9Y_v7lMm_ceeYM', 'Content-Length': '0'}
请求内容: None
接口响应内容: {'data': None, 'meta': {'msg': '用户ID必须是数字', 'status': 400}}
接口响应时长: 2 ms
Http状态码: 200
断言结果: 200
=====================================================
INFO    2023-04-09 16:58:14,812G:\auto_api1_framework\logs\info-2023-04-09.log:test_update_user_status.py:29 2023-04-09 16:58:14 >>>>>> 执行结束！
INFO    2023-04-09 16:58:50,742G:\auto_api1_framework\logs\info-2023-04-09.log:test_update_user_status.py:26 2023-04-09 16:58:50 >>>>>> 开始执行：
INFO    2023-04-09 16:58:50,980G:\auto_api1_framework\logs\info-2023-04-09.log:log_decorator.py:42 
======================================================
用例标题: 创建用户成功（全部参数）
请求路径: http://127.0.0.1:8888/api/private/v1/users
请求方式: POST
请求头:   {'User-Agent': 'python-requests/2.28.2', 'Accept-Encoding': 'gzip, deflate', 'Accept': '*/*', 'Connection': 'keep-alive', 'Content-Type': 'application/json', 'Authorization': 'Bearer eyJhbGciOiJIUzI1NiIsInR5cCI6IkpXVCJ9.eyJ1aWQiOjUwMCwicmlkIjowLCJpYXQiOjE2ODEwMzA3MzAsImV4cCI6MTY4MTExNzEzMH0.HougjoGxydS-vjCyfIP81KYrVb_sGmj23RI-Ud1hO-I', 'Content-Length': '104'}
请求内容: {'username': 'jZWPv863', 'password': '*P@E8@Qe', 'email': 'tcheng@hotmail.com', 'mobile': '18640550317'}
接口响应内容: {'data': {'id': 932, 'username': 'jZWPv863', 'mobile': '18640550317', 'email': 'tcheng@hotmail.com', 'role_id': -1, 'create_time': 1681030730}, 'meta': {'msg': '创建成功', 'status': 201}}
接口响应时长: 76 ms
Http状态码: 200
断言结果: 200
=====================================================
INFO    2023-04-09 16:58:50,983G:\auto_api1_framework\logs\info-2023-04-09.log:log_decorator.py:42 
======================================================
用例标题: 修改用户信息
请求路径: http://127.0.0.1:8888/api/private/v1/users/$url_params%7Bid%7D
请求方式: PUT
请求头:   {'User-Agent': 'python-requests/2.28.2', 'Accept-Encoding': 'gzip, deflate', 'Accept': '*/*', 'Connection': 'keep-alive', 'Authorization': 'Bearer eyJhbGciOiJIUzI1NiIsInR5cCI6IkpXVCJ9.eyJ1aWQiOjUwMCwicmlkIjowLCJpYXQiOjE2ODEwMzA3MzAsImV4cCI6MTY4MTExNzEzMH0.HougjoGxydS-vjCyfIP81KYrVb_sGmj23RI-Ud1hO-I', 'Content-Length': '0'}
请求内容: None
接口响应内容: {'data': None, 'meta': {'msg': '用户ID必须是数字', 'status': 400}}
接口响应时长: 1 ms
Http状态码: 200
断言结果: 200
=====================================================
INFO    2023-04-09 16:58:51,057G:\auto_api1_framework\logs\info-2023-04-09.log:test_update_user_status.py:29 2023-04-09 16:58:50 >>>>>> 执行结束！
INFO    2023-04-09 16:59:25,009G:\auto_api1_framework\logs\info-2023-04-09.log:test_update_user_status.py:26 2023-04-09 16:59:24 >>>>>> 开始执行：
INFO    2023-04-09 16:59:25,249G:\auto_api1_framework\logs\info-2023-04-09.log:log_decorator.py:42 
======================================================
用例标题: 创建用户成功（全部参数）
请求路径: http://127.0.0.1:8888/api/private/v1/users
请求方式: POST
请求头:   {'User-Agent': 'python-requests/2.28.2', 'Accept-Encoding': 'gzip, deflate', 'Accept': '*/*', 'Connection': 'keep-alive', 'Content-Type': 'application/json', 'Authorization': 'Bearer eyJhbGciOiJIUzI1NiIsInR5cCI6IkpXVCJ9.eyJ1aWQiOjUwMCwicmlkIjowLCJpYXQiOjE2ODEwMzA3NjUsImV4cCI6MTY4MTExNzE2NX0.O_IBjljGB0eP0gIiejJcMO61WRtfB0zhvKi_7Nizqzw', 'Content-Length': '108'}
请求内容: {'username': 'Vkpwb335', 'password': '_BW8DKlJ', 'email': 'guiyingdai@hotmail.com', 'mobile': '15263279090'}
接口响应内容: {'data': {'id': 933, 'username': 'Vkpwb335', 'mobile': '15263279090', 'email': 'guiyingdai@hotmail.com', 'role_id': -1, 'create_time': 1681030765}, 'meta': {'msg': '创建成功', 'status': 201}}
接口响应时长: 72 ms
Http状态码: 200
断言结果: 200
=====================================================
INFO    2023-04-09 16:59:25,252G:\auto_api1_framework\logs\info-2023-04-09.log:log_decorator.py:42 
======================================================
用例标题: 修改用户信息
请求路径: http://127.0.0.1:8888/api/private/v1/users/$url_params%7Bid%7D
请求方式: PUT
请求头:   {'User-Agent': 'python-requests/2.28.2', 'Accept-Encoding': 'gzip, deflate', 'Accept': '*/*', 'Connection': 'keep-alive', 'Authorization': 'Bearer eyJhbGciOiJIUzI1NiIsInR5cCI6IkpXVCJ9.eyJ1aWQiOjUwMCwicmlkIjowLCJpYXQiOjE2ODEwMzA3NjUsImV4cCI6MTY4MTExNzE2NX0.O_IBjljGB0eP0gIiejJcMO61WRtfB0zhvKi_7Nizqzw', 'Content-Length': '0'}
请求内容: None
接口响应内容: {'data': None, 'meta': {'msg': '用户ID必须是数字', 'status': 400}}
接口响应时长: 1 ms
Http状态码: 200
断言结果: 200
=====================================================
INFO    2023-04-09 16:59:25,327G:\auto_api1_framework\logs\info-2023-04-09.log:test_update_user_status.py:29 2023-04-09 16:59:24 >>>>>> 执行结束！
INFO    2023-04-09 16:59:41,883G:\auto_api1_framework\logs\info-2023-04-09.log:test_update_user_status.py:26 2023-04-09 16:59:41 >>>>>> 开始执行：
INFO    2023-04-09 16:59:42,124G:\auto_api1_framework\logs\info-2023-04-09.log:log_decorator.py:42 
======================================================
用例标题: 创建用户成功（全部参数）
请求路径: http://127.0.0.1:8888/api/private/v1/users
请求方式: POST
请求头:   {'User-Agent': 'python-requests/2.28.2', 'Accept-Encoding': 'gzip, deflate', 'Accept': '*/*', 'Connection': 'keep-alive', 'Content-Type': 'application/json', 'Authorization': 'Bearer eyJhbGciOiJIUzI1NiIsInR5cCI6IkpXVCJ9.eyJ1aWQiOjUwMCwicmlkIjowLCJpYXQiOjE2ODEwMzA3ODEsImV4cCI6MTY4MTExNzE4MX0.y2kq9ZgoIKUmbRHIucOpTY9cziELzyOARWJdIUEqnlY', 'Content-Length': '107'}
请求内容: {'username': 'WeAuR862', 'password': '@K9Xcl0)', 'email': 'guiying40@hotmail.com', 'mobile': '18675584001'}
接口响应内容: {'data': {'id': 934, 'username': 'WeAuR862', 'mobile': '18675584001', 'email': 'guiying40@hotmail.com', 'role_id': -1, 'create_time': 1681030782}, 'meta': {'msg': '创建成功', 'status': 201}}
接口响应时长: 83 ms
Http状态码: 200
断言结果: 200
=====================================================
INFO    2023-04-09 16:59:42,128G:\auto_api1_framework\logs\info-2023-04-09.log:log_decorator.py:42 
======================================================
用例标题: 修改用户信息
请求路径: http://127.0.0.1:8888/api/private/v1/users/$url_params%7Bid%7D
请求方式: PUT
请求头:   {'User-Agent': 'python-requests/2.28.2', 'Accept-Encoding': 'gzip, deflate', 'Accept': '*/*', 'Connection': 'keep-alive', 'Authorization': 'Bearer eyJhbGciOiJIUzI1NiIsInR5cCI6IkpXVCJ9.eyJ1aWQiOjUwMCwicmlkIjowLCJpYXQiOjE2ODEwMzA3ODEsImV4cCI6MTY4MTExNzE4MX0.y2kq9ZgoIKUmbRHIucOpTY9cziELzyOARWJdIUEqnlY', 'Content-Length': '0'}
请求内容: None
接口响应内容: {'data': None, 'meta': {'msg': '用户ID必须是数字', 'status': 400}}
接口响应时长: 1 ms
Http状态码: 200
断言结果: 200
=====================================================
INFO    2023-04-09 16:59:42,200G:\auto_api1_framework\logs\info-2023-04-09.log:test_update_user_status.py:29 2023-04-09 16:59:41 >>>>>> 执行结束！
INFO    2023-04-09 17:00:03,612G:\auto_api1_framework\logs\info-2023-04-09.log:test_update_user_status.py:26 2023-04-09 17:00:03 >>>>>> 开始执行：
INFO    2023-04-09 17:00:03,869G:\auto_api1_framework\logs\info-2023-04-09.log:log_decorator.py:42 
======================================================
用例标题: 创建用户成功（全部参数）
请求路径: http://127.0.0.1:8888/api/private/v1/users
请求方式: POST
请求头:   {'User-Agent': 'python-requests/2.28.2', 'Accept-Encoding': 'gzip, deflate', 'Accept': '*/*', 'Connection': 'keep-alive', 'Content-Type': 'application/json', 'Authorization': 'Bearer eyJhbGciOiJIUzI1NiIsInR5cCI6IkpXVCJ9.eyJ1aWQiOjUwMCwicmlkIjowLCJpYXQiOjE2ODEwMzA4MDMsImV4cCI6MTY4MTExNzIwM30.odeKwzcM5aGLfaqbffNBJgmEPHY3yQR2XWM_ZxV3dVo', 'Content-Length': '108'}
请求内容: {'username': 'TzcDl139', 'password': 'gZ_Y2Opt', 'email': 'guiyingxiong@yahoo.com', 'mobile': '18772762775'}
接口响应内容: {'data': {'id': 935, 'username': 'TzcDl139', 'mobile': '18772762775', 'email': 'guiyingxiong@yahoo.com', 'role_id': -1, 'create_time': 1681030803}, 'meta': {'msg': '创建成功', 'status': 201}}
接口响应时长: 90 ms
Http状态码: 200
断言结果: 200
=====================================================
INFO    2023-04-09 17:00:03,946G:\auto_api1_framework\logs\info-2023-04-09.log:test_update_user_status.py:29 2023-04-09 17:00:03 >>>>>> 执行结束！
INFO    2023-04-09 17:01:15,918G:\auto_api1_framework\logs\info-2023-04-09.log:test_update_user_status.py:26 2023-04-09 17:01:15 >>>>>> 开始执行：
INFO    2023-04-09 17:01:16,164G:\auto_api1_framework\logs\info-2023-04-09.log:log_decorator.py:42 
======================================================
用例标题: 创建用户成功（全部参数）
请求路径: http://127.0.0.1:8888/api/private/v1/users
请求方式: POST
请求头:   {'User-Agent': 'python-requests/2.28.2', 'Accept-Encoding': 'gzip, deflate', 'Accept': '*/*', 'Connection': 'keep-alive', 'Content-Type': 'application/json', 'Authorization': 'Bearer eyJhbGciOiJIUzI1NiIsInR5cCI6IkpXVCJ9.eyJ1aWQiOjUwMCwicmlkIjowLCJpYXQiOjE2ODEwMzA4NzUsImV4cCI6MTY4MTExNzI3NX0.-IMSkE8LeAIf19RjjJ_51muTAy7_FTnHB6n6nQjqe88', 'Content-Length': '102'}
请求内容: {'username': 'VsHMY415', 'password': '!t_32R2x', 'email': 'li81@hotmail.com', 'mobile': '14719565255'}
接口响应内容: {'data': {'id': 936, 'username': 'VsHMY415', 'mobile': '14719565255', 'email': 'li81@hotmail.com', 'role_id': -1, 'create_time': 1681030876}, 'meta': {'msg': '创建成功', 'status': 201}}
接口响应时长: 80 ms
Http状态码: 200
断言结果: 200
=====================================================
INFO    2023-04-09 17:01:16,237G:\auto_api1_framework\logs\info-2023-04-09.log:test_update_user_status.py:29 2023-04-09 17:01:15 >>>>>> 执行结束！
INFO    2023-04-09 17:03:08,049G:\auto_api1_framework\logs\info-2023-04-09.log:test_update_user_status.py:26 2023-04-09 17:03:07 >>>>>> 开始执行：
INFO    2023-04-09 17:03:08,297G:\auto_api1_framework\logs\info-2023-04-09.log:log_decorator.py:42 
======================================================
用例标题: 创建用户成功（全部参数）
请求路径: http://127.0.0.1:8888/api/private/v1/users
请求方式: POST
请求头:   {'User-Agent': 'python-requests/2.28.2', 'Accept-Encoding': 'gzip, deflate', 'Accept': '*/*', 'Connection': 'keep-alive', 'Content-Type': 'application/json', 'Authorization': 'Bearer eyJhbGciOiJIUzI1NiIsInR5cCI6IkpXVCJ9.eyJ1aWQiOjUwMCwicmlkIjowLCJpYXQiOjE2ODEwMzA5ODgsImV4cCI6MTY4MTExNzM4OH0.jbB3qwp1I297-3SGiNN0c7BKggzTQkaPqNsdfVM14-o', 'Content-Length': '102'}
请求内容: {'username': 'YIvWa437', 'password': 'i#M1Ln0$', 'email': 'junjin@yahoo.com', 'mobile': '18888695881'}
接口响应内容: {'data': {'id': 937, 'username': 'YIvWa437', 'mobile': '18888695881', 'email': 'junjin@yahoo.com', 'role_id': -1, 'create_time': 1681030988}, 'meta': {'msg': '创建成功', 'status': 201}}
接口响应时长: 83 ms
Http状态码: 200
断言结果: 200
=====================================================
INFO    2023-04-09 17:03:08,374G:\auto_api1_framework\logs\info-2023-04-09.log:test_update_user_status.py:29 2023-04-09 17:03:07 >>>>>> 执行结束！
INFO    2023-04-09 17:07:10,459G:\auto_api1_framework\logs\info-2023-04-09.log:test_update_user_status.py:26 2023-04-09 17:07:10 >>>>>> 开始执行：
INFO    2023-04-09 17:07:10,701G:\auto_api1_framework\logs\info-2023-04-09.log:log_decorator.py:42 
======================================================
用例标题: 创建用户成功（全部参数）
请求路径: http://127.0.0.1:8888/api/private/v1/users
请求方式: POST
请求头:   {'User-Agent': 'python-requests/2.28.2', 'Accept-Encoding': 'gzip, deflate', 'Accept': '*/*', 'Connection': 'keep-alive', 'Content-Type': 'application/json', 'Authorization': 'Bearer eyJhbGciOiJIUzI1NiIsInR5cCI6IkpXVCJ9.eyJ1aWQiOjUwMCwicmlkIjowLCJpYXQiOjE2ODEwMzEyMzAsImV4cCI6MTY4MTExNzYzMH0.zkw9ExDXR_T_aAiUwz7iWbEm9pBqBZ4iRMRd-gUxveU', 'Content-Length': '101'}
请求内容: {'username': 'RYXsr572', 'password': 'ilq^8Vez', 'email': 'fyang@yahoo.com', 'mobile': '13933772803'}
接口响应内容: {'data': {'id': 938, 'username': 'RYXsr572', 'mobile': '13933772803', 'email': 'fyang@yahoo.com', 'role_id': -1, 'create_time': 1681031230}, 'meta': {'msg': '创建成功', 'status': 201}}
接口响应时长: 81 ms
Http状态码: 200
断言结果: 200
=====================================================
INFO    2023-04-09 17:07:10,776G:\auto_api1_framework\logs\info-2023-04-09.log:test_update_user_status.py:29 2023-04-09 17:07:10 >>>>>> 执行结束！
INFO    2023-04-09 17:11:58,663G:\auto_api1_framework\logs\info-2023-04-09.log:test_update_user_status.py:26 2023-04-09 17:11:58 >>>>>> 开始执行：
INFO    2023-04-09 17:11:58,738G:\auto_api1_framework\logs\info-2023-04-09.log:test_update_user_status.py:29 2023-04-09 17:11:58 >>>>>> 执行结束！
INFO    2023-04-09 17:12:32,408G:\auto_api1_framework\logs\info-2023-04-09.log:test_update_user_status.py:26 2023-04-09 17:12:32 >>>>>> 开始执行：
INFO    2023-04-09 17:12:32,482G:\auto_api1_framework\logs\info-2023-04-09.log:test_update_user_status.py:29 2023-04-09 17:12:32 >>>>>> 执行结束！
INFO    2023-04-09 17:12:55,087G:\auto_api1_framework\logs\info-2023-04-09.log:test_update_user_status.py:26 2023-04-09 17:12:54 >>>>>> 开始执行：
INFO    2023-04-09 17:12:55,343G:\auto_api1_framework\logs\info-2023-04-09.log:test_update_user_status.py:29 2023-04-09 17:12:54 >>>>>> 执行结束！
INFO    2023-04-09 17:13:33,353G:\auto_api1_framework\logs\info-2023-04-09.log:test_update_user_status.py:26 2023-04-09 17:13:33 >>>>>> 开始执行：
INFO    2023-04-09 17:13:33,587G:\auto_api1_framework\logs\info-2023-04-09.log:log_decorator.py:42 
======================================================
用例标题: 创建用户成功（全部参数）
请求路径: http://127.0.0.1:8888/api/private/v1/users
请求方式: POST
请求头:   {'User-Agent': 'python-requests/2.28.2', 'Accept-Encoding': 'gzip, deflate', 'Accept': '*/*', 'Connection': 'keep-alive', 'Content-Type': 'application/json', 'Authorization': 'Bearer eyJhbGciOiJIUzI1NiIsInR5cCI6IkpXVCJ9.eyJ1aWQiOjUwMCwicmlkIjowLCJpYXQiOjE2ODEwMzE2MTMsImV4cCI6MTY4MTExODAxM30.tRQ2B2wkTUkP5XBVSE3V9Cy0NqIcYY-arZ0NWXH9UR0', 'Content-Length': '104'}
请求内容: {'username': 'ldDRb616', 'password': 's%f6F^&k', 'email': 'yong40@hotmail.com', 'mobile': '13848278701'}
接口响应内容: {'data': {'id': 939, 'username': 'ldDRb616', 'mobile': '13848278701', 'email': 'yong40@hotmail.com', 'role_id': -1, 'create_time': 1681031613}, 'meta': {'msg': '创建成功', 'status': 201}}
接口响应时长: 69 ms
Http状态码: 200
断言结果: 200
=====================================================
INFO    2023-04-09 17:13:33,663G:\auto_api1_framework\logs\info-2023-04-09.log:test_update_user_status.py:29 2023-04-09 17:13:33 >>>>>> 执行结束！
INFO    2023-04-09 17:14:09,798G:\auto_api1_framework\logs\info-2023-04-09.log:test_update_user_status.py:26 2023-04-09 17:14:09 >>>>>> 开始执行：
INFO    2023-04-09 17:14:10,046G:\auto_api1_framework\logs\info-2023-04-09.log:log_decorator.py:42 
======================================================
用例标题: 创建用户成功（全部参数）
请求路径: http://127.0.0.1:8888/api/private/v1/users
请求方式: POST
请求头:   {'User-Agent': 'python-requests/2.28.2', 'Accept-Encoding': 'gzip, deflate', 'Accept': '*/*', 'Connection': 'keep-alive', 'Content-Type': 'application/json', 'Authorization': 'Bearer eyJhbGciOiJIUzI1NiIsInR5cCI6IkpXVCJ9.eyJ1aWQiOjUwMCwicmlkIjowLCJpYXQiOjE2ODEwMzE2NDksImV4cCI6MTY4MTExODA0OX0.Sa-2xd-ELJdab7PvPFDuNnj7ZJTs54_YcbN5R0QNvFA', 'Content-Length': '101'}
请求内容: {'username': 'YsAaS939', 'password': '(rJr28Lt', 'email': 'xia27@gmail.com', 'mobile': '13662783615'}
接口响应内容: {'data': {'id': 940, 'username': 'YsAaS939', 'mobile': '13662783615', 'email': 'xia27@gmail.com', 'role_id': -1, 'create_time': 1681031650}, 'meta': {'msg': '创建成功', 'status': 201}}
接口响应时长: 87 ms
Http状态码: 200
断言结果: 200
=====================================================
INFO    2023-04-09 17:14:10,120G:\auto_api1_framework\logs\info-2023-04-09.log:test_update_user_status.py:29 2023-04-09 17:14:09 >>>>>> 执行结束！
INFO    2023-04-09 17:20:21,967G:\auto_api1_framework\logs\info-2023-04-09.log:test_update_user_status.py:26 2023-04-09 17:20:21 >>>>>> 开始执行：
INFO    2023-04-09 17:20:22,215G:\auto_api1_framework\logs\info-2023-04-09.log:log_decorator.py:42 
======================================================
用例标题: 创建用户成功（全部参数）
请求路径: http://127.0.0.1:8888/api/private/v1/users
请求方式: POST
请求头:   {'User-Agent': 'python-requests/2.28.2', 'Accept-Encoding': 'gzip, deflate', 'Accept': '*/*', 'Connection': 'keep-alive', 'Content-Type': 'application/json', 'Authorization': 'Bearer eyJhbGciOiJIUzI1NiIsInR5cCI6IkpXVCJ9.eyJ1aWQiOjUwMCwicmlkIjowLCJpYXQiOjE2ODEwMzIwMjEsImV4cCI6MTY4MTExODQyMX0.EN11uO11DExM-Gr2GV1fab13r147AuK64PUkAbqXOYE', 'Content-Length': '102'}
请求内容: {'username': 'athiz417', 'password': 'I(4!5W$j', 'email': 'dshi@hotmail.com', 'mobile': '18509696284'}
接口响应内容: {'data': {'id': 941, 'username': 'athiz417', 'mobile': '18509696284', 'email': 'dshi@hotmail.com', 'role_id': -1, 'create_time': 1681032022}, 'meta': {'msg': '创建成功', 'status': 201}}
接口响应时长: 81 ms
Http状态码: 200
断言结果: 200
=====================================================
INFO    2023-04-09 17:20:22,289G:\auto_api1_framework\logs\info-2023-04-09.log:test_update_user_status.py:29 2023-04-09 17:20:21 >>>>>> 执行结束！
INFO    2023-04-09 17:21:00,307G:\auto_api1_framework\logs\info-2023-04-09.log:test_update_user_status.py:26 2023-04-09 17:21:00 >>>>>> 开始执行：
INFO    2023-04-09 17:21:00,549G:\auto_api1_framework\logs\info-2023-04-09.log:log_decorator.py:42 
======================================================
用例标题: 创建用户成功（全部参数）
请求路径: http://127.0.0.1:8888/api/private/v1/users
请求方式: POST
请求头:   {'User-Agent': 'python-requests/2.28.2', 'Accept-Encoding': 'gzip, deflate', 'Accept': '*/*', 'Connection': 'keep-alive', 'Content-Type': 'application/json', 'Authorization': 'Bearer eyJhbGciOiJIUzI1NiIsInR5cCI6IkpXVCJ9.eyJ1aWQiOjUwMCwicmlkIjowLCJpYXQiOjE2ODEwMzIwNjAsImV4cCI6MTY4MTExODQ2MH0.cIA6yMU1pgvJpjk1S8xIddLqFQrp-CS1BaHnbv-v-hs', 'Content-Length': '101'}
请求内容: {'username': 'Cclla453', 'password': '@%**61Ql', 'email': 'kdeng@yahoo.com', 'mobile': '14582392176'}
接口响应内容: {'data': {'id': 942, 'username': 'Cclla453', 'mobile': '14582392176', 'email': 'kdeng@yahoo.com', 'role_id': -1, 'create_time': 1681032060}, 'meta': {'msg': '创建成功', 'status': 201}}
接口响应时长: 79 ms
Http状态码: 200
断言结果: 200
=====================================================
INFO    2023-04-09 17:21:00,630G:\auto_api1_framework\logs\info-2023-04-09.log:test_update_user_status.py:29 2023-04-09 17:21:00 >>>>>> 执行结束！
INFO    2023-04-09 17:22:33,890G:\auto_api1_framework\logs\info-2023-04-09.log:test_update_user_status.py:26 2023-04-09 17:22:33 >>>>>> 开始执行：
INFO    2023-04-09 17:22:34,125G:\auto_api1_framework\logs\info-2023-04-09.log:log_decorator.py:42 
======================================================
用例标题: 创建用户成功（全部参数）
请求路径: http://127.0.0.1:8888/api/private/v1/users
请求方式: POST
请求头:   {'User-Agent': 'python-requests/2.28.2', 'Accept-Encoding': 'gzip, deflate', 'Accept': '*/*', 'Connection': 'keep-alive', 'Content-Type': 'application/json', 'Authorization': 'Bearer eyJhbGciOiJIUzI1NiIsInR5cCI6IkpXVCJ9.eyJ1aWQiOjUwMCwicmlkIjowLCJpYXQiOjE2ODEwMzIxNTMsImV4cCI6MTY4MTExODU1M30._0P0-N-1D2NCxhbEUF-jk6ukKEA8NK4a5RKIIkPkags', 'Content-Length': '105'}
请求内容: {'username': 'EGXCu689', 'password': '_3VL8po(', 'email': 'xuexiulan@gmail.com', 'mobile': '15961451278'}
接口响应内容: {'data': {'id': 943, 'username': 'EGXCu689', 'mobile': '15961451278', 'email': 'xuexiulan@gmail.com', 'role_id': -1, 'create_time': 1681032154}, 'meta': {'msg': '创建成功', 'status': 201}}
接口响应时长: 74 ms
Http状态码: 200
断言结果: 200
=====================================================
INFO    2023-04-09 17:22:34,200G:\auto_api1_framework\logs\info-2023-04-09.log:test_update_user_status.py:29 2023-04-09 17:22:33 >>>>>> 执行结束！
INFO    2023-04-09 17:40:49,940G:\auto_api1_framework\logs\info-2023-04-09.log:test_update_user_status.py:26 2023-04-09 17:40:49 >>>>>> 开始执行：
INFO    2023-04-09 17:40:50,018G:\auto_api1_framework\logs\info-2023-04-09.log:test_update_user_status.py:29 2023-04-09 17:40:49 >>>>>> 执行结束！
INFO    2023-04-09 17:41:51,191G:\auto_api1_framework\logs\info-2023-04-09.log:test_update_user_status.py:26 2023-04-09 17:41:51 >>>>>> 开始执行：
INFO    2023-04-09 17:41:51,272G:\auto_api1_framework\logs\info-2023-04-09.log:test_update_user_status.py:29 2023-04-09 17:41:51 >>>>>> 执行结束！
INFO    2023-04-09 17:42:13,123G:\auto_api1_framework\logs\info-2023-04-09.log:test_update_user_status.py:26 2023-04-09 17:42:12 >>>>>> 开始执行：
INFO    2023-04-09 17:42:13,401G:\auto_api1_framework\logs\info-2023-04-09.log:log_decorator.py:42 
======================================================
用例标题: 创建用户成功（全部参数）
请求路径: http://127.0.0.1:8888/api/private/v1/users
请求方式: POST
请求头:   {'User-Agent': 'python-requests/2.28.2', 'Accept-Encoding': 'gzip, deflate', 'Accept': '*/*', 'Connection': 'keep-alive', 'Content-Type': 'application/json', 'Authorization': 'Bearer eyJhbGciOiJIUzI1NiIsInR5cCI6IkpXVCJ9.eyJ1aWQiOjUwMCwicmlkIjowLCJpYXQiOjE2ODEwMzMzMzMsImV4cCI6MTY4MTExOTczM30.x7RgMYyArxCZyyfkXqJhy-Y0r5pynRYMHPfqXvDMPFw', 'Content-Length': '104'}
请求内容: {'username': 'PPOjn761', 'password': 'Lf@U7CzM', 'email': 'qiaojuan@gmail.com', 'mobile': '18850540680'}
接口响应内容: {'data': {'id': 946, 'username': 'PPOjn761', 'mobile': '18850540680', 'email': 'qiaojuan@gmail.com', 'role_id': -1, 'create_time': 1681033333}, 'meta': {'msg': '创建成功', 'status': 201}}
接口响应时长: 84 ms
Http状态码: 200
断言结果: 200
=====================================================
INFO    2023-04-09 17:42:13,487G:\auto_api1_framework\logs\info-2023-04-09.log:test_update_user_status.py:29 2023-04-09 17:42:12 >>>>>> 执行结束！
INFO    2023-04-09 17:43:16,053G:\auto_api1_framework\logs\info-2023-04-09.log:test_update_user_status.py:26 2023-04-09 17:43:15 >>>>>> 开始执行：
INFO    2023-04-09 17:43:16,296G:\auto_api1_framework\logs\info-2023-04-09.log:log_decorator.py:42 
======================================================
用例标题: 创建用户成功（全部参数）
请求路径: http://127.0.0.1:8888/api/private/v1/users
请求方式: POST
请求头:   {'User-Agent': 'python-requests/2.28.2', 'Accept-Encoding': 'gzip, deflate', 'Accept': '*/*', 'Connection': 'keep-alive', 'Content-Type': 'application/json', 'Authorization': 'Bearer eyJhbGciOiJIUzI1NiIsInR5cCI6IkpXVCJ9.eyJ1aWQiOjUwMCwicmlkIjowLCJpYXQiOjE2ODEwMzMzOTYsImV4cCI6MTY4MTExOTc5Nn0.9h_DVaWncDvFBJWVYyNw0KbieNRygeybWIZ8tqv9jCw', 'Content-Length': '102'}
请求内容: {'username': 'wvgHy148', 'password': '+As8_1Co', 'email': 'yong50@yahoo.com', 'mobile': '13367438324'}
接口响应内容: {'data': {'id': 947, 'username': 'wvgHy148', 'mobile': '13367438324', 'email': 'yong50@yahoo.com', 'role_id': -1, 'create_time': 1681033396}, 'meta': {'msg': '创建成功', 'status': 201}}
接口响应时长: 84 ms
Http状态码: 200
断言结果: 200
=====================================================
INFO    2023-04-09 17:43:16,304G:\auto_api1_framework\logs\info-2023-04-09.log:log_decorator.py:42 
======================================================
用例标题: 修改用户信息
请求路径: http://127.0.0.1:8888/api/private/v1/users/947
请求方式: PUT
请求头:   {'User-Agent': 'python-requests/2.28.2', 'Accept-Encoding': 'gzip, deflate', 'Accept': '*/*', 'Connection': 'keep-alive', 'Authorization': 'Bearer eyJhbGciOiJIUzI1NiIsInR5cCI6IkpXVCJ9.eyJ1aWQiOjUwMCwicmlkIjowLCJpYXQiOjE2ODEwMzMzOTYsImV4cCI6MTY4MTExOTc5Nn0.9h_DVaWncDvFBJWVYyNw0KbieNRygeybWIZ8tqv9jCw', 'Content-Length': '0'}
请求内容: None
接口响应内容: {'data': {'id': 947, 'username': 'wvgHy148', 'role_id': -1}, 'meta': {'msg': '更新成功', 'status': 200}}
接口响应时长: 6 ms
Http状态码: 200
断言结果: 200
=====================================================
INFO    2023-04-09 17:43:16,306G:\auto_api1_framework\logs\info-2023-04-09.log:test_update_user_status.py:29 2023-04-09 17:43:15 >>>>>> 执行结束！
INFO    2023-04-09 17:52:01,896G:\auto_api1_framework\logs\info-2023-04-09.log:test_update_user_status.py:26 2023-04-09 17:52:01 >>>>>> 开始执行：
INFO    2023-04-09 17:52:02,144G:\auto_api1_framework\logs\info-2023-04-09.log:log_decorator.py:42 
======================================================
用例标题: 创建用户成功（全部参数）
请求路径: http://127.0.0.1:8888/api/private/v1/users
请求方式: POST
请求头:   {'User-Agent': 'python-requests/2.28.2', 'Accept-Encoding': 'gzip, deflate', 'Accept': '*/*', 'Connection': 'keep-alive', 'Content-Type': 'application/json', 'Authorization': 'Bearer eyJhbGciOiJIUzI1NiIsInR5cCI6IkpXVCJ9.eyJ1aWQiOjUwMCwicmlkIjowLCJpYXQiOjE2ODEwMzM5MjEsImV4cCI6MTY4MTEyMDMyMX0.5HpwqypgaSyYNb1yqm4evCkj0UR4llHXDYp9qUWx5S8', 'Content-Length': '103'}
请求内容: {'username': 'IoQGd498', 'password': '^bX5XfdF', 'email': 'lei64@hotmail.com', 'mobile': '13397957406'}
接口响应内容: {'data': {'id': 948, 'username': 'IoQGd498', 'mobile': '13397957406', 'email': 'lei64@hotmail.com', 'role_id': -1, 'create_time': 1681033922}, 'meta': {'msg': '创建成功', 'status': 201}}
接口响应时长: 80 ms
Http状态码: 200
断言结果: 200
=====================================================
INFO    2023-04-09 17:52:02,154G:\auto_api1_framework\logs\info-2023-04-09.log:log_decorator.py:42 
======================================================
用例标题: 修改用户信息
请求路径: http://127.0.0.1:8888/api/private/v1/users/948
请求方式: PUT
请求头:   {'User-Agent': 'python-requests/2.28.2', 'Accept-Encoding': 'gzip, deflate', 'Accept': '*/*', 'Connection': 'keep-alive', 'Authorization': 'Bearer eyJhbGciOiJIUzI1NiIsInR5cCI6IkpXVCJ9.eyJ1aWQiOjUwMCwicmlkIjowLCJpYXQiOjE2ODEwMzM5MjEsImV4cCI6MTY4MTEyMDMyMX0.5HpwqypgaSyYNb1yqm4evCkj0UR4llHXDYp9qUWx5S8', 'Content-Length': '0'}
请求内容: None
接口响应内容: {'data': {'id': 948, 'username': 'IoQGd498', 'role_id': -1}, 'meta': {'msg': '更新成功', 'status': 200}}
接口响应时长: 5 ms
Http状态码: 200
断言结果: 200
=====================================================
INFO    2023-04-09 17:52:02,155G:\auto_api1_framework\logs\info-2023-04-09.log:test_update_user_status.py:29 2023-04-09 17:52:01 >>>>>> 执行结束！
INFO    2023-04-09 19:40:54,382G:\auto_api1_framework\logs\info-2023-04-09.log:test_get_user_data_list.py:26 2023-04-09 19:40:54 >>>>>> 开始执行：
INFO    2023-04-09 19:40:54,397G:\auto_api1_framework\logs\info-2023-04-09.log:log_decorator.py:42 
======================================================
用例标题: 获取用户数据列表成功
请求路径: http://127.0.0.1:8888/api/private/v1/users?pagenum=1&pagesize=20
请求方式: GET
请求头:   {'User-Agent': 'python-requests/2.28.2', 'Accept-Encoding': 'gzip, deflate', 'Accept': '*/*', 'Connection': 'keep-alive', 'Authorization': 'Bearer eyJhbGciOiJIUzI1NiIsInR5cCI6IkpXVCJ9.eyJ1aWQiOjUwMCwicmlkIjowLCJpYXQiOjE2ODEwNDA0NTQsImV4cCI6MTY4MTEyNjg1NH0.v3_x3sOvaSuqq6x3rvbXYqaLnCk3a15kzBgzdnKgON4'}
请求内容: None
接口响应内容: {'data': {'total': 443, 'pagenum': 1, 'users': [{'id': 500, 'role_name': '超级管理员', 'username': 'admin', 'create_time': 1486720211, 'mobile': '12345678', 'email': 'adsfad@qq.com', 'mg_state': True}, {'id': 502, 'role_name': '测试角色2', 'username': 'linken', 'create_time': 1486720211, 'mobile': '1213213123', 'email': 'asdf@qq.com', 'mg_state': False}, {'id': 508, 'role_name': '主管', 'username': 'asdf1', 'create_time': 1511853015, 'mobile': '123123', 'email': 'adfsa@qq.com', 'mg_state': True}, {'id': 509, 'role_name': 'test', 'username': 'asdf123', 'create_time': 1511853353, 'mobile': '1111', 'email': 'asdf@qq.com', 'mg_state': False}, {'id': 510, 'role_name': '超级管理员', 'username': 'Rainx', 'create_time': 1680874378, 'mobile': None, 'email': None, 'mg_state': False}, {'id': 511, 'role_name': '超级管理员', 'username': 'Rainx778', 'create_time': 1680874378, 'mobile': None, 'email': 'yx123@163.com', 'mg_state': False}, {'id': 512, 'role_name': '超级管理员', 'username': 'Rainx&11', 'create_time': 1680874379, 'mobile': '13772008989', 'email': 'yx123@163.com', 'mg_state': False}, {'id': 513, 'role_name': '超级管理员', 'username': 'EcAEUICEsuMrQfavLGwU', 'create_time': 1680876030, 'mobile': None, 'email': None, 'mg_state': False}, {'id': 514, 'role_name': '超级管理员', 'username': 'rydjvAPmUYEfPPJkRpvJ', 'create_time': 1680876030, 'mobile': None, 'email': 'yx123@163.com', 'mg_state': False}, {'id': 515, 'role_name': '超级管理员', 'username': 'VnHNPPVChlmewzuEXEik', 'create_time': 1680876030, 'mobile': '13075620618', 'email': 'junzhao@example.org', 'mg_state': False}, {'id': 516, 'role_name': '超级管理员', 'username': 'DjUgroBQQVJZnzIbiaIq371', 'create_time': 1680876575, 'mobile': None, 'email': None, 'mg_state': False}, {'id': 517, 'role_name': '超级管理员', 'username': 'nosugTIaxxGwnzYKifiv172', 'create_time': 1680876575, 'mobile': None, 'email': 'yx123@163.com', 'mg_state': False}, {'id': 518, 'role_name': '超级管理员', 'username': 'qHYzuDgTCBUjorlayZRi454', 'create_time': 1680876575, 'mobile': '13833909346', 'email': 'mingdai@example.net', 'mg_state': False}, {'id': 519, 'role_name': '超级管理员', 'username': 'paIo776', 'create_time': 1680876688, 'mobile': None, 'email': None, 'mg_state': False}, {'id': 520, 'role_name': '超级管理员', 'username': 'IjeR086', 'create_time': 1680876688, 'mobile': None, 'email': 'yx123@163.com', 'mg_state': False}, {'id': 521, 'role_name': '超级管理员', 'username': 'LEVP141', 'create_time': 1680876688, 'mobile': '18249493500', 'email': 'cfu@example.net', 'mg_state': False}, {'id': 522, 'role_name': '超级管理员', 'username': 'hVRq295', 'create_time': 1680876752, 'mobile': None, 'email': None, 'mg_state': False}, {'id': 523, 'role_name': '超级管理员', 'username': 'KVSQ299', 'create_time': 1680876752, 'mobile': None, 'email': 'yancai@example.org', 'mg_state': False}, {'id': 524, 'role_name': '超级管理员', 'username': 'xqFD616', 'create_time': 1680876752, 'mobile': '13311116602', 'email': 'maofang@example.net', 'mg_state': False}, {'id': 525, 'role_name': '超级管理员', 'username': 'ynBw011', 'create_time': 1680877055, 'mobile': None, 'email': None, 'mg_state': False}]}, 'meta': {'msg': '获取管理员列表成功', 'status': 200}}
接口响应时长: 12 ms
Http状态码: 200
断言结果: 200
=====================================================
INFO    2023-04-09 19:40:54,404G:\auto_api1_framework\logs\info-2023-04-09.log:test_get_user_data_list.py:29 2023-04-09 19:40:54 >>>>>> 执行结束！
INFO    2023-04-09 19:41:00,153G:\auto_api1_framework\logs\info-2023-04-09.log:test_create_user.py:26 2023-04-09 19:41:00 >>>>>> 开始执行：
INFO    2023-04-09 19:41:00,240G:\auto_api1_framework\logs\info-2023-04-09.log:log_decorator.py:42 
======================================================
用例标题: 创建用户成功（必填参数）
请求路径: http://127.0.0.1:8888/api/private/v1/users
请求方式: POST
请求头:   {'User-Agent': 'python-requests/2.28.2', 'Accept-Encoding': 'gzip, deflate', 'Accept': '*/*', 'Connection': 'keep-alive', 'Content-Type': 'application/json', 'Authorization': 'Bearer eyJhbGciOiJIUzI1NiIsInR5cCI6IkpXVCJ9.eyJ1aWQiOjUwMCwicmlkIjowLCJpYXQiOjE2ODEwNDA0NjAsImV4cCI6MTY4MTEyNjg2MH0.D0EiIp2Woljtvu-i_SbJHa_YdD1a9slT_Zb_wvybLgE', 'Content-Length': '48'}
请求内容: {'username': 'Wtuie490', 'password': '*0Xjr7Up'}
接口响应内容: {'data': {'id': 949, 'username': 'Wtuie490', 'role_id': -1, 'create_time': 1681040460}, 'meta': {'msg': '创建成功', 'status': 201}}
接口响应时长: 83 ms
Http状态码: 200
断言结果: 200
=====================================================
INFO    2023-04-09 19:41:00,243G:\auto_api1_framework\logs\info-2023-04-09.log:test_create_user.py:29 2023-04-09 19:41:00 >>>>>> 执行结束！
INFO    2023-04-09 19:41:00,245G:\auto_api1_framework\logs\info-2023-04-09.log:test_create_user.py:26 2023-04-09 19:41:00 >>>>>> 开始执行：
INFO    2023-04-09 19:41:00,329G:\auto_api1_framework\logs\info-2023-04-09.log:log_decorator.py:42 
======================================================
用例标题: 创建用户成功（必填+选填参数）
请求路径: http://127.0.0.1:8888/api/private/v1/users
请求方式: POST
请求头:   {'User-Agent': 'python-requests/2.28.2', 'Accept-Encoding': 'gzip, deflate', 'Accept': '*/*', 'Connection': 'keep-alive', 'Content-Type': 'application/json', 'Authorization': 'Bearer eyJhbGciOiJIUzI1NiIsInR5cCI6IkpXVCJ9.eyJ1aWQiOjUwMCwicmlkIjowLCJpYXQiOjE2ODEwNDA0NjAsImV4cCI6MTY4MTEyNjg2MH0.D0EiIp2Woljtvu-i_SbJHa_YdD1a9slT_Zb_wvybLgE', 'Content-Length': '76'}
请求内容: {'username': 'Xorib145', 'password': 'admin123@!', 'email': 'udu@yahoo.com'}
接口响应内容: {'data': {'id': 950, 'username': 'Xorib145', 'email': 'udu@yahoo.com', 'role_id': -1, 'create_time': 1681040460}, 'meta': {'msg': '创建成功', 'status': 201}}
接口响应时长: 82 ms
Http状态码: 200
断言结果: 200
=====================================================
INFO    2023-04-09 19:41:00,330G:\auto_api1_framework\logs\info-2023-04-09.log:test_create_user.py:29 2023-04-09 19:41:00 >>>>>> 执行结束！
INFO    2023-04-09 19:41:00,332G:\auto_api1_framework\logs\info-2023-04-09.log:test_create_user.py:26 2023-04-09 19:41:00 >>>>>> 开始执行：
INFO    2023-04-09 19:41:00,419G:\auto_api1_framework\logs\info-2023-04-09.log:log_decorator.py:42 
======================================================
用例标题: 创建用户成功（全部参数）
请求路径: http://127.0.0.1:8888/api/private/v1/users
请求方式: POST
请求头:   {'User-Agent': 'python-requests/2.28.2', 'Accept-Encoding': 'gzip, deflate', 'Accept': '*/*', 'Connection': 'keep-alive', 'Content-Type': 'application/json', 'Authorization': 'Bearer eyJhbGciOiJIUzI1NiIsInR5cCI6IkpXVCJ9.eyJ1aWQiOjUwMCwicmlkIjowLCJpYXQiOjE2ODEwNDA0NjAsImV4cCI6MTY4MTEyNjg2MH0.D0EiIp2Woljtvu-i_SbJHa_YdD1a9slT_Zb_wvybLgE', 'Content-Length': '101'}
请求内容: {'username': 'CHWSG199', 'password': 'j^h35DMt', 'email': 'lei35@gmail.com', 'mobile': '13059224703'}
接口响应内容: {'data': {'id': 951, 'username': 'CHWSG199', 'mobile': '13059224703', 'email': 'lei35@gmail.com', 'role_id': -1, 'create_time': 1681040460}, 'meta': {'msg': '创建成功', 'status': 201}}
接口响应时长: 83 ms
Http状态码: 200
断言结果: 200
=====================================================
INFO    2023-04-09 19:41:00,421G:\auto_api1_framework\logs\info-2023-04-09.log:test_create_user.py:29 2023-04-09 19:41:00 >>>>>> 执行结束！
INFO    2023-04-09 19:41:00,423G:\auto_api1_framework\logs\info-2023-04-09.log:test_create_user.py:26 2023-04-09 19:41:00 >>>>>> 开始执行：
INFO    2023-04-09 19:41:00,429G:\auto_api1_framework\logs\info-2023-04-09.log:log_decorator.py:42 
======================================================
用例标题: 创建已存在用户
请求路径: http://127.0.0.1:8888/api/private/v1/users
请求方式: POST
请求头:   {'User-Agent': 'python-requests/2.28.2', 'Accept-Encoding': 'gzip, deflate', 'Accept': '*/*', 'Connection': 'keep-alive', 'Content-Type': 'application/json', 'Authorization': 'Bearer eyJhbGciOiJIUzI1NiIsInR5cCI6IkpXVCJ9.eyJ1aWQiOjUwMCwicmlkIjowLCJpYXQiOjE2ODEwNDA0NjAsImV4cCI6MTY4MTEyNjg2MH0.D0EiIp2Woljtvu-i_SbJHa_YdD1a9slT_Zb_wvybLgE', 'Content-Length': '43'}
请求内容: {'username': 'admin', 'password': '123456'}
接口响应内容: {'data': None, 'meta': {'msg': '用户名已存在', 'status': 400}}
接口响应时长: 4 ms
Http状态码: 200
断言结果: 200
=====================================================
INFO    2023-04-09 19:41:00,430G:\auto_api1_framework\logs\info-2023-04-09.log:test_create_user.py:29 2023-04-09 19:41:00 >>>>>> 执行结束！
INFO    2023-04-09 19:41:00,432G:\auto_api1_framework\logs\info-2023-04-09.log:test_create_user.py:26 2023-04-09 19:41:00 >>>>>> 开始执行：
INFO    2023-04-09 19:41:00,437G:\auto_api1_framework\logs\info-2023-04-09.log:log_decorator.py:42 
======================================================
用例标题: 用户名为空
请求路径: http://127.0.0.1:8888/api/private/v1/users
请求方式: POST
请求头:   {'User-Agent': 'python-requests/2.28.2', 'Accept-Encoding': 'gzip, deflate', 'Accept': '*/*', 'Connection': 'keep-alive', 'Content-Type': 'application/json', 'Authorization': 'Bearer eyJhbGciOiJIUzI1NiIsInR5cCI6IkpXVCJ9.eyJ1aWQiOjUwMCwicmlkIjowLCJpYXQiOjE2ODEwNDA0NjAsImV4cCI6MTY4MTEyNjg2MH0.D0EiIp2Woljtvu-i_SbJHa_YdD1a9slT_Zb_wvybLgE', 'Content-Length': '38'}
请求内容: {'username': '', 'password': '123456'}
接口响应内容: {'data': None, 'meta': {'msg': '用户名不能为空', 'status': 400}}
接口响应时长: 2 ms
Http状态码: 200
断言结果: 200
=====================================================
INFO    2023-04-09 19:41:00,438G:\auto_api1_framework\logs\info-2023-04-09.log:test_create_user.py:29 2023-04-09 19:41:00 >>>>>> 执行结束！
INFO    2023-04-09 19:41:00,439G:\auto_api1_framework\logs\info-2023-04-09.log:test_create_user.py:26 2023-04-09 19:41:00 >>>>>> 开始执行：
INFO    2023-04-09 19:41:00,524G:\auto_api1_framework\logs\info-2023-04-09.log:log_decorator.py:42 
======================================================
用例标题: 用户名纯数字
请求路径: http://127.0.0.1:8888/api/private/v1/users
请求方式: POST
请求头:   {'User-Agent': 'python-requests/2.28.2', 'Accept-Encoding': 'gzip, deflate', 'Accept': '*/*', 'Connection': 'keep-alive', 'Content-Type': 'application/json', 'Authorization': 'Bearer eyJhbGciOiJIUzI1NiIsInR5cCI6IkpXVCJ9.eyJ1aWQiOjUwMCwicmlkIjowLCJpYXQiOjE2ODEwNDA0NjAsImV4cCI6MTY4MTEyNjg2MH0.D0EiIp2Woljtvu-i_SbJHa_YdD1a9slT_Zb_wvybLgE', 'Content-Length': '44'}
请求内容: {'username': '725319', 'password': '123456'}
接口响应内容: {'data': {'id': 952, 'username': '725319', 'role_id': -1, 'create_time': 1681040460}, 'meta': {'msg': '创建成功', 'status': 201}}
接口响应时长: 82 ms
Http状态码: 200
断言结果: 200
=====================================================
INFO    2023-04-09 19:41:00,526G:\auto_api1_framework\logs\info-2023-04-09.log:test_create_user.py:29 2023-04-09 19:41:00 >>>>>> 执行结束！
INFO    2023-04-09 19:41:00,527G:\auto_api1_framework\logs\info-2023-04-09.log:test_create_user.py:26 2023-04-09 19:41:00 >>>>>> 开始执行：
INFO    2023-04-09 19:41:00,610G:\auto_api1_framework\logs\info-2023-04-09.log:log_decorator.py:42 
======================================================
用例标题: 用户名纯字母
请求路径: http://127.0.0.1:8888/api/private/v1/users
请求方式: POST
请求头:   {'User-Agent': 'python-requests/2.28.2', 'Accept-Encoding': 'gzip, deflate', 'Accept': '*/*', 'Connection': 'keep-alive', 'Content-Type': 'application/json', 'Authorization': 'Bearer eyJhbGciOiJIUzI1NiIsInR5cCI6IkpXVCJ9.eyJ1aWQiOjUwMCwicmlkIjowLCJpYXQiOjE2ODEwNDA0NjAsImV4cCI6MTY4MTEyNjg2MH0.D0EiIp2Woljtvu-i_SbJHa_YdD1a9slT_Zb_wvybLgE', 'Content-Length': '44'}
请求内容: {'username': 'nhOrLw', 'password': '123456'}
接口响应内容: {'data': {'id': 953, 'username': 'nhOrLw', 'role_id': -1, 'create_time': 1681040460}, 'meta': {'msg': '创建成功', 'status': 201}}
接口响应时长: 81 ms
Http状态码: 200
断言结果: 200
=====================================================
INFO    2023-04-09 19:41:00,613G:\auto_api1_framework\logs\info-2023-04-09.log:test_create_user.py:29 2023-04-09 19:41:00 >>>>>> 执行结束！
INFO    2023-04-09 19:41:00,614G:\auto_api1_framework\logs\info-2023-04-09.log:test_create_user.py:26 2023-04-09 19:41:00 >>>>>> 开始执行：
INFO    2023-04-09 19:41:00,699G:\auto_api1_framework\logs\info-2023-04-09.log:log_decorator.py:42 
======================================================
用例标题: 用户名包含汉字
请求路径: http://127.0.0.1:8888/api/private/v1/users
请求方式: POST
请求头:   {'User-Agent': 'python-requests/2.28.2', 'Accept-Encoding': 'gzip, deflate', 'Accept': '*/*', 'Connection': 'keep-alive', 'Content-Type': 'application/json', 'Authorization': 'Bearer eyJhbGciOiJIUzI1NiIsInR5cCI6IkpXVCJ9.eyJ1aWQiOjUwMCwicmlkIjowLCJpYXQiOjE2ODEwNDA0NjAsImV4cCI6MTY4MTEyNjg2MH0.D0EiIp2Woljtvu-i_SbJHa_YdD1a9slT_Zb_wvybLgE', 'Content-Length': '62'}
请求内容: {'username': '王淑兰YTbBQl', 'password': '123456'}
接口响应内容: {'data': {'id': 954, 'username': '王淑兰YTbBQl', 'role_id': -1, 'create_time': 1681040460}, 'meta': {'msg': '创建成功', 'status': 201}}
接口响应时长: 83 ms
Http状态码: 200
断言结果: 200
=====================================================
INFO    2023-04-09 19:41:00,700G:\auto_api1_framework\logs\info-2023-04-09.log:test_create_user.py:29 2023-04-09 19:41:00 >>>>>> 执行结束！
INFO    2023-04-09 19:41:00,701G:\auto_api1_framework\logs\info-2023-04-09.log:test_create_user.py:26 2023-04-09 19:41:00 >>>>>> 开始执行：
INFO    2023-04-09 19:41:00,705G:\auto_api1_framework\logs\info-2023-04-09.log:log_decorator.py:42 
======================================================
用例标题: 密码为空
请求路径: http://127.0.0.1:8888/api/private/v1/users
请求方式: POST
请求头:   {'User-Agent': 'python-requests/2.28.2', 'Accept-Encoding': 'gzip, deflate', 'Accept': '*/*', 'Connection': 'keep-alive', 'Content-Type': 'application/json', 'Authorization': 'Bearer eyJhbGciOiJIUzI1NiIsInR5cCI6IkpXVCJ9.eyJ1aWQiOjUwMCwicmlkIjowLCJpYXQiOjE2ODEwNDA0NjAsImV4cCI6MTY4MTEyNjg2MH0.D0EiIp2Woljtvu-i_SbJHa_YdD1a9slT_Zb_wvybLgE', 'Content-Length': '40'}
请求内容: {'username': 'ZIuxD481', 'password': ''}
接口响应内容: {'data': None, 'meta': {'msg': '密码不能为空', 'status': 400}}
接口响应时长: 2 ms
Http状态码: 200
断言结果: 200
=====================================================
INFO    2023-04-09 19:41:00,707G:\auto_api1_framework\logs\info-2023-04-09.log:test_create_user.py:29 2023-04-09 19:41:00 >>>>>> 执行结束！
INFO    2023-04-09 19:41:00,708G:\auto_api1_framework\logs\info-2023-04-09.log:test_create_user.py:26 2023-04-09 19:41:00 >>>>>> 开始执行：
INFO    2023-04-09 19:41:00,795G:\auto_api1_framework\logs\info-2023-04-09.log:log_decorator.py:42 
======================================================
用例标题: 密码为纯数字
请求路径: http://127.0.0.1:8888/api/private/v1/users
请求方式: POST
请求头:   {'User-Agent': 'python-requests/2.28.2', 'Accept-Encoding': 'gzip, deflate', 'Accept': '*/*', 'Connection': 'keep-alive', 'Content-Type': 'application/json', 'Authorization': 'Bearer eyJhbGciOiJIUzI1NiIsInR5cCI6IkpXVCJ9.eyJ1aWQiOjUwMCwicmlkIjowLCJpYXQiOjE2ODEwNDA0NjAsImV4cCI6MTY4MTEyNjg2MH0.D0EiIp2Woljtvu-i_SbJHa_YdD1a9slT_Zb_wvybLgE', 'Content-Length': '46'}
请求内容: {'username': 'kFjaJ291', 'password': '631956'}
接口响应内容: {'data': {'id': 955, 'username': 'kFjaJ291', 'role_id': -1, 'create_time': 1681040460}, 'meta': {'msg': '创建成功', 'status': 201}}
接口响应时长: 83 ms
Http状态码: 200
断言结果: 200
=====================================================
INFO    2023-04-09 19:41:00,797G:\auto_api1_framework\logs\info-2023-04-09.log:test_create_user.py:29 2023-04-09 19:41:00 >>>>>> 执行结束！
INFO    2023-04-09 19:41:00,798G:\auto_api1_framework\logs\info-2023-04-09.log:test_create_user.py:26 2023-04-09 19:41:00 >>>>>> 开始执行：
INFO    2023-04-09 19:41:00,882G:\auto_api1_framework\logs\info-2023-04-09.log:log_decorator.py:42 
======================================================
用例标题: 密码为纯字母
请求路径: http://127.0.0.1:8888/api/private/v1/users
请求方式: POST
请求头:   {'User-Agent': 'python-requests/2.28.2', 'Accept-Encoding': 'gzip, deflate', 'Accept': '*/*', 'Connection': 'keep-alive', 'Content-Type': 'application/json', 'Authorization': 'Bearer eyJhbGciOiJIUzI1NiIsInR5cCI6IkpXVCJ9.eyJ1aWQiOjUwMCwicmlkIjowLCJpYXQiOjE2ODEwNDA0NjAsImV4cCI6MTY4MTEyNjg2MH0.D0EiIp2Woljtvu-i_SbJHa_YdD1a9slT_Zb_wvybLgE', 'Content-Length': '46'}
请求内容: {'username': 'urEPs920', 'password': 'zJqiXp'}
接口响应内容: {'data': {'id': 956, 'username': 'urEPs920', 'role_id': -1, 'create_time': 1681040460}, 'meta': {'msg': '创建成功', 'status': 201}}
接口响应时长: 81 ms
Http状态码: 200
断言结果: 200
=====================================================
INFO    2023-04-09 19:41:00,883G:\auto_api1_framework\logs\info-2023-04-09.log:test_create_user.py:29 2023-04-09 19:41:00 >>>>>> 执行结束！
INFO    2023-04-09 19:41:00,885G:\auto_api1_framework\logs\info-2023-04-09.log:test_create_user.py:26 2023-04-09 19:41:00 >>>>>> 开始执行：
INFO    2023-04-09 19:41:00,970G:\auto_api1_framework\logs\info-2023-04-09.log:log_decorator.py:42 
======================================================
用例标题: 100位密码
请求路径: http://127.0.0.1:8888/api/private/v1/users
请求方式: POST
请求头:   {'User-Agent': 'python-requests/2.28.2', 'Accept-Encoding': 'gzip, deflate', 'Accept': '*/*', 'Connection': 'keep-alive', 'Content-Type': 'application/json', 'Authorization': 'Bearer eyJhbGciOiJIUzI1NiIsInR5cCI6IkpXVCJ9.eyJ1aWQiOjUwMCwicmlkIjowLCJpYXQiOjE2ODEwNDA0NjAsImV4cCI6MTY4MTEyNjg2MH0.D0EiIp2Woljtvu-i_SbJHa_YdD1a9slT_Zb_wvybLgE', 'Content-Length': '141'}
请求内容: {'username': 'HFwEb486', 'password': '4saZnIRBFhA^ue9kA)KcudIuvbZE&gnbBLkZoEKZCgF0QKcr&3_)Czhhati5B62D4VK#BoXMJ9Qfg*7NKC#hLoiLB$+%Ey$F8rD()'}
接口响应内容: {'data': {'id': 957, 'username': 'HFwEb486', 'role_id': -1, 'create_time': 1681040460}, 'meta': {'msg': '创建成功', 'status': 201}}
接口响应时长: 84 ms
Http状态码: 200
断言结果: 200
=====================================================
INFO    2023-04-09 19:41:00,972G:\auto_api1_framework\logs\info-2023-04-09.log:test_create_user.py:29 2023-04-09 19:41:00 >>>>>> 执行结束！
INFO    2023-04-09 19:41:00,974G:\auto_api1_framework\logs\info-2023-04-09.log:test_create_user.py:26 2023-04-09 19:41:00 >>>>>> 开始执行：
INFO    2023-04-09 19:41:01,062G:\auto_api1_framework\logs\info-2023-04-09.log:log_decorator.py:42 
======================================================
用例标题: 多参：多abc
请求路径: http://127.0.0.1:8888/api/private/v1/users
请求方式: POST
请求头:   {'User-Agent': 'python-requests/2.28.2', 'Accept-Encoding': 'gzip, deflate', 'Accept': '*/*', 'Connection': 'keep-alive', 'Content-Type': 'application/json', 'Authorization': 'Bearer eyJhbGciOiJIUzI1NiIsInR5cCI6IkpXVCJ9.eyJ1aWQiOjUwMCwicmlkIjowLCJpYXQiOjE2ODEwNDA0NjAsImV4cCI6MTY4MTEyNjg2MH0.D0EiIp2Woljtvu-i_SbJHa_YdD1a9slT_Zb_wvybLgE', 'Content-Length': '65'}
请求内容: {'username': 'xPwLi169', 'password': '!D8GWgmq', 'abc': '276457'}
接口响应内容: {'data': {'id': 958, 'username': 'xPwLi169', 'role_id': -1, 'create_time': 1681040461}, 'meta': {'msg': '创建成功', 'status': 201}}
接口响应时长: 84 ms
Http状态码: 200
断言结果: 200
=====================================================
INFO    2023-04-09 19:41:01,064G:\auto_api1_framework\logs\info-2023-04-09.log:test_create_user.py:29 2023-04-09 19:41:00 >>>>>> 执行结束！
INFO    2023-04-09 19:41:01,066G:\auto_api1_framework\logs\info-2023-04-09.log:test_create_user.py:26 2023-04-09 19:41:00 >>>>>> 开始执行：
INFO    2023-04-09 19:41:01,072G:\auto_api1_framework\logs\info-2023-04-09.log:log_decorator.py:42 
======================================================
用例标题: 少参：缺少username
请求路径: http://127.0.0.1:8888/api/private/v1/users
请求方式: POST
请求头:   {'User-Agent': 'python-requests/2.28.2', 'Accept-Encoding': 'gzip, deflate', 'Accept': '*/*', 'Connection': 'keep-alive', 'Content-Type': 'application/json', 'Authorization': 'Bearer eyJhbGciOiJIUzI1NiIsInR5cCI6IkpXVCJ9.eyJ1aWQiOjUwMCwicmlkIjowLCJpYXQiOjE2ODEwNDA0NjAsImV4cCI6MTY4MTEyNjg2MH0.D0EiIp2Woljtvu-i_SbJHa_YdD1a9slT_Zb_wvybLgE', 'Content-Length': '24'}
请求内容: {'password': 'nZt*54Bu'}
接口响应内容: {'data': None, 'meta': {'msg': '用户名不能为空', 'status': 400}}
接口响应时长: 2 ms
Http状态码: 200
断言结果: 200
=====================================================
INFO    2023-04-09 19:41:01,073G:\auto_api1_framework\logs\info-2023-04-09.log:test_create_user.py:29 2023-04-09 19:41:00 >>>>>> 执行结束！
INFO    2023-04-09 19:41:01,075G:\auto_api1_framework\logs\info-2023-04-09.log:test_create_user.py:26 2023-04-09 19:41:00 >>>>>> 开始执行：
INFO    2023-04-09 19:41:01,079G:\auto_api1_framework\logs\info-2023-04-09.log:log_decorator.py:42 
======================================================
用例标题: 没有参数
请求路径: http://127.0.0.1:8888/api/private/v1/users
请求方式: POST
请求头:   {'User-Agent': 'python-requests/2.28.2', 'Accept-Encoding': 'gzip, deflate', 'Accept': '*/*', 'Connection': 'keep-alive', 'Content-Type': 'application/json', 'Authorization': 'Bearer eyJhbGciOiJIUzI1NiIsInR5cCI6IkpXVCJ9.eyJ1aWQiOjUwMCwicmlkIjowLCJpYXQiOjE2ODEwNDA0NjAsImV4cCI6MTY4MTEyNjg2MH0.D0EiIp2Woljtvu-i_SbJHa_YdD1a9slT_Zb_wvybLgE', 'Content-Length': '0'}
请求内容: None
接口响应内容: {'data': None, 'meta': {'msg': '用户名不能为空', 'status': 400}}
接口响应时长: 2 ms
Http状态码: 200
断言结果: 200
=====================================================
INFO    2023-04-09 19:41:01,081G:\auto_api1_framework\logs\info-2023-04-09.log:test_create_user.py:29 2023-04-09 19:41:00 >>>>>> 执行结束！
INFO    2023-04-09 19:41:01,082G:\auto_api1_framework\logs\info-2023-04-09.log:test_create_user.py:26 2023-04-09 19:41:00 >>>>>> 开始执行：
INFO    2023-04-09 19:41:01,086G:\auto_api1_framework\logs\info-2023-04-09.log:log_decorator.py:42 
======================================================
用例标题: 错误参数：修改username为test
请求路径: http://127.0.0.1:8888/api/private/v1/users
请求方式: POST
请求头:   {'User-Agent': 'python-requests/2.28.2', 'Accept-Encoding': 'gzip, deflate', 'Accept': '*/*', 'Connection': 'keep-alive', 'Content-Type': 'application/json', 'Authorization': 'Bearer eyJhbGciOiJIUzI1NiIsInR5cCI6IkpXVCJ9.eyJ1aWQiOjUwMCwicmlkIjowLCJpYXQiOjE2ODEwNDA0NjAsImV4cCI6MTY4MTEyNjg2MH0.D0EiIp2Woljtvu-i_SbJHa_YdD1a9slT_Zb_wvybLgE', 'Content-Length': '44'}
请求内容: {'test': 'GtPjl178', 'password': 'd@3pWsfi'}
接口响应内容: {'data': None, 'meta': {'msg': '用户名不能为空', 'status': 400}}
接口响应时长: 2 ms
Http状态码: 200
断言结果: 200
=====================================================
INFO    2023-04-09 19:41:01,088G:\auto_api1_framework\logs\info-2023-04-09.log:test_create_user.py:29 2023-04-09 19:41:00 >>>>>> 执行结束！
INFO    2023-04-09 19:52:14,431G:\auto_api1_framework\logs\info-2023-04-09.log:test_delete_user.py:26 2023-04-09 19:52:14 >>>>>> 开始执行：
INFO    2023-04-09 19:52:14,687G:\auto_api1_framework\logs\info-2023-04-09.log:log_decorator.py:42 
======================================================
用例标题: 创建用户成功（全部参数）
请求路径: http://127.0.0.1:8888/api/private/v1/users
请求方式: POST
请求头:   {'User-Agent': 'python-requests/2.28.2', 'Accept-Encoding': 'gzip, deflate', 'Accept': '*/*', 'Connection': 'keep-alive', 'Content-Type': 'application/json', 'Authorization': 'Bearer eyJhbGciOiJIUzI1NiIsInR5cCI6IkpXVCJ9.eyJ1aWQiOjUwMCwicmlkIjowLCJpYXQiOjE2ODEwNDExMzQsImV4cCI6MTY4MTEyNzUzNH0.Rqh6sHIH4_g0BQyZj9rrmEuhQlWN5ipB0KTP958uw5o', 'Content-Length': '104'}
请求内容: {'username': 'nKVcv951', 'password': '_^z2GX@t', 'email': 'jiejia@hotmail.com', 'mobile': '13232441147'}
接口响应内容: {'data': {'id': 959, 'username': 'nKVcv951', 'mobile': '13232441147', 'email': 'jiejia@hotmail.com', 'role_id': -1, 'create_time': 1681041134}, 'meta': {'msg': '创建成功', 'status': 201}}
接口响应时长: 84 ms
Http状态码: 200
断言结果: 200
=====================================================
INFO    2023-04-09 19:52:14,695G:\auto_api1_framework\logs\info-2023-04-09.log:log_decorator.py:42 
======================================================
用例标题: 删除用户成功
请求路径: http://127.0.0.1:8888/api/private/v1/users/959
请求方式: PUT
请求头:   {'User-Agent': 'python-requests/2.28.2', 'Accept-Encoding': 'gzip, deflate', 'Accept': '*/*', 'Connection': 'keep-alive', 'Authorization': 'Bearer eyJhbGciOiJIUzI1NiIsInR5cCI6IkpXVCJ9.eyJ1aWQiOjUwMCwicmlkIjowLCJpYXQiOjE2ODEwNDExMzQsImV4cCI6MTY4MTEyNzUzNH0.Rqh6sHIH4_g0BQyZj9rrmEuhQlWN5ipB0KTP958uw5o', 'Content-Length': '0'}
请求内容: None
接口响应内容: {'data': {'id': 959, 'username': 'nKVcv951', 'role_id': -1}, 'meta': {'msg': '更新成功', 'status': 200}}
接口响应时长: 6 ms
Http状态码: 200
断言结果: 200
=====================================================
INFO    2023-04-09 19:52:14,784G:\auto_api1_framework\logs\info-2023-04-09.log:test_delete_user.py:29 2023-04-09 19:52:14 >>>>>> 执行结束！
INFO    2023-04-09 19:52:59,016G:\auto_api1_framework\logs\info-2023-04-09.log:test_delete_user.py:26 2023-04-09 19:52:58 >>>>>> 开始执行：
INFO    2023-04-09 19:52:59,271G:\auto_api1_framework\logs\info-2023-04-09.log:log_decorator.py:42 
======================================================
用例标题: 创建用户成功（全部参数）
请求路径: http://127.0.0.1:8888/api/private/v1/users
请求方式: POST
请求头:   {'User-Agent': 'python-requests/2.28.2', 'Accept-Encoding': 'gzip, deflate', 'Accept': '*/*', 'Connection': 'keep-alive', 'Content-Type': 'application/json', 'Authorization': 'Bearer eyJhbGciOiJIUzI1NiIsInR5cCI6IkpXVCJ9.eyJ1aWQiOjUwMCwicmlkIjowLCJpYXQiOjE2ODEwNDExNzksImV4cCI6MTY4MTEyNzU3OX0.c_cK_IEnokZswSpn-08QAfjaFffYlEFzt0vxViQcLv8', 'Content-Length': '104'}
请求内容: {'username': 'oTnJs782', 'password': 'P*t4EW2p', 'email': 'zhengtao@gmail.com', 'mobile': '15019669720'}
接口响应内容: {'data': {'id': 960, 'username': 'oTnJs782', 'mobile': '15019669720', 'email': 'zhengtao@gmail.com', 'role_id': -1, 'create_time': 1681041179}, 'meta': {'msg': '创建成功', 'status': 201}}
接口响应时长: 82 ms
Http状态码: 200
断言结果: 200
=====================================================
INFO    2023-04-09 19:52:59,278G:\auto_api1_framework\logs\info-2023-04-09.log:log_decorator.py:42 
======================================================
用例标题: 删除用户成功
请求路径: http://127.0.0.1:8888/api/private/v1/users/960
请求方式: PUT
请求头:   {'User-Agent': 'python-requests/2.28.2', 'Accept-Encoding': 'gzip, deflate', 'Accept': '*/*', 'Connection': 'keep-alive', 'Authorization': 'Bearer eyJhbGciOiJIUzI1NiIsInR5cCI6IkpXVCJ9.eyJ1aWQiOjUwMCwicmlkIjowLCJpYXQiOjE2ODEwNDExNzksImV4cCI6MTY4MTEyNzU3OX0.c_cK_IEnokZswSpn-08QAfjaFffYlEFzt0vxViQcLv8', 'Content-Length': '0'}
请求内容: None
接口响应内容: {'data': {'id': 960, 'username': 'oTnJs782', 'role_id': -1}, 'meta': {'msg': '更新成功', 'status': 200}}
接口响应时长: 4 ms
Http状态码: 200
断言结果: 200
=====================================================
INFO    2023-04-09 19:52:59,355G:\auto_api1_framework\logs\info-2023-04-09.log:test_delete_user.py:29 2023-04-09 19:52:58 >>>>>> 执行结束！
INFO    2023-04-09 19:53:20,340G:\auto_api1_framework\logs\info-2023-04-09.log:test_delete_user.py:26 2023-04-09 19:53:20 >>>>>> 开始执行：
INFO    2023-04-09 19:53:20,600G:\auto_api1_framework\logs\info-2023-04-09.log:log_decorator.py:42 
======================================================
用例标题: 创建用户成功（全部参数）
请求路径: http://127.0.0.1:8888/api/private/v1/users
请求方式: POST
请求头:   {'User-Agent': 'python-requests/2.28.2', 'Accept-Encoding': 'gzip, deflate', 'Accept': '*/*', 'Connection': 'keep-alive', 'Content-Type': 'application/json', 'Authorization': 'Bearer eyJhbGciOiJIUzI1NiIsInR5cCI6IkpXVCJ9.eyJ1aWQiOjUwMCwicmlkIjowLCJpYXQiOjE2ODEwNDEyMDAsImV4cCI6MTY4MTEyNzYwMH0.rxJJDHLaO3IvFB5sFA7sGzUJAu1AFBfU0zvwAjWikTs', 'Content-Length': '104'}
请求内容: {'username': 'yVhff473', 'password': '$8)#AvDt', 'email': 'xueqiang@gmail.com', 'mobile': '13686325018'}
接口响应内容: {'data': {'id': 961, 'username': 'yVhff473', 'mobile': '13686325018', 'email': 'xueqiang@gmail.com', 'role_id': -1, 'create_time': 1681041200}, 'meta': {'msg': '创建成功', 'status': 201}}
接口响应时长: 82 ms
Http状态码: 200
断言结果: 200
=====================================================
INFO    2023-04-09 19:53:20,608G:\auto_api1_framework\logs\info-2023-04-09.log:log_decorator.py:42 
======================================================
用例标题: 删除用户成功
请求路径: http://127.0.0.1:8888/api/private/v1/users/961
请求方式: DELETE
请求头:   {'User-Agent': 'python-requests/2.28.2', 'Accept-Encoding': 'gzip, deflate', 'Accept': '*/*', 'Connection': 'keep-alive', 'Authorization': 'Bearer eyJhbGciOiJIUzI1NiIsInR5cCI6IkpXVCJ9.eyJ1aWQiOjUwMCwicmlkIjowLCJpYXQiOjE2ODEwNDEyMDAsImV4cCI6MTY4MTEyNzYwMH0.rxJJDHLaO3IvFB5sFA7sGzUJAu1AFBfU0zvwAjWikTs', 'Content-Length': '0'}
请求内容: None
接口响应内容: {'data': None, 'meta': {'msg': '删除成功', 'status': 200}}
接口响应时长: 5 ms
Http状态码: 200
断言结果: 200
=====================================================
INFO    2023-04-09 19:53:20,609G:\auto_api1_framework\logs\info-2023-04-09.log:test_delete_user.py:29 2023-04-09 19:53:20 >>>>>> 执行结束！
INFO    2023-04-09 19:53:37,678G:\auto_api1_framework\logs\info-2023-04-09.log:test_delete_user.py:26 2023-04-09 19:53:37 >>>>>> 开始执行：
INFO    2023-04-09 19:53:37,923G:\auto_api1_framework\logs\info-2023-04-09.log:log_decorator.py:42 
======================================================
用例标题: 创建用户成功（全部参数）
请求路径: http://127.0.0.1:8888/api/private/v1/users
请求方式: POST
请求头:   {'User-Agent': 'python-requests/2.28.2', 'Accept-Encoding': 'gzip, deflate', 'Accept': '*/*', 'Connection': 'keep-alive', 'Content-Type': 'application/json', 'Authorization': 'Bearer eyJhbGciOiJIUzI1NiIsInR5cCI6IkpXVCJ9.eyJ1aWQiOjUwMCwicmlkIjowLCJpYXQiOjE2ODEwNDEyMTcsImV4cCI6MTY4MTEyNzYxN30.rvCBV5eFvsUlAtb83HqUeUpa9EAGuZVRHyOzyMB5EDE', 'Content-Length': '101'}
请求内容: {'username': 'eYgZw203', 'password': '5H5@0YZr', 'email': 'lei80@gmail.com', 'mobile': '14708022213'}
接口响应内容: {'data': {'id': 962, 'username': 'eYgZw203', 'mobile': '14708022213', 'email': 'lei80@gmail.com', 'role_id': -1, 'create_time': 1681041217}, 'meta': {'msg': '创建成功', 'status': 201}}
接口响应时长: 82 ms
Http状态码: 200
断言结果: 200
=====================================================
INFO    2023-04-09 19:53:37,930G:\auto_api1_framework\logs\info-2023-04-09.log:log_decorator.py:42 
======================================================
用例标题: 删除用户成功
请求路径: http://127.0.0.1:8888/api/private/v1/users/962
请求方式: DELETE
请求头:   {'User-Agent': 'python-requests/2.28.2', 'Accept-Encoding': 'gzip, deflate', 'Accept': '*/*', 'Connection': 'keep-alive', 'Authorization': 'Bearer eyJhbGciOiJIUzI1NiIsInR5cCI6IkpXVCJ9.eyJ1aWQiOjUwMCwicmlkIjowLCJpYXQiOjE2ODEwNDEyMTcsImV4cCI6MTY4MTEyNzYxN30.rvCBV5eFvsUlAtb83HqUeUpa9EAGuZVRHyOzyMB5EDE', 'Content-Length': '0'}
请求内容: None
接口响应内容: {'data': None, 'meta': {'msg': '删除成功', 'status': 200}}
接口响应时长: 4 ms
Http状态码: 200
断言结果: 200
=====================================================
INFO    2023-04-09 19:53:37,931G:\auto_api1_framework\logs\info-2023-04-09.log:test_delete_user.py:29 2023-04-09 19:53:37 >>>>>> 执行结束！
