INFO    2023-04-11 21:09:57,293G:\auto_api1_framework\logs\info-2023-04-11.log:test_get_all_purview_list.py:26 2023-04-11 21:09:57 >>>>>> 开始执行：
INFO    2023-04-11 21:09:57,305G:\auto_api1_framework\logs\info-2023-04-11.log:log_decorator.py:42 
======================================================
用例标题: 获取所有权限列表展示成功
请求路径: http://127.0.0.1:8888/api/private/v1/rights/list
请求方式: GET
请求头:   {'User-Agent': 'python-requests/2.28.2', 'Accept-Encoding': 'gzip, deflate', 'Accept': '*/*', 'Connection': 'keep-alive', 'Authorization': 'Bearer eyJhbGciOiJIUzI1NiIsInR5cCI6IkpXVCJ9.eyJ1aWQiOjUwMCwicmlkIjowLCJpYXQiOjE2ODEyMTg1OTcsImV4cCI6MTY4MTMwNDk5N30.yvOEToxw73fuqEEoKx-mbYSGy5hg3Idib9s8wexB6LE'}
请求内容: None
接口响应内容: {'data': [{'id': 101, 'authName': '商品管理', 'level': '0', 'pid': 0, 'path': 'goods'}, {'id': 102, 'authName': '订单管理', 'level': '0', 'pid': 0, 'path': 'orders'}, {'id': 103, 'authName': '权限管理', 'level': '0', 'pid': 0, 'path': 'rights'}, {'id': 104, 'authName': '商品列表', 'level': '1', 'pid': 101, 'path': 'goods'}, {'id': 105, 'authName': '添加商品', 'level': '2', 'pid': 104, 'path': 'goods'}, {'id': 107, 'authName': '订单列表', 'level': '1', 'pid': 102, 'path': 'orders'}, {'id': 109, 'authName': '添加订单', 'level': '2', 'pid': 107, 'path': 'orders'}, {'id': 110, 'authName': '用户列表', 'level': '1', 'pid': 125, 'path': 'users'}, {'id': 111, 'authName': '角色列表', 'level': '1', 'pid': 103, 'path': 'roles'}, {'id': 112, 'authName': '权限列表', 'level': '1', 'pid': 103, 'path': 'rights'}, {'id': 115, 'authName': '分类参数', 'level': '1', 'pid': 101, 'path': 'params'}, {'id': 116, 'authName': '商品修改', 'level': '2', 'pid': 104, 'path': 'goods'}, {'id': 117, 'authName': '商品删除', 'level': '2', 'pid': 104, 'path': 'goods'}, {'id': 121, 'authName': '商品分类', 'level': '1', 'pid': 101, 'path': 'categories'}, {'id': 122, 'authName': '添加分类', 'level': '2', 'pid': 121, 'path': 'categories'}, {'id': 123, 'authName': '删除分类', 'level': '2', 'pid': 121, 'path': 'categories'}, {'id': 125, 'authName': '用户管理', 'level': '0', 'pid': 0, 'path': 'users'}, {'id': 129, 'authName': '添加角色', 'level': '2', 'pid': 111, 'path': 'roles'}, {'id': 130, 'authName': '删除角色', 'level': '2', 'pid': 111, 'path': 'roles'}, {'id': 131, 'authName': '添加用户', 'level': '2', 'pid': 110, 'path': 'users'}, {'id': 132, 'authName': '删除用户', 'level': '2', 'pid': 110, 'path': 'users'}, {'id': 133, 'authName': '更新用户', 'level': '2', 'pid': 110, 'path': 'users'}, {'id': 134, 'authName': '角色授权', 'level': '2', 'pid': 111, 'path': 'roles'}, {'id': 135, 'authName': '取消角色授权', 'level': '2', 'pid': 111, 'path': 'roles'}, {'id': 136, 'authName': '获取用户详情', 'level': '2', 'pid': 110, 'path': 'users'}, {'id': 137, 'authName': '分配用户角色', 'level': '2', 'pid': 110, 'path': 'users'}, {'id': 138, 'authName': '获取角色列表', 'level': '2', 'pid': 111, 'path': 'roles'}, {'id': 139, 'authName': '获取角色详情', 'level': '2', 'pid': 111, 'path': 'roles'}, {'id': 140, 'authName': '更新角色信息', 'level': '2', 'pid': 111, 'path': 'roles'}, {'id': 141, 'authName': '更新角色权限', 'level': '2', 'pid': 111, 'path': 'roles'}, {'id': 142, 'authName': '获取参数列表', 'level': '2', 'pid': 115, 'path': 'categories'}, {'id': 143, 'authName': '创建商品参数', 'level': '2', 'pid': 115, 'path': 'categories'}, {'id': 144, 'authName': '删除商品参数', 'level': '2', 'pid': 115, 'path': 'categories'}, {'id': 145, 'authName': '数据统计', 'level': '0', 'pid': 0, 'path': 'reports'}, {'id': 146, 'authName': '数据报表', 'level': '1', 'pid': 145, 'path': 'reports'}, {'id': 147, 'authName': '查看权限', 'level': '2', 'pid': 112, 'path': 'rights'}, {'id': 148, 'authName': '查看数据', 'level': '2', 'pid': 146, 'path': 'reports'}, {'id': 149, 'authName': '获取分类详情', 'level': '2', 'pid': 121, 'path': 'categories'}, {'id': 150, 'authName': '更新商品图片', 'level': '2', 'pid': 104, 'path': 'goods'}, {'id': 151, 'authName': '更新商品属性', 'level': '2', 'pid': 104, 'path': 'goods'}, {'id': 152, 'authName': '更新商品状态', 'level': '2', 'pid': 104, 'path': 'goods'}, {'id': 153, 'authName': '获取商品详情', 'level': '2', 'pid': 104, 'path': 'goods'}, {'id': 154, 'authName': '订单更新', 'level': '2', 'pid': 107, 'path': 'orders'}, {'id': 155, 'authName': '获取订单详情', 'level': '2', 'pid': 107, 'path': 'orders'}, {'id': 156, 'authName': '分类参数添加', 'level': '2', 'pid': 101, 'path': 'categories'}, {'id': 157, 'authName': '分类参数删除', 'level': '2', 'pid': 101, 'path': 'categories'}, {'id': 158, 'authName': '分类参数详情', 'level': '2', 'pid': 101, 'path': 'categories'}, {'id': 159, 'authName': '设置管理状态', 'level': '2', 'pid': 110, 'path': 'users'}], 'meta': {'msg': '获取权限列表成功', 'status': 200}}
接口响应时长: 6 ms
Http状态码: 200
断言结果: 200
=====================================================
INFO    2023-04-11 21:09:57,308G:\auto_api1_framework\logs\info-2023-04-11.log:test_get_all_purview_list.py:29 2023-04-11 21:09:57 >>>>>> 执行结束！
INFO    2023-04-11 21:09:57,311G:\auto_api1_framework\logs\info-2023-04-11.log:test_get_all_purview_list.py:26 2023-04-11 21:09:57 >>>>>> 开始执行：
INFO    2023-04-11 21:09:57,318G:\auto_api1_framework\logs\info-2023-04-11.log:log_decorator.py:42 
======================================================
用例标题: 获取所有权限树状展示成功
请求路径: http://127.0.0.1:8888/api/private/v1/rights/tree
请求方式: GET
请求头:   {'User-Agent': 'python-requests/2.28.2', 'Accept-Encoding': 'gzip, deflate', 'Accept': '*/*', 'Connection': 'keep-alive', 'Authorization': 'Bearer eyJhbGciOiJIUzI1NiIsInR5cCI6IkpXVCJ9.eyJ1aWQiOjUwMCwicmlkIjowLCJpYXQiOjE2ODEyMTg1OTcsImV4cCI6MTY4MTMwNDk5N30.yvOEToxw73fuqEEoKx-mbYSGy5hg3Idib9s8wexB6LE'}
请求内容: None
接口响应内容: {'data': [{'id': 101, 'authName': '商品管理', 'path': 'goods', 'pid': 0, 'children': [{'id': 104, 'authName': '商品列表', 'path': 'goods', 'pid': 101, 'children': [{'id': 105, 'authName': '添加商品', 'path': 'goods', 'pid': '104,101'}, {'id': 116, 'authName': '商品修改', 'path': 'goods', 'pid': '104,101'}, {'id': 117, 'authName': '商品删除', 'path': 'goods', 'pid': '104,101'}, {'id': 150, 'authName': '更新商品图片', 'path': 'goods', 'pid': '104,101'}, {'id': 151, 'authName': '更新商品属性', 'path': 'goods', 'pid': '104,101'}, {'id': 152, 'authName': '更新商品状态', 'path': 'goods', 'pid': '104,101'}, {'id': 153, 'authName': '获取商品详情', 'path': 'goods', 'pid': '104,101'}]}, {'id': 115, 'authName': '分类参数', 'path': 'params', 'pid': 101, 'children': [{'id': 142, 'authName': '获取参数列表', 'path': 'categories', 'pid': '115,101'}, {'id': 143, 'authName': '创建商品参数', 'path': 'categories', 'pid': '115,101'}, {'id': 144, 'authName': '删除商品参数', 'path': 'categories', 'pid': '115,101'}]}, {'id': 121, 'authName': '商品分类', 'path': 'categories', 'pid': 101, 'children': [{'id': 122, 'authName': '添加分类', 'path': 'categories', 'pid': '121,101'}, {'id': 123, 'authName': '删除分类', 'path': 'categories', 'pid': '121,101'}, {'id': 149, 'authName': '获取分类详情', 'path': 'categories', 'pid': '121,101'}]}]}, {'id': 102, 'authName': '订单管理', 'path': 'orders', 'pid': 0, 'children': [{'id': 107, 'authName': '订单列表', 'path': 'orders', 'pid': 102, 'children': [{'id': 109, 'authName': '添加订单', 'path': 'orders', 'pid': '107,102'}, {'id': 154, 'authName': '订单更新', 'path': 'orders', 'pid': '107,102'}, {'id': 155, 'authName': '获取订单详情', 'path': 'orders', 'pid': '107,102'}]}]}, {'id': 103, 'authName': '权限管理', 'path': 'rights', 'pid': 0, 'children': [{'id': 111, 'authName': '角色列表', 'path': 'roles', 'pid': 103, 'children': [{'id': 129, 'authName': '添加角色', 'path': 'roles', 'pid': '111,103'}, {'id': 130, 'authName': '删除角色', 'path': 'roles', 'pid': '111,103'}, {'id': 134, 'authName': '角色授权', 'path': 'roles', 'pid': '111,103'}, {'id': 135, 'authName': '取消角色授权', 'path': 'roles', 'pid': '111,103'}, {'id': 138, 'authName': '获取角色列表', 'path': 'roles', 'pid': '111,103'}, {'id': 139, 'authName': '获取角色详情', 'path': 'roles', 'pid': '111,103'}, {'id': 140, 'authName': '更新角色信息', 'path': 'roles', 'pid': '111,103'}, {'id': 141, 'authName': '更新角色权限', 'path': 'roles', 'pid': '111,103'}]}, {'id': 112, 'authName': '权限列表', 'path': 'rights', 'pid': 103, 'children': [{'id': 147, 'authName': '查看权限', 'path': 'rights', 'pid': '112,103'}]}]}, {'id': 125, 'authName': '用户管理', 'path': 'users', 'pid': 0, 'children': [{'id': 110, 'authName': '用户列表', 'path': 'users', 'pid': 125, 'children': [{'id': 131, 'authName': '添加用户', 'path': 'users', 'pid': '110,125'}, {'id': 132, 'authName': '删除用户', 'path': 'users', 'pid': '110,125'}, {'id': 133, 'authName': '更新用户', 'path': 'users', 'pid': '110,125'}, {'id': 136, 'authName': '获取用户详情', 'path': 'users', 'pid': '110,125'}, {'id': 137, 'authName': '分配用户角色', 'path': 'users', 'pid': '110,125'}, {'id': 159, 'authName': '设置管理状态', 'path': 'users', 'pid': '110,125'}]}]}, {'id': 145, 'authName': '数据统计', 'path': 'reports', 'pid': 0, 'children': [{'id': 146, 'authName': '数据报表', 'path': 'reports', 'pid': 145, 'children': [{'id': 148, 'authName': '查看数据', 'path': 'reports', 'pid': '146,145'}]}]}], 'meta': {'msg': '获取权限列表成功', 'status': 200}}
接口响应时长: 4 ms
Http状态码: 200
断言结果: 200
=====================================================
INFO    2023-04-11 21:09:57,321G:\auto_api1_framework\logs\info-2023-04-11.log:test_get_all_purview_list.py:29 2023-04-11 21:09:57 >>>>>> 执行结束！
INFO    2023-04-11 21:09:57,322G:\auto_api1_framework\logs\info-2023-04-11.log:test_get_all_purview_list.py:26 2023-04-11 21:09:57 >>>>>> 开始执行：
INFO    2023-04-11 21:09:57,327G:\auto_api1_framework\logs\info-2023-04-11.log:log_decorator.py:42 
======================================================
用例标题: 获取所有权限列表失败
请求路径: http://127.0.0.1:8888/api/private/v1/rights/rNRHdn
请求方式: GET
请求头:   {'User-Agent': 'python-requests/2.28.2', 'Accept-Encoding': 'gzip, deflate', 'Accept': '*/*', 'Connection': 'keep-alive', 'Authorization': 'Bearer eyJhbGciOiJIUzI1NiIsInR5cCI6IkpXVCJ9.eyJ1aWQiOjUwMCwicmlkIjowLCJpYXQiOjE2ODEyMTg1OTcsImV4cCI6MTY4MTMwNDk5N30.yvOEToxw73fuqEEoKx-mbYSGy5hg3Idib9s8wexB6LE'}
请求内容: None
接口响应内容: {'data': None, 'meta': {'msg': '显示类型参数错误', 'status': 400}}
接口响应时长: 2 ms
Http状态码: 200
断言结果: 200
=====================================================
INFO    2023-04-11 21:09:57,403G:\auto_api1_framework\logs\info-2023-04-11.log:test_get_all_purview_list.py:29 2023-04-11 21:09:57 >>>>>> 执行结束！
INFO    2023-04-11 21:10:39,288G:\auto_api1_framework\logs\info-2023-04-11.log:test_get_all_purview_list.py:26 2023-04-11 21:10:39 >>>>>> 开始执行：
INFO    2023-04-11 21:10:39,296G:\auto_api1_framework\logs\info-2023-04-11.log:log_decorator.py:42 
======================================================
用例标题: 获取所有权限列表展示成功
请求路径: http://127.0.0.1:8888/api/private/v1/rights/list
请求方式: GET
请求头:   {'User-Agent': 'python-requests/2.28.2', 'Accept-Encoding': 'gzip, deflate', 'Accept': '*/*', 'Connection': 'keep-alive', 'Authorization': 'Bearer eyJhbGciOiJIUzI1NiIsInR5cCI6IkpXVCJ9.eyJ1aWQiOjUwMCwicmlkIjowLCJpYXQiOjE2ODEyMTg2MzksImV4cCI6MTY4MTMwNTAzOX0.7Rs_7k0RWZOLmNx7PCmghf-OHhtLPKBluQEleoxBtbE'}
请求内容: None
接口响应内容: {'data': [{'id': 101, 'authName': '商品管理', 'level': '0', 'pid': 0, 'path': 'goods'}, {'id': 102, 'authName': '订单管理', 'level': '0', 'pid': 0, 'path': 'orders'}, {'id': 103, 'authName': '权限管理', 'level': '0', 'pid': 0, 'path': 'rights'}, {'id': 104, 'authName': '商品列表', 'level': '1', 'pid': 101, 'path': 'goods'}, {'id': 105, 'authName': '添加商品', 'level': '2', 'pid': 104, 'path': 'goods'}, {'id': 107, 'authName': '订单列表', 'level': '1', 'pid': 102, 'path': 'orders'}, {'id': 109, 'authName': '添加订单', 'level': '2', 'pid': 107, 'path': 'orders'}, {'id': 110, 'authName': '用户列表', 'level': '1', 'pid': 125, 'path': 'users'}, {'id': 111, 'authName': '角色列表', 'level': '1', 'pid': 103, 'path': 'roles'}, {'id': 112, 'authName': '权限列表', 'level': '1', 'pid': 103, 'path': 'rights'}, {'id': 115, 'authName': '分类参数', 'level': '1', 'pid': 101, 'path': 'params'}, {'id': 116, 'authName': '商品修改', 'level': '2', 'pid': 104, 'path': 'goods'}, {'id': 117, 'authName': '商品删除', 'level': '2', 'pid': 104, 'path': 'goods'}, {'id': 121, 'authName': '商品分类', 'level': '1', 'pid': 101, 'path': 'categories'}, {'id': 122, 'authName': '添加分类', 'level': '2', 'pid': 121, 'path': 'categories'}, {'id': 123, 'authName': '删除分类', 'level': '2', 'pid': 121, 'path': 'categories'}, {'id': 125, 'authName': '用户管理', 'level': '0', 'pid': 0, 'path': 'users'}, {'id': 129, 'authName': '添加角色', 'level': '2', 'pid': 111, 'path': 'roles'}, {'id': 130, 'authName': '删除角色', 'level': '2', 'pid': 111, 'path': 'roles'}, {'id': 131, 'authName': '添加用户', 'level': '2', 'pid': 110, 'path': 'users'}, {'id': 132, 'authName': '删除用户', 'level': '2', 'pid': 110, 'path': 'users'}, {'id': 133, 'authName': '更新用户', 'level': '2', 'pid': 110, 'path': 'users'}, {'id': 134, 'authName': '角色授权', 'level': '2', 'pid': 111, 'path': 'roles'}, {'id': 135, 'authName': '取消角色授权', 'level': '2', 'pid': 111, 'path': 'roles'}, {'id': 136, 'authName': '获取用户详情', 'level': '2', 'pid': 110, 'path': 'users'}, {'id': 137, 'authName': '分配用户角色', 'level': '2', 'pid': 110, 'path': 'users'}, {'id': 138, 'authName': '获取角色列表', 'level': '2', 'pid': 111, 'path': 'roles'}, {'id': 139, 'authName': '获取角色详情', 'level': '2', 'pid': 111, 'path': 'roles'}, {'id': 140, 'authName': '更新角色信息', 'level': '2', 'pid': 111, 'path': 'roles'}, {'id': 141, 'authName': '更新角色权限', 'level': '2', 'pid': 111, 'path': 'roles'}, {'id': 142, 'authName': '获取参数列表', 'level': '2', 'pid': 115, 'path': 'categories'}, {'id': 143, 'authName': '创建商品参数', 'level': '2', 'pid': 115, 'path': 'categories'}, {'id': 144, 'authName': '删除商品参数', 'level': '2', 'pid': 115, 'path': 'categories'}, {'id': 145, 'authName': '数据统计', 'level': '0', 'pid': 0, 'path': 'reports'}, {'id': 146, 'authName': '数据报表', 'level': '1', 'pid': 145, 'path': 'reports'}, {'id': 147, 'authName': '查看权限', 'level': '2', 'pid': 112, 'path': 'rights'}, {'id': 148, 'authName': '查看数据', 'level': '2', 'pid': 146, 'path': 'reports'}, {'id': 149, 'authName': '获取分类详情', 'level': '2', 'pid': 121, 'path': 'categories'}, {'id': 150, 'authName': '更新商品图片', 'level': '2', 'pid': 104, 'path': 'goods'}, {'id': 151, 'authName': '更新商品属性', 'level': '2', 'pid': 104, 'path': 'goods'}, {'id': 152, 'authName': '更新商品状态', 'level': '2', 'pid': 104, 'path': 'goods'}, {'id': 153, 'authName': '获取商品详情', 'level': '2', 'pid': 104, 'path': 'goods'}, {'id': 154, 'authName': '订单更新', 'level': '2', 'pid': 107, 'path': 'orders'}, {'id': 155, 'authName': '获取订单详情', 'level': '2', 'pid': 107, 'path': 'orders'}, {'id': 156, 'authName': '分类参数添加', 'level': '2', 'pid': 101, 'path': 'categories'}, {'id': 157, 'authName': '分类参数删除', 'level': '2', 'pid': 101, 'path': 'categories'}, {'id': 158, 'authName': '分类参数详情', 'level': '2', 'pid': 101, 'path': 'categories'}, {'id': 159, 'authName': '设置管理状态', 'level': '2', 'pid': 110, 'path': 'users'}], 'meta': {'msg': '获取权限列表成功', 'status': 200}}
接口响应时长: 4 ms
Http状态码: 200
断言结果: 200
=====================================================
INFO    2023-04-11 21:10:39,303G:\auto_api1_framework\logs\info-2023-04-11.log:test_get_all_purview_list.py:29 2023-04-11 21:10:39 >>>>>> 执行结束！
INFO    2023-04-11 21:10:39,304G:\auto_api1_framework\logs\info-2023-04-11.log:test_get_all_purview_list.py:26 2023-04-11 21:10:39 >>>>>> 开始执行：
INFO    2023-04-11 21:10:39,313G:\auto_api1_framework\logs\info-2023-04-11.log:log_decorator.py:42 
======================================================
用例标题: 获取所有权限树状展示成功
请求路径: http://127.0.0.1:8888/api/private/v1/rights/tree
请求方式: GET
请求头:   {'User-Agent': 'python-requests/2.28.2', 'Accept-Encoding': 'gzip, deflate', 'Accept': '*/*', 'Connection': 'keep-alive', 'Authorization': 'Bearer eyJhbGciOiJIUzI1NiIsInR5cCI6IkpXVCJ9.eyJ1aWQiOjUwMCwicmlkIjowLCJpYXQiOjE2ODEyMTg2MzksImV4cCI6MTY4MTMwNTAzOX0.7Rs_7k0RWZOLmNx7PCmghf-OHhtLPKBluQEleoxBtbE'}
请求内容: None
接口响应内容: {'data': [{'id': 101, 'authName': '商品管理', 'path': 'goods', 'pid': 0, 'children': [{'id': 104, 'authName': '商品列表', 'path': 'goods', 'pid': 101, 'children': [{'id': 105, 'authName': '添加商品', 'path': 'goods', 'pid': '104,101'}, {'id': 116, 'authName': '商品修改', 'path': 'goods', 'pid': '104,101'}, {'id': 117, 'authName': '商品删除', 'path': 'goods', 'pid': '104,101'}, {'id': 150, 'authName': '更新商品图片', 'path': 'goods', 'pid': '104,101'}, {'id': 151, 'authName': '更新商品属性', 'path': 'goods', 'pid': '104,101'}, {'id': 152, 'authName': '更新商品状态', 'path': 'goods', 'pid': '104,101'}, {'id': 153, 'authName': '获取商品详情', 'path': 'goods', 'pid': '104,101'}]}, {'id': 115, 'authName': '分类参数', 'path': 'params', 'pid': 101, 'children': [{'id': 142, 'authName': '获取参数列表', 'path': 'categories', 'pid': '115,101'}, {'id': 143, 'authName': '创建商品参数', 'path': 'categories', 'pid': '115,101'}, {'id': 144, 'authName': '删除商品参数', 'path': 'categories', 'pid': '115,101'}]}, {'id': 121, 'authName': '商品分类', 'path': 'categories', 'pid': 101, 'children': [{'id': 122, 'authName': '添加分类', 'path': 'categories', 'pid': '121,101'}, {'id': 123, 'authName': '删除分类', 'path': 'categories', 'pid': '121,101'}, {'id': 149, 'authName': '获取分类详情', 'path': 'categories', 'pid': '121,101'}]}]}, {'id': 102, 'authName': '订单管理', 'path': 'orders', 'pid': 0, 'children': [{'id': 107, 'authName': '订单列表', 'path': 'orders', 'pid': 102, 'children': [{'id': 109, 'authName': '添加订单', 'path': 'orders', 'pid': '107,102'}, {'id': 154, 'authName': '订单更新', 'path': 'orders', 'pid': '107,102'}, {'id': 155, 'authName': '获取订单详情', 'path': 'orders', 'pid': '107,102'}]}]}, {'id': 103, 'authName': '权限管理', 'path': 'rights', 'pid': 0, 'children': [{'id': 111, 'authName': '角色列表', 'path': 'roles', 'pid': 103, 'children': [{'id': 129, 'authName': '添加角色', 'path': 'roles', 'pid': '111,103'}, {'id': 130, 'authName': '删除角色', 'path': 'roles', 'pid': '111,103'}, {'id': 134, 'authName': '角色授权', 'path': 'roles', 'pid': '111,103'}, {'id': 135, 'authName': '取消角色授权', 'path': 'roles', 'pid': '111,103'}, {'id': 138, 'authName': '获取角色列表', 'path': 'roles', 'pid': '111,103'}, {'id': 139, 'authName': '获取角色详情', 'path': 'roles', 'pid': '111,103'}, {'id': 140, 'authName': '更新角色信息', 'path': 'roles', 'pid': '111,103'}, {'id': 141, 'authName': '更新角色权限', 'path': 'roles', 'pid': '111,103'}]}, {'id': 112, 'authName': '权限列表', 'path': 'rights', 'pid': 103, 'children': [{'id': 147, 'authName': '查看权限', 'path': 'rights', 'pid': '112,103'}]}]}, {'id': 125, 'authName': '用户管理', 'path': 'users', 'pid': 0, 'children': [{'id': 110, 'authName': '用户列表', 'path': 'users', 'pid': 125, 'children': [{'id': 131, 'authName': '添加用户', 'path': 'users', 'pid': '110,125'}, {'id': 132, 'authName': '删除用户', 'path': 'users', 'pid': '110,125'}, {'id': 133, 'authName': '更新用户', 'path': 'users', 'pid': '110,125'}, {'id': 136, 'authName': '获取用户详情', 'path': 'users', 'pid': '110,125'}, {'id': 137, 'authName': '分配用户角色', 'path': 'users', 'pid': '110,125'}, {'id': 159, 'authName': '设置管理状态', 'path': 'users', 'pid': '110,125'}]}]}, {'id': 145, 'authName': '数据统计', 'path': 'reports', 'pid': 0, 'children': [{'id': 146, 'authName': '数据报表', 'path': 'reports', 'pid': 145, 'children': [{'id': 148, 'authName': '查看数据', 'path': 'reports', 'pid': '146,145'}]}]}], 'meta': {'msg': '获取权限列表成功', 'status': 200}}
接口响应时长: 6 ms
Http状态码: 200
断言结果: 200
=====================================================
INFO    2023-04-11 21:10:39,316G:\auto_api1_framework\logs\info-2023-04-11.log:test_get_all_purview_list.py:29 2023-04-11 21:10:39 >>>>>> 执行结束！
INFO    2023-04-11 21:10:39,317G:\auto_api1_framework\logs\info-2023-04-11.log:test_get_all_purview_list.py:26 2023-04-11 21:10:39 >>>>>> 开始执行：
INFO    2023-04-11 21:10:39,322G:\auto_api1_framework\logs\info-2023-04-11.log:log_decorator.py:42 
======================================================
用例标题: 获取所有权限列表失败
请求路径: http://127.0.0.1:8888/api/private/v1/rights/zPiNpT
请求方式: GET
请求头:   {'User-Agent': 'python-requests/2.28.2', 'Accept-Encoding': 'gzip, deflate', 'Accept': '*/*', 'Connection': 'keep-alive', 'Authorization': 'Bearer eyJhbGciOiJIUzI1NiIsInR5cCI6IkpXVCJ9.eyJ1aWQiOjUwMCwicmlkIjowLCJpYXQiOjE2ODEyMTg2MzksImV4cCI6MTY4MTMwNTAzOX0.7Rs_7k0RWZOLmNx7PCmghf-OHhtLPKBluQEleoxBtbE'}
请求内容: None
接口响应内容: {'data': None, 'meta': {'msg': '显示类型参数错误', 'status': 400}}
接口响应时长: 2 ms
Http状态码: 200
断言结果: 200
=====================================================
INFO    2023-04-11 21:10:39,397G:\auto_api1_framework\logs\info-2023-04-11.log:test_get_all_purview_list.py:29 2023-04-11 21:10:39 >>>>>> 执行结束！
INFO    2023-04-11 21:10:45,226G:\auto_api1_framework\logs\info-2023-04-11.log:test_get_all_purview_list.py:26 2023-04-11 21:10:45 >>>>>> 开始执行：
INFO    2023-04-11 21:10:45,234G:\auto_api1_framework\logs\info-2023-04-11.log:log_decorator.py:42 
======================================================
用例标题: 获取所有权限列表展示成功
请求路径: http://127.0.0.1:8888/api/private/v1/rights/list
请求方式: GET
请求头:   {'User-Agent': 'python-requests/2.28.2', 'Accept-Encoding': 'gzip, deflate', 'Accept': '*/*', 'Connection': 'keep-alive', 'Authorization': 'Bearer eyJhbGciOiJIUzI1NiIsInR5cCI6IkpXVCJ9.eyJ1aWQiOjUwMCwicmlkIjowLCJpYXQiOjE2ODEyMTg2NDUsImV4cCI6MTY4MTMwNTA0NX0.s2j9PRvUFFLDlf_FwVql6Q2Sasb_3EsVl7LJybrNxck'}
请求内容: None
接口响应内容: {'data': [{'id': 101, 'authName': '商品管理', 'level': '0', 'pid': 0, 'path': 'goods'}, {'id': 102, 'authName': '订单管理', 'level': '0', 'pid': 0, 'path': 'orders'}, {'id': 103, 'authName': '权限管理', 'level': '0', 'pid': 0, 'path': 'rights'}, {'id': 104, 'authName': '商品列表', 'level': '1', 'pid': 101, 'path': 'goods'}, {'id': 105, 'authName': '添加商品', 'level': '2', 'pid': 104, 'path': 'goods'}, {'id': 107, 'authName': '订单列表', 'level': '1', 'pid': 102, 'path': 'orders'}, {'id': 109, 'authName': '添加订单', 'level': '2', 'pid': 107, 'path': 'orders'}, {'id': 110, 'authName': '用户列表', 'level': '1', 'pid': 125, 'path': 'users'}, {'id': 111, 'authName': '角色列表', 'level': '1', 'pid': 103, 'path': 'roles'}, {'id': 112, 'authName': '权限列表', 'level': '1', 'pid': 103, 'path': 'rights'}, {'id': 115, 'authName': '分类参数', 'level': '1', 'pid': 101, 'path': 'params'}, {'id': 116, 'authName': '商品修改', 'level': '2', 'pid': 104, 'path': 'goods'}, {'id': 117, 'authName': '商品删除', 'level': '2', 'pid': 104, 'path': 'goods'}, {'id': 121, 'authName': '商品分类', 'level': '1', 'pid': 101, 'path': 'categories'}, {'id': 122, 'authName': '添加分类', 'level': '2', 'pid': 121, 'path': 'categories'}, {'id': 123, 'authName': '删除分类', 'level': '2', 'pid': 121, 'path': 'categories'}, {'id': 125, 'authName': '用户管理', 'level': '0', 'pid': 0, 'path': 'users'}, {'id': 129, 'authName': '添加角色', 'level': '2', 'pid': 111, 'path': 'roles'}, {'id': 130, 'authName': '删除角色', 'level': '2', 'pid': 111, 'path': 'roles'}, {'id': 131, 'authName': '添加用户', 'level': '2', 'pid': 110, 'path': 'users'}, {'id': 132, 'authName': '删除用户', 'level': '2', 'pid': 110, 'path': 'users'}, {'id': 133, 'authName': '更新用户', 'level': '2', 'pid': 110, 'path': 'users'}, {'id': 134, 'authName': '角色授权', 'level': '2', 'pid': 111, 'path': 'roles'}, {'id': 135, 'authName': '取消角色授权', 'level': '2', 'pid': 111, 'path': 'roles'}, {'id': 136, 'authName': '获取用户详情', 'level': '2', 'pid': 110, 'path': 'users'}, {'id': 137, 'authName': '分配用户角色', 'level': '2', 'pid': 110, 'path': 'users'}, {'id': 138, 'authName': '获取角色列表', 'level': '2', 'pid': 111, 'path': 'roles'}, {'id': 139, 'authName': '获取角色详情', 'level': '2', 'pid': 111, 'path': 'roles'}, {'id': 140, 'authName': '更新角色信息', 'level': '2', 'pid': 111, 'path': 'roles'}, {'id': 141, 'authName': '更新角色权限', 'level': '2', 'pid': 111, 'path': 'roles'}, {'id': 142, 'authName': '获取参数列表', 'level': '2', 'pid': 115, 'path': 'categories'}, {'id': 143, 'authName': '创建商品参数', 'level': '2', 'pid': 115, 'path': 'categories'}, {'id': 144, 'authName': '删除商品参数', 'level': '2', 'pid': 115, 'path': 'categories'}, {'id': 145, 'authName': '数据统计', 'level': '0', 'pid': 0, 'path': 'reports'}, {'id': 146, 'authName': '数据报表', 'level': '1', 'pid': 145, 'path': 'reports'}, {'id': 147, 'authName': '查看权限', 'level': '2', 'pid': 112, 'path': 'rights'}, {'id': 148, 'authName': '查看数据', 'level': '2', 'pid': 146, 'path': 'reports'}, {'id': 149, 'authName': '获取分类详情', 'level': '2', 'pid': 121, 'path': 'categories'}, {'id': 150, 'authName': '更新商品图片', 'level': '2', 'pid': 104, 'path': 'goods'}, {'id': 151, 'authName': '更新商品属性', 'level': '2', 'pid': 104, 'path': 'goods'}, {'id': 152, 'authName': '更新商品状态', 'level': '2', 'pid': 104, 'path': 'goods'}, {'id': 153, 'authName': '获取商品详情', 'level': '2', 'pid': 104, 'path': 'goods'}, {'id': 154, 'authName': '订单更新', 'level': '2', 'pid': 107, 'path': 'orders'}, {'id': 155, 'authName': '获取订单详情', 'level': '2', 'pid': 107, 'path': 'orders'}, {'id': 156, 'authName': '分类参数添加', 'level': '2', 'pid': 101, 'path': 'categories'}, {'id': 157, 'authName': '分类参数删除', 'level': '2', 'pid': 101, 'path': 'categories'}, {'id': 158, 'authName': '分类参数详情', 'level': '2', 'pid': 101, 'path': 'categories'}, {'id': 159, 'authName': '设置管理状态', 'level': '2', 'pid': 110, 'path': 'users'}], 'meta': {'msg': '获取权限列表成功', 'status': 200}}
接口响应时长: 4 ms
Http状态码: 200
断言结果: 200
=====================================================
INFO    2023-04-11 21:10:45,236G:\auto_api1_framework\logs\info-2023-04-11.log:test_get_all_purview_list.py:29 2023-04-11 21:10:45 >>>>>> 执行结束！
INFO    2023-04-11 21:10:45,238G:\auto_api1_framework\logs\info-2023-04-11.log:test_get_all_purview_list.py:26 2023-04-11 21:10:45 >>>>>> 开始执行：
INFO    2023-04-11 21:10:45,246G:\auto_api1_framework\logs\info-2023-04-11.log:log_decorator.py:42 
======================================================
用例标题: 获取所有权限树状展示成功
请求路径: http://127.0.0.1:8888/api/private/v1/rights/tree
请求方式: GET
请求头:   {'User-Agent': 'python-requests/2.28.2', 'Accept-Encoding': 'gzip, deflate', 'Accept': '*/*', 'Connection': 'keep-alive', 'Authorization': 'Bearer eyJhbGciOiJIUzI1NiIsInR5cCI6IkpXVCJ9.eyJ1aWQiOjUwMCwicmlkIjowLCJpYXQiOjE2ODEyMTg2NDUsImV4cCI6MTY4MTMwNTA0NX0.s2j9PRvUFFLDlf_FwVql6Q2Sasb_3EsVl7LJybrNxck'}
请求内容: None
接口响应内容: {'data': [{'id': 101, 'authName': '商品管理', 'path': 'goods', 'pid': 0, 'children': [{'id': 104, 'authName': '商品列表', 'path': 'goods', 'pid': 101, 'children': [{'id': 105, 'authName': '添加商品', 'path': 'goods', 'pid': '104,101'}, {'id': 116, 'authName': '商品修改', 'path': 'goods', 'pid': '104,101'}, {'id': 117, 'authName': '商品删除', 'path': 'goods', 'pid': '104,101'}, {'id': 150, 'authName': '更新商品图片', 'path': 'goods', 'pid': '104,101'}, {'id': 151, 'authName': '更新商品属性', 'path': 'goods', 'pid': '104,101'}, {'id': 152, 'authName': '更新商品状态', 'path': 'goods', 'pid': '104,101'}, {'id': 153, 'authName': '获取商品详情', 'path': 'goods', 'pid': '104,101'}]}, {'id': 115, 'authName': '分类参数', 'path': 'params', 'pid': 101, 'children': [{'id': 142, 'authName': '获取参数列表', 'path': 'categories', 'pid': '115,101'}, {'id': 143, 'authName': '创建商品参数', 'path': 'categories', 'pid': '115,101'}, {'id': 144, 'authName': '删除商品参数', 'path': 'categories', 'pid': '115,101'}]}, {'id': 121, 'authName': '商品分类', 'path': 'categories', 'pid': 101, 'children': [{'id': 122, 'authName': '添加分类', 'path': 'categories', 'pid': '121,101'}, {'id': 123, 'authName': '删除分类', 'path': 'categories', 'pid': '121,101'}, {'id': 149, 'authName': '获取分类详情', 'path': 'categories', 'pid': '121,101'}]}]}, {'id': 102, 'authName': '订单管理', 'path': 'orders', 'pid': 0, 'children': [{'id': 107, 'authName': '订单列表', 'path': 'orders', 'pid': 102, 'children': [{'id': 109, 'authName': '添加订单', 'path': 'orders', 'pid': '107,102'}, {'id': 154, 'authName': '订单更新', 'path': 'orders', 'pid': '107,102'}, {'id': 155, 'authName': '获取订单详情', 'path': 'orders', 'pid': '107,102'}]}]}, {'id': 103, 'authName': '权限管理', 'path': 'rights', 'pid': 0, 'children': [{'id': 111, 'authName': '角色列表', 'path': 'roles', 'pid': 103, 'children': [{'id': 129, 'authName': '添加角色', 'path': 'roles', 'pid': '111,103'}, {'id': 130, 'authName': '删除角色', 'path': 'roles', 'pid': '111,103'}, {'id': 134, 'authName': '角色授权', 'path': 'roles', 'pid': '111,103'}, {'id': 135, 'authName': '取消角色授权', 'path': 'roles', 'pid': '111,103'}, {'id': 138, 'authName': '获取角色列表', 'path': 'roles', 'pid': '111,103'}, {'id': 139, 'authName': '获取角色详情', 'path': 'roles', 'pid': '111,103'}, {'id': 140, 'authName': '更新角色信息', 'path': 'roles', 'pid': '111,103'}, {'id': 141, 'authName': '更新角色权限', 'path': 'roles', 'pid': '111,103'}]}, {'id': 112, 'authName': '权限列表', 'path': 'rights', 'pid': 103, 'children': [{'id': 147, 'authName': '查看权限', 'path': 'rights', 'pid': '112,103'}]}]}, {'id': 125, 'authName': '用户管理', 'path': 'users', 'pid': 0, 'children': [{'id': 110, 'authName': '用户列表', 'path': 'users', 'pid': 125, 'children': [{'id': 131, 'authName': '添加用户', 'path': 'users', 'pid': '110,125'}, {'id': 132, 'authName': '删除用户', 'path': 'users', 'pid': '110,125'}, {'id': 133, 'authName': '更新用户', 'path': 'users', 'pid': '110,125'}, {'id': 136, 'authName': '获取用户详情', 'path': 'users', 'pid': '110,125'}, {'id': 137, 'authName': '分配用户角色', 'path': 'users', 'pid': '110,125'}, {'id': 159, 'authName': '设置管理状态', 'path': 'users', 'pid': '110,125'}]}]}, {'id': 145, 'authName': '数据统计', 'path': 'reports', 'pid': 0, 'children': [{'id': 146, 'authName': '数据报表', 'path': 'reports', 'pid': 145, 'children': [{'id': 148, 'authName': '查看数据', 'path': 'reports', 'pid': '146,145'}]}]}], 'meta': {'msg': '获取权限列表成功', 'status': 200}}
接口响应时长: 5 ms
Http状态码: 200
断言结果: 200
=====================================================
INFO    2023-04-11 21:10:45,250G:\auto_api1_framework\logs\info-2023-04-11.log:test_get_all_purview_list.py:29 2023-04-11 21:10:45 >>>>>> 执行结束！
INFO    2023-04-11 21:10:45,253G:\auto_api1_framework\logs\info-2023-04-11.log:test_get_all_purview_list.py:26 2023-04-11 21:10:45 >>>>>> 开始执行：
INFO    2023-04-11 21:10:45,257G:\auto_api1_framework\logs\info-2023-04-11.log:log_decorator.py:42 
======================================================
用例标题: 获取所有权限列表失败
请求路径: http://127.0.0.1:8888/api/private/v1/rights/qPgwql
请求方式: GET
请求头:   {'User-Agent': 'python-requests/2.28.2', 'Accept-Encoding': 'gzip, deflate', 'Accept': '*/*', 'Connection': 'keep-alive', 'Authorization': 'Bearer eyJhbGciOiJIUzI1NiIsInR5cCI6IkpXVCJ9.eyJ1aWQiOjUwMCwicmlkIjowLCJpYXQiOjE2ODEyMTg2NDUsImV4cCI6MTY4MTMwNTA0NX0.s2j9PRvUFFLDlf_FwVql6Q2Sasb_3EsVl7LJybrNxck'}
请求内容: None
接口响应内容: {'data': None, 'meta': {'msg': '显示类型参数错误', 'status': 400}}
接口响应时长: 2 ms
Http状态码: 200
断言结果: 200
=====================================================
INFO    2023-04-11 21:10:45,259G:\auto_api1_framework\logs\info-2023-04-11.log:test_get_all_purview_list.py:29 2023-04-11 21:10:45 >>>>>> 执行结束！
INFO    2023-04-11 21:11:06,780G:\auto_api1_framework\logs\info-2023-04-11.log:test_assign_user_roles.py:26 2023-04-11 21:11:06 >>>>>> 开始执行：
INFO    2023-04-11 21:11:06,788G:\auto_api1_framework\logs\info-2023-04-11.log:log_decorator.py:42 
======================================================
用例标题: 分配用户角色成功
请求路径: http://127.0.0.1:8888/api/private/v1/users/262/role
请求方式: PUT
请求头:   {'User-Agent': 'python-requests/2.28.2', 'Accept-Encoding': 'gzip, deflate', 'Accept': '*/*', 'Connection': 'keep-alive', 'Authorization': 'Bearer eyJhbGciOiJIUzI1NiIsInR5cCI6IkpXVCJ9.eyJ1aWQiOjUwMCwicmlkIjowLCJpYXQiOjE2ODEyMTg2NjYsImV4cCI6MTY4MTMwNTA2Nn0.VihEA9Nkmm9P5wn2CHUV5Spc4xuuCkZrxO0Yd7DugvE', 'Content-Length': '12', 'Content-Type': 'application/json'}
请求内容: {'rid': 110}
接口响应内容: {'data': None, 'meta': {'msg': '管理员ID不存在', 'status': 400}}
接口响应时长: 5 ms
Http状态码: 200
断言结果: 200
=====================================================
INFO    2023-04-11 21:11:06,862G:\auto_api1_framework\logs\info-2023-04-11.log:test_assign_user_roles.py:29 2023-04-11 21:11:06 >>>>>> 执行结束！
INFO    2023-04-11 21:11:06,865G:\auto_api1_framework\logs\info-2023-04-11.log:test_assign_user_roles.py:26 2023-04-11 21:11:06 >>>>>> 开始执行：
INFO    2023-04-11 21:11:08,997G:\auto_api1_framework\logs\info-2023-04-11.log:test_assign_user_roles.py:29 2023-04-11 21:11:06 >>>>>> 执行结束！
INFO    2023-04-11 21:11:08,999G:\auto_api1_framework\logs\info-2023-04-11.log:test_assign_user_roles.py:26 2023-04-11 21:11:06 >>>>>> 开始执行：
INFO    2023-04-11 21:11:11,122G:\auto_api1_framework\logs\info-2023-04-11.log:test_assign_user_roles.py:29 2023-04-11 21:11:06 >>>>>> 执行结束！
INFO    2023-04-11 21:11:11,124G:\auto_api1_framework\logs\info-2023-04-11.log:test_assign_user_roles.py:26 2023-04-11 21:11:06 >>>>>> 开始执行：
INFO    2023-04-11 21:11:13,251G:\auto_api1_framework\logs\info-2023-04-11.log:test_assign_user_roles.py:29 2023-04-11 21:11:06 >>>>>> 执行结束！
INFO    2023-04-11 21:11:13,253G:\auto_api1_framework\logs\info-2023-04-11.log:test_assign_user_roles.py:26 2023-04-11 21:11:06 >>>>>> 开始执行：
INFO    2023-04-11 21:11:15,392G:\auto_api1_framework\logs\info-2023-04-11.log:test_assign_user_roles.py:29 2023-04-11 21:11:06 >>>>>> 执行结束！
INFO    2023-04-11 21:11:15,394G:\auto_api1_framework\logs\info-2023-04-11.log:test_assign_user_roles.py:26 2023-04-11 21:11:06 >>>>>> 开始执行：
INFO    2023-04-11 21:11:17,516G:\auto_api1_framework\logs\info-2023-04-11.log:test_assign_user_roles.py:29 2023-04-11 21:11:06 >>>>>> 执行结束！
INFO    2023-04-11 21:11:17,518G:\auto_api1_framework\logs\info-2023-04-11.log:test_assign_user_roles.py:26 2023-04-11 21:11:06 >>>>>> 开始执行：
INFO    2023-04-11 21:11:19,648G:\auto_api1_framework\logs\info-2023-04-11.log:test_assign_user_roles.py:29 2023-04-11 21:11:06 >>>>>> 执行结束！
INFO    2023-04-11 21:11:19,651G:\auto_api1_framework\logs\info-2023-04-11.log:test_assign_user_roles.py:26 2023-04-11 21:11:06 >>>>>> 开始执行：
INFO    2023-04-11 21:11:21,781G:\auto_api1_framework\logs\info-2023-04-11.log:test_assign_user_roles.py:29 2023-04-11 21:11:06 >>>>>> 执行结束！
INFO    2023-04-11 21:12:52,328G:\auto_api1_framework\logs\info-2023-04-11.log:test_create_user.py:26 2023-04-11 21:12:52 >>>>>> 开始执行：
INFO    2023-04-11 21:12:52,408G:\auto_api1_framework\logs\info-2023-04-11.log:log_decorator.py:42 
======================================================
用例标题: 创建用户成功（必填参数）
请求路径: http://127.0.0.1:8888/api/private/v1/users
请求方式: POST
请求头:   {'User-Agent': 'python-requests/2.28.2', 'Accept-Encoding': 'gzip, deflate', 'Accept': '*/*', 'Connection': 'keep-alive', 'Content-Type': 'application/json', 'Authorization': 'Bearer eyJhbGciOiJIUzI1NiIsInR5cCI6IkpXVCJ9.eyJ1aWQiOjUwMCwicmlkIjowLCJpYXQiOjE2ODEyMTg3NzIsImV4cCI6MTY4MTMwNTE3Mn0.D7M2LNXS-VXewUdhjEHEkRGIOoOfv1_jt0zrXb5Whcc', 'Content-Length': '48'}
请求内容: {'username': 'XGpAU474', 'password': '#5ZoKc5C'}
接口响应内容: {'data': {'id': 980, 'username': 'XGpAU474', 'role_id': -1, 'create_time': 1681218772}, 'meta': {'msg': '创建成功', 'status': 201}}
接口响应时长: 77 ms
Http状态码: 200
断言结果: 200
=====================================================
INFO    2023-04-11 21:12:52,410G:\auto_api1_framework\logs\info-2023-04-11.log:test_create_user.py:29 2023-04-11 21:12:52 >>>>>> 执行结束！
INFO    2023-04-11 21:12:52,412G:\auto_api1_framework\logs\info-2023-04-11.log:test_create_user.py:26 2023-04-11 21:12:52 >>>>>> 开始执行：
INFO    2023-04-11 21:12:52,479G:\auto_api1_framework\logs\info-2023-04-11.log:log_decorator.py:42 
======================================================
用例标题: 创建用户成功（必填+选填参数）
请求路径: http://127.0.0.1:8888/api/private/v1/users
请求方式: POST
请求头:   {'User-Agent': 'python-requests/2.28.2', 'Accept-Encoding': 'gzip, deflate', 'Accept': '*/*', 'Connection': 'keep-alive', 'Content-Type': 'application/json', 'Authorization': 'Bearer eyJhbGciOiJIUzI1NiIsInR5cCI6IkpXVCJ9.eyJ1aWQiOjUwMCwicmlkIjowLCJpYXQiOjE2ODEyMTg3NzIsImV4cCI6MTY4MTMwNTE3Mn0.D7M2LNXS-VXewUdhjEHEkRGIOoOfv1_jt0zrXb5Whcc', 'Content-Length': '82'}
请求内容: {'username': 'ldiVl017', 'password': 'admin123@!', 'email': 'weishao@hotmail.com'}
接口响应内容: {'data': {'id': 981, 'username': 'ldiVl017', 'email': 'weishao@hotmail.com', 'role_id': -1, 'create_time': 1681218772}, 'meta': {'msg': '创建成功', 'status': 201}}
接口响应时长: 65 ms
Http状态码: 200
断言结果: 200
=====================================================
INFO    2023-04-11 21:12:52,480G:\auto_api1_framework\logs\info-2023-04-11.log:test_create_user.py:29 2023-04-11 21:12:52 >>>>>> 执行结束！
INFO    2023-04-11 21:12:52,483G:\auto_api1_framework\logs\info-2023-04-11.log:test_create_user.py:26 2023-04-11 21:12:52 >>>>>> 开始执行：
INFO    2023-04-11 21:12:52,553G:\auto_api1_framework\logs\info-2023-04-11.log:log_decorator.py:42 
======================================================
用例标题: 创建用户成功（全部参数）
请求路径: http://127.0.0.1:8888/api/private/v1/users
请求方式: POST
请求头:   {'User-Agent': 'python-requests/2.28.2', 'Accept-Encoding': 'gzip, deflate', 'Accept': '*/*', 'Connection': 'keep-alive', 'Content-Type': 'application/json', 'Authorization': 'Bearer eyJhbGciOiJIUzI1NiIsInR5cCI6IkpXVCJ9.eyJ1aWQiOjUwMCwicmlkIjowLCJpYXQiOjE2ODEyMTg3NzIsImV4cCI6MTY4MTMwNTE3Mn0.D7M2LNXS-VXewUdhjEHEkRGIOoOfv1_jt0zrXb5Whcc', 'Content-Length': '100'}
请求内容: {'username': 'TBYvv416', 'password': 'f!!048Ti', 'email': 'stao@yahoo.com', 'mobile': '18251352343'}
接口响应内容: {'data': {'id': 982, 'username': 'TBYvv416', 'mobile': '18251352343', 'email': 'stao@yahoo.com', 'role_id': -1, 'create_time': 1681218772}, 'meta': {'msg': '创建成功', 'status': 201}}
接口响应时长: 67 ms
Http状态码: 200
断言结果: 200
=====================================================
INFO    2023-04-11 21:12:52,554G:\auto_api1_framework\logs\info-2023-04-11.log:test_create_user.py:29 2023-04-11 21:12:52 >>>>>> 执行结束！
INFO    2023-04-11 21:12:52,556G:\auto_api1_framework\logs\info-2023-04-11.log:test_create_user.py:26 2023-04-11 21:12:52 >>>>>> 开始执行：
INFO    2023-04-11 21:12:52,561G:\auto_api1_framework\logs\info-2023-04-11.log:log_decorator.py:42 
======================================================
用例标题: 创建已存在用户
请求路径: http://127.0.0.1:8888/api/private/v1/users
请求方式: POST
请求头:   {'User-Agent': 'python-requests/2.28.2', 'Accept-Encoding': 'gzip, deflate', 'Accept': '*/*', 'Connection': 'keep-alive', 'Content-Type': 'application/json', 'Authorization': 'Bearer eyJhbGciOiJIUzI1NiIsInR5cCI6IkpXVCJ9.eyJ1aWQiOjUwMCwicmlkIjowLCJpYXQiOjE2ODEyMTg3NzIsImV4cCI6MTY4MTMwNTE3Mn0.D7M2LNXS-VXewUdhjEHEkRGIOoOfv1_jt0zrXb5Whcc', 'Content-Length': '43'}
请求内容: {'username': 'admin', 'password': '123456'}
接口响应内容: {'data': None, 'meta': {'msg': '用户名已存在', 'status': 400}}
接口响应时长: 3 ms
Http状态码: 200
断言结果: 200
=====================================================
INFO    2023-04-11 21:12:52,562G:\auto_api1_framework\logs\info-2023-04-11.log:test_create_user.py:29 2023-04-11 21:12:52 >>>>>> 执行结束！
INFO    2023-04-11 21:12:52,563G:\auto_api1_framework\logs\info-2023-04-11.log:test_create_user.py:26 2023-04-11 21:12:52 >>>>>> 开始执行：
INFO    2023-04-11 21:12:52,568G:\auto_api1_framework\logs\info-2023-04-11.log:log_decorator.py:42 
======================================================
用例标题: 用户名为空
请求路径: http://127.0.0.1:8888/api/private/v1/users
请求方式: POST
请求头:   {'User-Agent': 'python-requests/2.28.2', 'Accept-Encoding': 'gzip, deflate', 'Accept': '*/*', 'Connection': 'keep-alive', 'Content-Type': 'application/json', 'Authorization': 'Bearer eyJhbGciOiJIUzI1NiIsInR5cCI6IkpXVCJ9.eyJ1aWQiOjUwMCwicmlkIjowLCJpYXQiOjE2ODEyMTg3NzIsImV4cCI6MTY4MTMwNTE3Mn0.D7M2LNXS-VXewUdhjEHEkRGIOoOfv1_jt0zrXb5Whcc', 'Content-Length': '38'}
请求内容: {'username': '', 'password': '123456'}
接口响应内容: {'data': None, 'meta': {'msg': '用户名不能为空', 'status': 400}}
接口响应时长: 1 ms
Http状态码: 200
断言结果: 200
=====================================================
INFO    2023-04-11 21:12:52,569G:\auto_api1_framework\logs\info-2023-04-11.log:test_create_user.py:29 2023-04-11 21:12:52 >>>>>> 执行结束！
INFO    2023-04-11 21:12:52,570G:\auto_api1_framework\logs\info-2023-04-11.log:test_create_user.py:26 2023-04-11 21:12:52 >>>>>> 开始执行：
INFO    2023-04-11 21:12:52,637G:\auto_api1_framework\logs\info-2023-04-11.log:log_decorator.py:42 
======================================================
用例标题: 用户名纯数字
请求路径: http://127.0.0.1:8888/api/private/v1/users
请求方式: POST
请求头:   {'User-Agent': 'python-requests/2.28.2', 'Accept-Encoding': 'gzip, deflate', 'Accept': '*/*', 'Connection': 'keep-alive', 'Content-Type': 'application/json', 'Authorization': 'Bearer eyJhbGciOiJIUzI1NiIsInR5cCI6IkpXVCJ9.eyJ1aWQiOjUwMCwicmlkIjowLCJpYXQiOjE2ODEyMTg3NzIsImV4cCI6MTY4MTMwNTE3Mn0.D7M2LNXS-VXewUdhjEHEkRGIOoOfv1_jt0zrXb5Whcc', 'Content-Length': '44'}
请求内容: {'username': '552870', 'password': '123456'}
接口响应内容: {'data': {'id': 983, 'username': '552870', 'role_id': -1, 'create_time': 1681218772}, 'meta': {'msg': '创建成功', 'status': 201}}
接口响应时长: 65 ms
Http状态码: 200
断言结果: 200
=====================================================
INFO    2023-04-11 21:12:52,638G:\auto_api1_framework\logs\info-2023-04-11.log:test_create_user.py:29 2023-04-11 21:12:52 >>>>>> 执行结束！
INFO    2023-04-11 21:12:52,640G:\auto_api1_framework\logs\info-2023-04-11.log:test_create_user.py:26 2023-04-11 21:12:52 >>>>>> 开始执行：
INFO    2023-04-11 21:12:52,706G:\auto_api1_framework\logs\info-2023-04-11.log:log_decorator.py:42 
======================================================
用例标题: 用户名纯字母
请求路径: http://127.0.0.1:8888/api/private/v1/users
请求方式: POST
请求头:   {'User-Agent': 'python-requests/2.28.2', 'Accept-Encoding': 'gzip, deflate', 'Accept': '*/*', 'Connection': 'keep-alive', 'Content-Type': 'application/json', 'Authorization': 'Bearer eyJhbGciOiJIUzI1NiIsInR5cCI6IkpXVCJ9.eyJ1aWQiOjUwMCwicmlkIjowLCJpYXQiOjE2ODEyMTg3NzIsImV4cCI6MTY4MTMwNTE3Mn0.D7M2LNXS-VXewUdhjEHEkRGIOoOfv1_jt0zrXb5Whcc', 'Content-Length': '44'}
请求内容: {'username': 'INptwu', 'password': '123456'}
接口响应内容: {'data': {'id': 984, 'username': 'INptwu', 'role_id': -1, 'create_time': 1681218772}, 'meta': {'msg': '创建成功', 'status': 201}}
接口响应时长: 63 ms
Http状态码: 200
断言结果: 200
=====================================================
INFO    2023-04-11 21:12:52,708G:\auto_api1_framework\logs\info-2023-04-11.log:test_create_user.py:29 2023-04-11 21:12:52 >>>>>> 执行结束！
INFO    2023-04-11 21:12:52,708G:\auto_api1_framework\logs\info-2023-04-11.log:test_create_user.py:26 2023-04-11 21:12:52 >>>>>> 开始执行：
INFO    2023-04-11 21:12:52,775G:\auto_api1_framework\logs\info-2023-04-11.log:log_decorator.py:42 
======================================================
用例标题: 用户名包含中文、特殊字符
请求路径: http://127.0.0.1:8888/api/private/v1/users
请求方式: POST
请求头:   {'User-Agent': 'python-requests/2.28.2', 'Accept-Encoding': 'gzip, deflate', 'Accept': '*/*', 'Connection': 'keep-alive', 'Content-Type': 'application/json', 'Authorization': 'Bearer eyJhbGciOiJIUzI1NiIsInR5cCI6IkpXVCJ9.eyJ1aWQiOjUwMCwicmlkIjowLCJpYXQiOjE2ODEyMTg3NzIsImV4cCI6MTY4MTMwNTE3Mn0.D7M2LNXS-VXewUdhjEHEkRGIOoOfv1_jt0zrXb5Whcc', 'Content-Length': '56'}
请求内容: {'username': '刁红UqnnYD', 'password': '123456'}
接口响应内容: {'data': {'id': 985, 'username': '刁红UqnnYD', 'role_id': -1, 'create_time': 1681218772}, 'meta': {'msg': '创建成功', 'status': 201}}
接口响应时长: 65 ms
Http状态码: 200
断言结果: 200
=====================================================
INFO    2023-04-11 21:12:52,776G:\auto_api1_framework\logs\info-2023-04-11.log:test_create_user.py:29 2023-04-11 21:12:52 >>>>>> 执行结束！
INFO    2023-04-11 21:12:52,778G:\auto_api1_framework\logs\info-2023-04-11.log:test_create_user.py:26 2023-04-11 21:12:52 >>>>>> 开始执行：
INFO    2023-04-11 21:12:52,782G:\auto_api1_framework\logs\info-2023-04-11.log:log_decorator.py:42 
======================================================
用例标题: 密码为空
请求路径: http://127.0.0.1:8888/api/private/v1/users
请求方式: POST
请求头:   {'User-Agent': 'python-requests/2.28.2', 'Accept-Encoding': 'gzip, deflate', 'Accept': '*/*', 'Connection': 'keep-alive', 'Content-Type': 'application/json', 'Authorization': 'Bearer eyJhbGciOiJIUzI1NiIsInR5cCI6IkpXVCJ9.eyJ1aWQiOjUwMCwicmlkIjowLCJpYXQiOjE2ODEyMTg3NzIsImV4cCI6MTY4MTMwNTE3Mn0.D7M2LNXS-VXewUdhjEHEkRGIOoOfv1_jt0zrXb5Whcc', 'Content-Length': '40'}
请求内容: {'username': 'OLoqH696', 'password': ''}
接口响应内容: {'data': None, 'meta': {'msg': '密码不能为空', 'status': 400}}
接口响应时长: 2 ms
Http状态码: 200
断言结果: 200
=====================================================
INFO    2023-04-11 21:12:52,784G:\auto_api1_framework\logs\info-2023-04-11.log:test_create_user.py:29 2023-04-11 21:12:52 >>>>>> 执行结束！
INFO    2023-04-11 21:12:52,785G:\auto_api1_framework\logs\info-2023-04-11.log:test_create_user.py:26 2023-04-11 21:12:52 >>>>>> 开始执行：
INFO    2023-04-11 21:12:52,852G:\auto_api1_framework\logs\info-2023-04-11.log:log_decorator.py:42 
======================================================
用例标题: 密码为纯数字
请求路径: http://127.0.0.1:8888/api/private/v1/users
请求方式: POST
请求头:   {'User-Agent': 'python-requests/2.28.2', 'Accept-Encoding': 'gzip, deflate', 'Accept': '*/*', 'Connection': 'keep-alive', 'Content-Type': 'application/json', 'Authorization': 'Bearer eyJhbGciOiJIUzI1NiIsInR5cCI6IkpXVCJ9.eyJ1aWQiOjUwMCwicmlkIjowLCJpYXQiOjE2ODEyMTg3NzIsImV4cCI6MTY4MTMwNTE3Mn0.D7M2LNXS-VXewUdhjEHEkRGIOoOfv1_jt0zrXb5Whcc', 'Content-Length': '46'}
请求内容: {'username': 'BcMNW340', 'password': '386302'}
接口响应内容: {'data': {'id': 986, 'username': 'BcMNW340', 'role_id': -1, 'create_time': 1681218772}, 'meta': {'msg': '创建成功', 'status': 201}}
接口响应时长: 65 ms
Http状态码: 200
断言结果: 200
=====================================================
INFO    2023-04-11 21:12:52,854G:\auto_api1_framework\logs\info-2023-04-11.log:test_create_user.py:29 2023-04-11 21:12:52 >>>>>> 执行结束！
INFO    2023-04-11 21:12:52,855G:\auto_api1_framework\logs\info-2023-04-11.log:test_create_user.py:26 2023-04-11 21:12:52 >>>>>> 开始执行：
INFO    2023-04-11 21:12:52,922G:\auto_api1_framework\logs\info-2023-04-11.log:log_decorator.py:42 
======================================================
用例标题: 密码为纯字母
请求路径: http://127.0.0.1:8888/api/private/v1/users
请求方式: POST
请求头:   {'User-Agent': 'python-requests/2.28.2', 'Accept-Encoding': 'gzip, deflate', 'Accept': '*/*', 'Connection': 'keep-alive', 'Content-Type': 'application/json', 'Authorization': 'Bearer eyJhbGciOiJIUzI1NiIsInR5cCI6IkpXVCJ9.eyJ1aWQiOjUwMCwicmlkIjowLCJpYXQiOjE2ODEyMTg3NzIsImV4cCI6MTY4MTMwNTE3Mn0.D7M2LNXS-VXewUdhjEHEkRGIOoOfv1_jt0zrXb5Whcc', 'Content-Length': '46'}
请求内容: {'username': 'KPThr838', 'password': 'AECvns'}
接口响应内容: {'data': {'id': 987, 'username': 'KPThr838', 'role_id': -1, 'create_time': 1681218772}, 'meta': {'msg': '创建成功', 'status': 201}}
接口响应时长: 65 ms
Http状态码: 200
断言结果: 200
=====================================================
INFO    2023-04-11 21:12:52,924G:\auto_api1_framework\logs\info-2023-04-11.log:test_create_user.py:29 2023-04-11 21:12:52 >>>>>> 执行结束！
INFO    2023-04-11 21:12:52,925G:\auto_api1_framework\logs\info-2023-04-11.log:test_create_user.py:26 2023-04-11 21:12:52 >>>>>> 开始执行：
INFO    2023-04-11 21:12:52,997G:\auto_api1_framework\logs\info-2023-04-11.log:log_decorator.py:42 
======================================================
用例标题: 100位密码
请求路径: http://127.0.0.1:8888/api/private/v1/users
请求方式: POST
请求头:   {'User-Agent': 'python-requests/2.28.2', 'Accept-Encoding': 'gzip, deflate', 'Accept': '*/*', 'Connection': 'keep-alive', 'Content-Type': 'application/json', 'Authorization': 'Bearer eyJhbGciOiJIUzI1NiIsInR5cCI6IkpXVCJ9.eyJ1aWQiOjUwMCwicmlkIjowLCJpYXQiOjE2ODEyMTg3NzIsImV4cCI6MTY4MTMwNTE3Mn0.D7M2LNXS-VXewUdhjEHEkRGIOoOfv1_jt0zrXb5Whcc', 'Content-Length': '141'}
请求内容: {'username': 'NhEEw679', 'password': 'u3D8DNtRxErhmWACGd$MSFuPDw06x3Cxoq0qneTb4LTVznojb7I72f9f0t&g!^ynOPZL%BdHsjT4fcgDOc7@dERF%wXAtNQdn1YJ)'}
接口响应内容: {'data': {'id': 988, 'username': 'NhEEw679', 'role_id': -1, 'create_time': 1681218772}, 'meta': {'msg': '创建成功', 'status': 201}}
接口响应时长: 70 ms
Http状态码: 200
断言结果: 200
=====================================================
INFO    2023-04-11 21:12:53,000G:\auto_api1_framework\logs\info-2023-04-11.log:test_create_user.py:29 2023-04-11 21:12:52 >>>>>> 执行结束！
INFO    2023-04-11 21:12:53,003G:\auto_api1_framework\logs\info-2023-04-11.log:test_create_user.py:26 2023-04-11 21:12:52 >>>>>> 开始执行：
INFO    2023-04-11 21:12:53,081G:\auto_api1_framework\logs\info-2023-04-11.log:log_decorator.py:42 
======================================================
用例标题: 多参：多abc
请求路径: http://127.0.0.1:8888/api/private/v1/users
请求方式: POST
请求头:   {'User-Agent': 'python-requests/2.28.2', 'Accept-Encoding': 'gzip, deflate', 'Accept': '*/*', 'Connection': 'keep-alive', 'Content-Type': 'application/json', 'Authorization': 'Bearer eyJhbGciOiJIUzI1NiIsInR5cCI6IkpXVCJ9.eyJ1aWQiOjUwMCwicmlkIjowLCJpYXQiOjE2ODEyMTg3NzIsImV4cCI6MTY4MTMwNTE3Mn0.D7M2LNXS-VXewUdhjEHEkRGIOoOfv1_jt0zrXb5Whcc', 'Content-Length': '65'}
请求内容: {'username': 'IubeL327', 'password': '+p^23Z!x', 'abc': '546070'}
接口响应内容: {'data': {'id': 989, 'username': 'IubeL327', 'role_id': -1, 'create_time': 1681218773}, 'meta': {'msg': '创建成功', 'status': 201}}
接口响应时长: 75 ms
Http状态码: 200
断言结果: 200
=====================================================
INFO    2023-04-11 21:12:53,082G:\auto_api1_framework\logs\info-2023-04-11.log:test_create_user.py:29 2023-04-11 21:12:52 >>>>>> 执行结束！
INFO    2023-04-11 21:12:53,083G:\auto_api1_framework\logs\info-2023-04-11.log:test_create_user.py:26 2023-04-11 21:12:52 >>>>>> 开始执行：
INFO    2023-04-11 21:12:53,089G:\auto_api1_framework\logs\info-2023-04-11.log:log_decorator.py:42 
======================================================
用例标题: 少参：缺少username
请求路径: http://127.0.0.1:8888/api/private/v1/users
请求方式: POST
请求头:   {'User-Agent': 'python-requests/2.28.2', 'Accept-Encoding': 'gzip, deflate', 'Accept': '*/*', 'Connection': 'keep-alive', 'Content-Type': 'application/json', 'Authorization': 'Bearer eyJhbGciOiJIUzI1NiIsInR5cCI6IkpXVCJ9.eyJ1aWQiOjUwMCwicmlkIjowLCJpYXQiOjE2ODEyMTg3NzIsImV4cCI6MTY4MTMwNTE3Mn0.D7M2LNXS-VXewUdhjEHEkRGIOoOfv1_jt0zrXb5Whcc', 'Content-Length': '24'}
请求内容: {'password': '0^T0JXXg'}
接口响应内容: {'data': None, 'meta': {'msg': '用户名不能为空', 'status': 400}}
接口响应时长: 2 ms
Http状态码: 200
断言结果: 200
=====================================================
INFO    2023-04-11 21:12:53,090G:\auto_api1_framework\logs\info-2023-04-11.log:test_create_user.py:29 2023-04-11 21:12:52 >>>>>> 执行结束！
INFO    2023-04-11 21:12:53,091G:\auto_api1_framework\logs\info-2023-04-11.log:test_create_user.py:26 2023-04-11 21:12:52 >>>>>> 开始执行：
INFO    2023-04-11 21:12:53,096G:\auto_api1_framework\logs\info-2023-04-11.log:log_decorator.py:42 
======================================================
用例标题: 没有参数
请求路径: http://127.0.0.1:8888/api/private/v1/users
请求方式: POST
请求头:   {'User-Agent': 'python-requests/2.28.2', 'Accept-Encoding': 'gzip, deflate', 'Accept': '*/*', 'Connection': 'keep-alive', 'Content-Type': 'application/json', 'Authorization': 'Bearer eyJhbGciOiJIUzI1NiIsInR5cCI6IkpXVCJ9.eyJ1aWQiOjUwMCwicmlkIjowLCJpYXQiOjE2ODEyMTg3NzIsImV4cCI6MTY4MTMwNTE3Mn0.D7M2LNXS-VXewUdhjEHEkRGIOoOfv1_jt0zrXb5Whcc', 'Content-Length': '0'}
请求内容: None
接口响应内容: {'data': None, 'meta': {'msg': '用户名不能为空', 'status': 400}}
接口响应时长: 2 ms
Http状态码: 200
断言结果: 200
=====================================================
INFO    2023-04-11 21:12:53,098G:\auto_api1_framework\logs\info-2023-04-11.log:test_create_user.py:29 2023-04-11 21:12:52 >>>>>> 执行结束！
INFO    2023-04-11 21:12:53,099G:\auto_api1_framework\logs\info-2023-04-11.log:test_create_user.py:26 2023-04-11 21:12:52 >>>>>> 开始执行：
INFO    2023-04-11 21:12:53,103G:\auto_api1_framework\logs\info-2023-04-11.log:log_decorator.py:42 
======================================================
用例标题: 错误参数：修改username为test
请求路径: http://127.0.0.1:8888/api/private/v1/users
请求方式: POST
请求头:   {'User-Agent': 'python-requests/2.28.2', 'Accept-Encoding': 'gzip, deflate', 'Accept': '*/*', 'Connection': 'keep-alive', 'Content-Type': 'application/json', 'Authorization': 'Bearer eyJhbGciOiJIUzI1NiIsInR5cCI6IkpXVCJ9.eyJ1aWQiOjUwMCwicmlkIjowLCJpYXQiOjE2ODEyMTg3NzIsImV4cCI6MTY4MTMwNTE3Mn0.D7M2LNXS-VXewUdhjEHEkRGIOoOfv1_jt0zrXb5Whcc', 'Content-Length': '44'}
请求内容: {'test': 'LWEtO433', 'password': 'w*7_15Bu'}
接口响应内容: {'data': None, 'meta': {'msg': '用户名不能为空', 'status': 400}}
接口响应时长: 1 ms
Http状态码: 200
断言结果: 200
=====================================================
INFO    2023-04-11 21:12:53,106G:\auto_api1_framework\logs\info-2023-04-11.log:test_create_user.py:29 2023-04-11 21:12:52 >>>>>> 执行结束！
INFO    2023-04-11 21:13:02,874G:\auto_api1_framework\logs\info-2023-04-11.log:test_delete_user.py:26 2023-04-11 21:13:02 >>>>>> 开始执行：
INFO    2023-04-11 21:13:03,117G:\auto_api1_framework\logs\info-2023-04-11.log:log_decorator.py:42 
======================================================
用例标题: 创建用户成功（全部参数）
请求路径: http://127.0.0.1:8888/api/private/v1/users
请求方式: POST
请求头:   {'User-Agent': 'python-requests/2.28.2', 'Accept-Encoding': 'gzip, deflate', 'Accept': '*/*', 'Connection': 'keep-alive', 'Content-Type': 'application/json', 'Authorization': 'Bearer eyJhbGciOiJIUzI1NiIsInR5cCI6IkpXVCJ9.eyJ1aWQiOjUwMCwicmlkIjowLCJpYXQiOjE2ODEyMTg3ODIsImV4cCI6MTY4MTMwNTE4Mn0.j4oJONTyxBGRMxaxVhXueiqpasRANoo2NYB2Bh3W-nQ', 'Content-Length': '100'}
请求内容: {'username': 'kvFir570', 'password': 'k*$8Smzu', 'email': 'qwan@yahoo.com', 'mobile': '14598797396'}
接口响应内容: {'data': {'id': 990, 'username': 'kvFir570', 'mobile': '14598797396', 'email': 'qwan@yahoo.com', 'role_id': -1, 'create_time': 1681218783}, 'meta': {'msg': '创建成功', 'status': 201}}
接口响应时长: 85 ms
Http状态码: 200
断言结果: 200
=====================================================
INFO    2023-04-11 21:13:03,128G:\auto_api1_framework\logs\info-2023-04-11.log:log_decorator.py:42 
======================================================
用例标题: 删除用户成功
请求路径: http://127.0.0.1:8888/api/private/v1/users/990
请求方式: DELETE
请求头:   {'User-Agent': 'python-requests/2.28.2', 'Accept-Encoding': 'gzip, deflate', 'Accept': '*/*', 'Connection': 'keep-alive', 'Authorization': 'Bearer eyJhbGciOiJIUzI1NiIsInR5cCI6IkpXVCJ9.eyJ1aWQiOjUwMCwicmlkIjowLCJpYXQiOjE2ODEyMTg3ODIsImV4cCI6MTY4MTMwNTE4Mn0.j4oJONTyxBGRMxaxVhXueiqpasRANoo2NYB2Bh3W-nQ', 'Content-Length': '0'}
请求内容: None
接口响应内容: {'data': None, 'meta': {'msg': '删除成功', 'status': 200}}
接口响应时长: 8 ms
Http状态码: 200
断言结果: 200
=====================================================
INFO    2023-04-11 21:13:03,130G:\auto_api1_framework\logs\info-2023-04-11.log:test_delete_user.py:29 2023-04-11 21:13:02 >>>>>> 执行结束！
INFO    2023-04-11 21:13:03,132G:\auto_api1_framework\logs\info-2023-04-11.log:test_delete_user.py:26 2023-04-11 21:13:02 >>>>>> 开始执行：
INFO    2023-04-11 21:13:03,138G:\auto_api1_framework\logs\info-2023-04-11.log:log_decorator.py:42 
======================================================
用例标题: 删除用户失败（不存在用户）
请求路径: http://127.0.0.1:8888/api/private/v1/users/1681218782
请求方式: DELETE
请求头:   {'User-Agent': 'python-requests/2.28.2', 'Accept-Encoding': 'gzip, deflate', 'Accept': '*/*', 'Connection': 'keep-alive', 'Authorization': 'Bearer eyJhbGciOiJIUzI1NiIsInR5cCI6IkpXVCJ9.eyJ1aWQiOjUwMCwicmlkIjowLCJpYXQiOjE2ODEyMTg3ODIsImV4cCI6MTY4MTMwNTE4Mn0.j4oJONTyxBGRMxaxVhXueiqpasRANoo2NYB2Bh3W-nQ', 'Content-Length': '0'}
请求内容: None
接口响应内容: {'data': None, 'meta': {'msg': '删除失败', 'status': 400}}
接口响应时长: 3 ms
Http状态码: 200
断言结果: 200
=====================================================
INFO    2023-04-11 21:13:03,139G:\auto_api1_framework\logs\info-2023-04-11.log:test_delete_user.py:29 2023-04-11 21:13:02 >>>>>> 执行结束！
INFO    2023-04-11 21:13:08,720G:\auto_api1_framework\logs\info-2023-04-11.log:test_get_user_data_list.py:26 2023-04-11 21:13:08 >>>>>> 开始执行：
INFO    2023-04-11 21:13:08,732G:\auto_api1_framework\logs\info-2023-04-11.log:log_decorator.py:42 
======================================================
用例标题: 获取用户数据列表成功
请求路径: http://127.0.0.1:8888/api/private/v1/users?pagenum=1&pagesize=20
请求方式: GET
请求头:   {'User-Agent': 'python-requests/2.28.2', 'Accept-Encoding': 'gzip, deflate', 'Accept': '*/*', 'Connection': 'keep-alive', 'Authorization': 'Bearer eyJhbGciOiJIUzI1NiIsInR5cCI6IkpXVCJ9.eyJ1aWQiOjUwMCwicmlkIjowLCJpYXQiOjE2ODEyMTg3ODgsImV4cCI6MTY4MTMwNTE4OH0.w7L4dShfbFqwod28lYMIqQ6Ckb5QrGoI6mRjXmbK-XU'}
请求内容: None
接口响应内容: {'data': {'total': 478, 'pagenum': 1, 'users': [{'id': 500, 'role_name': '超级管理员', 'username': 'admin', 'create_time': 1486720211, 'mobile': '12345678', 'email': 'adsfad@qq.com', 'mg_state': True}, {'id': 502, 'role_name': '测试角色2', 'username': 'linken', 'create_time': 1486720211, 'mobile': '1213213123', 'email': 'asdf@qq.com', 'mg_state': False}, {'id': 508, 'role_name': '主管', 'username': 'asdf1', 'create_time': 1511853015, 'mobile': '123123', 'email': 'adfsa@qq.com', 'mg_state': True}, {'id': 509, 'role_name': 'test', 'username': 'asdf123', 'create_time': 1511853353, 'mobile': '1111', 'email': 'asdf@qq.com', 'mg_state': False}, {'id': 510, 'role_name': '超级管理员', 'username': 'Rainx', 'create_time': 1680874378, 'mobile': None, 'email': None, 'mg_state': False}, {'id': 511, 'role_name': '超级管理员', 'username': 'Rainx778', 'create_time': 1680874378, 'mobile': None, 'email': 'yx123@163.com', 'mg_state': False}, {'id': 512, 'role_name': '超级管理员', 'username': 'Rainx&11', 'create_time': 1680874379, 'mobile': '13772008989', 'email': 'yx123@163.com', 'mg_state': False}, {'id': 513, 'role_name': '超级管理员', 'username': 'EcAEUICEsuMrQfavLGwU', 'create_time': 1680876030, 'mobile': None, 'email': None, 'mg_state': False}, {'id': 514, 'role_name': '超级管理员', 'username': 'rydjvAPmUYEfPPJkRpvJ', 'create_time': 1680876030, 'mobile': None, 'email': 'yx123@163.com', 'mg_state': False}, {'id': 515, 'role_name': '超级管理员', 'username': 'VnHNPPVChlmewzuEXEik', 'create_time': 1680876030, 'mobile': '13075620618', 'email': 'junzhao@example.org', 'mg_state': False}, {'id': 516, 'role_name': '超级管理员', 'username': 'DjUgroBQQVJZnzIbiaIq371', 'create_time': 1680876575, 'mobile': None, 'email': None, 'mg_state': False}, {'id': 517, 'role_name': '超级管理员', 'username': 'nosugTIaxxGwnzYKifiv172', 'create_time': 1680876575, 'mobile': None, 'email': 'yx123@163.com', 'mg_state': False}, {'id': 518, 'role_name': '超级管理员', 'username': 'qHYzuDgTCBUjorlayZRi454', 'create_time': 1680876575, 'mobile': '13833909346', 'email': 'mingdai@example.net', 'mg_state': False}, {'id': 519, 'role_name': '超级管理员', 'username': 'paIo776', 'create_time': 1680876688, 'mobile': None, 'email': None, 'mg_state': False}, {'id': 520, 'role_name': '超级管理员', 'username': 'IjeR086', 'create_time': 1680876688, 'mobile': None, 'email': 'yx123@163.com', 'mg_state': False}, {'id': 521, 'role_name': '超级管理员', 'username': 'LEVP141', 'create_time': 1680876688, 'mobile': '18249493500', 'email': 'cfu@example.net', 'mg_state': False}, {'id': 522, 'role_name': '超级管理员', 'username': 'hVRq295', 'create_time': 1680876752, 'mobile': None, 'email': None, 'mg_state': False}, {'id': 523, 'role_name': '超级管理员', 'username': 'KVSQ299', 'create_time': 1680876752, 'mobile': None, 'email': 'yancai@example.org', 'mg_state': False}, {'id': 524, 'role_name': '超级管理员', 'username': 'xqFD616', 'create_time': 1680876752, 'mobile': '13311116602', 'email': 'maofang@example.net', 'mg_state': False}, {'id': 525, 'role_name': '超级管理员', 'username': 'ynBw011', 'create_time': 1680877055, 'mobile': None, 'email': None, 'mg_state': False}]}, 'meta': {'msg': '获取管理员列表成功', 'status': 200}}
接口响应时长: 8 ms
Http状态码: 200
断言结果: 200
=====================================================
INFO    2023-04-11 21:13:08,737G:\auto_api1_framework\logs\info-2023-04-11.log:test_get_user_data_list.py:29 2023-04-11 21:13:08 >>>>>> 执行结束！
INFO    2023-04-11 21:13:08,739G:\auto_api1_framework\logs\info-2023-04-11.log:test_get_user_data_list.py:26 2023-04-11 21:13:08 >>>>>> 开始执行：
INFO    2023-04-11 21:13:08,743G:\auto_api1_framework\logs\info-2023-04-11.log:log_decorator.py:42 
======================================================
用例标题: 获取用户数据列表失败（pagenum为空）
请求路径: http://127.0.0.1:8888/api/private/v1/users?pagenum&pagesize=20
请求方式: GET
请求头:   {'User-Agent': 'python-requests/2.28.2', 'Accept-Encoding': 'gzip, deflate', 'Accept': '*/*', 'Connection': 'keep-alive', 'Authorization': 'Bearer eyJhbGciOiJIUzI1NiIsInR5cCI6IkpXVCJ9.eyJ1aWQiOjUwMCwicmlkIjowLCJpYXQiOjE2ODEyMTg3ODgsImV4cCI6MTY4MTMwNTE4OH0.w7L4dShfbFqwod28lYMIqQ6Ckb5QrGoI6mRjXmbK-XU'}
请求内容: None
接口响应内容: {'data': None, 'meta': {'msg': 'pagenum 参数错误', 'status': 400}}
接口响应时长: 2 ms
Http状态码: 200
断言结果: 200
=====================================================
INFO    2023-04-11 21:13:08,743G:\auto_api1_framework\logs\info-2023-04-11.log:test_get_user_data_list.py:29 2023-04-11 21:13:08 >>>>>> 执行结束！
INFO    2023-04-11 21:13:08,746G:\auto_api1_framework\logs\info-2023-04-11.log:test_get_user_data_list.py:26 2023-04-11 21:13:08 >>>>>> 开始执行：
INFO    2023-04-11 21:13:08,750G:\auto_api1_framework\logs\info-2023-04-11.log:log_decorator.py:42 
======================================================
用例标题: 获取用户数据列表失败（pagesize为空）
请求路径: http://127.0.0.1:8888/api/private/v1/users?pagenum=1&pagesize
请求方式: GET
请求头:   {'User-Agent': 'python-requests/2.28.2', 'Accept-Encoding': 'gzip, deflate', 'Accept': '*/*', 'Connection': 'keep-alive', 'Authorization': 'Bearer eyJhbGciOiJIUzI1NiIsInR5cCI6IkpXVCJ9.eyJ1aWQiOjUwMCwicmlkIjowLCJpYXQiOjE2ODEyMTg3ODgsImV4cCI6MTY4MTMwNTE4OH0.w7L4dShfbFqwod28lYMIqQ6Ckb5QrGoI6mRjXmbK-XU'}
请求内容: None
接口响应内容: {'data': None, 'meta': {'msg': 'pagesize 参数错误', 'status': 400}}
接口响应时长: 2 ms
Http状态码: 200
断言结果: 200
=====================================================
INFO    2023-04-11 21:13:08,751G:\auto_api1_framework\logs\info-2023-04-11.log:test_get_user_data_list.py:29 2023-04-11 21:13:08 >>>>>> 执行结束！
INFO    2023-04-11 21:13:08,752G:\auto_api1_framework\logs\info-2023-04-11.log:test_get_user_data_list.py:26 2023-04-11 21:13:08 >>>>>> 开始执行：
INFO    2023-04-11 21:13:08,763G:\auto_api1_framework\logs\info-2023-04-11.log:log_decorator.py:42 
======================================================
用例标题: 获取用户数据列表失败（多出abc参数）
请求路径: http://127.0.0.1:8888/api/private/v1/users?pagenum=1&pagesize=20&abc=100
请求方式: GET
请求头:   {'User-Agent': 'python-requests/2.28.2', 'Accept-Encoding': 'gzip, deflate', 'Accept': '*/*', 'Connection': 'keep-alive', 'Authorization': 'Bearer eyJhbGciOiJIUzI1NiIsInR5cCI6IkpXVCJ9.eyJ1aWQiOjUwMCwicmlkIjowLCJpYXQiOjE2ODEyMTg3ODgsImV4cCI6MTY4MTMwNTE4OH0.w7L4dShfbFqwod28lYMIqQ6Ckb5QrGoI6mRjXmbK-XU'}
请求内容: None
接口响应内容: {'data': {'total': 478, 'pagenum': 1, 'users': [{'id': 500, 'role_name': '超级管理员', 'username': 'admin', 'create_time': 1486720211, 'mobile': '12345678', 'email': 'adsfad@qq.com', 'mg_state': True}, {'id': 502, 'role_name': '测试角色2', 'username': 'linken', 'create_time': 1486720211, 'mobile': '1213213123', 'email': 'asdf@qq.com', 'mg_state': False}, {'id': 508, 'role_name': '主管', 'username': 'asdf1', 'create_time': 1511853015, 'mobile': '123123', 'email': 'adfsa@qq.com', 'mg_state': True}, {'id': 509, 'role_name': 'test', 'username': 'asdf123', 'create_time': 1511853353, 'mobile': '1111', 'email': 'asdf@qq.com', 'mg_state': False}, {'id': 510, 'role_name': '超级管理员', 'username': 'Rainx', 'create_time': 1680874378, 'mobile': None, 'email': None, 'mg_state': False}, {'id': 511, 'role_name': '超级管理员', 'username': 'Rainx778', 'create_time': 1680874378, 'mobile': None, 'email': 'yx123@163.com', 'mg_state': False}, {'id': 512, 'role_name': '超级管理员', 'username': 'Rainx&11', 'create_time': 1680874379, 'mobile': '13772008989', 'email': 'yx123@163.com', 'mg_state': False}, {'id': 513, 'role_name': '超级管理员', 'username': 'EcAEUICEsuMrQfavLGwU', 'create_time': 1680876030, 'mobile': None, 'email': None, 'mg_state': False}, {'id': 514, 'role_name': '超级管理员', 'username': 'rydjvAPmUYEfPPJkRpvJ', 'create_time': 1680876030, 'mobile': None, 'email': 'yx123@163.com', 'mg_state': False}, {'id': 515, 'role_name': '超级管理员', 'username': 'VnHNPPVChlmewzuEXEik', 'create_time': 1680876030, 'mobile': '13075620618', 'email': 'junzhao@example.org', 'mg_state': False}, {'id': 516, 'role_name': '超级管理员', 'username': 'DjUgroBQQVJZnzIbiaIq371', 'create_time': 1680876575, 'mobile': None, 'email': None, 'mg_state': False}, {'id': 517, 'role_name': '超级管理员', 'username': 'nosugTIaxxGwnzYKifiv172', 'create_time': 1680876575, 'mobile': None, 'email': 'yx123@163.com', 'mg_state': False}, {'id': 518, 'role_name': '超级管理员', 'username': 'qHYzuDgTCBUjorlayZRi454', 'create_time': 1680876575, 'mobile': '13833909346', 'email': 'mingdai@example.net', 'mg_state': False}, {'id': 519, 'role_name': '超级管理员', 'username': 'paIo776', 'create_time': 1680876688, 'mobile': None, 'email': None, 'mg_state': False}, {'id': 520, 'role_name': '超级管理员', 'username': 'IjeR086', 'create_time': 1680876688, 'mobile': None, 'email': 'yx123@163.com', 'mg_state': False}, {'id': 521, 'role_name': '超级管理员', 'username': 'LEVP141', 'create_time': 1680876688, 'mobile': '18249493500', 'email': 'cfu@example.net', 'mg_state': False}, {'id': 522, 'role_name': '超级管理员', 'username': 'hVRq295', 'create_time': 1680876752, 'mobile': None, 'email': None, 'mg_state': False}, {'id': 523, 'role_name': '超级管理员', 'username': 'KVSQ299', 'create_time': 1680876752, 'mobile': None, 'email': 'yancai@example.org', 'mg_state': False}, {'id': 524, 'role_name': '超级管理员', 'username': 'xqFD616', 'create_time': 1680876752, 'mobile': '13311116602', 'email': 'maofang@example.net', 'mg_state': False}, {'id': 525, 'role_name': '超级管理员', 'username': 'ynBw011', 'create_time': 1680877055, 'mobile': None, 'email': None, 'mg_state': False}]}, 'meta': {'msg': '获取管理员列表成功', 'status': 200}}
接口响应时长: 8 ms
Http状态码: 200
断言结果: 200
=====================================================
INFO    2023-04-11 21:13:08,770G:\auto_api1_framework\logs\info-2023-04-11.log:test_get_user_data_list.py:29 2023-04-11 21:13:08 >>>>>> 执行结束！
INFO    2023-04-11 21:13:08,770G:\auto_api1_framework\logs\info-2023-04-11.log:test_get_user_data_list.py:26 2023-04-11 21:13:08 >>>>>> 开始执行：
INFO    2023-04-11 21:13:08,774G:\auto_api1_framework\logs\info-2023-04-11.log:log_decorator.py:42 
======================================================
用例标题: 获取用户数据列表失败（缺少pagenum参数）
请求路径: http://127.0.0.1:8888/api/private/v1/users?pagesize=20
请求方式: GET
请求头:   {'User-Agent': 'python-requests/2.28.2', 'Accept-Encoding': 'gzip, deflate', 'Accept': '*/*', 'Connection': 'keep-alive', 'Authorization': 'Bearer eyJhbGciOiJIUzI1NiIsInR5cCI6IkpXVCJ9.eyJ1aWQiOjUwMCwicmlkIjowLCJpYXQiOjE2ODEyMTg3ODgsImV4cCI6MTY4MTMwNTE4OH0.w7L4dShfbFqwod28lYMIqQ6Ckb5QrGoI6mRjXmbK-XU'}
请求内容: None
接口响应内容: {'data': None, 'meta': {'msg': 'pagenum 参数错误', 'status': 400}}
接口响应时长: 2 ms
Http状态码: 200
断言结果: 200
=====================================================
INFO    2023-04-11 21:13:08,776G:\auto_api1_framework\logs\info-2023-04-11.log:test_get_user_data_list.py:29 2023-04-11 21:13:08 >>>>>> 执行结束！
INFO    2023-04-11 21:13:08,778G:\auto_api1_framework\logs\info-2023-04-11.log:test_get_user_data_list.py:26 2023-04-11 21:13:08 >>>>>> 开始执行：
INFO    2023-04-11 21:13:08,781G:\auto_api1_framework\logs\info-2023-04-11.log:log_decorator.py:42 
======================================================
用例标题: 获取用户数据列表失败（修改pagenum参数）
请求路径: http://127.0.0.1:8888/api/private/v1/users?num=1&pagesize=20
请求方式: GET
请求头:   {'User-Agent': 'python-requests/2.28.2', 'Accept-Encoding': 'gzip, deflate', 'Accept': '*/*', 'Connection': 'keep-alive', 'Authorization': 'Bearer eyJhbGciOiJIUzI1NiIsInR5cCI6IkpXVCJ9.eyJ1aWQiOjUwMCwicmlkIjowLCJpYXQiOjE2ODEyMTg3ODgsImV4cCI6MTY4MTMwNTE4OH0.w7L4dShfbFqwod28lYMIqQ6Ckb5QrGoI6mRjXmbK-XU'}
请求内容: None
接口响应内容: {'data': None, 'meta': {'msg': 'pagenum 参数错误', 'status': 400}}
接口响应时长: 2 ms
Http状态码: 200
断言结果: 200
=====================================================
INFO    2023-04-11 21:13:08,783G:\auto_api1_framework\logs\info-2023-04-11.log:test_get_user_data_list.py:29 2023-04-11 21:13:08 >>>>>> 执行结束！
INFO    2023-04-11 21:13:08,784G:\auto_api1_framework\logs\info-2023-04-11.log:test_get_user_data_list.py:26 2023-04-11 21:13:08 >>>>>> 开始执行：
INFO    2023-04-11 21:13:08,788G:\auto_api1_framework\logs\info-2023-04-11.log:log_decorator.py:42 
======================================================
用例标题: 获取用户数据列表失败（没有参数）
请求路径: http://127.0.0.1:8888/api/private/v1/users
请求方式: GET
请求头:   {'User-Agent': 'python-requests/2.28.2', 'Accept-Encoding': 'gzip, deflate', 'Accept': '*/*', 'Connection': 'keep-alive', 'Authorization': 'Bearer eyJhbGciOiJIUzI1NiIsInR5cCI6IkpXVCJ9.eyJ1aWQiOjUwMCwicmlkIjowLCJpYXQiOjE2ODEyMTg3ODgsImV4cCI6MTY4MTMwNTE4OH0.w7L4dShfbFqwod28lYMIqQ6Ckb5QrGoI6mRjXmbK-XU'}
请求内容: None
接口响应内容: {'data': None, 'meta': {'msg': 'pagenum 参数错误', 'status': 400}}
接口响应时长: 2 ms
Http状态码: 200
断言结果: 200
=====================================================
INFO    2023-04-11 21:13:08,789G:\auto_api1_framework\logs\info-2023-04-11.log:test_get_user_data_list.py:29 2023-04-11 21:13:08 >>>>>> 执行结束！
INFO    2023-04-11 21:13:15,825G:\auto_api1_framework\logs\info-2023-04-11.log:test_login_user.py:26 2023-04-11 21:13:15 >>>>>> 开始执行：
INFO    2023-04-11 21:13:15,905G:\auto_api1_framework\logs\info-2023-04-11.log:log_decorator.py:42 
======================================================
用例标题: 用户登录成功（已创建用户）
请求路径: http://127.0.0.1:8888/api/private/v1/login
请求方式: POST
请求头:   {'User-Agent': 'python-requests/2.28.2', 'Accept-Encoding': 'gzip, deflate', 'Accept': '*/*', 'Connection': 'keep-alive', 'Authorization': 'Bearer eyJhbGciOiJIUzI1NiIsInR5cCI6IkpXVCJ9.eyJ1aWQiOjUwMCwicmlkIjowLCJpYXQiOjE2ODEyMTg3OTUsImV4cCI6MTY4MTMwNTE5NX0.FsuQIFRl1JyVIIrOLwvubCjeSLuMhVP_yiZOEWIWiR8', 'Content-Length': '43', 'Content-Type': 'application/json'}
请求内容: {'username': 'admin', 'password': '123456'}
接口响应内容: {'data': {'id': 500, 'rid': 0, 'username': 'admin', 'mobile': '12345678', 'email': 'adsfad@qq.com', 'token': 'Bearer eyJhbGciOiJIUzI1NiIsInR5cCI6IkpXVCJ9.eyJ1aWQiOjUwMCwicmlkIjowLCJpYXQiOjE2ODEyMTg3OTUsImV4cCI6MTY4MTMwNTE5NX0.FsuQIFRl1JyVIIrOLwvubCjeSLuMhVP_yiZOEWIWiR8'}, 'meta': {'msg': '登录成功', 'status': 200}}
接口响应时长: 76 ms
Http状态码: 200
断言结果: 200
=====================================================
INFO    2023-04-11 21:13:15,906G:\auto_api1_framework\logs\info-2023-04-11.log:test_login_user.py:29 2023-04-11 21:13:15 >>>>>> 执行结束！
INFO    2023-04-11 21:13:15,908G:\auto_api1_framework\logs\info-2023-04-11.log:test_login_user.py:26 2023-04-11 21:13:15 >>>>>> 开始执行：
INFO    2023-04-11 21:13:15,914G:\auto_api1_framework\logs\info-2023-04-11.log:log_decorator.py:42 
======================================================
用例标题: 用户登录失败（未创建用户）
请求路径: http://127.0.0.1:8888/api/private/v1/login
请求方式: POST
请求头:   {'User-Agent': 'python-requests/2.28.2', 'Accept-Encoding': 'gzip, deflate', 'Accept': '*/*', 'Connection': 'keep-alive', 'Authorization': 'Bearer eyJhbGciOiJIUzI1NiIsInR5cCI6IkpXVCJ9.eyJ1aWQiOjUwMCwicmlkIjowLCJpYXQiOjE2ODEyMTg3OTUsImV4cCI6MTY4MTMwNTE5NX0.FsuQIFRl1JyVIIrOLwvubCjeSLuMhVP_yiZOEWIWiR8', 'Content-Length': '46', 'Content-Type': 'application/json'}
请求内容: {'username': 'NaqZx707', 'password': '123456'}
接口响应内容: {'data': None, 'meta': {'msg': '用户名不存在', 'status': 400}}
接口响应时长: 4 ms
Http状态码: 200
断言结果: 200
=====================================================
INFO    2023-04-11 21:13:15,915G:\auto_api1_framework\logs\info-2023-04-11.log:test_login_user.py:29 2023-04-11 21:13:15 >>>>>> 执行结束！
INFO    2023-04-11 21:13:15,916G:\auto_api1_framework\logs\info-2023-04-11.log:test_login_user.py:26 2023-04-11 21:13:15 >>>>>> 开始执行：
INFO    2023-04-11 21:13:15,922G:\auto_api1_framework\logs\info-2023-04-11.log:log_decorator.py:42 
======================================================
用例标题: 用户登录失败（用户名为空）
请求路径: http://127.0.0.1:8888/api/private/v1/login
请求方式: POST
请求头:   {'User-Agent': 'python-requests/2.28.2', 'Accept-Encoding': 'gzip, deflate', 'Accept': '*/*', 'Connection': 'keep-alive', 'Authorization': 'Bearer eyJhbGciOiJIUzI1NiIsInR5cCI6IkpXVCJ9.eyJ1aWQiOjUwMCwicmlkIjowLCJpYXQiOjE2ODEyMTg3OTUsImV4cCI6MTY4MTMwNTE5NX0.FsuQIFRl1JyVIIrOLwvubCjeSLuMhVP_yiZOEWIWiR8', 'Content-Length': '40', 'Content-Type': 'application/json'}
请求内容: {'username': None, 'password': '123456'}
接口响应内容: {'data': None, 'meta': {'msg': '参数错误', 'status': 400}}
接口响应时长: 2 ms
Http状态码: 200
断言结果: 200
=====================================================
INFO    2023-04-11 21:13:15,923G:\auto_api1_framework\logs\info-2023-04-11.log:test_login_user.py:29 2023-04-11 21:13:15 >>>>>> 执行结束！
INFO    2023-04-11 21:13:15,924G:\auto_api1_framework\logs\info-2023-04-11.log:test_login_user.py:26 2023-04-11 21:13:15 >>>>>> 开始执行：
INFO    2023-04-11 21:13:15,927G:\auto_api1_framework\logs\info-2023-04-11.log:log_decorator.py:42 
======================================================
用例标题: 用户登录失败（密码为空）
请求路径: http://127.0.0.1:8888/api/private/v1/login
请求方式: POST
请求头:   {'User-Agent': 'python-requests/2.28.2', 'Accept-Encoding': 'gzip, deflate', 'Accept': '*/*', 'Connection': 'keep-alive', 'Authorization': 'Bearer eyJhbGciOiJIUzI1NiIsInR5cCI6IkpXVCJ9.eyJ1aWQiOjUwMCwicmlkIjowLCJpYXQiOjE2ODEyMTg3OTUsImV4cCI6MTY4MTMwNTE5NX0.FsuQIFRl1JyVIIrOLwvubCjeSLuMhVP_yiZOEWIWiR8', 'Content-Length': '39', 'Content-Type': 'application/json'}
请求内容: {'username': 'admin', 'password': None}
接口响应内容: {'data': None, 'meta': {'msg': '参数错误', 'status': 400}}
接口响应时长: 1 ms
Http状态码: 200
断言结果: 200
=====================================================
INFO    2023-04-11 21:13:15,928G:\auto_api1_framework\logs\info-2023-04-11.log:test_login_user.py:29 2023-04-11 21:13:15 >>>>>> 执行结束！
INFO    2023-04-11 21:13:15,930G:\auto_api1_framework\logs\info-2023-04-11.log:test_login_user.py:26 2023-04-11 21:13:15 >>>>>> 开始执行：
INFO    2023-04-11 21:13:15,933G:\auto_api1_framework\logs\info-2023-04-11.log:log_decorator.py:42 
======================================================
用例标题: 用户登录失败（缺少username参数）
请求路径: http://127.0.0.1:8888/api/private/v1/login
请求方式: POST
请求头:   {'User-Agent': 'python-requests/2.28.2', 'Accept-Encoding': 'gzip, deflate', 'Accept': '*/*', 'Connection': 'keep-alive', 'Authorization': 'Bearer eyJhbGciOiJIUzI1NiIsInR5cCI6IkpXVCJ9.eyJ1aWQiOjUwMCwicmlkIjowLCJpYXQiOjE2ODEyMTg3OTUsImV4cCI6MTY4MTMwNTE5NX0.FsuQIFRl1JyVIIrOLwvubCjeSLuMhVP_yiZOEWIWiR8', 'Content-Length': '20', 'Content-Type': 'application/json'}
请求内容: {'password': 123456}
接口响应内容: {'data': None, 'meta': {'msg': '参数错误', 'status': 400}}
接口响应时长: 1 ms
Http状态码: 200
断言结果: 200
=====================================================
INFO    2023-04-11 21:13:15,934G:\auto_api1_framework\logs\info-2023-04-11.log:test_login_user.py:29 2023-04-11 21:13:15 >>>>>> 执行结束！
INFO    2023-04-11 21:13:15,935G:\auto_api1_framework\logs\info-2023-04-11.log:test_login_user.py:26 2023-04-11 21:13:15 >>>>>> 开始执行：
INFO    2023-04-11 21:13:15,938G:\auto_api1_framework\logs\info-2023-04-11.log:log_decorator.py:42 
======================================================
用例标题: 用户登录失败（没有参数）
请求路径: http://127.0.0.1:8888/api/private/v1/login
请求方式: POST
请求头:   {'User-Agent': 'python-requests/2.28.2', 'Accept-Encoding': 'gzip, deflate', 'Accept': '*/*', 'Connection': 'keep-alive', 'Authorization': 'Bearer eyJhbGciOiJIUzI1NiIsInR5cCI6IkpXVCJ9.eyJ1aWQiOjUwMCwicmlkIjowLCJpYXQiOjE2ODEyMTg3OTUsImV4cCI6MTY4MTMwNTE5NX0.FsuQIFRl1JyVIIrOLwvubCjeSLuMhVP_yiZOEWIWiR8', 'Content-Length': '0'}
请求内容: None
接口响应内容: {'data': None, 'meta': {'msg': '参数错误', 'status': 400}}
接口响应时长: 1 ms
Http状态码: 200
断言结果: 200
=====================================================
INFO    2023-04-11 21:13:15,940G:\auto_api1_framework\logs\info-2023-04-11.log:test_login_user.py:29 2023-04-11 21:13:15 >>>>>> 执行结束！
INFO    2023-04-11 21:13:15,941G:\auto_api1_framework\logs\info-2023-04-11.log:test_login_user.py:26 2023-04-11 21:13:15 >>>>>> 开始执行：
INFO    2023-04-11 21:13:15,944G:\auto_api1_framework\logs\info-2023-04-11.log:log_decorator.py:42 
======================================================
用例标题: 用户登录失败（错误参数）
请求路径: http://127.0.0.1:8888/api/private/v1/login
请求方式: POST
请求头:   {'User-Agent': 'python-requests/2.28.2', 'Accept-Encoding': 'gzip, deflate', 'Accept': '*/*', 'Connection': 'keep-alive', 'Authorization': 'Bearer eyJhbGciOiJIUzI1NiIsInR5cCI6IkpXVCJ9.eyJ1aWQiOjUwMCwicmlkIjowLCJpYXQiOjE2ODEyMTg3OTUsImV4cCI6MTY4MTMwNTE5NX0.FsuQIFRl1JyVIIrOLwvubCjeSLuMhVP_yiZOEWIWiR8', 'Content-Length': '42', 'Content-Type': 'application/json'}
请求内容: {'name': 'ihMmX663', 'password': '123456'}
接口响应内容: {'data': None, 'meta': {'msg': '参数错误', 'status': 400}}
接口响应时长: 1 ms
Http状态码: 200
断言结果: 200
=====================================================
INFO    2023-04-11 21:13:15,945G:\auto_api1_framework\logs\info-2023-04-11.log:test_login_user.py:29 2023-04-11 21:13:15 >>>>>> 执行结束！
INFO    2023-04-11 21:13:15,946G:\auto_api1_framework\logs\info-2023-04-11.log:test_login_user.py:26 2023-04-11 21:13:15 >>>>>> 开始执行：
INFO    2023-04-11 21:13:16,026G:\auto_api1_framework\logs\info-2023-04-11.log:log_decorator.py:42 
======================================================
用例标题: 用户登录失败（多abc参数）
请求路径: http://127.0.0.1:8888/api/private/v1/login
请求方式: POST
请求头:   {'User-Agent': 'python-requests/2.28.2', 'Accept-Encoding': 'gzip, deflate', 'Accept': '*/*', 'Connection': 'keep-alive', 'Authorization': 'Bearer eyJhbGciOiJIUzI1NiIsInR5cCI6IkpXVCJ9.eyJ1aWQiOjUwMCwicmlkIjowLCJpYXQiOjE2ODEyMTg3OTUsImV4cCI6MTY4MTMwNTE5NX0.FsuQIFRl1JyVIIrOLwvubCjeSLuMhVP_yiZOEWIWiR8', 'Content-Length': '60', 'Content-Type': 'application/json'}
请求内容: {'username': 'admin', 'password': '123456', 'abc': 'abc123'}
接口响应内容: {'data': {'id': 500, 'rid': 0, 'username': 'admin', 'mobile': '12345678', 'email': 'adsfad@qq.com', 'token': 'Bearer eyJhbGciOiJIUzI1NiIsInR5cCI6IkpXVCJ9.eyJ1aWQiOjUwMCwicmlkIjowLCJpYXQiOjE2ODEyMTg3OTYsImV4cCI6MTY4MTMwNTE5Nn0.27ytoiO2j3lOEWsuM82l12Rsh2CQUwev9EuG_5px9Wc'}, 'meta': {'msg': '登录成功', 'status': 200}}
接口响应时长: 77 ms
Http状态码: 200
断言结果: 200
=====================================================
INFO    2023-04-11 21:13:16,027G:\auto_api1_framework\logs\info-2023-04-11.log:test_login_user.py:29 2023-04-11 21:13:15 >>>>>> 执行结束！
INFO    2023-04-11 21:13:20,498G:\auto_api1_framework\logs\info-2023-04-11.log:test_update_user_info.py:26 2023-04-11 21:13:20 >>>>>> 开始执行：
INFO    2023-04-11 21:13:20,746G:\auto_api1_framework\logs\info-2023-04-11.log:log_decorator.py:42 
======================================================
用例标题: 创建用户成功（全部参数）
请求路径: http://127.0.0.1:8888/api/private/v1/users
请求方式: POST
请求头:   {'User-Agent': 'python-requests/2.28.2', 'Accept-Encoding': 'gzip, deflate', 'Accept': '*/*', 'Connection': 'keep-alive', 'Content-Type': 'application/json', 'Authorization': 'Bearer eyJhbGciOiJIUzI1NiIsInR5cCI6IkpXVCJ9.eyJ1aWQiOjUwMCwicmlkIjowLCJpYXQiOjE2ODEyMTg4MDAsImV4cCI6MTY4MTMwNTIwMH0.Voud9SkProCL749zOGNSXNpEvsI8fQg7Wc1s9FpMIMo', 'Content-Length': '101'}
请求内容: {'username': 'adagR338', 'password': '!*V25Efg', 'email': 'tao80@yahoo.com', 'mobile': '13013383112'}
接口响应内容: {'data': {'id': 991, 'username': 'adagR338', 'mobile': '13013383112', 'email': 'tao80@yahoo.com', 'role_id': -1, 'create_time': 1681218800}, 'meta': {'msg': '创建成功', 'status': 201}}
接口响应时长: 81 ms
Http状态码: 200
断言结果: 200
=====================================================
INFO    2023-04-11 21:13:20,753G:\auto_api1_framework\logs\info-2023-04-11.log:log_decorator.py:42 
======================================================
用例标题: 修改用户信息成功
请求路径: http://127.0.0.1:8888/api/private/v1/users/991
请求方式: PUT
请求头:   {'User-Agent': 'python-requests/2.28.2', 'Accept-Encoding': 'gzip, deflate', 'Accept': '*/*', 'Connection': 'keep-alive', 'Authorization': 'Bearer eyJhbGciOiJIUzI1NiIsInR5cCI6IkpXVCJ9.eyJ1aWQiOjUwMCwicmlkIjowLCJpYXQiOjE2ODEyMTg4MDAsImV4cCI6MTY4MTMwNTIwMH0.Voud9SkProCL749zOGNSXNpEvsI8fQg7Wc1s9FpMIMo', 'Content-Length': '0'}
请求内容: None
接口响应内容: {'data': {'id': 991, 'username': 'adagR338', 'role_id': -1}, 'meta': {'msg': '更新成功', 'status': 200}}
接口响应时长: 4 ms
Http状态码: 200
断言结果: 200
=====================================================
INFO    2023-04-11 21:13:20,754G:\auto_api1_framework\logs\info-2023-04-11.log:test_update_user_info.py:29 2023-04-11 21:13:20 >>>>>> 执行结束！
INFO    2023-04-11 21:13:20,756G:\auto_api1_framework\logs\info-2023-04-11.log:test_update_user_info.py:26 2023-04-11 21:13:20 >>>>>> 开始执行：
INFO    2023-04-11 21:13:20,763G:\auto_api1_framework\logs\info-2023-04-11.log:log_decorator.py:42 
======================================================
用例标题: 修改用户信息失败（不存在用户）
请求路径: http://127.0.0.1:8888/api/private/v1/users/1681218800
请求方式: PUT
请求头:   {'User-Agent': 'python-requests/2.28.2', 'Accept-Encoding': 'gzip, deflate', 'Accept': '*/*', 'Connection': 'keep-alive', 'Authorization': 'Bearer eyJhbGciOiJIUzI1NiIsInR5cCI6IkpXVCJ9.eyJ1aWQiOjUwMCwicmlkIjowLCJpYXQiOjE2ODEyMTg4MDAsImV4cCI6MTY4MTMwNTIwMH0.Voud9SkProCL749zOGNSXNpEvsI8fQg7Wc1s9FpMIMo', 'Content-Length': '0'}
请求内容: None
接口响应内容: {'data': None, 'meta': {'msg': '更新失败', 'status': 400}}
接口响应时长: 2 ms
Http状态码: 200
断言结果: 200
=====================================================
INFO    2023-04-11 21:13:20,765G:\auto_api1_framework\logs\info-2023-04-11.log:test_update_user_info.py:29 2023-04-11 21:13:20 >>>>>> 执行结束！
INFO    2023-04-11 21:13:26,784G:\auto_api1_framework\logs\info-2023-04-11.log:test_update_user_status.py:26 2023-04-11 21:13:26 >>>>>> 开始执行：
INFO    2023-04-11 21:13:26,791G:\auto_api1_framework\logs\info-2023-04-11.log:log_decorator.py:42 
======================================================
用例标题: 修改用户状态成功
请求路径: http://127.0.0.1:8888/api/private/v1/users/243/state/false
请求方式: PUT
请求头:   {'User-Agent': 'python-requests/2.28.2', 'Accept-Encoding': 'gzip, deflate', 'Accept': '*/*', 'Connection': 'keep-alive', 'Authorization': 'Bearer eyJhbGciOiJIUzI1NiIsInR5cCI6IkpXVCJ9.eyJ1aWQiOjUwMCwicmlkIjowLCJpYXQiOjE2ODEyMTg4MDYsImV4cCI6MTY4MTMwNTIwNn0.T3mclR0IkLN5LipfJxK5WrxqsPuoJWCSzMCkoK9IUhk', 'Content-Length': '0'}
请求内容: None
接口响应内容: {'data': None, 'meta': {'msg': '管理员ID不存在', 'status': 400}}
接口响应时长: 3 ms
Http状态码: 200
断言结果: 200
=====================================================
INFO    2023-04-11 21:13:26,864G:\auto_api1_framework\logs\info-2023-04-11.log:test_update_user_status.py:29 2023-04-11 21:13:26 >>>>>> 执行结束！
INFO    2023-04-11 21:13:26,868G:\auto_api1_framework\logs\info-2023-04-11.log:test_update_user_status.py:26 2023-04-11 21:13:26 >>>>>> 开始执行：
INFO    2023-04-11 21:13:29,000G:\auto_api1_framework\logs\info-2023-04-11.log:test_update_user_status.py:29 2023-04-11 21:13:26 >>>>>> 执行结束！
INFO    2023-04-11 21:13:29,001G:\auto_api1_framework\logs\info-2023-04-11.log:test_update_user_status.py:26 2023-04-11 21:13:26 >>>>>> 开始执行：
INFO    2023-04-11 21:13:31,110G:\auto_api1_framework\logs\info-2023-04-11.log:test_update_user_status.py:29 2023-04-11 21:13:26 >>>>>> 执行结束！
INFO    2023-04-11 21:13:31,112G:\auto_api1_framework\logs\info-2023-04-11.log:test_update_user_status.py:26 2023-04-11 21:13:26 >>>>>> 开始执行：
INFO    2023-04-11 21:13:33,226G:\auto_api1_framework\logs\info-2023-04-11.log:test_update_user_status.py:29 2023-04-11 21:13:26 >>>>>> 执行结束！
INFO    2023-04-11 21:17:03,126G:\auto_api1_framework\logs\info-2023-04-11.log:test_get_user_data_list.py:26 2023-04-11 21:17:02 >>>>>> 开始执行：
INFO    2023-04-11 21:17:03,142G:\auto_api1_framework\logs\info-2023-04-11.log:log_decorator.py:42 
======================================================
用例标题: 获取用户数据列表成功
请求路径: http://127.0.0.1:8888/api/private/v1/users?pagenum=1&pagesize=20
请求方式: GET
请求头:   {'User-Agent': 'python-requests/2.28.2', 'Accept-Encoding': 'gzip, deflate', 'Accept': '*/*', 'Connection': 'keep-alive', 'Authorization': 'Bearer eyJhbGciOiJIUzI1NiIsInR5cCI6IkpXVCJ9.eyJ1aWQiOjUwMCwicmlkIjowLCJpYXQiOjE2ODEyMTkwMjMsImV4cCI6MTY4MTMwNTQyM30.Kldp0s5Q7TkSYVIkq1SWyh5fTf5duak4FzyZaRNPPEI'}
请求内容: None
接口响应内容: {'data': {'total': 479, 'pagenum': 1, 'users': [{'id': 500, 'role_name': '超级管理员', 'username': 'admin', 'create_time': 1486720211, 'mobile': '12345678', 'email': 'adsfad@qq.com', 'mg_state': True}, {'id': 502, 'role_name': '测试角色2', 'username': 'linken', 'create_time': 1486720211, 'mobile': '1213213123', 'email': 'asdf@qq.com', 'mg_state': False}, {'id': 508, 'role_name': '主管', 'username': 'asdf1', 'create_time': 1511853015, 'mobile': '123123', 'email': 'adfsa@qq.com', 'mg_state': True}, {'id': 509, 'role_name': 'test', 'username': 'asdf123', 'create_time': 1511853353, 'mobile': '1111', 'email': 'asdf@qq.com', 'mg_state': False}, {'id': 510, 'role_name': '超级管理员', 'username': 'Rainx', 'create_time': 1680874378, 'mobile': None, 'email': None, 'mg_state': False}, {'id': 511, 'role_name': '超级管理员', 'username': 'Rainx778', 'create_time': 1680874378, 'mobile': None, 'email': 'yx123@163.com', 'mg_state': False}, {'id': 512, 'role_name': '超级管理员', 'username': 'Rainx&11', 'create_time': 1680874379, 'mobile': '13772008989', 'email': 'yx123@163.com', 'mg_state': False}, {'id': 513, 'role_name': '超级管理员', 'username': 'EcAEUICEsuMrQfavLGwU', 'create_time': 1680876030, 'mobile': None, 'email': None, 'mg_state': False}, {'id': 514, 'role_name': '超级管理员', 'username': 'rydjvAPmUYEfPPJkRpvJ', 'create_time': 1680876030, 'mobile': None, 'email': 'yx123@163.com', 'mg_state': False}, {'id': 515, 'role_name': '超级管理员', 'username': 'VnHNPPVChlmewzuEXEik', 'create_time': 1680876030, 'mobile': '13075620618', 'email': 'junzhao@example.org', 'mg_state': False}, {'id': 516, 'role_name': '超级管理员', 'username': 'DjUgroBQQVJZnzIbiaIq371', 'create_time': 1680876575, 'mobile': None, 'email': None, 'mg_state': False}, {'id': 517, 'role_name': '超级管理员', 'username': 'nosugTIaxxGwnzYKifiv172', 'create_time': 1680876575, 'mobile': None, 'email': 'yx123@163.com', 'mg_state': False}, {'id': 518, 'role_name': '超级管理员', 'username': 'qHYzuDgTCBUjorlayZRi454', 'create_time': 1680876575, 'mobile': '13833909346', 'email': 'mingdai@example.net', 'mg_state': False}, {'id': 519, 'role_name': '超级管理员', 'username': 'paIo776', 'create_time': 1680876688, 'mobile': None, 'email': None, 'mg_state': False}, {'id': 520, 'role_name': '超级管理员', 'username': 'IjeR086', 'create_time': 1680876688, 'mobile': None, 'email': 'yx123@163.com', 'mg_state': False}, {'id': 521, 'role_name': '超级管理员', 'username': 'LEVP141', 'create_time': 1680876688, 'mobile': '18249493500', 'email': 'cfu@example.net', 'mg_state': False}, {'id': 522, 'role_name': '超级管理员', 'username': 'hVRq295', 'create_time': 1680876752, 'mobile': None, 'email': None, 'mg_state': False}, {'id': 523, 'role_name': '超级管理员', 'username': 'KVSQ299', 'create_time': 1680876752, 'mobile': None, 'email': 'yancai@example.org', 'mg_state': False}, {'id': 524, 'role_name': '超级管理员', 'username': 'xqFD616', 'create_time': 1680876752, 'mobile': '13311116602', 'email': 'maofang@example.net', 'mg_state': False}, {'id': 525, 'role_name': '超级管理员', 'username': 'ynBw011', 'create_time': 1680877055, 'mobile': None, 'email': None, 'mg_state': False}]}, 'meta': {'msg': '获取管理员列表成功', 'status': 200}}
接口响应时长: 11 ms
Http状态码: 200
断言结果: 200
=====================================================
INFO    2023-04-11 21:17:03,145G:\auto_api1_framework\logs\info-2023-04-11.log:test_get_user_data_list.py:29 2023-04-11 21:17:02 >>>>>> 执行结束！
INFO    2023-04-11 21:17:03,146G:\auto_api1_framework\logs\info-2023-04-11.log:test_get_user_data_list.py:26 2023-04-11 21:17:02 >>>>>> 开始执行：
INFO    2023-04-11 21:17:03,150G:\auto_api1_framework\logs\info-2023-04-11.log:log_decorator.py:42 
======================================================
用例标题: 获取用户数据列表失败（pagenum为空）
请求路径: http://127.0.0.1:8888/api/private/v1/users?pagenum&pagesize=20
请求方式: GET
请求头:   {'User-Agent': 'python-requests/2.28.2', 'Accept-Encoding': 'gzip, deflate', 'Accept': '*/*', 'Connection': 'keep-alive', 'Authorization': 'Bearer eyJhbGciOiJIUzI1NiIsInR5cCI6IkpXVCJ9.eyJ1aWQiOjUwMCwicmlkIjowLCJpYXQiOjE2ODEyMTkwMjMsImV4cCI6MTY4MTMwNTQyM30.Kldp0s5Q7TkSYVIkq1SWyh5fTf5duak4FzyZaRNPPEI'}
请求内容: None
接口响应内容: {'data': None, 'meta': {'msg': 'pagenum 参数错误', 'status': 400}}
接口响应时长: 2 ms
Http状态码: 200
断言结果: 200
=====================================================
INFO    2023-04-11 21:17:03,152G:\auto_api1_framework\logs\info-2023-04-11.log:test_get_user_data_list.py:29 2023-04-11 21:17:02 >>>>>> 执行结束！
INFO    2023-04-11 21:17:03,153G:\auto_api1_framework\logs\info-2023-04-11.log:test_get_user_data_list.py:26 2023-04-11 21:17:02 >>>>>> 开始执行：
INFO    2023-04-11 21:17:03,157G:\auto_api1_framework\logs\info-2023-04-11.log:log_decorator.py:42 
======================================================
用例标题: 获取用户数据列表失败（pagesize为空）
请求路径: http://127.0.0.1:8888/api/private/v1/users?pagenum=1&pagesize
请求方式: GET
请求头:   {'User-Agent': 'python-requests/2.28.2', 'Accept-Encoding': 'gzip, deflate', 'Accept': '*/*', 'Connection': 'keep-alive', 'Authorization': 'Bearer eyJhbGciOiJIUzI1NiIsInR5cCI6IkpXVCJ9.eyJ1aWQiOjUwMCwicmlkIjowLCJpYXQiOjE2ODEyMTkwMjMsImV4cCI6MTY4MTMwNTQyM30.Kldp0s5Q7TkSYVIkq1SWyh5fTf5duak4FzyZaRNPPEI'}
请求内容: None
接口响应内容: {'data': None, 'meta': {'msg': 'pagesize 参数错误', 'status': 400}}
接口响应时长: 1 ms
Http状态码: 200
断言结果: 200
=====================================================
INFO    2023-04-11 21:17:03,158G:\auto_api1_framework\logs\info-2023-04-11.log:test_get_user_data_list.py:29 2023-04-11 21:17:02 >>>>>> 执行结束！
INFO    2023-04-11 21:17:03,160G:\auto_api1_framework\logs\info-2023-04-11.log:test_get_user_data_list.py:26 2023-04-11 21:17:02 >>>>>> 开始执行：
INFO    2023-04-11 21:17:03,168G:\auto_api1_framework\logs\info-2023-04-11.log:log_decorator.py:42 
======================================================
用例标题: 获取用户数据列表失败（多出abc参数）
请求路径: http://127.0.0.1:8888/api/private/v1/users?pagenum=1&pagesize=20&abc=100
请求方式: GET
请求头:   {'User-Agent': 'python-requests/2.28.2', 'Accept-Encoding': 'gzip, deflate', 'Accept': '*/*', 'Connection': 'keep-alive', 'Authorization': 'Bearer eyJhbGciOiJIUzI1NiIsInR5cCI6IkpXVCJ9.eyJ1aWQiOjUwMCwicmlkIjowLCJpYXQiOjE2ODEyMTkwMjMsImV4cCI6MTY4MTMwNTQyM30.Kldp0s5Q7TkSYVIkq1SWyh5fTf5duak4FzyZaRNPPEI'}
请求内容: None
接口响应内容: {'data': {'total': 479, 'pagenum': 1, 'users': [{'id': 500, 'role_name': '超级管理员', 'username': 'admin', 'create_time': 1486720211, 'mobile': '12345678', 'email': 'adsfad@qq.com', 'mg_state': True}, {'id': 502, 'role_name': '测试角色2', 'username': 'linken', 'create_time': 1486720211, 'mobile': '1213213123', 'email': 'asdf@qq.com', 'mg_state': False}, {'id': 508, 'role_name': '主管', 'username': 'asdf1', 'create_time': 1511853015, 'mobile': '123123', 'email': 'adfsa@qq.com', 'mg_state': True}, {'id': 509, 'role_name': 'test', 'username': 'asdf123', 'create_time': 1511853353, 'mobile': '1111', 'email': 'asdf@qq.com', 'mg_state': False}, {'id': 510, 'role_name': '超级管理员', 'username': 'Rainx', 'create_time': 1680874378, 'mobile': None, 'email': None, 'mg_state': False}, {'id': 511, 'role_name': '超级管理员', 'username': 'Rainx778', 'create_time': 1680874378, 'mobile': None, 'email': 'yx123@163.com', 'mg_state': False}, {'id': 512, 'role_name': '超级管理员', 'username': 'Rainx&11', 'create_time': 1680874379, 'mobile': '13772008989', 'email': 'yx123@163.com', 'mg_state': False}, {'id': 513, 'role_name': '超级管理员', 'username': 'EcAEUICEsuMrQfavLGwU', 'create_time': 1680876030, 'mobile': None, 'email': None, 'mg_state': False}, {'id': 514, 'role_name': '超级管理员', 'username': 'rydjvAPmUYEfPPJkRpvJ', 'create_time': 1680876030, 'mobile': None, 'email': 'yx123@163.com', 'mg_state': False}, {'id': 515, 'role_name': '超级管理员', 'username': 'VnHNPPVChlmewzuEXEik', 'create_time': 1680876030, 'mobile': '13075620618', 'email': 'junzhao@example.org', 'mg_state': False}, {'id': 516, 'role_name': '超级管理员', 'username': 'DjUgroBQQVJZnzIbiaIq371', 'create_time': 1680876575, 'mobile': None, 'email': None, 'mg_state': False}, {'id': 517, 'role_name': '超级管理员', 'username': 'nosugTIaxxGwnzYKifiv172', 'create_time': 1680876575, 'mobile': None, 'email': 'yx123@163.com', 'mg_state': False}, {'id': 518, 'role_name': '超级管理员', 'username': 'qHYzuDgTCBUjorlayZRi454', 'create_time': 1680876575, 'mobile': '13833909346', 'email': 'mingdai@example.net', 'mg_state': False}, {'id': 519, 'role_name': '超级管理员', 'username': 'paIo776', 'create_time': 1680876688, 'mobile': None, 'email': None, 'mg_state': False}, {'id': 520, 'role_name': '超级管理员', 'username': 'IjeR086', 'create_time': 1680876688, 'mobile': None, 'email': 'yx123@163.com', 'mg_state': False}, {'id': 521, 'role_name': '超级管理员', 'username': 'LEVP141', 'create_time': 1680876688, 'mobile': '18249493500', 'email': 'cfu@example.net', 'mg_state': False}, {'id': 522, 'role_name': '超级管理员', 'username': 'hVRq295', 'create_time': 1680876752, 'mobile': None, 'email': None, 'mg_state': False}, {'id': 523, 'role_name': '超级管理员', 'username': 'KVSQ299', 'create_time': 1680876752, 'mobile': None, 'email': 'yancai@example.org', 'mg_state': False}, {'id': 524, 'role_name': '超级管理员', 'username': 'xqFD616', 'create_time': 1680876752, 'mobile': '13311116602', 'email': 'maofang@example.net', 'mg_state': False}, {'id': 525, 'role_name': '超级管理员', 'username': 'ynBw011', 'create_time': 1680877055, 'mobile': None, 'email': None, 'mg_state': False}]}, 'meta': {'msg': '获取管理员列表成功', 'status': 200}}
接口响应时长: 7 ms
Http状态码: 200
断言结果: 200
=====================================================
INFO    2023-04-11 21:17:03,173G:\auto_api1_framework\logs\info-2023-04-11.log:test_get_user_data_list.py:29 2023-04-11 21:17:02 >>>>>> 执行结束！
INFO    2023-04-11 21:17:03,174G:\auto_api1_framework\logs\info-2023-04-11.log:test_get_user_data_list.py:26 2023-04-11 21:17:02 >>>>>> 开始执行：
INFO    2023-04-11 21:17:03,179G:\auto_api1_framework\logs\info-2023-04-11.log:log_decorator.py:42 
======================================================
用例标题: 获取用户数据列表失败（缺少pagenum参数）
请求路径: http://127.0.0.1:8888/api/private/v1/users?pagesize=20
请求方式: GET
请求头:   {'User-Agent': 'python-requests/2.28.2', 'Accept-Encoding': 'gzip, deflate', 'Accept': '*/*', 'Connection': 'keep-alive', 'Authorization': 'Bearer eyJhbGciOiJIUzI1NiIsInR5cCI6IkpXVCJ9.eyJ1aWQiOjUwMCwicmlkIjowLCJpYXQiOjE2ODEyMTkwMjMsImV4cCI6MTY4MTMwNTQyM30.Kldp0s5Q7TkSYVIkq1SWyh5fTf5duak4FzyZaRNPPEI'}
请求内容: None
接口响应内容: {'data': None, 'meta': {'msg': 'pagenum 参数错误', 'status': 400}}
接口响应时长: 2 ms
Http状态码: 200
断言结果: 200
=====================================================
INFO    2023-04-11 21:17:03,180G:\auto_api1_framework\logs\info-2023-04-11.log:test_get_user_data_list.py:29 2023-04-11 21:17:02 >>>>>> 执行结束！
INFO    2023-04-11 21:17:03,181G:\auto_api1_framework\logs\info-2023-04-11.log:test_get_user_data_list.py:26 2023-04-11 21:17:02 >>>>>> 开始执行：
INFO    2023-04-11 21:17:03,186G:\auto_api1_framework\logs\info-2023-04-11.log:log_decorator.py:42 
======================================================
用例标题: 获取用户数据列表失败（修改pagenum参数）
请求路径: http://127.0.0.1:8888/api/private/v1/users?num=1&pagesize=20
请求方式: GET
请求头:   {'User-Agent': 'python-requests/2.28.2', 'Accept-Encoding': 'gzip, deflate', 'Accept': '*/*', 'Connection': 'keep-alive', 'Authorization': 'Bearer eyJhbGciOiJIUzI1NiIsInR5cCI6IkpXVCJ9.eyJ1aWQiOjUwMCwicmlkIjowLCJpYXQiOjE2ODEyMTkwMjMsImV4cCI6MTY4MTMwNTQyM30.Kldp0s5Q7TkSYVIkq1SWyh5fTf5duak4FzyZaRNPPEI'}
请求内容: None
接口响应内容: {'data': None, 'meta': {'msg': 'pagenum 参数错误', 'status': 400}}
接口响应时长: 2 ms
Http状态码: 200
断言结果: 200
=====================================================
INFO    2023-04-11 21:17:03,187G:\auto_api1_framework\logs\info-2023-04-11.log:test_get_user_data_list.py:29 2023-04-11 21:17:02 >>>>>> 执行结束！
INFO    2023-04-11 21:17:03,188G:\auto_api1_framework\logs\info-2023-04-11.log:test_get_user_data_list.py:26 2023-04-11 21:17:02 >>>>>> 开始执行：
INFO    2023-04-11 21:17:03,192G:\auto_api1_framework\logs\info-2023-04-11.log:log_decorator.py:42 
======================================================
用例标题: 获取用户数据列表失败（没有参数）
请求路径: http://127.0.0.1:8888/api/private/v1/users
请求方式: GET
请求头:   {'User-Agent': 'python-requests/2.28.2', 'Accept-Encoding': 'gzip, deflate', 'Accept': '*/*', 'Connection': 'keep-alive', 'Authorization': 'Bearer eyJhbGciOiJIUzI1NiIsInR5cCI6IkpXVCJ9.eyJ1aWQiOjUwMCwicmlkIjowLCJpYXQiOjE2ODEyMTkwMjMsImV4cCI6MTY4MTMwNTQyM30.Kldp0s5Q7TkSYVIkq1SWyh5fTf5duak4FzyZaRNPPEI'}
请求内容: None
接口响应内容: {'data': None, 'meta': {'msg': 'pagenum 参数错误', 'status': 400}}
接口响应时长: 1 ms
Http状态码: 200
断言结果: 200
=====================================================
INFO    2023-04-11 21:17:03,193G:\auto_api1_framework\logs\info-2023-04-11.log:test_get_user_data_list.py:29 2023-04-11 21:17:02 >>>>>> 执行结束！
INFO    2023-04-11 21:20:28,730G:\auto_api1_framework\logs\info-2023-04-11.log:test_update_user_status.py:26 2023-04-11 21:20:28 >>>>>> 开始执行：
INFO    2023-04-11 21:20:28,991G:\auto_api1_framework\logs\info-2023-04-11.log:log_decorator.py:42 
======================================================
用例标题: 创建用户成功（全部参数）
请求路径: http://127.0.0.1:8888/api/private/v1/users
请求方式: POST
请求头:   {'User-Agent': 'python-requests/2.28.2', 'Accept-Encoding': 'gzip, deflate', 'Accept': '*/*', 'Connection': 'keep-alive', 'Content-Type': 'application/json', 'Authorization': 'Bearer eyJhbGciOiJIUzI1NiIsInR5cCI6IkpXVCJ9.eyJ1aWQiOjUwMCwicmlkIjowLCJpYXQiOjE2ODEyMTkyMjgsImV4cCI6MTY4MTMwNTYyOH0.b1G8JSV-1GfkK0eQ3ZU1jU1cwOV0XwpdITD_g8Vyixc', 'Content-Length': '105'}
请求内容: {'username': 'nxifu378', 'password': '(H1FCSh8', 'email': 'zhengjuan@gmail.com', 'mobile': '13704183639'}
接口响应内容: {'data': {'id': 992, 'username': 'nxifu378', 'mobile': '13704183639', 'email': 'zhengjuan@gmail.com', 'role_id': -1, 'create_time': 1681219228}, 'meta': {'msg': '创建成功', 'status': 201}}
接口响应时长: 87 ms
Http状态码: 200
断言结果: 200
=====================================================
INFO    2023-04-11 21:20:29,003G:\auto_api1_framework\logs\info-2023-04-11.log:log_decorator.py:42 
======================================================
用例标题: 修改用户状态成功
请求路径: http://127.0.0.1:8888/api/private/v1/users/992/state/false
请求方式: PUT
请求头:   {'User-Agent': 'python-requests/2.28.2', 'Accept-Encoding': 'gzip, deflate', 'Accept': '*/*', 'Connection': 'keep-alive', 'Authorization': 'Bearer eyJhbGciOiJIUzI1NiIsInR5cCI6IkpXVCJ9.eyJ1aWQiOjUwMCwicmlkIjowLCJpYXQiOjE2ODEyMTkyMjgsImV4cCI6MTY4MTMwNTYyOH0.b1G8JSV-1GfkK0eQ3ZU1jU1cwOV0XwpdITD_g8Vyixc', 'Content-Length': '0'}
请求内容: None
接口响应内容: {'data': {'id': 992, 'rid': -1, 'username': 'nxifu378', 'mobile': '13704183639', 'email': 'zhengjuan@gmail.com', 'mg_state': 0}, 'meta': {'msg': '设置状态成功', 'status': 200}}
接口响应时长: 9 ms
Http状态码: 200
断言结果: 200
=====================================================
INFO    2023-04-11 21:20:29,005G:\auto_api1_framework\logs\info-2023-04-11.log:test_update_user_status.py:29 2023-04-11 21:20:28 >>>>>> 执行结束！
INFO    2023-04-11 21:20:29,006G:\auto_api1_framework\logs\info-2023-04-11.log:test_update_user_status.py:26 2023-04-11 21:20:28 >>>>>> 开始执行：
INFO    2023-04-11 21:20:29,013G:\auto_api1_framework\logs\info-2023-04-11.log:log_decorator.py:42 
======================================================
用例标题: 修改用户状态失败（id为字符串）
请求路径: http://127.0.0.1:8888/api/private/v1/users/JVCXkd/state/false
请求方式: PUT
请求头:   {'User-Agent': 'python-requests/2.28.2', 'Accept-Encoding': 'gzip, deflate', 'Accept': '*/*', 'Connection': 'keep-alive', 'Authorization': 'Bearer eyJhbGciOiJIUzI1NiIsInR5cCI6IkpXVCJ9.eyJ1aWQiOjUwMCwicmlkIjowLCJpYXQiOjE2ODEyMTkyMjgsImV4cCI6MTY4MTMwNTYyOH0.b1G8JSV-1GfkK0eQ3ZU1jU1cwOV0XwpdITD_g8Vyixc', 'Content-Length': '0'}
请求内容: None
接口响应内容: {'data': None, 'meta': {'msg': '用户ID必须是数字', 'status': 400}}
接口响应时长: 3 ms
Http状态码: 200
断言结果: 200
=====================================================
INFO    2023-04-11 21:20:29,014G:\auto_api1_framework\logs\info-2023-04-11.log:test_update_user_status.py:29 2023-04-11 21:20:28 >>>>>> 执行结束！
INFO    2023-04-11 21:20:29,015G:\auto_api1_framework\logs\info-2023-04-11.log:test_update_user_status.py:26 2023-04-11 21:20:28 >>>>>> 开始执行：
INFO    2023-04-11 21:20:29,020G:\auto_api1_framework\logs\info-2023-04-11.log:log_decorator.py:42 
======================================================
用例标题: 修改用户状态失败（id包含特殊字符）
请求路径: http://127.0.0.1:8888/api/private/v1/users/+)($@/state/false
请求方式: PUT
请求头:   {'User-Agent': 'python-requests/2.28.2', 'Accept-Encoding': 'gzip, deflate', 'Accept': '*/*', 'Connection': 'keep-alive', 'Authorization': 'Bearer eyJhbGciOiJIUzI1NiIsInR5cCI6IkpXVCJ9.eyJ1aWQiOjUwMCwicmlkIjowLCJpYXQiOjE2ODEyMTkyMjgsImV4cCI6MTY4MTMwNTYyOH0.b1G8JSV-1GfkK0eQ3ZU1jU1cwOV0XwpdITD_g8Vyixc', 'Content-Length': '0'}
请求内容: None
接口响应内容: {'data': None, 'meta': {'msg': '用户ID必须是数字', 'status': 400}}
接口响应时长: 2 ms
Http状态码: 200
断言结果: 200
=====================================================
INFO    2023-04-11 21:20:29,022G:\auto_api1_framework\logs\info-2023-04-11.log:test_update_user_status.py:29 2023-04-11 21:20:28 >>>>>> 执行结束！
INFO    2023-04-11 21:20:29,023G:\auto_api1_framework\logs\info-2023-04-11.log:test_update_user_status.py:26 2023-04-11 21:20:28 >>>>>> 开始执行：
INFO    2023-04-11 21:20:29,027G:\auto_api1_framework\logs\info-2023-04-11.log:log_decorator.py:42 
======================================================
用例标题: 修改用户状态失败（id为中文）
请求路径: http://127.0.0.1:8888/api/private/v1/users/EkUBs602/state/false
请求方式: PUT
请求头:   {'User-Agent': 'python-requests/2.28.2', 'Accept-Encoding': 'gzip, deflate', 'Accept': '*/*', 'Connection': 'keep-alive', 'Authorization': 'Bearer eyJhbGciOiJIUzI1NiIsInR5cCI6IkpXVCJ9.eyJ1aWQiOjUwMCwicmlkIjowLCJpYXQiOjE2ODEyMTkyMjgsImV4cCI6MTY4MTMwNTYyOH0.b1G8JSV-1GfkK0eQ3ZU1jU1cwOV0XwpdITD_g8Vyixc', 'Content-Length': '0'}
请求内容: None
接口响应内容: {'data': None, 'meta': {'msg': '用户ID必须是数字', 'status': 400}}
接口响应时长: 2 ms
Http状态码: 200
断言结果: 200
=====================================================
INFO    2023-04-11 21:20:29,028G:\auto_api1_framework\logs\info-2023-04-11.log:test_update_user_status.py:29 2023-04-11 21:20:28 >>>>>> 执行结束！
INFO    2023-04-11 21:22:24,473G:\auto_api1_framework\logs\info-2023-04-11.log:test_update_user_status.py:26 2023-04-11 21:22:24 >>>>>> 开始执行：
INFO    2023-04-11 21:22:24,708G:\auto_api1_framework\logs\info-2023-04-11.log:log_decorator.py:42 
======================================================
用例标题: 创建用户成功（全部参数）
请求路径: http://127.0.0.1:8888/api/private/v1/users
请求方式: POST
请求头:   {'User-Agent': 'python-requests/2.28.2', 'Accept-Encoding': 'gzip, deflate', 'Accept': '*/*', 'Connection': 'keep-alive', 'Content-Type': 'application/json', 'Authorization': 'Bearer eyJhbGciOiJIUzI1NiIsInR5cCI6IkpXVCJ9.eyJ1aWQiOjUwMCwicmlkIjowLCJpYXQiOjE2ODEyMTkzNDQsImV4cCI6MTY4MTMwNTc0NH0.u16nZD_Z43xlriDUjPQt4cCoJMqfgi3vEWF2WDmxAT8', 'Content-Length': '102'}
请求内容: {'username': 'ajeLz937', 'password': '+4+YfKsu', 'email': 'kongli@gmail.com', 'mobile': '18548827514'}
接口响应内容: {'data': {'id': 993, 'username': 'ajeLz937', 'mobile': '18548827514', 'email': 'kongli@gmail.com', 'role_id': -1, 'create_time': 1681219344}, 'meta': {'msg': '创建成功', 'status': 201}}
接口响应时长: 74 ms
Http状态码: 200
断言结果: 200
=====================================================
INFO    2023-04-11 21:22:24,716G:\auto_api1_framework\logs\info-2023-04-11.log:log_decorator.py:42 
======================================================
用例标题: 修改用户状态成功
请求路径: http://127.0.0.1:8888/api/private/v1/users/993/state/false
请求方式: PUT
请求头:   {'User-Agent': 'python-requests/2.28.2', 'Accept-Encoding': 'gzip, deflate', 'Accept': '*/*', 'Connection': 'keep-alive', 'Authorization': 'Bearer eyJhbGciOiJIUzI1NiIsInR5cCI6IkpXVCJ9.eyJ1aWQiOjUwMCwicmlkIjowLCJpYXQiOjE2ODEyMTkzNDQsImV4cCI6MTY4MTMwNTc0NH0.u16nZD_Z43xlriDUjPQt4cCoJMqfgi3vEWF2WDmxAT8', 'Content-Length': '0'}
请求内容: None
接口响应内容: {'data': {'id': 993, 'rid': -1, 'username': 'ajeLz937', 'mobile': '18548827514', 'email': 'kongli@gmail.com', 'mg_state': 0}, 'meta': {'msg': '设置状态成功', 'status': 200}}
接口响应时长: 5 ms
Http状态码: 200
断言结果: 200
=====================================================
INFO    2023-04-11 21:22:24,717G:\auto_api1_framework\logs\info-2023-04-11.log:test_update_user_status.py:29 2023-04-11 21:22:24 >>>>>> 执行结束！
INFO    2023-04-11 21:22:24,722G:\auto_api1_framework\logs\info-2023-04-11.log:test_update_user_status.py:26 2023-04-11 21:22:24 >>>>>> 开始执行：
INFO    2023-04-11 21:22:24,726G:\auto_api1_framework\logs\info-2023-04-11.log:log_decorator.py:42 
======================================================
用例标题: 修改用户状态失败（id为字符串）
请求路径: http://127.0.0.1:8888/api/private/v1/users/oYQNFw/state/false
请求方式: PUT
请求头:   {'User-Agent': 'python-requests/2.28.2', 'Accept-Encoding': 'gzip, deflate', 'Accept': '*/*', 'Connection': 'keep-alive', 'Authorization': 'Bearer eyJhbGciOiJIUzI1NiIsInR5cCI6IkpXVCJ9.eyJ1aWQiOjUwMCwicmlkIjowLCJpYXQiOjE2ODEyMTkzNDQsImV4cCI6MTY4MTMwNTc0NH0.u16nZD_Z43xlriDUjPQt4cCoJMqfgi3vEWF2WDmxAT8', 'Content-Length': '0'}
请求内容: None
接口响应内容: {'data': None, 'meta': {'msg': '用户ID必须是数字', 'status': 400}}
接口响应时长: 2 ms
Http状态码: 200
断言结果: 200
=====================================================
INFO    2023-04-11 21:22:24,727G:\auto_api1_framework\logs\info-2023-04-11.log:test_update_user_status.py:29 2023-04-11 21:22:24 >>>>>> 执行结束！
INFO    2023-04-11 21:22:24,729G:\auto_api1_framework\logs\info-2023-04-11.log:test_update_user_status.py:26 2023-04-11 21:22:24 >>>>>> 开始执行：
INFO    2023-04-11 21:22:24,734G:\auto_api1_framework\logs\info-2023-04-11.log:log_decorator.py:42 
======================================================
用例标题: 修改用户状态失败（id包含特殊字符）
请求路径: http://127.0.0.1:8888/api/private/v1/users/%5E((#!/state/false
请求方式: PUT
请求头:   {'User-Agent': 'python-requests/2.28.2', 'Accept-Encoding': 'gzip, deflate', 'Accept': '*/*', 'Connection': 'keep-alive', 'Authorization': 'Bearer eyJhbGciOiJIUzI1NiIsInR5cCI6IkpXVCJ9.eyJ1aWQiOjUwMCwicmlkIjowLCJpYXQiOjE2ODEyMTkzNDQsImV4cCI6MTY4MTMwNTc0NH0.u16nZD_Z43xlriDUjPQt4cCoJMqfgi3vEWF2WDmxAT8', 'Content-Length': '0'}
请求内容: None
接口响应内容: {'data': None, 'meta': {'msg': '用户ID必须是数字', 'status': 400}}
接口响应时长: 2 ms
Http状态码: 200
断言结果: 200
=====================================================
INFO    2023-04-11 21:22:24,735G:\auto_api1_framework\logs\info-2023-04-11.log:test_update_user_status.py:29 2023-04-11 21:22:24 >>>>>> 执行结束！
INFO    2023-04-11 21:22:24,735G:\auto_api1_framework\logs\info-2023-04-11.log:test_update_user_status.py:26 2023-04-11 21:22:24 >>>>>> 开始执行：
INFO    2023-04-11 21:22:24,739G:\auto_api1_framework\logs\info-2023-04-11.log:log_decorator.py:42 
======================================================
用例标题: 修改用户状态失败（id不存在）
请求路径: http://127.0.0.1:8888/api/private/v1/users/state/false
请求方式: PUT
请求头:   {'User-Agent': 'python-requests/2.28.2', 'Accept-Encoding': 'gzip, deflate', 'Accept': '*/*', 'Connection': 'keep-alive', 'Authorization': 'Bearer eyJhbGciOiJIUzI1NiIsInR5cCI6IkpXVCJ9.eyJ1aWQiOjUwMCwicmlkIjowLCJpYXQiOjE2ODEyMTkzNDQsImV4cCI6MTY4MTMwNTc0NH0.u16nZD_Z43xlriDUjPQt4cCoJMqfgi3vEWF2WDmxAT8', 'Content-Length': '0'}
请求内容: None
接口响应内容: {'data': None, 'meta': {'msg': 'Not Found', 'status': 404}}
接口响应时长: 2 ms
Http状态码: 200
断言结果: 200
=====================================================
INFO    2023-04-11 21:22:24,814G:\auto_api1_framework\logs\info-2023-04-11.log:test_update_user_status.py:29 2023-04-11 21:22:24 >>>>>> 执行结束！
INFO    2023-04-11 21:23:01,462G:\auto_api1_framework\logs\info-2023-04-11.log:test_update_user_status.py:26 2023-04-11 21:23:01 >>>>>> 开始执行：
INFO    2023-04-11 21:23:01,705G:\auto_api1_framework\logs\info-2023-04-11.log:log_decorator.py:42 
======================================================
用例标题: 创建用户成功（全部参数）
请求路径: http://127.0.0.1:8888/api/private/v1/users
请求方式: POST
请求头:   {'User-Agent': 'python-requests/2.28.2', 'Accept-Encoding': 'gzip, deflate', 'Accept': '*/*', 'Connection': 'keep-alive', 'Content-Type': 'application/json', 'Authorization': 'Bearer eyJhbGciOiJIUzI1NiIsInR5cCI6IkpXVCJ9.eyJ1aWQiOjUwMCwicmlkIjowLCJpYXQiOjE2ODEyMTkzODEsImV4cCI6MTY4MTMwNTc4MX0.TqavxaiPbeL852zbAblxd8JffokrORCFPFgOMNWcU-U', 'Content-Length': '107'}
请求内容: {'username': 'sSqus559', 'password': '@H1Z2scE', 'email': 'mingxiang@hotmail.com', 'mobile': '15286495112'}
接口响应内容: {'data': {'id': 994, 'username': 'sSqus559', 'mobile': '15286495112', 'email': 'mingxiang@hotmail.com', 'role_id': -1, 'create_time': 1681219381}, 'meta': {'msg': '创建成功', 'status': 201}}
接口响应时长: 81 ms
Http状态码: 200
断言结果: 200
=====================================================
INFO    2023-04-11 21:23:01,712G:\auto_api1_framework\logs\info-2023-04-11.log:log_decorator.py:42 
======================================================
用例标题: 修改用户状态成功
请求路径: http://127.0.0.1:8888/api/private/v1/users/994/state/f
请求方式: PUT
请求头:   {'User-Agent': 'python-requests/2.28.2', 'Accept-Encoding': 'gzip, deflate', 'Accept': '*/*', 'Connection': 'keep-alive', 'Authorization': 'Bearer eyJhbGciOiJIUzI1NiIsInR5cCI6IkpXVCJ9.eyJ1aWQiOjUwMCwicmlkIjowLCJpYXQiOjE2ODEyMTkzODEsImV4cCI6MTY4MTMwNTc4MX0.TqavxaiPbeL852zbAblxd8JffokrORCFPFgOMNWcU-U', 'Content-Length': '0'}
请求内容: None
接口响应内容: {'data': {'id': 994, 'rid': -1, 'username': 'sSqus559', 'mobile': '15286495112', 'email': 'mingxiang@hotmail.com', 'mg_state': 0}, 'meta': {'msg': '设置状态成功', 'status': 200}}
接口响应时长: 4 ms
Http状态码: 200
断言结果: 200
=====================================================
INFO    2023-04-11 21:23:01,713G:\auto_api1_framework\logs\info-2023-04-11.log:test_update_user_status.py:29 2023-04-11 21:23:01 >>>>>> 执行结束！
INFO    2023-04-11 21:23:01,717G:\auto_api1_framework\logs\info-2023-04-11.log:test_update_user_status.py:26 2023-04-11 21:23:01 >>>>>> 开始执行：
INFO    2023-04-11 21:23:01,721G:\auto_api1_framework\logs\info-2023-04-11.log:log_decorator.py:42 
======================================================
用例标题: 修改用户状态失败（id为字符串）
请求路径: http://127.0.0.1:8888/api/private/v1/users/XQBuLk/state/false
请求方式: PUT
请求头:   {'User-Agent': 'python-requests/2.28.2', 'Accept-Encoding': 'gzip, deflate', 'Accept': '*/*', 'Connection': 'keep-alive', 'Authorization': 'Bearer eyJhbGciOiJIUzI1NiIsInR5cCI6IkpXVCJ9.eyJ1aWQiOjUwMCwicmlkIjowLCJpYXQiOjE2ODEyMTkzODEsImV4cCI6MTY4MTMwNTc4MX0.TqavxaiPbeL852zbAblxd8JffokrORCFPFgOMNWcU-U', 'Content-Length': '0'}
请求内容: None
接口响应内容: {'data': None, 'meta': {'msg': '用户ID必须是数字', 'status': 400}}
接口响应时长: 1 ms
Http状态码: 200
断言结果: 200
=====================================================
INFO    2023-04-11 21:23:01,722G:\auto_api1_framework\logs\info-2023-04-11.log:test_update_user_status.py:29 2023-04-11 21:23:01 >>>>>> 执行结束！
INFO    2023-04-11 21:23:01,724G:\auto_api1_framework\logs\info-2023-04-11.log:test_update_user_status.py:26 2023-04-11 21:23:01 >>>>>> 开始执行：
INFO    2023-04-11 21:23:01,728G:\auto_api1_framework\logs\info-2023-04-11.log:log_decorator.py:42 
======================================================
用例标题: 修改用户状态失败（id包含特殊字符）
请求路径: http://127.0.0.1:8888/api/private/v1/users/$*%25#$/state/false
请求方式: PUT
请求头:   {'User-Agent': 'python-requests/2.28.2', 'Accept-Encoding': 'gzip, deflate', 'Accept': '*/*', 'Connection': 'keep-alive', 'Authorization': 'Bearer eyJhbGciOiJIUzI1NiIsInR5cCI6IkpXVCJ9.eyJ1aWQiOjUwMCwicmlkIjowLCJpYXQiOjE2ODEyMTkzODEsImV4cCI6MTY4MTMwNTc4MX0.TqavxaiPbeL852zbAblxd8JffokrORCFPFgOMNWcU-U', 'Content-Length': '0'}
请求内容: None
接口响应内容: {'data': None, 'meta': {'msg': '用户ID必须是数字', 'status': 400}}
接口响应时长: 1 ms
Http状态码: 200
断言结果: 200
=====================================================
INFO    2023-04-11 21:23:01,728G:\auto_api1_framework\logs\info-2023-04-11.log:test_update_user_status.py:29 2023-04-11 21:23:01 >>>>>> 执行结束！
INFO    2023-04-11 21:23:01,730G:\auto_api1_framework\logs\info-2023-04-11.log:test_update_user_status.py:26 2023-04-11 21:23:01 >>>>>> 开始执行：
INFO    2023-04-11 21:23:01,734G:\auto_api1_framework\logs\info-2023-04-11.log:log_decorator.py:42 
======================================================
用例标题: 修改用户状态失败（id不存在）
请求路径: http://127.0.0.1:8888/api/private/v1/users/state/false
请求方式: PUT
请求头:   {'User-Agent': 'python-requests/2.28.2', 'Accept-Encoding': 'gzip, deflate', 'Accept': '*/*', 'Connection': 'keep-alive', 'Authorization': 'Bearer eyJhbGciOiJIUzI1NiIsInR5cCI6IkpXVCJ9.eyJ1aWQiOjUwMCwicmlkIjowLCJpYXQiOjE2ODEyMTkzODEsImV4cCI6MTY4MTMwNTc4MX0.TqavxaiPbeL852zbAblxd8JffokrORCFPFgOMNWcU-U', 'Content-Length': '0'}
请求内容: None
接口响应内容: {'data': None, 'meta': {'msg': 'Not Found', 'status': 404}}
接口响应时长: 2 ms
Http状态码: 200
断言结果: 200
=====================================================
INFO    2023-04-11 21:23:01,736G:\auto_api1_framework\logs\info-2023-04-11.log:test_update_user_status.py:29 2023-04-11 21:23:01 >>>>>> 执行结束！
INFO    2023-04-11 21:23:56,634G:\auto_api1_framework\logs\info-2023-04-11.log:test_update_user_status.py:26 2023-04-11 21:23:56 >>>>>> 开始执行：
INFO    2023-04-11 21:23:56,870G:\auto_api1_framework\logs\info-2023-04-11.log:log_decorator.py:42 
======================================================
用例标题: 创建用户成功（全部参数）
请求路径: http://127.0.0.1:8888/api/private/v1/users
请求方式: POST
请求头:   {'User-Agent': 'python-requests/2.28.2', 'Accept-Encoding': 'gzip, deflate', 'Accept': '*/*', 'Connection': 'keep-alive', 'Content-Type': 'application/json', 'Authorization': 'Bearer eyJhbGciOiJIUzI1NiIsInR5cCI6IkpXVCJ9.eyJ1aWQiOjUwMCwicmlkIjowLCJpYXQiOjE2ODEyMTk0MzYsImV4cCI6MTY4MTMwNTgzNn0.ed61kwVLZQrRrAT4ZC_9x-XHSzeBmmqzB97V3XHXBIA', 'Content-Length': '101'}
请求内容: {'username': 'NZSfc121', 'password': ')5GnUDTo', 'email': 'yhu@hotmail.com', 'mobile': '15720364498'}
接口响应内容: {'data': {'id': 995, 'username': 'NZSfc121', 'mobile': '15720364498', 'email': 'yhu@hotmail.com', 'role_id': -1, 'create_time': 1681219436}, 'meta': {'msg': '创建成功', 'status': 201}}
接口响应时长: 73 ms
Http状态码: 200
断言结果: 200
=====================================================
INFO    2023-04-11 21:23:56,878G:\auto_api1_framework\logs\info-2023-04-11.log:log_decorator.py:42 
======================================================
用例标题: 修改用户状态成功
请求路径: http://127.0.0.1:8888/api/private/v1/users/995/state/true
请求方式: PUT
请求头:   {'User-Agent': 'python-requests/2.28.2', 'Accept-Encoding': 'gzip, deflate', 'Accept': '*/*', 'Connection': 'keep-alive', 'Authorization': 'Bearer eyJhbGciOiJIUzI1NiIsInR5cCI6IkpXVCJ9.eyJ1aWQiOjUwMCwicmlkIjowLCJpYXQiOjE2ODEyMTk0MzYsImV4cCI6MTY4MTMwNTgzNn0.ed61kwVLZQrRrAT4ZC_9x-XHSzeBmmqzB97V3XHXBIA', 'Content-Length': '0'}
请求内容: None
接口响应内容: {'data': {'id': 995, 'rid': -1, 'username': 'NZSfc121', 'mobile': '15720364498', 'email': 'yhu@hotmail.com', 'mg_state': 1}, 'meta': {'msg': '设置状态成功', 'status': 200}}
接口响应时长: 6 ms
Http状态码: 200
断言结果: 200
=====================================================
INFO    2023-04-11 21:23:56,880G:\auto_api1_framework\logs\info-2023-04-11.log:test_update_user_status.py:29 2023-04-11 21:23:56 >>>>>> 执行结束！
INFO    2023-04-11 21:23:56,882G:\auto_api1_framework\logs\info-2023-04-11.log:test_update_user_status.py:26 2023-04-11 21:23:56 >>>>>> 开始执行：
INFO    2023-04-11 21:23:56,886G:\auto_api1_framework\logs\info-2023-04-11.log:log_decorator.py:42 
======================================================
用例标题: 修改用户状态失败（id为字符串）
请求路径: http://127.0.0.1:8888/api/private/v1/users/HugOQM/state/false
请求方式: PUT
请求头:   {'User-Agent': 'python-requests/2.28.2', 'Accept-Encoding': 'gzip, deflate', 'Accept': '*/*', 'Connection': 'keep-alive', 'Authorization': 'Bearer eyJhbGciOiJIUzI1NiIsInR5cCI6IkpXVCJ9.eyJ1aWQiOjUwMCwicmlkIjowLCJpYXQiOjE2ODEyMTk0MzYsImV4cCI6MTY4MTMwNTgzNn0.ed61kwVLZQrRrAT4ZC_9x-XHSzeBmmqzB97V3XHXBIA', 'Content-Length': '0'}
请求内容: None
接口响应内容: {'data': None, 'meta': {'msg': '用户ID必须是数字', 'status': 400}}
接口响应时长: 1 ms
Http状态码: 200
断言结果: 200
=====================================================
INFO    2023-04-11 21:23:56,888G:\auto_api1_framework\logs\info-2023-04-11.log:test_update_user_status.py:29 2023-04-11 21:23:56 >>>>>> 执行结束！
INFO    2023-04-11 21:23:56,888G:\auto_api1_framework\logs\info-2023-04-11.log:test_update_user_status.py:26 2023-04-11 21:23:56 >>>>>> 开始执行：
INFO    2023-04-11 21:23:56,893G:\auto_api1_framework\logs\info-2023-04-11.log:log_decorator.py:42 
======================================================
用例标题: 修改用户状态失败（id包含特殊字符）
请求路径: http://127.0.0.1:8888/api/private/v1/users/$)&_*/state/false
请求方式: PUT
请求头:   {'User-Agent': 'python-requests/2.28.2', 'Accept-Encoding': 'gzip, deflate', 'Accept': '*/*', 'Connection': 'keep-alive', 'Authorization': 'Bearer eyJhbGciOiJIUzI1NiIsInR5cCI6IkpXVCJ9.eyJ1aWQiOjUwMCwicmlkIjowLCJpYXQiOjE2ODEyMTk0MzYsImV4cCI6MTY4MTMwNTgzNn0.ed61kwVLZQrRrAT4ZC_9x-XHSzeBmmqzB97V3XHXBIA', 'Content-Length': '0'}
请求内容: None
接口响应内容: {'data': None, 'meta': {'msg': '用户ID必须是数字', 'status': 400}}
接口响应时长: 1 ms
Http状态码: 200
断言结果: 200
=====================================================
INFO    2023-04-11 21:23:56,894G:\auto_api1_framework\logs\info-2023-04-11.log:test_update_user_status.py:29 2023-04-11 21:23:56 >>>>>> 执行结束！
INFO    2023-04-11 21:23:56,895G:\auto_api1_framework\logs\info-2023-04-11.log:test_update_user_status.py:26 2023-04-11 21:23:56 >>>>>> 开始执行：
INFO    2023-04-11 21:23:56,898G:\auto_api1_framework\logs\info-2023-04-11.log:log_decorator.py:42 
======================================================
用例标题: 修改用户状态失败（id不存在）
请求路径: http://127.0.0.1:8888/api/private/v1/users/state/false
请求方式: PUT
请求头:   {'User-Agent': 'python-requests/2.28.2', 'Accept-Encoding': 'gzip, deflate', 'Accept': '*/*', 'Connection': 'keep-alive', 'Authorization': 'Bearer eyJhbGciOiJIUzI1NiIsInR5cCI6IkpXVCJ9.eyJ1aWQiOjUwMCwicmlkIjowLCJpYXQiOjE2ODEyMTk0MzYsImV4cCI6MTY4MTMwNTgzNn0.ed61kwVLZQrRrAT4ZC_9x-XHSzeBmmqzB97V3XHXBIA', 'Content-Length': '0'}
请求内容: None
接口响应内容: {'data': None, 'meta': {'msg': 'Not Found', 'status': 404}}
接口响应时长: 1 ms
Http状态码: 200
断言结果: 200
=====================================================
INFO    2023-04-11 21:23:56,900G:\auto_api1_framework\logs\info-2023-04-11.log:test_update_user_status.py:29 2023-04-11 21:23:56 >>>>>> 执行结束！
INFO    2023-04-11 21:25:12,345G:\auto_api1_framework\logs\info-2023-04-11.log:test_update_user_status.py:26 2023-04-11 21:25:12 >>>>>> 开始执行：
INFO    2023-04-11 21:25:12,580G:\auto_api1_framework\logs\info-2023-04-11.log:log_decorator.py:42 
======================================================
用例标题: 创建用户成功（全部参数）
请求路径: http://127.0.0.1:8888/api/private/v1/users
请求方式: POST
请求头:   {'User-Agent': 'python-requests/2.28.2', 'Accept-Encoding': 'gzip, deflate', 'Accept': '*/*', 'Connection': 'keep-alive', 'Content-Type': 'application/json', 'Authorization': 'Bearer eyJhbGciOiJIUzI1NiIsInR5cCI6IkpXVCJ9.eyJ1aWQiOjUwMCwicmlkIjowLCJpYXQiOjE2ODEyMTk1MTIsImV4cCI6MTY4MTMwNTkxMn0.4vNWMewA5_1V_8Fd0jo8N0qUyEfQqDAfcwJw_rGeCnQ', 'Content-Length': '104'}
请求内容: {'username': 'bPEqJ130', 'password': '!e1Bl#O3', 'email': 'zhuwei@hotmail.com', 'mobile': '18110685102'}
接口响应内容: {'data': {'id': 996, 'username': 'bPEqJ130', 'mobile': '18110685102', 'email': 'zhuwei@hotmail.com', 'role_id': -1, 'create_time': 1681219512}, 'meta': {'msg': '创建成功', 'status': 201}}
接口响应时长: 74 ms
Http状态码: 200
断言结果: 200
=====================================================
INFO    2023-04-11 21:25:12,588G:\auto_api1_framework\logs\info-2023-04-11.log:log_decorator.py:42 
======================================================
用例标题: 修改用户状态成功
请求路径: http://127.0.0.1:8888/api/private/v1/users/996/state/true
请求方式: PUT
请求头:   {'User-Agent': 'python-requests/2.28.2', 'Accept-Encoding': 'gzip, deflate', 'Accept': '*/*', 'Connection': 'keep-alive', 'Authorization': 'Bearer eyJhbGciOiJIUzI1NiIsInR5cCI6IkpXVCJ9.eyJ1aWQiOjUwMCwicmlkIjowLCJpYXQiOjE2ODEyMTk1MTIsImV4cCI6MTY4MTMwNTkxMn0.4vNWMewA5_1V_8Fd0jo8N0qUyEfQqDAfcwJw_rGeCnQ', 'Content-Length': '0'}
请求内容: None
接口响应内容: {'data': {'id': 996, 'rid': -1, 'username': 'bPEqJ130', 'mobile': '18110685102', 'email': 'zhuwei@hotmail.com', 'mg_state': 1}, 'meta': {'msg': '设置状态成功', 'status': 200}}
接口响应时长: 5 ms
Http状态码: 200
断言结果: 200
=====================================================
INFO    2023-04-11 21:25:12,590G:\auto_api1_framework\logs\info-2023-04-11.log:test_update_user_status.py:29 2023-04-11 21:25:12 >>>>>> 执行结束！
INFO    2023-04-11 21:25:12,593G:\auto_api1_framework\logs\info-2023-04-11.log:test_update_user_status.py:26 2023-04-11 21:25:12 >>>>>> 开始执行：
INFO    2023-04-11 21:25:12,597G:\auto_api1_framework\logs\info-2023-04-11.log:log_decorator.py:42 
======================================================
用例标题: 修改用户状态失败（id为字符串）
请求路径: http://127.0.0.1:8888/api/private/v1/users/QQRGIH/state/false
请求方式: PUT
请求头:   {'User-Agent': 'python-requests/2.28.2', 'Accept-Encoding': 'gzip, deflate', 'Accept': '*/*', 'Connection': 'keep-alive', 'Authorization': 'Bearer eyJhbGciOiJIUzI1NiIsInR5cCI6IkpXVCJ9.eyJ1aWQiOjUwMCwicmlkIjowLCJpYXQiOjE2ODEyMTk1MTIsImV4cCI6MTY4MTMwNTkxMn0.4vNWMewA5_1V_8Fd0jo8N0qUyEfQqDAfcwJw_rGeCnQ', 'Content-Length': '0'}
请求内容: None
接口响应内容: {'data': None, 'meta': {'msg': '用户ID必须是数字', 'status': 400}}
接口响应时长: 1 ms
Http状态码: 200
断言结果: 200
=====================================================
INFO    2023-04-11 21:25:12,598G:\auto_api1_framework\logs\info-2023-04-11.log:test_update_user_status.py:29 2023-04-11 21:25:12 >>>>>> 执行结束！
INFO    2023-04-11 21:25:12,600G:\auto_api1_framework\logs\info-2023-04-11.log:test_update_user_status.py:26 2023-04-11 21:25:12 >>>>>> 开始执行：
INFO    2023-04-11 21:25:12,604G:\auto_api1_framework\logs\info-2023-04-11.log:log_decorator.py:42 
======================================================
用例标题: 修改用户状态失败（id包含特殊字符）
请求路径: http://127.0.0.1:8888/api/private/v1/users/)!(#(/state/false
请求方式: PUT
请求头:   {'User-Agent': 'python-requests/2.28.2', 'Accept-Encoding': 'gzip, deflate', 'Accept': '*/*', 'Connection': 'keep-alive', 'Authorization': 'Bearer eyJhbGciOiJIUzI1NiIsInR5cCI6IkpXVCJ9.eyJ1aWQiOjUwMCwicmlkIjowLCJpYXQiOjE2ODEyMTk1MTIsImV4cCI6MTY4MTMwNTkxMn0.4vNWMewA5_1V_8Fd0jo8N0qUyEfQqDAfcwJw_rGeCnQ', 'Content-Length': '0'}
请求内容: None
接口响应内容: {'data': None, 'meta': {'msg': '用户ID必须是数字', 'status': 400}}
接口响应时长: 1 ms
Http状态码: 200
断言结果: 200
=====================================================
INFO    2023-04-11 21:25:12,605G:\auto_api1_framework\logs\info-2023-04-11.log:test_update_user_status.py:29 2023-04-11 21:25:12 >>>>>> 执行结束！
INFO    2023-04-11 21:25:12,606G:\auto_api1_framework\logs\info-2023-04-11.log:test_update_user_status.py:26 2023-04-11 21:25:12 >>>>>> 开始执行：
INFO    2023-04-11 21:25:12,609G:\auto_api1_framework\logs\info-2023-04-11.log:log_decorator.py:42 
======================================================
用例标题: 修改用户状态失败（id不存在）
请求路径: http://127.0.0.1:8888/api/private/v1/users/state/false
请求方式: PUT
请求头:   {'User-Agent': 'python-requests/2.28.2', 'Accept-Encoding': 'gzip, deflate', 'Accept': '*/*', 'Connection': 'keep-alive', 'Authorization': 'Bearer eyJhbGciOiJIUzI1NiIsInR5cCI6IkpXVCJ9.eyJ1aWQiOjUwMCwicmlkIjowLCJpYXQiOjE2ODEyMTk1MTIsImV4cCI6MTY4MTMwNTkxMn0.4vNWMewA5_1V_8Fd0jo8N0qUyEfQqDAfcwJw_rGeCnQ', 'Content-Length': '0'}
请求内容: None
接口响应内容: {'data': None, 'meta': {'msg': 'Not Found', 'status': 404}}
接口响应时长: 1 ms
Http状态码: 200
断言结果: 200
=====================================================
INFO    2023-04-11 21:25:12,610G:\auto_api1_framework\logs\info-2023-04-11.log:test_update_user_status.py:29 2023-04-11 21:25:12 >>>>>> 执行结束！
INFO    2023-04-11 21:26:40,883G:\auto_api1_framework\logs\info-2023-04-11.log:test_update_user_status.py:26 2023-04-11 21:26:40 >>>>>> 开始执行：
INFO    2023-04-11 21:26:41,124G:\auto_api1_framework\logs\info-2023-04-11.log:log_decorator.py:42 
======================================================
用例标题: 创建用户成功（全部参数）
请求路径: http://127.0.0.1:8888/api/private/v1/users
请求方式: POST
请求头:   {'User-Agent': 'python-requests/2.28.2', 'Accept-Encoding': 'gzip, deflate', 'Accept': '*/*', 'Connection': 'keep-alive', 'Content-Type': 'application/json', 'Authorization': 'Bearer eyJhbGciOiJIUzI1NiIsInR5cCI6IkpXVCJ9.eyJ1aWQiOjUwMCwicmlkIjowLCJpYXQiOjE2ODEyMTk2MDAsImV4cCI6MTY4MTMwNjAwMH0.rmrXvEdas1rRHqFSaTQxTrn2F58luj8AfaqEf1QODpY', 'Content-Length': '108'}
请求内容: {'username': 'paXne258', 'password': '*)P4EQhw', 'email': 'liangguiying@yahoo.com', 'mobile': '13236378625'}
接口响应内容: {'data': {'id': 997, 'username': 'paXne258', 'mobile': '13236378625', 'email': 'liangguiying@yahoo.com', 'role_id': -1, 'create_time': 1681219601}, 'meta': {'msg': '创建成功', 'status': 201}}
接口响应时长: 73 ms
Http状态码: 200
断言结果: 200
=====================================================
INFO    2023-04-11 21:26:41,131G:\auto_api1_framework\logs\info-2023-04-11.log:log_decorator.py:42 
======================================================
用例标题: 修改用户状态成功
请求路径: http://127.0.0.1:8888/api/private/v1/users/997/state/true
请求方式: PUT
请求头:   {'User-Agent': 'python-requests/2.28.2', 'Accept-Encoding': 'gzip, deflate', 'Accept': '*/*', 'Connection': 'keep-alive', 'Authorization': 'Bearer eyJhbGciOiJIUzI1NiIsInR5cCI6IkpXVCJ9.eyJ1aWQiOjUwMCwicmlkIjowLCJpYXQiOjE2ODEyMTk2MDAsImV4cCI6MTY4MTMwNjAwMH0.rmrXvEdas1rRHqFSaTQxTrn2F58luj8AfaqEf1QODpY', 'Content-Length': '0'}
请求内容: None
接口响应内容: {'data': {'id': 997, 'rid': -1, 'username': 'paXne258', 'mobile': '13236378625', 'email': 'liangguiying@yahoo.com', 'mg_state': 1}, 'meta': {'msg': '设置状态成功', 'status': 200}}
接口响应时长: 5 ms
Http状态码: 200
断言结果: 200
=====================================================
INFO    2023-04-11 21:26:41,132G:\auto_api1_framework\logs\info-2023-04-11.log:test_update_user_status.py:29 2023-04-11 21:26:40 >>>>>> 执行结束！
INFO    2023-04-11 21:26:41,134G:\auto_api1_framework\logs\info-2023-04-11.log:test_update_user_status.py:26 2023-04-11 21:26:40 >>>>>> 开始执行：
INFO    2023-04-11 21:26:41,137G:\auto_api1_framework\logs\info-2023-04-11.log:log_decorator.py:42 
======================================================
用例标题: 修改用户状态失败（id为字符串）
请求路径: http://127.0.0.1:8888/api/private/v1/users/CgCgqk/state/false
请求方式: PUT
请求头:   {'User-Agent': 'python-requests/2.28.2', 'Accept-Encoding': 'gzip, deflate', 'Accept': '*/*', 'Connection': 'keep-alive', 'Authorization': 'Bearer eyJhbGciOiJIUzI1NiIsInR5cCI6IkpXVCJ9.eyJ1aWQiOjUwMCwicmlkIjowLCJpYXQiOjE2ODEyMTk2MDAsImV4cCI6MTY4MTMwNjAwMH0.rmrXvEdas1rRHqFSaTQxTrn2F58luj8AfaqEf1QODpY', 'Content-Length': '0'}
请求内容: None
接口响应内容: {'data': None, 'meta': {'msg': '用户ID必须是数字', 'status': 400}}
接口响应时长: 1 ms
Http状态码: 200
断言结果: 200
=====================================================
INFO    2023-04-11 21:26:41,138G:\auto_api1_framework\logs\info-2023-04-11.log:test_update_user_status.py:29 2023-04-11 21:26:40 >>>>>> 执行结束！
INFO    2023-04-11 21:26:41,140G:\auto_api1_framework\logs\info-2023-04-11.log:test_update_user_status.py:26 2023-04-11 21:26:40 >>>>>> 开始执行：
INFO    2023-04-11 21:26:41,144G:\auto_api1_framework\logs\info-2023-04-11.log:log_decorator.py:42 
======================================================
用例标题: 修改用户状态失败（id包含特殊字符）
请求路径: http://127.0.0.1:8888/api/private/v1/users/@)($@/state/false
请求方式: PUT
请求头:   {'User-Agent': 'python-requests/2.28.2', 'Accept-Encoding': 'gzip, deflate', 'Accept': '*/*', 'Connection': 'keep-alive', 'Authorization': 'Bearer eyJhbGciOiJIUzI1NiIsInR5cCI6IkpXVCJ9.eyJ1aWQiOjUwMCwicmlkIjowLCJpYXQiOjE2ODEyMTk2MDAsImV4cCI6MTY4MTMwNjAwMH0.rmrXvEdas1rRHqFSaTQxTrn2F58luj8AfaqEf1QODpY', 'Content-Length': '0'}
请求内容: None
接口响应内容: {'data': None, 'meta': {'msg': '用户ID必须是数字', 'status': 400}}
接口响应时长: 1 ms
Http状态码: 200
断言结果: 200
=====================================================
INFO    2023-04-11 21:26:41,145G:\auto_api1_framework\logs\info-2023-04-11.log:test_update_user_status.py:29 2023-04-11 21:26:40 >>>>>> 执行结束！
INFO    2023-04-11 21:26:41,146G:\auto_api1_framework\logs\info-2023-04-11.log:test_update_user_status.py:26 2023-04-11 21:26:40 >>>>>> 开始执行：
INFO    2023-04-11 21:26:41,149G:\auto_api1_framework\logs\info-2023-04-11.log:log_decorator.py:42 
======================================================
用例标题: 修改用户状态失败（id不存在）
请求路径: http://127.0.0.1:8888/api/private/v1/users/state/false
请求方式: PUT
请求头:   {'User-Agent': 'python-requests/2.28.2', 'Accept-Encoding': 'gzip, deflate', 'Accept': '*/*', 'Connection': 'keep-alive', 'Authorization': 'Bearer eyJhbGciOiJIUzI1NiIsInR5cCI6IkpXVCJ9.eyJ1aWQiOjUwMCwicmlkIjowLCJpYXQiOjE2ODEyMTk2MDAsImV4cCI6MTY4MTMwNjAwMH0.rmrXvEdas1rRHqFSaTQxTrn2F58luj8AfaqEf1QODpY', 'Content-Length': '0'}
请求内容: None
接口响应内容: {'data': None, 'meta': {'msg': 'Not Found', 'status': 404}}
接口响应时长: 1 ms
Http状态码: 200
断言结果: 200
=====================================================
INFO    2023-04-11 21:26:41,150G:\auto_api1_framework\logs\info-2023-04-11.log:test_update_user_status.py:29 2023-04-11 21:26:40 >>>>>> 执行结束！
INFO    2023-04-11 21:26:41,151G:\auto_api1_framework\logs\info-2023-04-11.log:test_update_user_status.py:26 2023-04-11 21:26:40 >>>>>> 开始执行：
INFO    2023-04-11 21:26:41,400G:\auto_api1_framework\logs\info-2023-04-11.log:log_decorator.py:42 
======================================================
用例标题: 创建用户成功（全部参数）
请求路径: http://127.0.0.1:8888/api/private/v1/users
请求方式: POST
请求头:   {'User-Agent': 'python-requests/2.28.2', 'Accept-Encoding': 'gzip, deflate', 'Accept': '*/*', 'Connection': 'keep-alive', 'Content-Type': 'application/json', 'Authorization': 'Bearer eyJhbGciOiJIUzI1NiIsInR5cCI6IkpXVCJ9.eyJ1aWQiOjUwMCwicmlkIjowLCJpYXQiOjE2ODEyMTk2MDAsImV4cCI6MTY4MTMwNjAwMH0.rmrXvEdas1rRHqFSaTQxTrn2F58luj8AfaqEf1QODpY', 'Content-Length': '104'}
请求内容: {'username': 'RbTtK278', 'password': '&qyQ8%Sf', 'email': 'weizhang@yahoo.com', 'mobile': '15100616276'}
接口响应内容: {'data': {'id': 998, 'username': 'RbTtK278', 'mobile': '15100616276', 'email': 'weizhang@yahoo.com', 'role_id': -1, 'create_time': 1681219601}, 'meta': {'msg': '创建成功', 'status': 201}}
接口响应时长: 86 ms
Http状态码: 200
断言结果: 200
=====================================================
INFO    2023-04-11 21:26:41,404G:\auto_api1_framework\logs\info-2023-04-11.log:log_decorator.py:42 
======================================================
用例标题: 修改用户状态成功（state为空）
请求路径: http://127.0.0.1:8888/api/private/v1/users/998/state
请求方式: PUT
请求头:   {'User-Agent': 'python-requests/2.28.2', 'Accept-Encoding': 'gzip, deflate', 'Accept': '*/*', 'Connection': 'keep-alive', 'Authorization': 'Bearer eyJhbGciOiJIUzI1NiIsInR5cCI6IkpXVCJ9.eyJ1aWQiOjUwMCwicmlkIjowLCJpYXQiOjE2ODEyMTk2MDAsImV4cCI6MTY4MTMwNjAwMH0.rmrXvEdas1rRHqFSaTQxTrn2F58luj8AfaqEf1QODpY', 'Content-Length': '0'}
请求内容: None
接口响应内容: {'data': None, 'meta': {'msg': 'Not Found', 'status': 404}}
接口响应时长: 1 ms
Http状态码: 200
断言结果: 200
=====================================================
INFO    2023-04-11 21:26:41,480G:\auto_api1_framework\logs\info-2023-04-11.log:test_update_user_status.py:29 2023-04-11 21:26:40 >>>>>> 执行结束！
INFO    2023-04-11 21:27:44,673G:\auto_api1_framework\logs\info-2023-04-11.log:test_update_user_status.py:26 2023-04-11 21:27:44 >>>>>> 开始执行：
INFO    2023-04-11 21:27:44,916G:\auto_api1_framework\logs\info-2023-04-11.log:log_decorator.py:42 
======================================================
用例标题: 创建用户成功（全部参数）
请求路径: http://127.0.0.1:8888/api/private/v1/users
请求方式: POST
请求头:   {'User-Agent': 'python-requests/2.28.2', 'Accept-Encoding': 'gzip, deflate', 'Accept': '*/*', 'Connection': 'keep-alive', 'Content-Type': 'application/json', 'Authorization': 'Bearer eyJhbGciOiJIUzI1NiIsInR5cCI6IkpXVCJ9.eyJ1aWQiOjUwMCwicmlkIjowLCJpYXQiOjE2ODEyMTk2NjQsImV4cCI6MTY4MTMwNjA2NH0.PvYVJLhHfIRpEFrJxzP8hiFS1RWV6rV_DN5B7RDwF1E', 'Content-Length': '105'}
请求内容: {'username': 'URifv468', 'password': 'X!4MYjQa', 'email': 'xiulancao@gmail.com', 'mobile': '13013234899'}
接口响应内容: {'data': {'id': 999, 'username': 'URifv468', 'mobile': '13013234899', 'email': 'xiulancao@gmail.com', 'role_id': -1, 'create_time': 1681219664}, 'meta': {'msg': '创建成功', 'status': 201}}
接口响应时长: 81 ms
Http状态码: 200
断言结果: 200
=====================================================
INFO    2023-04-11 21:27:44,923G:\auto_api1_framework\logs\info-2023-04-11.log:log_decorator.py:42 
======================================================
用例标题: 修改用户状态成功
请求路径: http://127.0.0.1:8888/api/private/v1/users/999/state/true
请求方式: PUT
请求头:   {'User-Agent': 'python-requests/2.28.2', 'Accept-Encoding': 'gzip, deflate', 'Accept': '*/*', 'Connection': 'keep-alive', 'Authorization': 'Bearer eyJhbGciOiJIUzI1NiIsInR5cCI6IkpXVCJ9.eyJ1aWQiOjUwMCwicmlkIjowLCJpYXQiOjE2ODEyMTk2NjQsImV4cCI6MTY4MTMwNjA2NH0.PvYVJLhHfIRpEFrJxzP8hiFS1RWV6rV_DN5B7RDwF1E', 'Content-Length': '0'}
请求内容: None
接口响应内容: {'data': {'id': 999, 'rid': -1, 'username': 'URifv468', 'mobile': '13013234899', 'email': 'xiulancao@gmail.com', 'mg_state': 1}, 'meta': {'msg': '设置状态成功', 'status': 200}}
接口响应时长: 5 ms
Http状态码: 200
断言结果: 200
=====================================================
INFO    2023-04-11 21:27:44,925G:\auto_api1_framework\logs\info-2023-04-11.log:test_update_user_status.py:29 2023-04-11 21:27:44 >>>>>> 执行结束！
INFO    2023-04-11 21:27:44,930G:\auto_api1_framework\logs\info-2023-04-11.log:test_update_user_status.py:26 2023-04-11 21:27:44 >>>>>> 开始执行：
INFO    2023-04-11 21:27:44,934G:\auto_api1_framework\logs\info-2023-04-11.log:log_decorator.py:42 
======================================================
用例标题: 修改用户状态失败（id为字符串）
请求路径: http://127.0.0.1:8888/api/private/v1/users/XATUaY/state/false
请求方式: PUT
请求头:   {'User-Agent': 'python-requests/2.28.2', 'Accept-Encoding': 'gzip, deflate', 'Accept': '*/*', 'Connection': 'keep-alive', 'Authorization': 'Bearer eyJhbGciOiJIUzI1NiIsInR5cCI6IkpXVCJ9.eyJ1aWQiOjUwMCwicmlkIjowLCJpYXQiOjE2ODEyMTk2NjQsImV4cCI6MTY4MTMwNjA2NH0.PvYVJLhHfIRpEFrJxzP8hiFS1RWV6rV_DN5B7RDwF1E', 'Content-Length': '0'}
请求内容: None
接口响应内容: {'data': None, 'meta': {'msg': '用户ID必须是数字', 'status': 400}}
接口响应时长: 1 ms
Http状态码: 200
断言结果: 200
=====================================================
INFO    2023-04-11 21:27:44,935G:\auto_api1_framework\logs\info-2023-04-11.log:test_update_user_status.py:29 2023-04-11 21:27:44 >>>>>> 执行结束！
INFO    2023-04-11 21:27:44,936G:\auto_api1_framework\logs\info-2023-04-11.log:test_update_user_status.py:26 2023-04-11 21:27:44 >>>>>> 开始执行：
INFO    2023-04-11 21:27:44,940G:\auto_api1_framework\logs\info-2023-04-11.log:log_decorator.py:42 
======================================================
用例标题: 修改用户状态失败（id包含特殊字符）
请求路径: http://127.0.0.1:8888/api/private/v1/users/$+%25$!/state/false
请求方式: PUT
请求头:   {'User-Agent': 'python-requests/2.28.2', 'Accept-Encoding': 'gzip, deflate', 'Accept': '*/*', 'Connection': 'keep-alive', 'Authorization': 'Bearer eyJhbGciOiJIUzI1NiIsInR5cCI6IkpXVCJ9.eyJ1aWQiOjUwMCwicmlkIjowLCJpYXQiOjE2ODEyMTk2NjQsImV4cCI6MTY4MTMwNjA2NH0.PvYVJLhHfIRpEFrJxzP8hiFS1RWV6rV_DN5B7RDwF1E', 'Content-Length': '0'}
请求内容: None
接口响应内容: {'data': None, 'meta': {'msg': '用户ID必须是数字', 'status': 400}}
接口响应时长: 2 ms
Http状态码: 200
断言结果: 200
=====================================================
INFO    2023-04-11 21:27:44,942G:\auto_api1_framework\logs\info-2023-04-11.log:test_update_user_status.py:29 2023-04-11 21:27:44 >>>>>> 执行结束！
INFO    2023-04-11 21:27:44,943G:\auto_api1_framework\logs\info-2023-04-11.log:test_update_user_status.py:26 2023-04-11 21:27:44 >>>>>> 开始执行：
INFO    2023-04-11 21:27:44,946G:\auto_api1_framework\logs\info-2023-04-11.log:log_decorator.py:42 
======================================================
用例标题: 修改用户状态失败（id不存在）
请求路径: http://127.0.0.1:8888/api/private/v1/users/state/false
请求方式: PUT
请求头:   {'User-Agent': 'python-requests/2.28.2', 'Accept-Encoding': 'gzip, deflate', 'Accept': '*/*', 'Connection': 'keep-alive', 'Authorization': 'Bearer eyJhbGciOiJIUzI1NiIsInR5cCI6IkpXVCJ9.eyJ1aWQiOjUwMCwicmlkIjowLCJpYXQiOjE2ODEyMTk2NjQsImV4cCI6MTY4MTMwNjA2NH0.PvYVJLhHfIRpEFrJxzP8hiFS1RWV6rV_DN5B7RDwF1E', 'Content-Length': '0'}
请求内容: None
接口响应内容: {'data': None, 'meta': {'msg': 'Not Found', 'status': 404}}
接口响应时长: 2 ms
Http状态码: 200
断言结果: 200
=====================================================
INFO    2023-04-11 21:27:44,948G:\auto_api1_framework\logs\info-2023-04-11.log:test_update_user_status.py:29 2023-04-11 21:27:44 >>>>>> 执行结束！
INFO    2023-04-11 21:27:44,948G:\auto_api1_framework\logs\info-2023-04-11.log:test_update_user_status.py:26 2023-04-11 21:27:44 >>>>>> 开始执行：
INFO    2023-04-11 21:27:45,195G:\auto_api1_framework\logs\info-2023-04-11.log:log_decorator.py:42 
======================================================
用例标题: 创建用户成功（全部参数）
请求路径: http://127.0.0.1:8888/api/private/v1/users
请求方式: POST
请求头:   {'User-Agent': 'python-requests/2.28.2', 'Accept-Encoding': 'gzip, deflate', 'Accept': '*/*', 'Connection': 'keep-alive', 'Content-Type': 'application/json', 'Authorization': 'Bearer eyJhbGciOiJIUzI1NiIsInR5cCI6IkpXVCJ9.eyJ1aWQiOjUwMCwicmlkIjowLCJpYXQiOjE2ODEyMTk2NjQsImV4cCI6MTY4MTMwNjA2NH0.PvYVJLhHfIRpEFrJxzP8hiFS1RWV6rV_DN5B7RDwF1E', 'Content-Length': '105'}
请求内容: {'username': 'jkZKH549', 'password': '$lW5ZncM', 'email': 'xiaxiao@hotmail.com', 'mobile': '18183677771'}
接口响应内容: {'data': {'id': 1000, 'username': 'jkZKH549', 'mobile': '18183677771', 'email': 'xiaxiao@hotmail.com', 'role_id': -1, 'create_time': 1681219665}, 'meta': {'msg': '创建成功', 'status': 201}}
接口响应时长: 81 ms
Http状态码: 200
断言结果: 200
=====================================================
INFO    2023-04-11 21:27:45,198G:\auto_api1_framework\logs\info-2023-04-11.log:log_decorator.py:42 
======================================================
用例标题: 修改用户状态成功（state为空）
请求路径: http://127.0.0.1:8888/api/private/v1/users/1000/state
请求方式: PUT
请求头:   {'User-Agent': 'python-requests/2.28.2', 'Accept-Encoding': 'gzip, deflate', 'Accept': '*/*', 'Connection': 'keep-alive', 'Authorization': 'Bearer eyJhbGciOiJIUzI1NiIsInR5cCI6IkpXVCJ9.eyJ1aWQiOjUwMCwicmlkIjowLCJpYXQiOjE2ODEyMTk2NjQsImV4cCI6MTY4MTMwNjA2NH0.PvYVJLhHfIRpEFrJxzP8hiFS1RWV6rV_DN5B7RDwF1E', 'Content-Length': '0'}
请求内容: None
接口响应内容: {'data': None, 'meta': {'msg': 'Not Found', 'status': 404}}
接口响应时长: 1 ms
Http状态码: 200
断言结果: 200
=====================================================
INFO    2023-04-11 21:27:45,273G:\auto_api1_framework\logs\info-2023-04-11.log:test_update_user_status.py:29 2023-04-11 21:27:44 >>>>>> 执行结束！
INFO    2023-04-11 21:27:58,016G:\auto_api1_framework\logs\info-2023-04-11.log:test_update_user_status.py:26 2023-04-11 21:27:57 >>>>>> 开始执行：
INFO    2023-04-11 21:27:58,252G:\auto_api1_framework\logs\info-2023-04-11.log:log_decorator.py:42 
======================================================
用例标题: 创建用户成功（全部参数）
请求路径: http://127.0.0.1:8888/api/private/v1/users
请求方式: POST
请求头:   {'User-Agent': 'python-requests/2.28.2', 'Accept-Encoding': 'gzip, deflate', 'Accept': '*/*', 'Connection': 'keep-alive', 'Content-Type': 'application/json', 'Authorization': 'Bearer eyJhbGciOiJIUzI1NiIsInR5cCI6IkpXVCJ9.eyJ1aWQiOjUwMCwicmlkIjowLCJpYXQiOjE2ODEyMTk2NzgsImV4cCI6MTY4MTMwNjA3OH0.3j2XdZPmPFI4N50kgl7tWhfir3BW0-WlJcDuFx-eSjo', 'Content-Length': '104'}
请求内容: {'username': 'qmhWB962', 'password': 'y0#6B3kP', 'email': 'yang08@hotmail.com', 'mobile': '13407282807'}
接口响应内容: {'data': {'id': 1001, 'username': 'qmhWB962', 'mobile': '13407282807', 'email': 'yang08@hotmail.com', 'role_id': -1, 'create_time': 1681219678}, 'meta': {'msg': '创建成功', 'status': 201}}
接口响应时长: 77 ms
Http状态码: 200
断言结果: 200
=====================================================
INFO    2023-04-11 21:27:58,258G:\auto_api1_framework\logs\info-2023-04-11.log:log_decorator.py:42 
======================================================
用例标题: 修改用户状态成功
请求路径: http://127.0.0.1:8888/api/private/v1/users/1001/state/true
请求方式: PUT
请求头:   {'User-Agent': 'python-requests/2.28.2', 'Accept-Encoding': 'gzip, deflate', 'Accept': '*/*', 'Connection': 'keep-alive', 'Authorization': 'Bearer eyJhbGciOiJIUzI1NiIsInR5cCI6IkpXVCJ9.eyJ1aWQiOjUwMCwicmlkIjowLCJpYXQiOjE2ODEyMTk2NzgsImV4cCI6MTY4MTMwNjA3OH0.3j2XdZPmPFI4N50kgl7tWhfir3BW0-WlJcDuFx-eSjo', 'Content-Length': '0'}
请求内容: None
接口响应内容: {'data': {'id': 1001, 'rid': -1, 'username': 'qmhWB962', 'mobile': '13407282807', 'email': 'yang08@hotmail.com', 'mg_state': 1}, 'meta': {'msg': '设置状态成功', 'status': 200}}
接口响应时长: 4 ms
Http状态码: 200
断言结果: 200
=====================================================
INFO    2023-04-11 21:27:58,259G:\auto_api1_framework\logs\info-2023-04-11.log:test_update_user_status.py:29 2023-04-11 21:27:57 >>>>>> 执行结束！
INFO    2023-04-11 21:27:58,262G:\auto_api1_framework\logs\info-2023-04-11.log:test_update_user_status.py:26 2023-04-11 21:27:57 >>>>>> 开始执行：
INFO    2023-04-11 21:27:58,265G:\auto_api1_framework\logs\info-2023-04-11.log:log_decorator.py:42 
======================================================
用例标题: 修改用户状态失败（id为字符串）
请求路径: http://127.0.0.1:8888/api/private/v1/users/OREJNs/state/false
请求方式: PUT
请求头:   {'User-Agent': 'python-requests/2.28.2', 'Accept-Encoding': 'gzip, deflate', 'Accept': '*/*', 'Connection': 'keep-alive', 'Authorization': 'Bearer eyJhbGciOiJIUzI1NiIsInR5cCI6IkpXVCJ9.eyJ1aWQiOjUwMCwicmlkIjowLCJpYXQiOjE2ODEyMTk2NzgsImV4cCI6MTY4MTMwNjA3OH0.3j2XdZPmPFI4N50kgl7tWhfir3BW0-WlJcDuFx-eSjo', 'Content-Length': '0'}
请求内容: None
接口响应内容: {'data': None, 'meta': {'msg': '用户ID必须是数字', 'status': 400}}
接口响应时长: 1 ms
Http状态码: 200
断言结果: 200
=====================================================
INFO    2023-04-11 21:27:58,266G:\auto_api1_framework\logs\info-2023-04-11.log:test_update_user_status.py:29 2023-04-11 21:27:57 >>>>>> 执行结束！
INFO    2023-04-11 21:27:58,267G:\auto_api1_framework\logs\info-2023-04-11.log:test_update_user_status.py:26 2023-04-11 21:27:57 >>>>>> 开始执行：
INFO    2023-04-11 21:27:58,270G:\auto_api1_framework\logs\info-2023-04-11.log:log_decorator.py:42 
======================================================
用例标题: 修改用户状态失败（id包含特殊字符）
请求路径: http://127.0.0.1:8888/api/private/v1/users/(&!(@/state/false
请求方式: PUT
请求头:   {'User-Agent': 'python-requests/2.28.2', 'Accept-Encoding': 'gzip, deflate', 'Accept': '*/*', 'Connection': 'keep-alive', 'Authorization': 'Bearer eyJhbGciOiJIUzI1NiIsInR5cCI6IkpXVCJ9.eyJ1aWQiOjUwMCwicmlkIjowLCJpYXQiOjE2ODEyMTk2NzgsImV4cCI6MTY4MTMwNjA3OH0.3j2XdZPmPFI4N50kgl7tWhfir3BW0-WlJcDuFx-eSjo', 'Content-Length': '0'}
请求内容: None
接口响应内容: {'data': None, 'meta': {'msg': '用户ID必须是数字', 'status': 400}}
接口响应时长: 1 ms
Http状态码: 200
断言结果: 200
=====================================================
INFO    2023-04-11 21:27:58,272G:\auto_api1_framework\logs\info-2023-04-11.log:test_update_user_status.py:29 2023-04-11 21:27:57 >>>>>> 执行结束！
INFO    2023-04-11 21:27:58,273G:\auto_api1_framework\logs\info-2023-04-11.log:test_update_user_status.py:26 2023-04-11 21:27:57 >>>>>> 开始执行：
INFO    2023-04-11 21:27:58,278G:\auto_api1_framework\logs\info-2023-04-11.log:log_decorator.py:42 
======================================================
用例标题: 修改用户状态失败（id不存在）
请求路径: http://127.0.0.1:8888/api/private/v1/users/state/false
请求方式: PUT
请求头:   {'User-Agent': 'python-requests/2.28.2', 'Accept-Encoding': 'gzip, deflate', 'Accept': '*/*', 'Connection': 'keep-alive', 'Authorization': 'Bearer eyJhbGciOiJIUzI1NiIsInR5cCI6IkpXVCJ9.eyJ1aWQiOjUwMCwicmlkIjowLCJpYXQiOjE2ODEyMTk2NzgsImV4cCI6MTY4MTMwNjA3OH0.3j2XdZPmPFI4N50kgl7tWhfir3BW0-WlJcDuFx-eSjo', 'Content-Length': '0'}
请求内容: None
接口响应内容: {'data': None, 'meta': {'msg': 'Not Found', 'status': 404}}
接口响应时长: 2 ms
Http状态码: 200
断言结果: 200
=====================================================
INFO    2023-04-11 21:27:58,279G:\auto_api1_framework\logs\info-2023-04-11.log:test_update_user_status.py:29 2023-04-11 21:27:57 >>>>>> 执行结束！
INFO    2023-04-11 21:27:58,280G:\auto_api1_framework\logs\info-2023-04-11.log:test_update_user_status.py:26 2023-04-11 21:27:57 >>>>>> 开始执行：
INFO    2023-04-11 21:27:58,520G:\auto_api1_framework\logs\info-2023-04-11.log:log_decorator.py:42 
======================================================
用例标题: 创建用户成功（全部参数）
请求路径: http://127.0.0.1:8888/api/private/v1/users
请求方式: POST
请求头:   {'User-Agent': 'python-requests/2.28.2', 'Accept-Encoding': 'gzip, deflate', 'Accept': '*/*', 'Connection': 'keep-alive', 'Content-Type': 'application/json', 'Authorization': 'Bearer eyJhbGciOiJIUzI1NiIsInR5cCI6IkpXVCJ9.eyJ1aWQiOjUwMCwicmlkIjowLCJpYXQiOjE2ODEyMTk2NzgsImV4cCI6MTY4MTMwNjA3OH0.3j2XdZPmPFI4N50kgl7tWhfir3BW0-WlJcDuFx-eSjo', 'Content-Length': '105'}
请求内容: {'username': 'EWwwC902', 'password': 'I%5PVigg', 'email': 'yangliang@yahoo.com', 'mobile': '15855398775'}
接口响应内容: {'data': {'id': 1002, 'username': 'EWwwC902', 'mobile': '15855398775', 'email': 'yangliang@yahoo.com', 'role_id': -1, 'create_time': 1681219678}, 'meta': {'msg': '创建成功', 'status': 201}}
接口响应时长: 79 ms
Http状态码: 200
断言结果: 200
=====================================================
INFO    2023-04-11 21:27:58,522G:\auto_api1_framework\logs\info-2023-04-11.log:log_decorator.py:42 
======================================================
用例标题: 修改用户状态成功（state为空）
请求路径: http://127.0.0.1:8888/api/private/v1/users/1002/state
请求方式: PUT
请求头:   {'User-Agent': 'python-requests/2.28.2', 'Accept-Encoding': 'gzip, deflate', 'Accept': '*/*', 'Connection': 'keep-alive', 'Authorization': 'Bearer eyJhbGciOiJIUzI1NiIsInR5cCI6IkpXVCJ9.eyJ1aWQiOjUwMCwicmlkIjowLCJpYXQiOjE2ODEyMTk2NzgsImV4cCI6MTY4MTMwNjA3OH0.3j2XdZPmPFI4N50kgl7tWhfir3BW0-WlJcDuFx-eSjo', 'Content-Length': '0'}
请求内容: None
接口响应内容: {'data': None, 'meta': {'msg': 'Not Found', 'status': 404}}
接口响应时长: 1 ms
Http状态码: 200
断言结果: 200
=====================================================
INFO    2023-04-11 21:27:58,599G:\auto_api1_framework\logs\info-2023-04-11.log:test_update_user_status.py:29 2023-04-11 21:27:57 >>>>>> 执行结束！
INFO    2023-04-11 21:28:27,888G:\auto_api1_framework\logs\info-2023-04-11.log:test_update_user_status.py:26 2023-04-11 21:28:27 >>>>>> 开始执行：
INFO    2023-04-11 21:28:28,128G:\auto_api1_framework\logs\info-2023-04-11.log:log_decorator.py:42 
======================================================
用例标题: 创建用户成功（全部参数）
请求路径: http://127.0.0.1:8888/api/private/v1/users
请求方式: POST
请求头:   {'User-Agent': 'python-requests/2.28.2', 'Accept-Encoding': 'gzip, deflate', 'Accept': '*/*', 'Connection': 'keep-alive', 'Content-Type': 'application/json', 'Authorization': 'Bearer eyJhbGciOiJIUzI1NiIsInR5cCI6IkpXVCJ9.eyJ1aWQiOjUwMCwicmlkIjowLCJpYXQiOjE2ODEyMTk3MDcsImV4cCI6MTY4MTMwNjEwN30.oWFel_EGQ_59P-PTuTOAnrCXBqg5YhRSpuWR0NKz9AQ', 'Content-Length': '102'}
请求内容: {'username': 'qIUeH818', 'password': '9D)704At', 'email': 'xpan@hotmail.com', 'mobile': '18158865369'}
接口响应内容: {'data': {'id': 1003, 'username': 'qIUeH818', 'mobile': '18158865369', 'email': 'xpan@hotmail.com', 'role_id': -1, 'create_time': 1681219708}, 'meta': {'msg': '创建成功', 'status': 201}}
接口响应时长: 77 ms
Http状态码: 200
断言结果: 200
=====================================================
INFO    2023-04-11 21:28:28,135G:\auto_api1_framework\logs\info-2023-04-11.log:log_decorator.py:42 
======================================================
用例标题: 修改用户状态成功
请求路径: http://127.0.0.1:8888/api/private/v1/users/1003/state/true
请求方式: PUT
请求头:   {'User-Agent': 'python-requests/2.28.2', 'Accept-Encoding': 'gzip, deflate', 'Accept': '*/*', 'Connection': 'keep-alive', 'Authorization': 'Bearer eyJhbGciOiJIUzI1NiIsInR5cCI6IkpXVCJ9.eyJ1aWQiOjUwMCwicmlkIjowLCJpYXQiOjE2ODEyMTk3MDcsImV4cCI6MTY4MTMwNjEwN30.oWFel_EGQ_59P-PTuTOAnrCXBqg5YhRSpuWR0NKz9AQ', 'Content-Length': '0'}
请求内容: None
接口响应内容: {'data': {'id': 1003, 'rid': -1, 'username': 'qIUeH818', 'mobile': '18158865369', 'email': 'xpan@hotmail.com', 'mg_state': 1}, 'meta': {'msg': '设置状态成功', 'status': 200}}
接口响应时长: 5 ms
Http状态码: 200
断言结果: 200
=====================================================
INFO    2023-04-11 21:28:28,137G:\auto_api1_framework\logs\info-2023-04-11.log:test_update_user_status.py:29 2023-04-11 21:28:27 >>>>>> 执行结束！
INFO    2023-04-11 21:28:28,141G:\auto_api1_framework\logs\info-2023-04-11.log:test_update_user_status.py:26 2023-04-11 21:28:27 >>>>>> 开始执行：
INFO    2023-04-11 21:28:28,146G:\auto_api1_framework\logs\info-2023-04-11.log:log_decorator.py:42 
======================================================
用例标题: 修改用户状态失败（id为字符串）
请求路径: http://127.0.0.1:8888/api/private/v1/users/FjmTRn/state/false
请求方式: PUT
请求头:   {'User-Agent': 'python-requests/2.28.2', 'Accept-Encoding': 'gzip, deflate', 'Accept': '*/*', 'Connection': 'keep-alive', 'Authorization': 'Bearer eyJhbGciOiJIUzI1NiIsInR5cCI6IkpXVCJ9.eyJ1aWQiOjUwMCwicmlkIjowLCJpYXQiOjE2ODEyMTk3MDcsImV4cCI6MTY4MTMwNjEwN30.oWFel_EGQ_59P-PTuTOAnrCXBqg5YhRSpuWR0NKz9AQ', 'Content-Length': '0'}
请求内容: None
接口响应内容: {'data': None, 'meta': {'msg': '用户ID必须是数字', 'status': 400}}
接口响应时长: 2 ms
Http状态码: 200
断言结果: 200
=====================================================
INFO    2023-04-11 21:28:28,147G:\auto_api1_framework\logs\info-2023-04-11.log:test_update_user_status.py:29 2023-04-11 21:28:27 >>>>>> 执行结束！
INFO    2023-04-11 21:28:28,148G:\auto_api1_framework\logs\info-2023-04-11.log:test_update_user_status.py:26 2023-04-11 21:28:27 >>>>>> 开始执行：
INFO    2023-04-11 21:28:28,152G:\auto_api1_framework\logs\info-2023-04-11.log:log_decorator.py:42 
======================================================
用例标题: 修改用户状态失败（id包含特殊字符）
请求路径: http://127.0.0.1:8888/api/private/v1/users/#$%5E(+/state/false
请求方式: PUT
请求头:   {'User-Agent': 'python-requests/2.28.2', 'Accept-Encoding': 'gzip, deflate', 'Accept': '*/*', 'Connection': 'keep-alive', 'Authorization': 'Bearer eyJhbGciOiJIUzI1NiIsInR5cCI6IkpXVCJ9.eyJ1aWQiOjUwMCwicmlkIjowLCJpYXQiOjE2ODEyMTk3MDcsImV4cCI6MTY4MTMwNjEwN30.oWFel_EGQ_59P-PTuTOAnrCXBqg5YhRSpuWR0NKz9AQ', 'Content-Length': '0'}
请求内容: None
接口响应内容: {'data': None, 'meta': {'msg': 'Not Found', 'status': 404}}
接口响应时长: 1 ms
Http状态码: 200
断言结果: 200
=====================================================
INFO    2023-04-11 21:28:28,222G:\auto_api1_framework\logs\info-2023-04-11.log:test_update_user_status.py:29 2023-04-11 21:28:27 >>>>>> 执行结束！
INFO    2023-04-11 21:28:28,223G:\auto_api1_framework\logs\info-2023-04-11.log:test_update_user_status.py:26 2023-04-11 21:28:27 >>>>>> 开始执行：
INFO    2023-04-11 21:28:28,226G:\auto_api1_framework\logs\info-2023-04-11.log:log_decorator.py:42 
======================================================
用例标题: 修改用户状态失败（id不存在）
请求路径: http://127.0.0.1:8888/api/private/v1/users/state/false
请求方式: PUT
请求头:   {'User-Agent': 'python-requests/2.28.2', 'Accept-Encoding': 'gzip, deflate', 'Accept': '*/*', 'Connection': 'keep-alive', 'Authorization': 'Bearer eyJhbGciOiJIUzI1NiIsInR5cCI6IkpXVCJ9.eyJ1aWQiOjUwMCwicmlkIjowLCJpYXQiOjE2ODEyMTk3MDcsImV4cCI6MTY4MTMwNjEwN30.oWFel_EGQ_59P-PTuTOAnrCXBqg5YhRSpuWR0NKz9AQ', 'Content-Length': '0'}
请求内容: None
接口响应内容: {'data': None, 'meta': {'msg': 'Not Found', 'status': 404}}
接口响应时长: 1 ms
Http状态码: 200
断言结果: 200
=====================================================
INFO    2023-04-11 21:28:28,228G:\auto_api1_framework\logs\info-2023-04-11.log:test_update_user_status.py:29 2023-04-11 21:28:27 >>>>>> 执行结束！
INFO    2023-04-11 21:28:28,229G:\auto_api1_framework\logs\info-2023-04-11.log:test_update_user_status.py:26 2023-04-11 21:28:27 >>>>>> 开始执行：
INFO    2023-04-11 21:28:28,470G:\auto_api1_framework\logs\info-2023-04-11.log:log_decorator.py:42 
======================================================
用例标题: 创建用户成功（全部参数）
请求路径: http://127.0.0.1:8888/api/private/v1/users
请求方式: POST
请求头:   {'User-Agent': 'python-requests/2.28.2', 'Accept-Encoding': 'gzip, deflate', 'Accept': '*/*', 'Connection': 'keep-alive', 'Content-Type': 'application/json', 'Authorization': 'Bearer eyJhbGciOiJIUzI1NiIsInR5cCI6IkpXVCJ9.eyJ1aWQiOjUwMCwicmlkIjowLCJpYXQiOjE2ODEyMTk3MDcsImV4cCI6MTY4MTMwNjEwN30.oWFel_EGQ_59P-PTuTOAnrCXBqg5YhRSpuWR0NKz9AQ', 'Content-Length': '106'}
请求内容: {'username': 'ycjHY455', 'password': 'G@9Ayzvx', 'email': 'yanguiying@yahoo.com', 'mobile': '14750778691'}
接口响应内容: {'data': {'id': 1004, 'username': 'ycjHY455', 'mobile': '14750778691', 'email': 'yanguiying@yahoo.com', 'role_id': -1, 'create_time': 1681219708}, 'meta': {'msg': '创建成功', 'status': 201}}
接口响应时长: 82 ms
Http状态码: 200
断言结果: 200
=====================================================
INFO    2023-04-11 21:28:28,473G:\auto_api1_framework\logs\info-2023-04-11.log:log_decorator.py:42 
======================================================
用例标题: 修改用户状态成功（state为空）
请求路径: http://127.0.0.1:8888/api/private/v1/users/1004/state
请求方式: PUT
请求头:   {'User-Agent': 'python-requests/2.28.2', 'Accept-Encoding': 'gzip, deflate', 'Accept': '*/*', 'Connection': 'keep-alive', 'Authorization': 'Bearer eyJhbGciOiJIUzI1NiIsInR5cCI6IkpXVCJ9.eyJ1aWQiOjUwMCwicmlkIjowLCJpYXQiOjE2ODEyMTk3MDcsImV4cCI6MTY4MTMwNjEwN30.oWFel_EGQ_59P-PTuTOAnrCXBqg5YhRSpuWR0NKz9AQ', 'Content-Length': '0'}
请求内容: None
接口响应内容: {'data': None, 'meta': {'msg': 'Not Found', 'status': 404}}
接口响应时长: 1 ms
Http状态码: 200
断言结果: 200
=====================================================
INFO    2023-04-11 21:28:28,474G:\auto_api1_framework\logs\info-2023-04-11.log:test_update_user_status.py:29 2023-04-11 21:28:27 >>>>>> 执行结束！
INFO    2023-04-11 21:28:46,957G:\auto_api1_framework\logs\info-2023-04-11.log:test_update_user_status.py:26 2023-04-11 21:28:46 >>>>>> 开始执行：
INFO    2023-04-11 21:28:47,199G:\auto_api1_framework\logs\info-2023-04-11.log:log_decorator.py:42 
======================================================
用例标题: 创建用户成功（全部参数）
请求路径: http://127.0.0.1:8888/api/private/v1/users
请求方式: POST
请求头:   {'User-Agent': 'python-requests/2.28.2', 'Accept-Encoding': 'gzip, deflate', 'Accept': '*/*', 'Connection': 'keep-alive', 'Content-Type': 'application/json', 'Authorization': 'Bearer eyJhbGciOiJIUzI1NiIsInR5cCI6IkpXVCJ9.eyJ1aWQiOjUwMCwicmlkIjowLCJpYXQiOjE2ODEyMTk3MjYsImV4cCI6MTY4MTMwNjEyNn0.lenCt5nh9NlJ7zlSNSPDJi67eL0ajRjlAy12L699z8M', 'Content-Length': '101'}
请求内容: {'username': 'HzqHW881', 'password': '&0S++UnR', 'email': 'xia78@yahoo.com', 'mobile': '13017365295'}
接口响应内容: {'data': {'id': 1005, 'username': 'HzqHW881', 'mobile': '13017365295', 'email': 'xia78@yahoo.com', 'role_id': -1, 'create_time': 1681219727}, 'meta': {'msg': '创建成功', 'status': 201}}
接口响应时长: 79 ms
Http状态码: 200
断言结果: 200
=====================================================
INFO    2023-04-11 21:28:47,206G:\auto_api1_framework\logs\info-2023-04-11.log:log_decorator.py:42 
======================================================
用例标题: 修改用户状态成功
请求路径: http://127.0.0.1:8888/api/private/v1/users/1005/state/true
请求方式: PUT
请求头:   {'User-Agent': 'python-requests/2.28.2', 'Accept-Encoding': 'gzip, deflate', 'Accept': '*/*', 'Connection': 'keep-alive', 'Authorization': 'Bearer eyJhbGciOiJIUzI1NiIsInR5cCI6IkpXVCJ9.eyJ1aWQiOjUwMCwicmlkIjowLCJpYXQiOjE2ODEyMTk3MjYsImV4cCI6MTY4MTMwNjEyNn0.lenCt5nh9NlJ7zlSNSPDJi67eL0ajRjlAy12L699z8M', 'Content-Length': '0'}
请求内容: None
接口响应内容: {'data': {'id': 1005, 'rid': -1, 'username': 'HzqHW881', 'mobile': '13017365295', 'email': 'xia78@yahoo.com', 'mg_state': 1}, 'meta': {'msg': '设置状态成功', 'status': 200}}
接口响应时长: 4 ms
Http状态码: 200
断言结果: 200
=====================================================
INFO    2023-04-11 21:28:47,208G:\auto_api1_framework\logs\info-2023-04-11.log:test_update_user_status.py:29 2023-04-11 21:28:46 >>>>>> 执行结束！
INFO    2023-04-11 21:28:47,210G:\auto_api1_framework\logs\info-2023-04-11.log:test_update_user_status.py:26 2023-04-11 21:28:46 >>>>>> 开始执行：
INFO    2023-04-11 21:28:47,214G:\auto_api1_framework\logs\info-2023-04-11.log:log_decorator.py:42 
======================================================
用例标题: 修改用户状态失败（id为字符串）
请求路径: http://127.0.0.1:8888/api/private/v1/users/aJkyHl/state/false
请求方式: PUT
请求头:   {'User-Agent': 'python-requests/2.28.2', 'Accept-Encoding': 'gzip, deflate', 'Accept': '*/*', 'Connection': 'keep-alive', 'Authorization': 'Bearer eyJhbGciOiJIUzI1NiIsInR5cCI6IkpXVCJ9.eyJ1aWQiOjUwMCwicmlkIjowLCJpYXQiOjE2ODEyMTk3MjYsImV4cCI6MTY4MTMwNjEyNn0.lenCt5nh9NlJ7zlSNSPDJi67eL0ajRjlAy12L699z8M', 'Content-Length': '0'}
请求内容: None
接口响应内容: {'data': None, 'meta': {'msg': '用户ID必须是数字', 'status': 400}}
接口响应时长: 1 ms
Http状态码: 200
断言结果: 200
=====================================================
INFO    2023-04-11 21:28:47,217G:\auto_api1_framework\logs\info-2023-04-11.log:test_update_user_status.py:29 2023-04-11 21:28:46 >>>>>> 执行结束！
INFO    2023-04-11 21:28:47,218G:\auto_api1_framework\logs\info-2023-04-11.log:test_update_user_status.py:26 2023-04-11 21:28:46 >>>>>> 开始执行：
INFO    2023-04-11 21:28:47,222G:\auto_api1_framework\logs\info-2023-04-11.log:log_decorator.py:42 
======================================================
用例标题: 修改用户状态失败（id包含特殊字符）
请求路径: http://127.0.0.1:8888/api/private/v1/users/$)_&%5E/state/false
请求方式: PUT
请求头:   {'User-Agent': 'python-requests/2.28.2', 'Accept-Encoding': 'gzip, deflate', 'Accept': '*/*', 'Connection': 'keep-alive', 'Authorization': 'Bearer eyJhbGciOiJIUzI1NiIsInR5cCI6IkpXVCJ9.eyJ1aWQiOjUwMCwicmlkIjowLCJpYXQiOjE2ODEyMTk3MjYsImV4cCI6MTY4MTMwNjEyNn0.lenCt5nh9NlJ7zlSNSPDJi67eL0ajRjlAy12L699z8M', 'Content-Length': '0'}
请求内容: None
接口响应内容: {'data': None, 'meta': {'msg': '用户ID必须是数字', 'status': 400}}
接口响应时长: 1 ms
Http状态码: 200
断言结果: 200
=====================================================
INFO    2023-04-11 21:28:47,223G:\auto_api1_framework\logs\info-2023-04-11.log:test_update_user_status.py:29 2023-04-11 21:28:46 >>>>>> 执行结束！
INFO    2023-04-11 21:28:47,224G:\auto_api1_framework\logs\info-2023-04-11.log:test_update_user_status.py:26 2023-04-11 21:28:46 >>>>>> 开始执行：
INFO    2023-04-11 21:28:47,228G:\auto_api1_framework\logs\info-2023-04-11.log:log_decorator.py:42 
======================================================
用例标题: 修改用户状态失败（id不存在）
请求路径: http://127.0.0.1:8888/api/private/v1/users/state/false
请求方式: PUT
请求头:   {'User-Agent': 'python-requests/2.28.2', 'Accept-Encoding': 'gzip, deflate', 'Accept': '*/*', 'Connection': 'keep-alive', 'Authorization': 'Bearer eyJhbGciOiJIUzI1NiIsInR5cCI6IkpXVCJ9.eyJ1aWQiOjUwMCwicmlkIjowLCJpYXQiOjE2ODEyMTk3MjYsImV4cCI6MTY4MTMwNjEyNn0.lenCt5nh9NlJ7zlSNSPDJi67eL0ajRjlAy12L699z8M', 'Content-Length': '0'}
请求内容: None
接口响应内容: {'data': None, 'meta': {'msg': 'Not Found', 'status': 404}}
接口响应时长: 1 ms
Http状态码: 200
断言结果: 200
=====================================================
INFO    2023-04-11 21:28:47,230G:\auto_api1_framework\logs\info-2023-04-11.log:test_update_user_status.py:29 2023-04-11 21:28:46 >>>>>> 执行结束！
INFO    2023-04-11 21:28:47,231G:\auto_api1_framework\logs\info-2023-04-11.log:test_update_user_status.py:26 2023-04-11 21:28:46 >>>>>> 开始执行：
INFO    2023-04-11 21:28:47,471G:\auto_api1_framework\logs\info-2023-04-11.log:log_decorator.py:42 
======================================================
用例标题: 创建用户成功（全部参数）
请求路径: http://127.0.0.1:8888/api/private/v1/users
请求方式: POST
请求头:   {'User-Agent': 'python-requests/2.28.2', 'Accept-Encoding': 'gzip, deflate', 'Accept': '*/*', 'Connection': 'keep-alive', 'Content-Type': 'application/json', 'Authorization': 'Bearer eyJhbGciOiJIUzI1NiIsInR5cCI6IkpXVCJ9.eyJ1aWQiOjUwMCwicmlkIjowLCJpYXQiOjE2ODEyMTk3MjYsImV4cCI6MTY4MTMwNjEyNn0.lenCt5nh9NlJ7zlSNSPDJi67eL0ajRjlAy12L699z8M', 'Content-Length': '102'}
请求内容: {'username': 'cESEV978', 'password': '+VJ2_Fwv', 'email': 'yong82@gmail.com', 'mobile': '13413791328'}
接口响应内容: {'data': {'id': 1006, 'username': 'cESEV978', 'mobile': '13413791328', 'email': 'yong82@gmail.com', 'role_id': -1, 'create_time': 1681219727}, 'meta': {'msg': '创建成功', 'status': 201}}
接口响应时长: 76 ms
Http状态码: 200
断言结果: 200
=====================================================
INFO    2023-04-11 21:28:47,473G:\auto_api1_framework\logs\info-2023-04-11.log:log_decorator.py:42 
======================================================
用例标题: 修改用户状态成功（state为空）
请求路径: http://127.0.0.1:8888/api/private/v1/users/1006/state
请求方式: PUT
请求头:   {'User-Agent': 'python-requests/2.28.2', 'Accept-Encoding': 'gzip, deflate', 'Accept': '*/*', 'Connection': 'keep-alive', 'Authorization': 'Bearer eyJhbGciOiJIUzI1NiIsInR5cCI6IkpXVCJ9.eyJ1aWQiOjUwMCwicmlkIjowLCJpYXQiOjE2ODEyMTk3MjYsImV4cCI6MTY4MTMwNjEyNn0.lenCt5nh9NlJ7zlSNSPDJi67eL0ajRjlAy12L699z8M', 'Content-Length': '0'}
请求内容: None
接口响应内容: {'data': None, 'meta': {'msg': 'Not Found', 'status': 404}}
接口响应时长: 1 ms
Http状态码: 200
断言结果: 200
=====================================================
INFO    2023-04-11 21:28:47,475G:\auto_api1_framework\logs\info-2023-04-11.log:test_update_user_status.py:29 2023-04-11 21:28:46 >>>>>> 执行结束！
INFO    2023-04-11 21:30:13,477G:\auto_api1_framework\logs\info-2023-04-11.log:test_update_user_status.py:26 2023-04-11 21:30:13 >>>>>> 开始执行：
INFO    2023-04-11 21:30:13,727G:\auto_api1_framework\logs\info-2023-04-11.log:log_decorator.py:42 
======================================================
用例标题: 创建用户成功（全部参数）
请求路径: http://127.0.0.1:8888/api/private/v1/users
请求方式: POST
请求头:   {'User-Agent': 'python-requests/2.28.2', 'Accept-Encoding': 'gzip, deflate', 'Accept': '*/*', 'Connection': 'keep-alive', 'Content-Type': 'application/json', 'Authorization': 'Bearer eyJhbGciOiJIUzI1NiIsInR5cCI6IkpXVCJ9.eyJ1aWQiOjUwMCwicmlkIjowLCJpYXQiOjE2ODEyMTk4MTMsImV4cCI6MTY4MTMwNjIxM30.Fj4CLSMM3_S4YldTG644y26Baq1l8yqmHU0BnmiIn1M', 'Content-Length': '103'}
请求内容: {'username': 'qHjMW225', 'password': '!6(LUJey', 'email': 'yan17@hotmail.com', 'mobile': '15961975194'}
接口响应内容: {'data': {'id': 1007, 'username': 'qHjMW225', 'mobile': '15961975194', 'email': 'yan17@hotmail.com', 'role_id': -1, 'create_time': 1681219813}, 'meta': {'msg': '创建成功', 'status': 201}}
接口响应时长: 79 ms
Http状态码: 200
断言结果: 200
=====================================================
INFO    2023-04-11 21:30:13,734G:\auto_api1_framework\logs\info-2023-04-11.log:log_decorator.py:42 
======================================================
用例标题: 修改用户状态成功
请求路径: http://127.0.0.1:8888/api/private/v1/users/1007/state/true
请求方式: PUT
请求头:   {'User-Agent': 'python-requests/2.28.2', 'Accept-Encoding': 'gzip, deflate', 'Accept': '*/*', 'Connection': 'keep-alive', 'Authorization': 'Bearer eyJhbGciOiJIUzI1NiIsInR5cCI6IkpXVCJ9.eyJ1aWQiOjUwMCwicmlkIjowLCJpYXQiOjE2ODEyMTk4MTMsImV4cCI6MTY4MTMwNjIxM30.Fj4CLSMM3_S4YldTG644y26Baq1l8yqmHU0BnmiIn1M', 'Content-Length': '0'}
请求内容: None
接口响应内容: {'data': {'id': 1007, 'rid': -1, 'username': 'qHjMW225', 'mobile': '15961975194', 'email': 'yan17@hotmail.com', 'mg_state': 1}, 'meta': {'msg': '设置状态成功', 'status': 200}}
接口响应时长: 5 ms
Http状态码: 200
断言结果: 200
=====================================================
INFO    2023-04-11 21:30:13,736G:\auto_api1_framework\logs\info-2023-04-11.log:test_update_user_status.py:29 2023-04-11 21:30:13 >>>>>> 执行结束！
INFO    2023-04-11 21:30:13,738G:\auto_api1_framework\logs\info-2023-04-11.log:test_update_user_status.py:26 2023-04-11 21:30:13 >>>>>> 开始执行：
INFO    2023-04-11 21:30:13,742G:\auto_api1_framework\logs\info-2023-04-11.log:log_decorator.py:42 
======================================================
用例标题: 修改用户状态失败（id为字符串）
请求路径: http://127.0.0.1:8888/api/private/v1/users/lDySEs/state/false
请求方式: PUT
请求头:   {'User-Agent': 'python-requests/2.28.2', 'Accept-Encoding': 'gzip, deflate', 'Accept': '*/*', 'Connection': 'keep-alive', 'Authorization': 'Bearer eyJhbGciOiJIUzI1NiIsInR5cCI6IkpXVCJ9.eyJ1aWQiOjUwMCwicmlkIjowLCJpYXQiOjE2ODEyMTk4MTMsImV4cCI6MTY4MTMwNjIxM30.Fj4CLSMM3_S4YldTG644y26Baq1l8yqmHU0BnmiIn1M', 'Content-Length': '0'}
请求内容: None
接口响应内容: {'data': None, 'meta': {'msg': '用户ID必须是数字', 'status': 400}}
接口响应时长: 1 ms
Http状态码: 200
断言结果: 200
=====================================================
INFO    2023-04-11 21:30:13,743G:\auto_api1_framework\logs\info-2023-04-11.log:test_update_user_status.py:29 2023-04-11 21:30:13 >>>>>> 执行结束！
INFO    2023-04-11 21:30:13,745G:\auto_api1_framework\logs\info-2023-04-11.log:test_update_user_status.py:26 2023-04-11 21:30:13 >>>>>> 开始执行：
INFO    2023-04-11 21:30:13,748G:\auto_api1_framework\logs\info-2023-04-11.log:log_decorator.py:42 
======================================================
用例标题: 修改用户状态失败（id包含特殊字符）
请求路径: http://127.0.0.1:8888/api/private/v1/users/__&+#/state/false
请求方式: PUT
请求头:   {'User-Agent': 'python-requests/2.28.2', 'Accept-Encoding': 'gzip, deflate', 'Accept': '*/*', 'Connection': 'keep-alive', 'Authorization': 'Bearer eyJhbGciOiJIUzI1NiIsInR5cCI6IkpXVCJ9.eyJ1aWQiOjUwMCwicmlkIjowLCJpYXQiOjE2ODEyMTk4MTMsImV4cCI6MTY4MTMwNjIxM30.Fj4CLSMM3_S4YldTG644y26Baq1l8yqmHU0BnmiIn1M', 'Content-Length': '0'}
请求内容: None
接口响应内容: {'data': None, 'meta': {'msg': '用户ID必须是数字', 'status': 400}}
接口响应时长: 1 ms
Http状态码: 200
断言结果: 200
=====================================================
INFO    2023-04-11 21:30:13,749G:\auto_api1_framework\logs\info-2023-04-11.log:test_update_user_status.py:29 2023-04-11 21:30:13 >>>>>> 执行结束！
INFO    2023-04-11 21:30:13,751G:\auto_api1_framework\logs\info-2023-04-11.log:test_update_user_status.py:26 2023-04-11 21:30:13 >>>>>> 开始执行：
INFO    2023-04-11 21:30:13,756G:\auto_api1_framework\logs\info-2023-04-11.log:log_decorator.py:42 
======================================================
用例标题: 修改用户状态失败（id不存在）
请求路径: http://127.0.0.1:8888/api/private/v1/users/state/false
请求方式: PUT
请求头:   {'User-Agent': 'python-requests/2.28.2', 'Accept-Encoding': 'gzip, deflate', 'Accept': '*/*', 'Connection': 'keep-alive', 'Authorization': 'Bearer eyJhbGciOiJIUzI1NiIsInR5cCI6IkpXVCJ9.eyJ1aWQiOjUwMCwicmlkIjowLCJpYXQiOjE2ODEyMTk4MTMsImV4cCI6MTY4MTMwNjIxM30.Fj4CLSMM3_S4YldTG644y26Baq1l8yqmHU0BnmiIn1M', 'Content-Length': '0'}
请求内容: None
接口响应内容: {'data': None, 'meta': {'msg': 'Not Found', 'status': 404}}
接口响应时长: 1 ms
Http状态码: 200
断言结果: 200
=====================================================
INFO    2023-04-11 21:30:13,757G:\auto_api1_framework\logs\info-2023-04-11.log:test_update_user_status.py:29 2023-04-11 21:30:13 >>>>>> 执行结束！
INFO    2023-04-11 21:30:13,758G:\auto_api1_framework\logs\info-2023-04-11.log:test_update_user_status.py:26 2023-04-11 21:30:13 >>>>>> 开始执行：
INFO    2023-04-11 21:30:14,021G:\auto_api1_framework\logs\info-2023-04-11.log:log_decorator.py:42 
======================================================
用例标题: 创建用户成功（全部参数）
请求路径: http://127.0.0.1:8888/api/private/v1/users
请求方式: POST
请求头:   {'User-Agent': 'python-requests/2.28.2', 'Accept-Encoding': 'gzip, deflate', 'Accept': '*/*', 'Connection': 'keep-alive', 'Content-Type': 'application/json', 'Authorization': 'Bearer eyJhbGciOiJIUzI1NiIsInR5cCI6IkpXVCJ9.eyJ1aWQiOjUwMCwicmlkIjowLCJpYXQiOjE2ODEyMTk4MTMsImV4cCI6MTY4MTMwNjIxM30.Fj4CLSMM3_S4YldTG644y26Baq1l8yqmHU0BnmiIn1M', 'Content-Length': '105'}
请求内容: {'username': 'hplGU747', 'password': '@1HCgfk_', 'email': 'caigang@hotmail.com', 'mobile': '14735483257'}
接口响应内容: {'data': {'id': 1008, 'username': 'hplGU747', 'mobile': '14735483257', 'email': 'caigang@hotmail.com', 'role_id': -1, 'create_time': 1681219814}, 'meta': {'msg': '创建成功', 'status': 201}}
接口响应时长: 97 ms
Http状态码: 200
断言结果: 200
=====================================================
INFO    2023-04-11 21:30:14,026G:\auto_api1_framework\logs\info-2023-04-11.log:log_decorator.py:42 
======================================================
用例标题: 修改用户状态失败（state为空）
请求路径: http://127.0.0.1:8888/api/private/v1/users/1008/state
请求方式: PUT
请求头:   {'User-Agent': 'python-requests/2.28.2', 'Accept-Encoding': 'gzip, deflate', 'Accept': '*/*', 'Connection': 'keep-alive', 'Authorization': 'Bearer eyJhbGciOiJIUzI1NiIsInR5cCI6IkpXVCJ9.eyJ1aWQiOjUwMCwicmlkIjowLCJpYXQiOjE2ODEyMTk4MTMsImV4cCI6MTY4MTMwNjIxM30.Fj4CLSMM3_S4YldTG644y26Baq1l8yqmHU0BnmiIn1M', 'Content-Length': '0'}
请求内容: None
接口响应内容: {'data': None, 'meta': {'msg': 'Not Found', 'status': 404}}
接口响应时长: 2 ms
Http状态码: 200
断言结果: 200
=====================================================
INFO    2023-04-11 21:30:14,027G:\auto_api1_framework\logs\info-2023-04-11.log:test_update_user_status.py:29 2023-04-11 21:30:13 >>>>>> 执行结束！
INFO    2023-04-11 21:30:14,029G:\auto_api1_framework\logs\info-2023-04-11.log:test_update_user_status.py:26 2023-04-11 21:30:13 >>>>>> 开始执行：
INFO    2023-04-11 21:30:14,278G:\auto_api1_framework\logs\info-2023-04-11.log:log_decorator.py:42 
======================================================
用例标题: 创建用户成功（全部参数）
请求路径: http://127.0.0.1:8888/api/private/v1/users
请求方式: POST
请求头:   {'User-Agent': 'python-requests/2.28.2', 'Accept-Encoding': 'gzip, deflate', 'Accept': '*/*', 'Connection': 'keep-alive', 'Content-Type': 'application/json', 'Authorization': 'Bearer eyJhbGciOiJIUzI1NiIsInR5cCI6IkpXVCJ9.eyJ1aWQiOjUwMCwicmlkIjowLCJpYXQiOjE2ODEyMTk4MTMsImV4cCI6MTY4MTMwNjIxM30.Fj4CLSMM3_S4YldTG644y26Baq1l8yqmHU0BnmiIn1M', 'Content-Length': '102'}
请求内容: {'username': 'gpMay821', 'password': '^EjnZ0Js', 'email': 'na18@hotmail.com', 'mobile': '13818591679'}
接口响应内容: {'data': {'id': 1009, 'username': 'gpMay821', 'mobile': '13818591679', 'email': 'na18@hotmail.com', 'role_id': -1, 'create_time': 1681219814}, 'meta': {'msg': '创建成功', 'status': 201}}
接口响应时长: 81 ms
Http状态码: 200
断言结果: 200
=====================================================
INFO    2023-04-11 21:30:14,285G:\auto_api1_framework\logs\info-2023-04-11.log:log_decorator.py:42 
======================================================
用例标题: 修改用户状态失败（state为纯数字）
请求路径: http://127.0.0.1:8888/api/private/v1/users/1009/state/674742
请求方式: PUT
请求头:   {'User-Agent': 'python-requests/2.28.2', 'Accept-Encoding': 'gzip, deflate', 'Accept': '*/*', 'Connection': 'keep-alive', 'Authorization': 'Bearer eyJhbGciOiJIUzI1NiIsInR5cCI6IkpXVCJ9.eyJ1aWQiOjUwMCwicmlkIjowLCJpYXQiOjE2ODEyMTk4MTMsImV4cCI6MTY4MTMwNjIxM30.Fj4CLSMM3_S4YldTG644y26Baq1l8yqmHU0BnmiIn1M', 'Content-Length': '0'}
请求内容: None
接口响应内容: {'data': {'id': 1009, 'rid': -1, 'username': 'gpMay821', 'mobile': '13818591679', 'email': 'na18@hotmail.com', 'mg_state': 0}, 'meta': {'msg': '设置状态成功', 'status': 200}}
接口响应时长: 5 ms
Http状态码: 200
断言结果: 200
=====================================================
INFO    2023-04-11 21:30:14,355G:\auto_api1_framework\logs\info-2023-04-11.log:test_update_user_status.py:29 2023-04-11 21:30:13 >>>>>> 执行结束！
INFO    2023-04-11 21:31:13,746G:\auto_api1_framework\logs\info-2023-04-11.log:test_update_user_status.py:26 2023-04-11 21:31:13 >>>>>> 开始执行：
INFO    2023-04-11 21:31:13,994G:\auto_api1_framework\logs\info-2023-04-11.log:log_decorator.py:42 
======================================================
用例标题: 创建用户成功（全部参数）
请求路径: http://127.0.0.1:8888/api/private/v1/users
请求方式: POST
请求头:   {'User-Agent': 'python-requests/2.28.2', 'Accept-Encoding': 'gzip, deflate', 'Accept': '*/*', 'Connection': 'keep-alive', 'Content-Type': 'application/json', 'Authorization': 'Bearer eyJhbGciOiJIUzI1NiIsInR5cCI6IkpXVCJ9.eyJ1aWQiOjUwMCwicmlkIjowLCJpYXQiOjE2ODEyMTk4NzMsImV4cCI6MTY4MTMwNjI3M30.PF4aEmdkazRPqRToNdsfyVJHDBuMDeP62eJE10uy3Cs', 'Content-Length': '101'}
请求内容: {'username': 'QwYQn098', 'password': 'vp^7Q8bH', 'email': 'maoli@gmail.com', 'mobile': '18069302208'}
接口响应内容: {'data': {'id': 1010, 'username': 'QwYQn098', 'mobile': '18069302208', 'email': 'maoli@gmail.com', 'role_id': -1, 'create_time': 1681219873}, 'meta': {'msg': '创建成功', 'status': 201}}
接口响应时长: 83 ms
Http状态码: 200
断言结果: 200
=====================================================
INFO    2023-04-11 21:31:14,006G:\auto_api1_framework\logs\info-2023-04-11.log:log_decorator.py:42 
======================================================
用例标题: 修改用户状态成功
请求路径: http://127.0.0.1:8888/api/private/v1/users/1010/state/true
请求方式: PUT
请求头:   {'User-Agent': 'python-requests/2.28.2', 'Accept-Encoding': 'gzip, deflate', 'Accept': '*/*', 'Connection': 'keep-alive', 'Authorization': 'Bearer eyJhbGciOiJIUzI1NiIsInR5cCI6IkpXVCJ9.eyJ1aWQiOjUwMCwicmlkIjowLCJpYXQiOjE2ODEyMTk4NzMsImV4cCI6MTY4MTMwNjI3M30.PF4aEmdkazRPqRToNdsfyVJHDBuMDeP62eJE10uy3Cs', 'Content-Length': '0'}
请求内容: None
接口响应内容: {'data': {'id': 1010, 'rid': -1, 'username': 'QwYQn098', 'mobile': '18069302208', 'email': 'maoli@gmail.com', 'mg_state': 1}, 'meta': {'msg': '设置状态成功', 'status': 200}}
接口响应时长: 10 ms
Http状态码: 200
断言结果: 200
=====================================================
INFO    2023-04-11 21:31:14,007G:\auto_api1_framework\logs\info-2023-04-11.log:test_update_user_status.py:29 2023-04-11 21:31:13 >>>>>> 执行结束！
INFO    2023-04-11 21:31:14,011G:\auto_api1_framework\logs\info-2023-04-11.log:test_update_user_status.py:26 2023-04-11 21:31:13 >>>>>> 开始执行：
INFO    2023-04-11 21:31:14,015G:\auto_api1_framework\logs\info-2023-04-11.log:log_decorator.py:42 
======================================================
用例标题: 修改用户状态失败（id为字符串）
请求路径: http://127.0.0.1:8888/api/private/v1/users/AaBZka/state/false
请求方式: PUT
请求头:   {'User-Agent': 'python-requests/2.28.2', 'Accept-Encoding': 'gzip, deflate', 'Accept': '*/*', 'Connection': 'keep-alive', 'Authorization': 'Bearer eyJhbGciOiJIUzI1NiIsInR5cCI6IkpXVCJ9.eyJ1aWQiOjUwMCwicmlkIjowLCJpYXQiOjE2ODEyMTk4NzMsImV4cCI6MTY4MTMwNjI3M30.PF4aEmdkazRPqRToNdsfyVJHDBuMDeP62eJE10uy3Cs', 'Content-Length': '0'}
请求内容: None
接口响应内容: {'data': None, 'meta': {'msg': '用户ID必须是数字', 'status': 400}}
接口响应时长: 2 ms
Http状态码: 200
断言结果: 200
=====================================================
INFO    2023-04-11 21:31:14,016G:\auto_api1_framework\logs\info-2023-04-11.log:test_update_user_status.py:29 2023-04-11 21:31:13 >>>>>> 执行结束！
INFO    2023-04-11 21:31:14,017G:\auto_api1_framework\logs\info-2023-04-11.log:test_update_user_status.py:26 2023-04-11 21:31:13 >>>>>> 开始执行：
INFO    2023-04-11 21:31:14,021G:\auto_api1_framework\logs\info-2023-04-11.log:log_decorator.py:42 
======================================================
用例标题: 修改用户状态失败（id包含特殊字符）
请求路径: http://127.0.0.1:8888/api/private/v1/users/)%5E%5E+@/state/false
请求方式: PUT
请求头:   {'User-Agent': 'python-requests/2.28.2', 'Accept-Encoding': 'gzip, deflate', 'Accept': '*/*', 'Connection': 'keep-alive', 'Authorization': 'Bearer eyJhbGciOiJIUzI1NiIsInR5cCI6IkpXVCJ9.eyJ1aWQiOjUwMCwicmlkIjowLCJpYXQiOjE2ODEyMTk4NzMsImV4cCI6MTY4MTMwNjI3M30.PF4aEmdkazRPqRToNdsfyVJHDBuMDeP62eJE10uy3Cs', 'Content-Length': '0'}
请求内容: None
接口响应内容: {'data': None, 'meta': {'msg': '用户ID必须是数字', 'status': 400}}
接口响应时长: 2 ms
Http状态码: 200
断言结果: 200
=====================================================
INFO    2023-04-11 21:31:14,022G:\auto_api1_framework\logs\info-2023-04-11.log:test_update_user_status.py:29 2023-04-11 21:31:13 >>>>>> 执行结束！
INFO    2023-04-11 21:31:14,024G:\auto_api1_framework\logs\info-2023-04-11.log:test_update_user_status.py:26 2023-04-11 21:31:13 >>>>>> 开始执行：
INFO    2023-04-11 21:31:14,028G:\auto_api1_framework\logs\info-2023-04-11.log:log_decorator.py:42 
======================================================
用例标题: 修改用户状态失败（id不存在）
请求路径: http://127.0.0.1:8888/api/private/v1/users/state/false
请求方式: PUT
请求头:   {'User-Agent': 'python-requests/2.28.2', 'Accept-Encoding': 'gzip, deflate', 'Accept': '*/*', 'Connection': 'keep-alive', 'Authorization': 'Bearer eyJhbGciOiJIUzI1NiIsInR5cCI6IkpXVCJ9.eyJ1aWQiOjUwMCwicmlkIjowLCJpYXQiOjE2ODEyMTk4NzMsImV4cCI6MTY4MTMwNjI3M30.PF4aEmdkazRPqRToNdsfyVJHDBuMDeP62eJE10uy3Cs', 'Content-Length': '0'}
请求内容: None
接口响应内容: {'data': None, 'meta': {'msg': 'Not Found', 'status': 404}}
接口响应时长: 1 ms
Http状态码: 200
断言结果: 200
=====================================================
INFO    2023-04-11 21:31:14,028G:\auto_api1_framework\logs\info-2023-04-11.log:test_update_user_status.py:29 2023-04-11 21:31:13 >>>>>> 执行结束！
INFO    2023-04-11 21:31:14,030G:\auto_api1_framework\logs\info-2023-04-11.log:test_update_user_status.py:26 2023-04-11 21:31:13 >>>>>> 开始执行：
INFO    2023-04-11 21:31:14,285G:\auto_api1_framework\logs\info-2023-04-11.log:log_decorator.py:42 
======================================================
用例标题: 创建用户成功（全部参数）
请求路径: http://127.0.0.1:8888/api/private/v1/users
请求方式: POST
请求头:   {'User-Agent': 'python-requests/2.28.2', 'Accept-Encoding': 'gzip, deflate', 'Accept': '*/*', 'Connection': 'keep-alive', 'Content-Type': 'application/json', 'Authorization': 'Bearer eyJhbGciOiJIUzI1NiIsInR5cCI6IkpXVCJ9.eyJ1aWQiOjUwMCwicmlkIjowLCJpYXQiOjE2ODEyMTk4NzMsImV4cCI6MTY4MTMwNjI3M30.PF4aEmdkazRPqRToNdsfyVJHDBuMDeP62eJE10uy3Cs', 'Content-Length': '108'}
请求内容: {'username': 'ehDVs251', 'password': '_!R(4#Hj', 'email': 'guiyinglin@hotmail.com', 'mobile': '15974235113'}
接口响应内容: {'data': {'id': 1011, 'username': 'ehDVs251', 'mobile': '15974235113', 'email': 'guiyinglin@hotmail.com', 'role_id': -1, 'create_time': 1681219874}, 'meta': {'msg': '创建成功', 'status': 201}}
接口响应时长: 93 ms
Http状态码: 200
断言结果: 200
=====================================================
INFO    2023-04-11 21:31:14,288G:\auto_api1_framework\logs\info-2023-04-11.log:log_decorator.py:42 
======================================================
用例标题: 修改用户状态失败（state为空）
请求路径: http://127.0.0.1:8888/api/private/v1/users/1011/state
请求方式: PUT
请求头:   {'User-Agent': 'python-requests/2.28.2', 'Accept-Encoding': 'gzip, deflate', 'Accept': '*/*', 'Connection': 'keep-alive', 'Authorization': 'Bearer eyJhbGciOiJIUzI1NiIsInR5cCI6IkpXVCJ9.eyJ1aWQiOjUwMCwicmlkIjowLCJpYXQiOjE2ODEyMTk4NzMsImV4cCI6MTY4MTMwNjI3M30.PF4aEmdkazRPqRToNdsfyVJHDBuMDeP62eJE10uy3Cs', 'Content-Length': '0'}
请求内容: None
接口响应内容: {'data': None, 'meta': {'msg': 'Not Found', 'status': 404}}
接口响应时长: 1 ms
Http状态码: 200
断言结果: 200
=====================================================
INFO    2023-04-11 21:31:14,290G:\auto_api1_framework\logs\info-2023-04-11.log:test_update_user_status.py:29 2023-04-11 21:31:13 >>>>>> 执行结束！
INFO    2023-04-11 21:31:14,294G:\auto_api1_framework\logs\info-2023-04-11.log:test_update_user_status.py:26 2023-04-11 21:31:13 >>>>>> 开始执行：
INFO    2023-04-11 21:31:14,542G:\auto_api1_framework\logs\info-2023-04-11.log:log_decorator.py:42 
======================================================
用例标题: 创建用户成功（全部参数）
请求路径: http://127.0.0.1:8888/api/private/v1/users
请求方式: POST
请求头:   {'User-Agent': 'python-requests/2.28.2', 'Accept-Encoding': 'gzip, deflate', 'Accept': '*/*', 'Connection': 'keep-alive', 'Content-Type': 'application/json', 'Authorization': 'Bearer eyJhbGciOiJIUzI1NiIsInR5cCI6IkpXVCJ9.eyJ1aWQiOjUwMCwicmlkIjowLCJpYXQiOjE2ODEyMTk4NzMsImV4cCI6MTY4MTMwNjI3M30.PF4aEmdkazRPqRToNdsfyVJHDBuMDeP62eJE10uy3Cs', 'Content-Length': '106'}
请求内容: {'username': 'Lfhvd975', 'password': 'O+3bQSRg', 'email': 'zhongyan@hotmail.com', 'mobile': '13678784203'}
接口响应内容: {'data': {'id': 1012, 'username': 'Lfhvd975', 'mobile': '13678784203', 'email': 'zhongyan@hotmail.com', 'role_id': -1, 'create_time': 1681219874}, 'meta': {'msg': '创建成功', 'status': 201}}
接口响应时长: 79 ms
Http状态码: 200
断言结果: 200
=====================================================
INFO    2023-04-11 21:31:14,548G:\auto_api1_framework\logs\info-2023-04-11.log:log_decorator.py:42 
======================================================
用例标题: 修改用户状态成功（state为纯数字）
请求路径: http://127.0.0.1:8888/api/private/v1/users/1012/state/670111
请求方式: PUT
请求头:   {'User-Agent': 'python-requests/2.28.2', 'Accept-Encoding': 'gzip, deflate', 'Accept': '*/*', 'Connection': 'keep-alive', 'Authorization': 'Bearer eyJhbGciOiJIUzI1NiIsInR5cCI6IkpXVCJ9.eyJ1aWQiOjUwMCwicmlkIjowLCJpYXQiOjE2ODEyMTk4NzMsImV4cCI6MTY4MTMwNjI3M30.PF4aEmdkazRPqRToNdsfyVJHDBuMDeP62eJE10uy3Cs', 'Content-Length': '0'}
请求内容: None
接口响应内容: {'data': {'id': 1012, 'rid': -1, 'username': 'Lfhvd975', 'mobile': '13678784203', 'email': 'zhongyan@hotmail.com', 'mg_state': 0}, 'meta': {'msg': '设置状态成功', 'status': 200}}
接口响应时长: 4 ms
Http状态码: 200
断言结果: 200
=====================================================
INFO    2023-04-11 21:31:14,550G:\auto_api1_framework\logs\info-2023-04-11.log:test_update_user_status.py:29 2023-04-11 21:31:13 >>>>>> 执行结束！
INFO    2023-04-11 21:31:14,552G:\auto_api1_framework\logs\info-2023-04-11.log:test_update_user_status.py:26 2023-04-11 21:31:13 >>>>>> 开始执行：
INFO    2023-04-11 21:31:14,795G:\auto_api1_framework\logs\info-2023-04-11.log:log_decorator.py:42 
======================================================
用例标题: 创建用户成功（全部参数）
请求路径: http://127.0.0.1:8888/api/private/v1/users
请求方式: POST
请求头:   {'User-Agent': 'python-requests/2.28.2', 'Accept-Encoding': 'gzip, deflate', 'Accept': '*/*', 'Connection': 'keep-alive', 'Content-Type': 'application/json', 'Authorization': 'Bearer eyJhbGciOiJIUzI1NiIsInR5cCI6IkpXVCJ9.eyJ1aWQiOjUwMCwicmlkIjowLCJpYXQiOjE2ODEyMTk4NzMsImV4cCI6MTY4MTMwNjI3M30.PF4aEmdkazRPqRToNdsfyVJHDBuMDeP62eJE10uy3Cs', 'Content-Length': '105'}
请求内容: {'username': 'Zvqkh722', 'password': '^2gVL%Nm', 'email': 'minshen@hotmail.com', 'mobile': '15039167797'}
接口响应内容: {'data': {'id': 1013, 'username': 'Zvqkh722', 'mobile': '15039167797', 'email': 'minshen@hotmail.com', 'role_id': -1, 'create_time': 1681219874}, 'meta': {'msg': '创建成功', 'status': 201}}
接口响应时长: 81 ms
Http状态码: 200
断言结果: 200
=====================================================
INFO    2023-04-11 21:31:14,802G:\auto_api1_framework\logs\info-2023-04-11.log:log_decorator.py:42 
======================================================
用例标题: 修改用户状态成功（state为纯字母）
请求路径: http://127.0.0.1:8888/api/private/v1/users/1013/state/ovpfKS
请求方式: PUT
请求头:   {'User-Agent': 'python-requests/2.28.2', 'Accept-Encoding': 'gzip, deflate', 'Accept': '*/*', 'Connection': 'keep-alive', 'Authorization': 'Bearer eyJhbGciOiJIUzI1NiIsInR5cCI6IkpXVCJ9.eyJ1aWQiOjUwMCwicmlkIjowLCJpYXQiOjE2ODEyMTk4NzMsImV4cCI6MTY4MTMwNjI3M30.PF4aEmdkazRPqRToNdsfyVJHDBuMDeP62eJE10uy3Cs', 'Content-Length': '0'}
请求内容: None
接口响应内容: {'data': {'id': 1013, 'rid': -1, 'username': 'Zvqkh722', 'mobile': '15039167797', 'email': 'minshen@hotmail.com', 'mg_state': 0}, 'meta': {'msg': '设置状态成功', 'status': 200}}
接口响应时长: 4 ms
Http状态码: 200
断言结果: 200
=====================================================
INFO    2023-04-11 21:31:14,803G:\auto_api1_framework\logs\info-2023-04-11.log:test_update_user_status.py:29 2023-04-11 21:31:13 >>>>>> 执行结束！
INFO    2023-04-11 21:33:52,381G:\auto_api1_framework\logs\info-2023-04-11.log:test_update_user_status.py:26 2023-04-11 21:33:52 >>>>>> 开始执行：
INFO    2023-04-11 21:33:52,628G:\auto_api1_framework\logs\info-2023-04-11.log:log_decorator.py:42 
======================================================
用例标题: 创建用户成功（全部参数）
请求路径: http://127.0.0.1:8888/api/private/v1/users
请求方式: POST
请求头:   {'User-Agent': 'python-requests/2.28.2', 'Accept-Encoding': 'gzip, deflate', 'Accept': '*/*', 'Connection': 'keep-alive', 'Content-Type': 'application/json', 'Authorization': 'Bearer eyJhbGciOiJIUzI1NiIsInR5cCI6IkpXVCJ9.eyJ1aWQiOjUwMCwicmlkIjowLCJpYXQiOjE2ODEyMjAwMzIsImV4cCI6MTY4MTMwNjQzMn0.piXr7-HsiY_3Y1sEPCDixkdkT_lO4mbxIRXtk_qvJiQ', 'Content-Length': '106'}
请求内容: {'username': 'ulQTL792', 'password': '8F@5OdgI', 'email': 'xiulan17@hotmail.com', 'mobile': '15032590111'}
接口响应内容: {'data': {'id': 1014, 'username': 'ulQTL792', 'mobile': '15032590111', 'email': 'xiulan17@hotmail.com', 'role_id': -1, 'create_time': 1681220032}, 'meta': {'msg': '创建成功', 'status': 201}}
接口响应时长: 82 ms
Http状态码: 200
断言结果: 200
=====================================================
INFO    2023-04-11 21:33:52,636G:\auto_api1_framework\logs\info-2023-04-11.log:log_decorator.py:42 
======================================================
用例标题: 修改用户状态成功
请求路径: http://127.0.0.1:8888/api/private/v1/users/1014/state/true
请求方式: PUT
请求头:   {'User-Agent': 'python-requests/2.28.2', 'Accept-Encoding': 'gzip, deflate', 'Accept': '*/*', 'Connection': 'keep-alive', 'Authorization': 'Bearer eyJhbGciOiJIUzI1NiIsInR5cCI6IkpXVCJ9.eyJ1aWQiOjUwMCwicmlkIjowLCJpYXQiOjE2ODEyMjAwMzIsImV4cCI6MTY4MTMwNjQzMn0.piXr7-HsiY_3Y1sEPCDixkdkT_lO4mbxIRXtk_qvJiQ', 'Content-Length': '0'}
请求内容: None
接口响应内容: {'data': {'id': 1014, 'rid': -1, 'username': 'ulQTL792', 'mobile': '15032590111', 'email': 'xiulan17@hotmail.com', 'mg_state': 1}, 'meta': {'msg': '设置状态成功', 'status': 200}}
接口响应时长: 5 ms
Http状态码: 200
断言结果: 200
=====================================================
INFO    2023-04-11 21:33:52,637G:\auto_api1_framework\logs\info-2023-04-11.log:test_update_user_status.py:29 2023-04-11 21:33:52 >>>>>> 执行结束！
INFO    2023-04-11 21:33:52,639G:\auto_api1_framework\logs\info-2023-04-11.log:test_update_user_status.py:26 2023-04-11 21:33:52 >>>>>> 开始执行：
INFO    2023-04-11 21:33:52,643G:\auto_api1_framework\logs\info-2023-04-11.log:log_decorator.py:42 
======================================================
用例标题: 修改用户状态失败（id为字符串）
请求路径: http://127.0.0.1:8888/api/private/v1/users/egiada/state/false
请求方式: PUT
请求头:   {'User-Agent': 'python-requests/2.28.2', 'Accept-Encoding': 'gzip, deflate', 'Accept': '*/*', 'Connection': 'keep-alive', 'Authorization': 'Bearer eyJhbGciOiJIUzI1NiIsInR5cCI6IkpXVCJ9.eyJ1aWQiOjUwMCwicmlkIjowLCJpYXQiOjE2ODEyMjAwMzIsImV4cCI6MTY4MTMwNjQzMn0.piXr7-HsiY_3Y1sEPCDixkdkT_lO4mbxIRXtk_qvJiQ', 'Content-Length': '0'}
请求内容: None
接口响应内容: {'data': None, 'meta': {'msg': '用户ID必须是数字', 'status': 400}}
接口响应时长: 1 ms
Http状态码: 200
断言结果: 200
=====================================================
INFO    2023-04-11 21:33:52,644G:\auto_api1_framework\logs\info-2023-04-11.log:test_update_user_status.py:29 2023-04-11 21:33:52 >>>>>> 执行结束！
INFO    2023-04-11 21:33:52,645G:\auto_api1_framework\logs\info-2023-04-11.log:test_update_user_status.py:26 2023-04-11 21:33:52 >>>>>> 开始执行：
INFO    2023-04-11 21:33:52,649G:\auto_api1_framework\logs\info-2023-04-11.log:log_decorator.py:42 
======================================================
用例标题: 修改用户状态失败（id包含特殊字符）
请求路径: http://127.0.0.1:8888/api/private/v1/users/)@#@*/state/false
请求方式: PUT
请求头:   {'User-Agent': 'python-requests/2.28.2', 'Accept-Encoding': 'gzip, deflate', 'Accept': '*/*', 'Connection': 'keep-alive', 'Authorization': 'Bearer eyJhbGciOiJIUzI1NiIsInR5cCI6IkpXVCJ9.eyJ1aWQiOjUwMCwicmlkIjowLCJpYXQiOjE2ODEyMjAwMzIsImV4cCI6MTY4MTMwNjQzMn0.piXr7-HsiY_3Y1sEPCDixkdkT_lO4mbxIRXtk_qvJiQ', 'Content-Length': '0'}
请求内容: None
接口响应内容: {'data': None, 'meta': {'msg': '用户ID必须是数字', 'status': 400}}
接口响应时长: 1 ms
Http状态码: 200
断言结果: 200
=====================================================
INFO    2023-04-11 21:33:52,650G:\auto_api1_framework\logs\info-2023-04-11.log:test_update_user_status.py:29 2023-04-11 21:33:52 >>>>>> 执行结束！
INFO    2023-04-11 21:33:52,651G:\auto_api1_framework\logs\info-2023-04-11.log:test_update_user_status.py:26 2023-04-11 21:33:52 >>>>>> 开始执行：
INFO    2023-04-11 21:33:52,655G:\auto_api1_framework\logs\info-2023-04-11.log:log_decorator.py:42 
======================================================
用例标题: 修改用户状态失败（id不存在）
请求路径: http://127.0.0.1:8888/api/private/v1/users/state/false
请求方式: PUT
请求头:   {'User-Agent': 'python-requests/2.28.2', 'Accept-Encoding': 'gzip, deflate', 'Accept': '*/*', 'Connection': 'keep-alive', 'Authorization': 'Bearer eyJhbGciOiJIUzI1NiIsInR5cCI6IkpXVCJ9.eyJ1aWQiOjUwMCwicmlkIjowLCJpYXQiOjE2ODEyMjAwMzIsImV4cCI6MTY4MTMwNjQzMn0.piXr7-HsiY_3Y1sEPCDixkdkT_lO4mbxIRXtk_qvJiQ', 'Content-Length': '0'}
请求内容: None
接口响应内容: {'data': None, 'meta': {'msg': 'Not Found', 'status': 404}}
接口响应时长: 1 ms
Http状态码: 200
断言结果: 200
=====================================================
INFO    2023-04-11 21:33:52,657G:\auto_api1_framework\logs\info-2023-04-11.log:test_update_user_status.py:29 2023-04-11 21:33:52 >>>>>> 执行结束！
INFO    2023-04-11 21:33:52,657G:\auto_api1_framework\logs\info-2023-04-11.log:test_update_user_status.py:26 2023-04-11 21:33:52 >>>>>> 开始执行：
INFO    2023-04-11 21:33:52,894G:\auto_api1_framework\logs\info-2023-04-11.log:log_decorator.py:42 
======================================================
用例标题: 创建用户成功（全部参数）
请求路径: http://127.0.0.1:8888/api/private/v1/users
请求方式: POST
请求头:   {'User-Agent': 'python-requests/2.28.2', 'Accept-Encoding': 'gzip, deflate', 'Accept': '*/*', 'Connection': 'keep-alive', 'Content-Type': 'application/json', 'Authorization': 'Bearer eyJhbGciOiJIUzI1NiIsInR5cCI6IkpXVCJ9.eyJ1aWQiOjUwMCwicmlkIjowLCJpYXQiOjE2ODEyMjAwMzIsImV4cCI6MTY4MTMwNjQzMn0.piXr7-HsiY_3Y1sEPCDixkdkT_lO4mbxIRXtk_qvJiQ', 'Content-Length': '102'}
请求内容: {'username': 'ZOzQk039', 'password': 'T+F4WFq^', 'email': 'ping93@gmail.com', 'mobile': '15911867177'}
接口响应内容: {'data': {'id': 1015, 'username': 'ZOzQk039', 'mobile': '15911867177', 'email': 'ping93@gmail.com', 'role_id': -1, 'create_time': 1681220032}, 'meta': {'msg': '创建成功', 'status': 201}}
接口响应时长: 76 ms
Http状态码: 200
断言结果: 200
=====================================================
INFO    2023-04-11 21:33:52,897G:\auto_api1_framework\logs\info-2023-04-11.log:log_decorator.py:42 
======================================================
用例标题: 修改用户状态失败（state为空）
请求路径: http://127.0.0.1:8888/api/private/v1/users/1015/state
请求方式: PUT
请求头:   {'User-Agent': 'python-requests/2.28.2', 'Accept-Encoding': 'gzip, deflate', 'Accept': '*/*', 'Connection': 'keep-alive', 'Authorization': 'Bearer eyJhbGciOiJIUzI1NiIsInR5cCI6IkpXVCJ9.eyJ1aWQiOjUwMCwicmlkIjowLCJpYXQiOjE2ODEyMjAwMzIsImV4cCI6MTY4MTMwNjQzMn0.piXr7-HsiY_3Y1sEPCDixkdkT_lO4mbxIRXtk_qvJiQ', 'Content-Length': '0'}
请求内容: None
接口响应内容: {'data': None, 'meta': {'msg': 'Not Found', 'status': 404}}
接口响应时长: 1 ms
Http状态码: 200
断言结果: 200
=====================================================
INFO    2023-04-11 21:33:52,901G:\auto_api1_framework\logs\info-2023-04-11.log:test_update_user_status.py:29 2023-04-11 21:33:52 >>>>>> 执行结束！
INFO    2023-04-11 21:33:52,902G:\auto_api1_framework\logs\info-2023-04-11.log:test_update_user_status.py:26 2023-04-11 21:33:52 >>>>>> 开始执行：
INFO    2023-04-11 21:33:53,145G:\auto_api1_framework\logs\info-2023-04-11.log:log_decorator.py:42 
======================================================
用例标题: 创建用户成功（全部参数）
请求路径: http://127.0.0.1:8888/api/private/v1/users
请求方式: POST
请求头:   {'User-Agent': 'python-requests/2.28.2', 'Accept-Encoding': 'gzip, deflate', 'Accept': '*/*', 'Connection': 'keep-alive', 'Content-Type': 'application/json', 'Authorization': 'Bearer eyJhbGciOiJIUzI1NiIsInR5cCI6IkpXVCJ9.eyJ1aWQiOjUwMCwicmlkIjowLCJpYXQiOjE2ODEyMjAwMzIsImV4cCI6MTY4MTMwNjQzMn0.piXr7-HsiY_3Y1sEPCDixkdkT_lO4mbxIRXtk_qvJiQ', 'Content-Length': '104'}
请求内容: {'username': 'jbHUD810', 'password': '*7PH&xRx', 'email': 'chaoqian@gmail.com', 'mobile': '15788269857'}
接口响应内容: {'data': {'id': 1016, 'username': 'jbHUD810', 'mobile': '15788269857', 'email': 'chaoqian@gmail.com', 'role_id': -1, 'create_time': 1681220033}, 'meta': {'msg': '创建成功', 'status': 201}}
接口响应时长: 82 ms
Http状态码: 200
断言结果: 200
=====================================================
INFO    2023-04-11 21:33:53,151G:\auto_api1_framework\logs\info-2023-04-11.log:log_decorator.py:42 
======================================================
用例标题: 修改用户状态成功（state为纯数字）
请求路径: http://127.0.0.1:8888/api/private/v1/users/1016/state/513860
请求方式: PUT
请求头:   {'User-Agent': 'python-requests/2.28.2', 'Accept-Encoding': 'gzip, deflate', 'Accept': '*/*', 'Connection': 'keep-alive', 'Authorization': 'Bearer eyJhbGciOiJIUzI1NiIsInR5cCI6IkpXVCJ9.eyJ1aWQiOjUwMCwicmlkIjowLCJpYXQiOjE2ODEyMjAwMzIsImV4cCI6MTY4MTMwNjQzMn0.piXr7-HsiY_3Y1sEPCDixkdkT_lO4mbxIRXtk_qvJiQ', 'Content-Length': '0'}
请求内容: None
接口响应内容: {'data': {'id': 1016, 'rid': -1, 'username': 'jbHUD810', 'mobile': '15788269857', 'email': 'chaoqian@gmail.com', 'mg_state': 0}, 'meta': {'msg': '设置状态成功', 'status': 200}}
接口响应时长: 4 ms
Http状态码: 200
断言结果: 200
=====================================================
INFO    2023-04-11 21:33:53,152G:\auto_api1_framework\logs\info-2023-04-11.log:test_update_user_status.py:29 2023-04-11 21:33:52 >>>>>> 执行结束！
INFO    2023-04-11 21:33:53,154G:\auto_api1_framework\logs\info-2023-04-11.log:test_update_user_status.py:26 2023-04-11 21:33:52 >>>>>> 开始执行：
INFO    2023-04-11 21:33:53,392G:\auto_api1_framework\logs\info-2023-04-11.log:log_decorator.py:42 
======================================================
用例标题: 创建用户成功（全部参数）
请求路径: http://127.0.0.1:8888/api/private/v1/users
请求方式: POST
请求头:   {'User-Agent': 'python-requests/2.28.2', 'Accept-Encoding': 'gzip, deflate', 'Accept': '*/*', 'Connection': 'keep-alive', 'Content-Type': 'application/json', 'Authorization': 'Bearer eyJhbGciOiJIUzI1NiIsInR5cCI6IkpXVCJ9.eyJ1aWQiOjUwMCwicmlkIjowLCJpYXQiOjE2ODEyMjAwMzIsImV4cCI6MTY4MTMwNjQzMn0.piXr7-HsiY_3Y1sEPCDixkdkT_lO4mbxIRXtk_qvJiQ', 'Content-Length': '102'}
请求内容: {'username': 'QnssG768', 'password': 'f(9%TJ3i', 'email': 'yonglu@gmail.com', 'mobile': '15141699072'}
接口响应内容: {'data': {'id': 1017, 'username': 'QnssG768', 'mobile': '15141699072', 'email': 'yonglu@gmail.com', 'role_id': -1, 'create_time': 1681220033}, 'meta': {'msg': '创建成功', 'status': 201}}
接口响应时长: 76 ms
Http状态码: 200
断言结果: 200
=====================================================
INFO    2023-04-11 21:33:53,399G:\auto_api1_framework\logs\info-2023-04-11.log:log_decorator.py:42 
======================================================
用例标题: 修改用户状态成功（state为纯字母）
请求路径: http://127.0.0.1:8888/api/private/v1/users/1017/state/UVfmyl
请求方式: PUT
请求头:   {'User-Agent': 'python-requests/2.28.2', 'Accept-Encoding': 'gzip, deflate', 'Accept': '*/*', 'Connection': 'keep-alive', 'Authorization': 'Bearer eyJhbGciOiJIUzI1NiIsInR5cCI6IkpXVCJ9.eyJ1aWQiOjUwMCwicmlkIjowLCJpYXQiOjE2ODEyMjAwMzIsImV4cCI6MTY4MTMwNjQzMn0.piXr7-HsiY_3Y1sEPCDixkdkT_lO4mbxIRXtk_qvJiQ', 'Content-Length': '0'}
请求内容: None
接口响应内容: {'data': {'id': 1017, 'rid': -1, 'username': 'QnssG768', 'mobile': '15141699072', 'email': 'yonglu@gmail.com', 'mg_state': 0}, 'meta': {'msg': '设置状态成功', 'status': 200}}
接口响应时长: 5 ms
Http状态码: 200
断言结果: 200
=====================================================
INFO    2023-04-11 21:33:53,400G:\auto_api1_framework\logs\info-2023-04-11.log:test_update_user_status.py:29 2023-04-11 21:33:52 >>>>>> 执行结束！
INFO    2023-04-11 21:33:53,401G:\auto_api1_framework\logs\info-2023-04-11.log:test_update_user_status.py:26 2023-04-11 21:33:52 >>>>>> 开始执行：
INFO    2023-04-11 21:33:53,643G:\auto_api1_framework\logs\info-2023-04-11.log:log_decorator.py:42 
======================================================
用例标题: 创建用户成功（全部参数）
请求路径: http://127.0.0.1:8888/api/private/v1/users
请求方式: POST
请求头:   {'User-Agent': 'python-requests/2.28.2', 'Accept-Encoding': 'gzip, deflate', 'Accept': '*/*', 'Connection': 'keep-alive', 'Content-Type': 'application/json', 'Authorization': 'Bearer eyJhbGciOiJIUzI1NiIsInR5cCI6IkpXVCJ9.eyJ1aWQiOjUwMCwicmlkIjowLCJpYXQiOjE2ODEyMjAwMzIsImV4cCI6MTY4MTMwNjQzMn0.piXr7-HsiY_3Y1sEPCDixkdkT_lO4mbxIRXtk_qvJiQ', 'Content-Length': '102'}
请求内容: {'username': 'kxYMT856', 'password': '%fpe3tSb', 'email': 'nasu@hotmail.com', 'mobile': '13232593245'}
接口响应内容: {'data': {'id': 1018, 'username': 'kxYMT856', 'mobile': '13232593245', 'email': 'nasu@hotmail.com', 'role_id': -1, 'create_time': 1681220033}, 'meta': {'msg': '创建成功', 'status': 201}}
接口响应时长: 79 ms
Http状态码: 200
断言结果: 200
=====================================================
INFO    2023-04-11 21:33:53,652G:\auto_api1_framework\logs\info-2023-04-11.log:log_decorator.py:42 
======================================================
用例标题: 修改用户状态成功（state包含特殊字符）
请求路径: http://127.0.0.1:8888/api/private/v1/users/1018/state/$@_))
请求方式: PUT
请求头:   {'User-Agent': 'python-requests/2.28.2', 'Accept-Encoding': 'gzip, deflate', 'Accept': '*/*', 'Connection': 'keep-alive', 'Authorization': 'Bearer eyJhbGciOiJIUzI1NiIsInR5cCI6IkpXVCJ9.eyJ1aWQiOjUwMCwicmlkIjowLCJpYXQiOjE2ODEyMjAwMzIsImV4cCI6MTY4MTMwNjQzMn0.piXr7-HsiY_3Y1sEPCDixkdkT_lO4mbxIRXtk_qvJiQ', 'Content-Length': '0'}
请求内容: None
接口响应内容: {'data': {'id': 1018, 'rid': -1, 'username': 'kxYMT856', 'mobile': '13232593245', 'email': 'nasu@hotmail.com', 'mg_state': 0}, 'meta': {'msg': '设置状态成功', 'status': 200}}
接口响应时长: 6 ms
Http状态码: 200
断言结果: 200
=====================================================
INFO    2023-04-11 21:33:53,653G:\auto_api1_framework\logs\info-2023-04-11.log:test_update_user_status.py:29 2023-04-11 21:33:52 >>>>>> 执行结束！
INFO    2023-04-11 21:36:28,801G:\auto_api1_framework\logs\info-2023-04-11.log:test_update_user_status.py:26 2023-04-11 21:36:28 >>>>>> 开始执行：
INFO    2023-04-11 21:36:29,032G:\auto_api1_framework\logs\info-2023-04-11.log:log_decorator.py:42 
======================================================
用例标题: 创建用户成功（全部参数）
请求路径: http://127.0.0.1:8888/api/private/v1/users
请求方式: POST
请求头:   {'User-Agent': 'python-requests/2.28.2', 'Accept-Encoding': 'gzip, deflate', 'Accept': '*/*', 'Connection': 'keep-alive', 'Content-Type': 'application/json', 'Authorization': 'Bearer eyJhbGciOiJIUzI1NiIsInR5cCI6IkpXVCJ9.eyJ1aWQiOjUwMCwicmlkIjowLCJpYXQiOjE2ODEyMjAxODgsImV4cCI6MTY4MTMwNjU4OH0.i30yeKyyUC6Co9Wcz5uqN9HH6VP2fN4zHs1bhBO2NVI', 'Content-Length': '105'}
请求内容: {'username': 'KzcGW480', 'password': 'x^8MU5yT', 'email': 'yanghuang@yahoo.com', 'mobile': '15546922010'}
接口响应内容: {'data': {'id': 1019, 'username': 'KzcGW480', 'mobile': '15546922010', 'email': 'yanghuang@yahoo.com', 'role_id': -1, 'create_time': 1681220189}, 'meta': {'msg': '创建成功', 'status': 201}}
接口响应时长: 69 ms
Http状态码: 200
断言结果: 200
=====================================================
INFO    2023-04-11 21:36:29,038G:\auto_api1_framework\logs\info-2023-04-11.log:log_decorator.py:42 
======================================================
用例标题: 修改用户状态成功
请求路径: http://127.0.0.1:8888/api/private/v1/users/1019/state/true
请求方式: PUT
请求头:   {'User-Agent': 'python-requests/2.28.2', 'Accept-Encoding': 'gzip, deflate', 'Accept': '*/*', 'Connection': 'keep-alive', 'Authorization': 'Bearer eyJhbGciOiJIUzI1NiIsInR5cCI6IkpXVCJ9.eyJ1aWQiOjUwMCwicmlkIjowLCJpYXQiOjE2ODEyMjAxODgsImV4cCI6MTY4MTMwNjU4OH0.i30yeKyyUC6Co9Wcz5uqN9HH6VP2fN4zHs1bhBO2NVI', 'Content-Length': '0'}
请求内容: None
接口响应内容: {'data': {'id': 1019, 'rid': -1, 'username': 'KzcGW480', 'mobile': '15546922010', 'email': 'yanghuang@yahoo.com', 'mg_state': 1}, 'meta': {'msg': '设置状态成功', 'status': 200}}
接口响应时长: 4 ms
Http状态码: 200
断言结果: 200
=====================================================
INFO    2023-04-11 21:36:29,109G:\auto_api1_framework\logs\info-2023-04-11.log:test_update_user_status.py:29 2023-04-11 21:36:28 >>>>>> 执行结束！
INFO    2023-04-11 21:36:29,111G:\auto_api1_framework\logs\info-2023-04-11.log:test_update_user_status.py:26 2023-04-11 21:36:28 >>>>>> 开始执行：
INFO    2023-04-11 21:36:29,115G:\auto_api1_framework\logs\info-2023-04-11.log:log_decorator.py:42 
======================================================
用例标题: 修改用户状态失败（id为字符串）
请求路径: http://127.0.0.1:8888/api/private/v1/users/nEblSX/state/false
请求方式: PUT
请求头:   {'User-Agent': 'python-requests/2.28.2', 'Accept-Encoding': 'gzip, deflate', 'Accept': '*/*', 'Connection': 'keep-alive', 'Authorization': 'Bearer eyJhbGciOiJIUzI1NiIsInR5cCI6IkpXVCJ9.eyJ1aWQiOjUwMCwicmlkIjowLCJpYXQiOjE2ODEyMjAxODgsImV4cCI6MTY4MTMwNjU4OH0.i30yeKyyUC6Co9Wcz5uqN9HH6VP2fN4zHs1bhBO2NVI', 'Content-Length': '0'}
请求内容: None
接口响应内容: {'data': None, 'meta': {'msg': '用户ID必须是数字', 'status': 400}}
接口响应时长: 2 ms
Http状态码: 200
断言结果: 200
=====================================================
INFO    2023-04-11 21:36:29,116G:\auto_api1_framework\logs\info-2023-04-11.log:test_update_user_status.py:29 2023-04-11 21:36:28 >>>>>> 执行结束！
INFO    2023-04-11 21:36:29,118G:\auto_api1_framework\logs\info-2023-04-11.log:test_update_user_status.py:26 2023-04-11 21:36:28 >>>>>> 开始执行：
INFO    2023-04-11 21:36:29,122G:\auto_api1_framework\logs\info-2023-04-11.log:log_decorator.py:42 
======================================================
用例标题: 修改用户状态失败（id包含特殊字符）
请求路径: http://127.0.0.1:8888/api/private/v1/users/!@*%5E&/state/false
请求方式: PUT
请求头:   {'User-Agent': 'python-requests/2.28.2', 'Accept-Encoding': 'gzip, deflate', 'Accept': '*/*', 'Connection': 'keep-alive', 'Authorization': 'Bearer eyJhbGciOiJIUzI1NiIsInR5cCI6IkpXVCJ9.eyJ1aWQiOjUwMCwicmlkIjowLCJpYXQiOjE2ODEyMjAxODgsImV4cCI6MTY4MTMwNjU4OH0.i30yeKyyUC6Co9Wcz5uqN9HH6VP2fN4zHs1bhBO2NVI', 'Content-Length': '0'}
请求内容: None
接口响应内容: {'data': None, 'meta': {'msg': '用户ID必须是数字', 'status': 400}}
接口响应时长: 1 ms
Http状态码: 200
断言结果: 200
=====================================================
INFO    2023-04-11 21:36:29,123G:\auto_api1_framework\logs\info-2023-04-11.log:test_update_user_status.py:29 2023-04-11 21:36:28 >>>>>> 执行结束！
INFO    2023-04-11 21:36:29,124G:\auto_api1_framework\logs\info-2023-04-11.log:test_update_user_status.py:26 2023-04-11 21:36:28 >>>>>> 开始执行：
INFO    2023-04-11 21:36:29,128G:\auto_api1_framework\logs\info-2023-04-11.log:log_decorator.py:42 
======================================================
用例标题: 修改用户状态失败（id不存在）
请求路径: http://127.0.0.1:8888/api/private/v1/users/state/false
请求方式: PUT
请求头:   {'User-Agent': 'python-requests/2.28.2', 'Accept-Encoding': 'gzip, deflate', 'Accept': '*/*', 'Connection': 'keep-alive', 'Authorization': 'Bearer eyJhbGciOiJIUzI1NiIsInR5cCI6IkpXVCJ9.eyJ1aWQiOjUwMCwicmlkIjowLCJpYXQiOjE2ODEyMjAxODgsImV4cCI6MTY4MTMwNjU4OH0.i30yeKyyUC6Co9Wcz5uqN9HH6VP2fN4zHs1bhBO2NVI', 'Content-Length': '0'}
请求内容: None
接口响应内容: {'data': None, 'meta': {'msg': 'Not Found', 'status': 404}}
接口响应时长: 2 ms
Http状态码: 200
断言结果: 200
=====================================================
INFO    2023-04-11 21:36:29,130G:\auto_api1_framework\logs\info-2023-04-11.log:test_update_user_status.py:29 2023-04-11 21:36:28 >>>>>> 执行结束！
INFO    2023-04-11 21:36:29,131G:\auto_api1_framework\logs\info-2023-04-11.log:test_update_user_status.py:26 2023-04-11 21:36:28 >>>>>> 开始执行：
INFO    2023-04-11 21:36:29,378G:\auto_api1_framework\logs\info-2023-04-11.log:log_decorator.py:42 
======================================================
用例标题: 创建用户成功（全部参数）
请求路径: http://127.0.0.1:8888/api/private/v1/users
请求方式: POST
请求头:   {'User-Agent': 'python-requests/2.28.2', 'Accept-Encoding': 'gzip, deflate', 'Accept': '*/*', 'Connection': 'keep-alive', 'Content-Type': 'application/json', 'Authorization': 'Bearer eyJhbGciOiJIUzI1NiIsInR5cCI6IkpXVCJ9.eyJ1aWQiOjUwMCwicmlkIjowLCJpYXQiOjE2ODEyMjAxODgsImV4cCI6MTY4MTMwNjU4OH0.i30yeKyyUC6Co9Wcz5uqN9HH6VP2fN4zHs1bhBO2NVI', 'Content-Length': '104'}
请求内容: {'username': 'PboFs370', 'password': '^&&R2PJo', 'email': 'xiulan91@yahoo.com', 'mobile': '13090508406'}
接口响应内容: {'data': {'id': 1020, 'username': 'PboFs370', 'mobile': '13090508406', 'email': 'xiulan91@yahoo.com', 'role_id': -1, 'create_time': 1681220189}, 'meta': {'msg': '创建成功', 'status': 201}}
接口响应时长: 84 ms
Http状态码: 200
断言结果: 200
=====================================================
INFO    2023-04-11 21:36:29,383G:\auto_api1_framework\logs\info-2023-04-11.log:log_decorator.py:42 
======================================================
用例标题: 修改用户状态失败（state为空）
请求路径: http://127.0.0.1:8888/api/private/v1/users/1020/state
请求方式: PUT
请求头:   {'User-Agent': 'python-requests/2.28.2', 'Accept-Encoding': 'gzip, deflate', 'Accept': '*/*', 'Connection': 'keep-alive', 'Authorization': 'Bearer eyJhbGciOiJIUzI1NiIsInR5cCI6IkpXVCJ9.eyJ1aWQiOjUwMCwicmlkIjowLCJpYXQiOjE2ODEyMjAxODgsImV4cCI6MTY4MTMwNjU4OH0.i30yeKyyUC6Co9Wcz5uqN9HH6VP2fN4zHs1bhBO2NVI', 'Content-Length': '0'}
请求内容: None
接口响应内容: {'data': None, 'meta': {'msg': 'Not Found', 'status': 404}}
接口响应时长: 3 ms
Http状态码: 200
断言结果: 200
=====================================================
INFO    2023-04-11 21:36:29,384G:\auto_api1_framework\logs\info-2023-04-11.log:test_update_user_status.py:29 2023-04-11 21:36:28 >>>>>> 执行结束！
INFO    2023-04-11 21:36:29,386G:\auto_api1_framework\logs\info-2023-04-11.log:test_update_user_status.py:26 2023-04-11 21:36:28 >>>>>> 开始执行：
INFO    2023-04-11 21:36:29,621G:\auto_api1_framework\logs\info-2023-04-11.log:log_decorator.py:42 
======================================================
用例标题: 创建用户成功（全部参数）
请求路径: http://127.0.0.1:8888/api/private/v1/users
请求方式: POST
请求头:   {'User-Agent': 'python-requests/2.28.2', 'Accept-Encoding': 'gzip, deflate', 'Accept': '*/*', 'Connection': 'keep-alive', 'Content-Type': 'application/json', 'Authorization': 'Bearer eyJhbGciOiJIUzI1NiIsInR5cCI6IkpXVCJ9.eyJ1aWQiOjUwMCwicmlkIjowLCJpYXQiOjE2ODEyMjAxODgsImV4cCI6MTY4MTMwNjU4OH0.i30yeKyyUC6Co9Wcz5uqN9HH6VP2fN4zHs1bhBO2NVI', 'Content-Length': '103'}
请求内容: {'username': 'skssq850', 'password': 'q*l0CFxn', 'email': 'jinming@yahoo.com', 'mobile': '13466768563'}
接口响应内容: {'data': {'id': 1021, 'username': 'skssq850', 'mobile': '13466768563', 'email': 'jinming@yahoo.com', 'role_id': -1, 'create_time': 1681220189}, 'meta': {'msg': '创建成功', 'status': 201}}
接口响应时长: 76 ms
Http状态码: 200
断言结果: 200
=====================================================
INFO    2023-04-11 21:36:29,627G:\auto_api1_framework\logs\info-2023-04-11.log:log_decorator.py:42 
======================================================
用例标题: 修改用户状态成功（state为纯数字）
请求路径: http://127.0.0.1:8888/api/private/v1/users/1021/state/968750
请求方式: PUT
请求头:   {'User-Agent': 'python-requests/2.28.2', 'Accept-Encoding': 'gzip, deflate', 'Accept': '*/*', 'Connection': 'keep-alive', 'Authorization': 'Bearer eyJhbGciOiJIUzI1NiIsInR5cCI6IkpXVCJ9.eyJ1aWQiOjUwMCwicmlkIjowLCJpYXQiOjE2ODEyMjAxODgsImV4cCI6MTY4MTMwNjU4OH0.i30yeKyyUC6Co9Wcz5uqN9HH6VP2fN4zHs1bhBO2NVI', 'Content-Length': '0'}
请求内容: None
接口响应内容: {'data': {'id': 1021, 'rid': -1, 'username': 'skssq850', 'mobile': '13466768563', 'email': 'jinming@yahoo.com', 'mg_state': 0}, 'meta': {'msg': '设置状态成功', 'status': 200}}
接口响应时长: 5 ms
Http状态码: 200
断言结果: 200
=====================================================
INFO    2023-04-11 21:36:29,629G:\auto_api1_framework\logs\info-2023-04-11.log:test_update_user_status.py:29 2023-04-11 21:36:28 >>>>>> 执行结束！
INFO    2023-04-11 21:36:29,634G:\auto_api1_framework\logs\info-2023-04-11.log:test_update_user_status.py:26 2023-04-11 21:36:28 >>>>>> 开始执行：
INFO    2023-04-11 21:36:29,883G:\auto_api1_framework\logs\info-2023-04-11.log:log_decorator.py:42 
======================================================
用例标题: 创建用户成功（全部参数）
请求路径: http://127.0.0.1:8888/api/private/v1/users
请求方式: POST
请求头:   {'User-Agent': 'python-requests/2.28.2', 'Accept-Encoding': 'gzip, deflate', 'Accept': '*/*', 'Connection': 'keep-alive', 'Content-Type': 'application/json', 'Authorization': 'Bearer eyJhbGciOiJIUzI1NiIsInR5cCI6IkpXVCJ9.eyJ1aWQiOjUwMCwicmlkIjowLCJpYXQiOjE2ODEyMjAxODgsImV4cCI6MTY4MTMwNjU4OH0.i30yeKyyUC6Co9Wcz5uqN9HH6VP2fN4zHs1bhBO2NVI', 'Content-Length': '104'}
请求内容: {'username': 'dDntX748', 'password': '&7WUinlm', 'email': 'changlei@gmail.com', 'mobile': '18800192808'}
接口响应内容: {'data': {'id': 1022, 'username': 'dDntX748', 'mobile': '18800192808', 'email': 'changlei@gmail.com', 'role_id': -1, 'create_time': 1681220189}, 'meta': {'msg': '创建成功', 'status': 201}}
接口响应时长: 77 ms
Http状态码: 200
断言结果: 200
=====================================================
INFO    2023-04-11 21:36:29,889G:\auto_api1_framework\logs\info-2023-04-11.log:log_decorator.py:42 
======================================================
用例标题: 修改用户状态成功（state为纯字母）
请求路径: http://127.0.0.1:8888/api/private/v1/users/1022/state/ttEjxy
请求方式: PUT
请求头:   {'User-Agent': 'python-requests/2.28.2', 'Accept-Encoding': 'gzip, deflate', 'Accept': '*/*', 'Connection': 'keep-alive', 'Authorization': 'Bearer eyJhbGciOiJIUzI1NiIsInR5cCI6IkpXVCJ9.eyJ1aWQiOjUwMCwicmlkIjowLCJpYXQiOjE2ODEyMjAxODgsImV4cCI6MTY4MTMwNjU4OH0.i30yeKyyUC6Co9Wcz5uqN9HH6VP2fN4zHs1bhBO2NVI', 'Content-Length': '0'}
请求内容: None
接口响应内容: {'data': {'id': 1022, 'rid': -1, 'username': 'dDntX748', 'mobile': '18800192808', 'email': 'changlei@gmail.com', 'mg_state': 0}, 'meta': {'msg': '设置状态成功', 'status': 200}}
接口响应时长: 5 ms
Http状态码: 200
断言结果: 200
=====================================================
INFO    2023-04-11 21:36:29,891G:\auto_api1_framework\logs\info-2023-04-11.log:test_update_user_status.py:29 2023-04-11 21:36:28 >>>>>> 执行结束！
INFO    2023-04-11 21:36:29,894G:\auto_api1_framework\logs\info-2023-04-11.log:test_update_user_status.py:26 2023-04-11 21:36:28 >>>>>> 开始执行：
INFO    2023-04-11 21:36:30,135G:\auto_api1_framework\logs\info-2023-04-11.log:log_decorator.py:42 
======================================================
用例标题: 创建用户成功（全部参数）
请求路径: http://127.0.0.1:8888/api/private/v1/users
请求方式: POST
请求头:   {'User-Agent': 'python-requests/2.28.2', 'Accept-Encoding': 'gzip, deflate', 'Accept': '*/*', 'Connection': 'keep-alive', 'Content-Type': 'application/json', 'Authorization': 'Bearer eyJhbGciOiJIUzI1NiIsInR5cCI6IkpXVCJ9.eyJ1aWQiOjUwMCwicmlkIjowLCJpYXQiOjE2ODEyMjAxODgsImV4cCI6MTY4MTMwNjU4OH0.i30yeKyyUC6Co9Wcz5uqN9HH6VP2fN4zHs1bhBO2NVI', 'Content-Length': '99'}
请求内容: {'username': 'MpqSr363', 'password': ')p((6RTo', 'email': 'wlu@gmail.com', 'mobile': '13232029060'}
接口响应内容: {'data': {'id': 1023, 'username': 'MpqSr363', 'mobile': '13232029060', 'email': 'wlu@gmail.com', 'role_id': -1, 'create_time': 1681220190}, 'meta': {'msg': '创建成功', 'status': 201}}
接口响应时长: 75 ms
Http状态码: 200
断言结果: 200
=====================================================
INFO    2023-04-11 21:36:30,144G:\auto_api1_framework\logs\info-2023-04-11.log:log_decorator.py:42 
======================================================
用例标题: 修改用户状态成功（state包含特殊字符）
请求路径: http://127.0.0.1:8888/api/private/v1/users/1023/state/@%25)$+
请求方式: PUT
请求头:   {'User-Agent': 'python-requests/2.28.2', 'Accept-Encoding': 'gzip, deflate', 'Accept': '*/*', 'Connection': 'keep-alive', 'Authorization': 'Bearer eyJhbGciOiJIUzI1NiIsInR5cCI6IkpXVCJ9.eyJ1aWQiOjUwMCwicmlkIjowLCJpYXQiOjE2ODEyMjAxODgsImV4cCI6MTY4MTMwNjU4OH0.i30yeKyyUC6Co9Wcz5uqN9HH6VP2fN4zHs1bhBO2NVI', 'Content-Length': '0'}
请求内容: None
接口响应内容: {'data': {'id': 1023, 'rid': -1, 'username': 'MpqSr363', 'mobile': '13232029060', 'email': 'wlu@gmail.com', 'mg_state': 0}, 'meta': {'msg': '设置状态成功', 'status': 200}}
接口响应时长: 7 ms
Http状态码: 200
断言结果: 200
=====================================================
INFO    2023-04-11 21:36:30,146G:\auto_api1_framework\logs\info-2023-04-11.log:test_update_user_status.py:29 2023-04-11 21:36:28 >>>>>> 执行结束！
INFO    2023-04-11 21:37:26,134G:\auto_api1_framework\logs\info-2023-04-11.log:test_update_user_status.py:26 2023-04-11 21:37:26 >>>>>> 开始执行：
INFO    2023-04-11 21:37:26,371G:\auto_api1_framework\logs\info-2023-04-11.log:log_decorator.py:42 
======================================================
用例标题: 创建用户成功（全部参数）
请求路径: http://127.0.0.1:8888/api/private/v1/users
请求方式: POST
请求头:   {'User-Agent': 'python-requests/2.28.2', 'Accept-Encoding': 'gzip, deflate', 'Accept': '*/*', 'Connection': 'keep-alive', 'Content-Type': 'application/json', 'Authorization': 'Bearer eyJhbGciOiJIUzI1NiIsInR5cCI6IkpXVCJ9.eyJ1aWQiOjUwMCwicmlkIjowLCJpYXQiOjE2ODEyMjAyNDYsImV4cCI6MTY4MTMwNjY0Nn0.MM-b3l9Ptyy9rbIRqQmGvg1bI8Xlq_tRfxAGVeWYAR0', 'Content-Length': '100'}
请求内容: {'username': 'PMDJn892', 'password': '(Tj9RgwG', 'email': 'cluo@gmail.com', 'mobile': '18538647175'}
接口响应内容: {'data': {'id': 1024, 'username': 'PMDJn892', 'mobile': '18538647175', 'email': 'cluo@gmail.com', 'role_id': -1, 'create_time': 1681220246}, 'meta': {'msg': '创建成功', 'status': 201}}
接口响应时长: 77 ms
Http状态码: 200
断言结果: 200
=====================================================
INFO    2023-04-11 21:37:26,377G:\auto_api1_framework\logs\info-2023-04-11.log:log_decorator.py:42 
======================================================
用例标题: 修改用户状态成功
请求路径: http://127.0.0.1:8888/api/private/v1/users/1024/state/true
请求方式: PUT
请求头:   {'User-Agent': 'python-requests/2.28.2', 'Accept-Encoding': 'gzip, deflate', 'Accept': '*/*', 'Connection': 'keep-alive', 'Authorization': 'Bearer eyJhbGciOiJIUzI1NiIsInR5cCI6IkpXVCJ9.eyJ1aWQiOjUwMCwicmlkIjowLCJpYXQiOjE2ODEyMjAyNDYsImV4cCI6MTY4MTMwNjY0Nn0.MM-b3l9Ptyy9rbIRqQmGvg1bI8Xlq_tRfxAGVeWYAR0', 'Content-Length': '0'}
请求内容: None
接口响应内容: {'data': {'id': 1024, 'rid': -1, 'username': 'PMDJn892', 'mobile': '18538647175', 'email': 'cluo@gmail.com', 'mg_state': 1}, 'meta': {'msg': '设置状态成功', 'status': 200}}
接口响应时长: 4 ms
Http状态码: 200
断言结果: 200
=====================================================
INFO    2023-04-11 21:37:26,378G:\auto_api1_framework\logs\info-2023-04-11.log:test_update_user_status.py:29 2023-04-11 21:37:26 >>>>>> 执行结束！
INFO    2023-04-11 21:37:26,383G:\auto_api1_framework\logs\info-2023-04-11.log:test_update_user_status.py:26 2023-04-11 21:37:26 >>>>>> 开始执行：
INFO    2023-04-11 21:37:26,387G:\auto_api1_framework\logs\info-2023-04-11.log:log_decorator.py:42 
======================================================
用例标题: 修改用户状态失败（id为字符串）
请求路径: http://127.0.0.1:8888/api/private/v1/users/Bdhimd/state/false
请求方式: PUT
请求头:   {'User-Agent': 'python-requests/2.28.2', 'Accept-Encoding': 'gzip, deflate', 'Accept': '*/*', 'Connection': 'keep-alive', 'Authorization': 'Bearer eyJhbGciOiJIUzI1NiIsInR5cCI6IkpXVCJ9.eyJ1aWQiOjUwMCwicmlkIjowLCJpYXQiOjE2ODEyMjAyNDYsImV4cCI6MTY4MTMwNjY0Nn0.MM-b3l9Ptyy9rbIRqQmGvg1bI8Xlq_tRfxAGVeWYAR0', 'Content-Length': '0'}
请求内容: None
接口响应内容: {'data': None, 'meta': {'msg': '用户ID必须是数字', 'status': 400}}
接口响应时长: 1 ms
Http状态码: 200
断言结果: 200
=====================================================
INFO    2023-04-11 21:37:26,388G:\auto_api1_framework\logs\info-2023-04-11.log:test_update_user_status.py:29 2023-04-11 21:37:26 >>>>>> 执行结束！
INFO    2023-04-11 21:37:26,390G:\auto_api1_framework\logs\info-2023-04-11.log:test_update_user_status.py:26 2023-04-11 21:37:26 >>>>>> 开始执行：
INFO    2023-04-11 21:37:26,393G:\auto_api1_framework\logs\info-2023-04-11.log:log_decorator.py:42 
======================================================
用例标题: 修改用户状态失败（id包含特殊字符）
请求路径: http://127.0.0.1:8888/api/private/v1/users/(__&&/state/false
请求方式: PUT
请求头:   {'User-Agent': 'python-requests/2.28.2', 'Accept-Encoding': 'gzip, deflate', 'Accept': '*/*', 'Connection': 'keep-alive', 'Authorization': 'Bearer eyJhbGciOiJIUzI1NiIsInR5cCI6IkpXVCJ9.eyJ1aWQiOjUwMCwicmlkIjowLCJpYXQiOjE2ODEyMjAyNDYsImV4cCI6MTY4MTMwNjY0Nn0.MM-b3l9Ptyy9rbIRqQmGvg1bI8Xlq_tRfxAGVeWYAR0', 'Content-Length': '0'}
请求内容: None
接口响应内容: {'data': None, 'meta': {'msg': '用户ID必须是数字', 'status': 400}}
接口响应时长: 1 ms
Http状态码: 200
断言结果: 200
=====================================================
INFO    2023-04-11 21:37:26,394G:\auto_api1_framework\logs\info-2023-04-11.log:test_update_user_status.py:29 2023-04-11 21:37:26 >>>>>> 执行结束！
INFO    2023-04-11 21:37:26,395G:\auto_api1_framework\logs\info-2023-04-11.log:test_update_user_status.py:26 2023-04-11 21:37:26 >>>>>> 开始执行：
INFO    2023-04-11 21:37:26,399G:\auto_api1_framework\logs\info-2023-04-11.log:log_decorator.py:42 
======================================================
用例标题: 修改用户状态失败（id不存在）
请求路径: http://127.0.0.1:8888/api/private/v1/users/state/false
请求方式: PUT
请求头:   {'User-Agent': 'python-requests/2.28.2', 'Accept-Encoding': 'gzip, deflate', 'Accept': '*/*', 'Connection': 'keep-alive', 'Authorization': 'Bearer eyJhbGciOiJIUzI1NiIsInR5cCI6IkpXVCJ9.eyJ1aWQiOjUwMCwicmlkIjowLCJpYXQiOjE2ODEyMjAyNDYsImV4cCI6MTY4MTMwNjY0Nn0.MM-b3l9Ptyy9rbIRqQmGvg1bI8Xlq_tRfxAGVeWYAR0', 'Content-Length': '0'}
请求内容: None
接口响应内容: {'data': None, 'meta': {'msg': 'Not Found', 'status': 404}}
接口响应时长: 1 ms
Http状态码: 200
断言结果: 200
=====================================================
INFO    2023-04-11 21:37:26,400G:\auto_api1_framework\logs\info-2023-04-11.log:test_update_user_status.py:29 2023-04-11 21:37:26 >>>>>> 执行结束！
INFO    2023-04-11 21:37:26,401G:\auto_api1_framework\logs\info-2023-04-11.log:test_update_user_status.py:26 2023-04-11 21:37:26 >>>>>> 开始执行：
INFO    2023-04-11 21:37:26,638G:\auto_api1_framework\logs\info-2023-04-11.log:log_decorator.py:42 
======================================================
用例标题: 创建用户成功（全部参数）
请求路径: http://127.0.0.1:8888/api/private/v1/users
请求方式: POST
请求头:   {'User-Agent': 'python-requests/2.28.2', 'Accept-Encoding': 'gzip, deflate', 'Accept': '*/*', 'Connection': 'keep-alive', 'Content-Type': 'application/json', 'Authorization': 'Bearer eyJhbGciOiJIUzI1NiIsInR5cCI6IkpXVCJ9.eyJ1aWQiOjUwMCwicmlkIjowLCJpYXQiOjE2ODEyMjAyNDYsImV4cCI6MTY4MTMwNjY0Nn0.MM-b3l9Ptyy9rbIRqQmGvg1bI8Xlq_tRfxAGVeWYAR0', 'Content-Length': '99'}
请求内容: {'username': 'EpyYs687', 'password': '(6hW^Avh', 'email': 'xxu@yahoo.com', 'mobile': '18882093588'}
接口响应内容: {'data': {'id': 1025, 'username': 'EpyYs687', 'mobile': '18882093588', 'email': 'xxu@yahoo.com', 'role_id': -1, 'create_time': 1681220246}, 'meta': {'msg': '创建成功', 'status': 201}}
接口响应时长: 78 ms
Http状态码: 200
断言结果: 200
=====================================================
INFO    2023-04-11 21:37:26,641G:\auto_api1_framework\logs\info-2023-04-11.log:log_decorator.py:42 
======================================================
用例标题: 修改用户状态失败（state为空）
请求路径: http://127.0.0.1:8888/api/private/v1/users/1025/state
请求方式: PUT
请求头:   {'User-Agent': 'python-requests/2.28.2', 'Accept-Encoding': 'gzip, deflate', 'Accept': '*/*', 'Connection': 'keep-alive', 'Authorization': 'Bearer eyJhbGciOiJIUzI1NiIsInR5cCI6IkpXVCJ9.eyJ1aWQiOjUwMCwicmlkIjowLCJpYXQiOjE2ODEyMjAyNDYsImV4cCI6MTY4MTMwNjY0Nn0.MM-b3l9Ptyy9rbIRqQmGvg1bI8Xlq_tRfxAGVeWYAR0', 'Content-Length': '0'}
请求内容: None
接口响应内容: {'data': None, 'meta': {'msg': 'Not Found', 'status': 404}}
接口响应时长: 1 ms
Http状态码: 200
断言结果: 200
=====================================================
INFO    2023-04-11 21:37:26,642G:\auto_api1_framework\logs\info-2023-04-11.log:test_update_user_status.py:29 2023-04-11 21:37:26 >>>>>> 执行结束！
INFO    2023-04-11 21:37:26,645G:\auto_api1_framework\logs\info-2023-04-11.log:test_update_user_status.py:26 2023-04-11 21:37:26 >>>>>> 开始执行：
INFO    2023-04-11 21:37:26,894G:\auto_api1_framework\logs\info-2023-04-11.log:log_decorator.py:42 
======================================================
用例标题: 创建用户成功（全部参数）
请求路径: http://127.0.0.1:8888/api/private/v1/users
请求方式: POST
请求头:   {'User-Agent': 'python-requests/2.28.2', 'Accept-Encoding': 'gzip, deflate', 'Accept': '*/*', 'Connection': 'keep-alive', 'Content-Type': 'application/json', 'Authorization': 'Bearer eyJhbGciOiJIUzI1NiIsInR5cCI6IkpXVCJ9.eyJ1aWQiOjUwMCwicmlkIjowLCJpYXQiOjE2ODEyMjAyNDYsImV4cCI6MTY4MTMwNjY0Nn0.MM-b3l9Ptyy9rbIRqQmGvg1bI8Xlq_tRfxAGVeWYAR0', 'Content-Length': '105'}
请求内容: {'username': 'cUXiW673', 'password': '&(8RY!vn', 'email': 'xiulanguo@yahoo.com', 'mobile': '13398151347'}
接口响应内容: {'data': {'id': 1026, 'username': 'cUXiW673', 'mobile': '13398151347', 'email': 'xiulanguo@yahoo.com', 'role_id': -1, 'create_time': 1681220246}, 'meta': {'msg': '创建成功', 'status': 201}}
接口响应时长: 85 ms
Http状态码: 200
断言结果: 200
=====================================================
INFO    2023-04-11 21:37:26,901G:\auto_api1_framework\logs\info-2023-04-11.log:log_decorator.py:42 
======================================================
用例标题: 修改用户状态成功（state为纯数字）
请求路径: http://127.0.0.1:8888/api/private/v1/users/1026/state/363297
请求方式: PUT
请求头:   {'User-Agent': 'python-requests/2.28.2', 'Accept-Encoding': 'gzip, deflate', 'Accept': '*/*', 'Connection': 'keep-alive', 'Authorization': 'Bearer eyJhbGciOiJIUzI1NiIsInR5cCI6IkpXVCJ9.eyJ1aWQiOjUwMCwicmlkIjowLCJpYXQiOjE2ODEyMjAyNDYsImV4cCI6MTY4MTMwNjY0Nn0.MM-b3l9Ptyy9rbIRqQmGvg1bI8Xlq_tRfxAGVeWYAR0', 'Content-Length': '0'}
请求内容: None
接口响应内容: {'data': {'id': 1026, 'rid': -1, 'username': 'cUXiW673', 'mobile': '13398151347', 'email': 'xiulanguo@yahoo.com', 'mg_state': 0}, 'meta': {'msg': '设置状态成功', 'status': 200}}
接口响应时长: 5 ms
Http状态码: 200
断言结果: 200
=====================================================
INFO    2023-04-11 21:37:26,902G:\auto_api1_framework\logs\info-2023-04-11.log:test_update_user_status.py:29 2023-04-11 21:37:26 >>>>>> 执行结束！
INFO    2023-04-11 21:37:26,904G:\auto_api1_framework\logs\info-2023-04-11.log:test_update_user_status.py:26 2023-04-11 21:37:26 >>>>>> 开始执行：
INFO    2023-04-11 21:37:27,142G:\auto_api1_framework\logs\info-2023-04-11.log:log_decorator.py:42 
======================================================
用例标题: 创建用户成功（全部参数）
请求路径: http://127.0.0.1:8888/api/private/v1/users
请求方式: POST
请求头:   {'User-Agent': 'python-requests/2.28.2', 'Accept-Encoding': 'gzip, deflate', 'Accept': '*/*', 'Connection': 'keep-alive', 'Content-Type': 'application/json', 'Authorization': 'Bearer eyJhbGciOiJIUzI1NiIsInR5cCI6IkpXVCJ9.eyJ1aWQiOjUwMCwicmlkIjowLCJpYXQiOjE2ODEyMjAyNDYsImV4cCI6MTY4MTMwNjY0Nn0.MM-b3l9Ptyy9rbIRqQmGvg1bI8Xlq_tRfxAGVeWYAR0', 'Content-Length': '100'}
请求内容: {'username': 'hFzns572', 'password': '%S8Rr(X1', 'email': 'liyi@yahoo.com', 'mobile': '18705545072'}
接口响应内容: {'data': {'id': 1027, 'username': 'hFzns572', 'mobile': '18705545072', 'email': 'liyi@yahoo.com', 'role_id': -1, 'create_time': 1681220247}, 'meta': {'msg': '创建成功', 'status': 201}}
接口响应时长: 77 ms
Http状态码: 200
断言结果: 200
=====================================================
INFO    2023-04-11 21:37:27,149G:\auto_api1_framework\logs\info-2023-04-11.log:log_decorator.py:42 
======================================================
用例标题: 修改用户状态成功（state为纯字母）
请求路径: http://127.0.0.1:8888/api/private/v1/users/1027/state/DzaaZu
请求方式: PUT
请求头:   {'User-Agent': 'python-requests/2.28.2', 'Accept-Encoding': 'gzip, deflate', 'Accept': '*/*', 'Connection': 'keep-alive', 'Authorization': 'Bearer eyJhbGciOiJIUzI1NiIsInR5cCI6IkpXVCJ9.eyJ1aWQiOjUwMCwicmlkIjowLCJpYXQiOjE2ODEyMjAyNDYsImV4cCI6MTY4MTMwNjY0Nn0.MM-b3l9Ptyy9rbIRqQmGvg1bI8Xlq_tRfxAGVeWYAR0', 'Content-Length': '0'}
请求内容: None
接口响应内容: {'data': {'id': 1027, 'rid': -1, 'username': 'hFzns572', 'mobile': '18705545072', 'email': 'liyi@yahoo.com', 'mg_state': 0}, 'meta': {'msg': '设置状态成功', 'status': 200}}
接口响应时长: 5 ms
Http状态码: 200
断言结果: 200
=====================================================
INFO    2023-04-11 21:37:27,150G:\auto_api1_framework\logs\info-2023-04-11.log:test_update_user_status.py:29 2023-04-11 21:37:26 >>>>>> 执行结束！
INFO    2023-04-11 21:37:27,151G:\auto_api1_framework\logs\info-2023-04-11.log:test_update_user_status.py:26 2023-04-11 21:37:26 >>>>>> 开始执行：
INFO    2023-04-11 21:37:27,385G:\auto_api1_framework\logs\info-2023-04-11.log:log_decorator.py:42 
======================================================
用例标题: 创建用户成功（全部参数）
请求路径: http://127.0.0.1:8888/api/private/v1/users
请求方式: POST
请求头:   {'User-Agent': 'python-requests/2.28.2', 'Accept-Encoding': 'gzip, deflate', 'Accept': '*/*', 'Connection': 'keep-alive', 'Content-Type': 'application/json', 'Authorization': 'Bearer eyJhbGciOiJIUzI1NiIsInR5cCI6IkpXVCJ9.eyJ1aWQiOjUwMCwicmlkIjowLCJpYXQiOjE2ODEyMjAyNDYsImV4cCI6MTY4MTMwNjY0Nn0.MM-b3l9Ptyy9rbIRqQmGvg1bI8Xlq_tRfxAGVeWYAR0', 'Content-Length': '102'}
请求内容: {'username': 'zAaBM831', 'password': 'D*3F7IWo', 'email': 'minbai@yahoo.com', 'mobile': '15331063773'}
接口响应内容: {'data': {'id': 1028, 'username': 'zAaBM831', 'mobile': '15331063773', 'email': 'minbai@yahoo.com', 'role_id': -1, 'create_time': 1681220247}, 'meta': {'msg': '创建成功', 'status': 201}}
接口响应时长: 71 ms
Http状态码: 200
断言结果: 200
=====================================================
INFO    2023-04-11 21:37:27,393G:\auto_api1_framework\logs\info-2023-04-11.log:log_decorator.py:42 
======================================================
用例标题: 修改用户状态成功（state包含特殊字符）
请求路径: http://127.0.0.1:8888/api/private/v1/users/1028/state/_&!)@
请求方式: PUT
请求头:   {'User-Agent': 'python-requests/2.28.2', 'Accept-Encoding': 'gzip, deflate', 'Accept': '*/*', 'Connection': 'keep-alive', 'Authorization': 'Bearer eyJhbGciOiJIUzI1NiIsInR5cCI6IkpXVCJ9.eyJ1aWQiOjUwMCwicmlkIjowLCJpYXQiOjE2ODEyMjAyNDYsImV4cCI6MTY4MTMwNjY0Nn0.MM-b3l9Ptyy9rbIRqQmGvg1bI8Xlq_tRfxAGVeWYAR0', 'Content-Length': '0'}
请求内容: None
接口响应内容: {'data': {'id': 1028, 'rid': -1, 'username': 'zAaBM831', 'mobile': '15331063773', 'email': 'minbai@yahoo.com', 'mg_state': 0}, 'meta': {'msg': '设置状态成功', 'status': 200}}
接口响应时长: 6 ms
Http状态码: 200
断言结果: 200
=====================================================
INFO    2023-04-11 21:37:27,395G:\auto_api1_framework\logs\info-2023-04-11.log:test_update_user_status.py:29 2023-04-11 21:37:26 >>>>>> 执行结束！
INFO    2023-04-11 21:37:45,976G:\auto_api1_framework\logs\info-2023-04-11.log:test_assign_user_roles.py:26 2023-04-11 21:37:45 >>>>>> 开始执行：
INFO    2023-04-11 21:37:45,984G:\auto_api1_framework\logs\info-2023-04-11.log:log_decorator.py:42 
======================================================
用例标题: 分配用户角色成功
请求路径: http://127.0.0.1:8888/api/private/v1/users/251/role
请求方式: PUT
请求头:   {'User-Agent': 'python-requests/2.28.2', 'Accept-Encoding': 'gzip, deflate', 'Accept': '*/*', 'Connection': 'keep-alive', 'Authorization': 'Bearer eyJhbGciOiJIUzI1NiIsInR5cCI6IkpXVCJ9.eyJ1aWQiOjUwMCwicmlkIjowLCJpYXQiOjE2ODEyMjAyNjUsImV4cCI6MTY4MTMwNjY2NX0.GpHspRUd77NSWnwlc6YMgCgzhefVHRVIB2ujBN_p_9o', 'Content-Length': '12', 'Content-Type': 'application/json'}
请求内容: {'rid': 110}
接口响应内容: {'data': None, 'meta': {'msg': '管理员ID不存在', 'status': 400}}
接口响应时长: 3 ms
Http状态码: 200
断言结果: 200
=====================================================
INFO    2023-04-11 21:37:46,055G:\auto_api1_framework\logs\info-2023-04-11.log:test_assign_user_roles.py:29 2023-04-11 21:37:45 >>>>>> 执行结束！
INFO    2023-04-11 21:37:46,057G:\auto_api1_framework\logs\info-2023-04-11.log:test_assign_user_roles.py:26 2023-04-11 21:37:45 >>>>>> 开始执行：
INFO    2023-04-11 21:37:48,189G:\auto_api1_framework\logs\info-2023-04-11.log:test_assign_user_roles.py:29 2023-04-11 21:37:45 >>>>>> 执行结束！
INFO    2023-04-11 21:37:48,191G:\auto_api1_framework\logs\info-2023-04-11.log:test_assign_user_roles.py:26 2023-04-11 21:37:45 >>>>>> 开始执行：
INFO    2023-04-11 21:37:50,323G:\auto_api1_framework\logs\info-2023-04-11.log:test_assign_user_roles.py:29 2023-04-11 21:37:45 >>>>>> 执行结束！
INFO    2023-04-11 21:37:50,325G:\auto_api1_framework\logs\info-2023-04-11.log:test_assign_user_roles.py:26 2023-04-11 21:37:45 >>>>>> 开始执行：
INFO    2023-04-11 21:37:52,447G:\auto_api1_framework\logs\info-2023-04-11.log:test_assign_user_roles.py:29 2023-04-11 21:37:45 >>>>>> 执行结束！
INFO    2023-04-11 21:37:52,448G:\auto_api1_framework\logs\info-2023-04-11.log:test_assign_user_roles.py:26 2023-04-11 21:37:45 >>>>>> 开始执行：
INFO    2023-04-11 21:37:54,583G:\auto_api1_framework\logs\info-2023-04-11.log:test_assign_user_roles.py:29 2023-04-11 21:37:45 >>>>>> 执行结束！
INFO    2023-04-11 21:37:54,585G:\auto_api1_framework\logs\info-2023-04-11.log:test_assign_user_roles.py:26 2023-04-11 21:37:45 >>>>>> 开始执行：
INFO    2023-04-11 21:37:56,706G:\auto_api1_framework\logs\info-2023-04-11.log:test_assign_user_roles.py:29 2023-04-11 21:37:45 >>>>>> 执行结束！
INFO    2023-04-11 21:37:56,708G:\auto_api1_framework\logs\info-2023-04-11.log:test_assign_user_roles.py:26 2023-04-11 21:37:45 >>>>>> 开始执行：
INFO    2023-04-11 21:37:58,839G:\auto_api1_framework\logs\info-2023-04-11.log:test_assign_user_roles.py:29 2023-04-11 21:37:45 >>>>>> 执行结束！
INFO    2023-04-11 21:37:58,841G:\auto_api1_framework\logs\info-2023-04-11.log:test_assign_user_roles.py:26 2023-04-11 21:37:45 >>>>>> 开始执行：
INFO    2023-04-11 21:38:00,961G:\auto_api1_framework\logs\info-2023-04-11.log:test_assign_user_roles.py:29 2023-04-11 21:37:45 >>>>>> 执行结束！
INFO    2023-04-11 21:38:11,867G:\auto_api1_framework\logs\info-2023-04-11.log:test_get_all_purview_list.py:26 2023-04-11 21:38:11 >>>>>> 开始执行：
INFO    2023-04-11 21:38:11,876G:\auto_api1_framework\logs\info-2023-04-11.log:log_decorator.py:42 
======================================================
用例标题: 获取所有权限列表展示成功
请求路径: http://127.0.0.1:8888/api/private/v1/rights/list
请求方式: GET
请求头:   {'User-Agent': 'python-requests/2.28.2', 'Accept-Encoding': 'gzip, deflate', 'Accept': '*/*', 'Connection': 'keep-alive', 'Authorization': 'Bearer eyJhbGciOiJIUzI1NiIsInR5cCI6IkpXVCJ9.eyJ1aWQiOjUwMCwicmlkIjowLCJpYXQiOjE2ODEyMjAyOTEsImV4cCI6MTY4MTMwNjY5MX0.Fl5ZVIdlS4Xo72WACFnfjSG-EpGil-QgDNfubOMBu6Q'}
请求内容: None
接口响应内容: {'data': [{'id': 101, 'authName': '商品管理', 'level': '0', 'pid': 0, 'path': 'goods'}, {'id': 102, 'authName': '订单管理', 'level': '0', 'pid': 0, 'path': 'orders'}, {'id': 103, 'authName': '权限管理', 'level': '0', 'pid': 0, 'path': 'rights'}, {'id': 104, 'authName': '商品列表', 'level': '1', 'pid': 101, 'path': 'goods'}, {'id': 105, 'authName': '添加商品', 'level': '2', 'pid': 104, 'path': 'goods'}, {'id': 107, 'authName': '订单列表', 'level': '1', 'pid': 102, 'path': 'orders'}, {'id': 109, 'authName': '添加订单', 'level': '2', 'pid': 107, 'path': 'orders'}, {'id': 110, 'authName': '用户列表', 'level': '1', 'pid': 125, 'path': 'users'}, {'id': 111, 'authName': '角色列表', 'level': '1', 'pid': 103, 'path': 'roles'}, {'id': 112, 'authName': '权限列表', 'level': '1', 'pid': 103, 'path': 'rights'}, {'id': 115, 'authName': '分类参数', 'level': '1', 'pid': 101, 'path': 'params'}, {'id': 116, 'authName': '商品修改', 'level': '2', 'pid': 104, 'path': 'goods'}, {'id': 117, 'authName': '商品删除', 'level': '2', 'pid': 104, 'path': 'goods'}, {'id': 121, 'authName': '商品分类', 'level': '1', 'pid': 101, 'path': 'categories'}, {'id': 122, 'authName': '添加分类', 'level': '2', 'pid': 121, 'path': 'categories'}, {'id': 123, 'authName': '删除分类', 'level': '2', 'pid': 121, 'path': 'categories'}, {'id': 125, 'authName': '用户管理', 'level': '0', 'pid': 0, 'path': 'users'}, {'id': 129, 'authName': '添加角色', 'level': '2', 'pid': 111, 'path': 'roles'}, {'id': 130, 'authName': '删除角色', 'level': '2', 'pid': 111, 'path': 'roles'}, {'id': 131, 'authName': '添加用户', 'level': '2', 'pid': 110, 'path': 'users'}, {'id': 132, 'authName': '删除用户', 'level': '2', 'pid': 110, 'path': 'users'}, {'id': 133, 'authName': '更新用户', 'level': '2', 'pid': 110, 'path': 'users'}, {'id': 134, 'authName': '角色授权', 'level': '2', 'pid': 111, 'path': 'roles'}, {'id': 135, 'authName': '取消角色授权', 'level': '2', 'pid': 111, 'path': 'roles'}, {'id': 136, 'authName': '获取用户详情', 'level': '2', 'pid': 110, 'path': 'users'}, {'id': 137, 'authName': '分配用户角色', 'level': '2', 'pid': 110, 'path': 'users'}, {'id': 138, 'authName': '获取角色列表', 'level': '2', 'pid': 111, 'path': 'roles'}, {'id': 139, 'authName': '获取角色详情', 'level': '2', 'pid': 111, 'path': 'roles'}, {'id': 140, 'authName': '更新角色信息', 'level': '2', 'pid': 111, 'path': 'roles'}, {'id': 141, 'authName': '更新角色权限', 'level': '2', 'pid': 111, 'path': 'roles'}, {'id': 142, 'authName': '获取参数列表', 'level': '2', 'pid': 115, 'path': 'categories'}, {'id': 143, 'authName': '创建商品参数', 'level': '2', 'pid': 115, 'path': 'categories'}, {'id': 144, 'authName': '删除商品参数', 'level': '2', 'pid': 115, 'path': 'categories'}, {'id': 145, 'authName': '数据统计', 'level': '0', 'pid': 0, 'path': 'reports'}, {'id': 146, 'authName': '数据报表', 'level': '1', 'pid': 145, 'path': 'reports'}, {'id': 147, 'authName': '查看权限', 'level': '2', 'pid': 112, 'path': 'rights'}, {'id': 148, 'authName': '查看数据', 'level': '2', 'pid': 146, 'path': 'reports'}, {'id': 149, 'authName': '获取分类详情', 'level': '2', 'pid': 121, 'path': 'categories'}, {'id': 150, 'authName': '更新商品图片', 'level': '2', 'pid': 104, 'path': 'goods'}, {'id': 151, 'authName': '更新商品属性', 'level': '2', 'pid': 104, 'path': 'goods'}, {'id': 152, 'authName': '更新商品状态', 'level': '2', 'pid': 104, 'path': 'goods'}, {'id': 153, 'authName': '获取商品详情', 'level': '2', 'pid': 104, 'path': 'goods'}, {'id': 154, 'authName': '订单更新', 'level': '2', 'pid': 107, 'path': 'orders'}, {'id': 155, 'authName': '获取订单详情', 'level': '2', 'pid': 107, 'path': 'orders'}, {'id': 156, 'authName': '分类参数添加', 'level': '2', 'pid': 101, 'path': 'categories'}, {'id': 157, 'authName': '分类参数删除', 'level': '2', 'pid': 101, 'path': 'categories'}, {'id': 158, 'authName': '分类参数详情', 'level': '2', 'pid': 101, 'path': 'categories'}, {'id': 159, 'authName': '设置管理状态', 'level': '2', 'pid': 110, 'path': 'users'}], 'meta': {'msg': '获取权限列表成功', 'status': 200}}
接口响应时长: 5 ms
Http状态码: 200
断言结果: 200
=====================================================
INFO    2023-04-11 21:38:11,880G:\auto_api1_framework\logs\info-2023-04-11.log:test_get_all_purview_list.py:29 2023-04-11 21:38:11 >>>>>> 执行结束！
INFO    2023-04-11 21:38:11,882G:\auto_api1_framework\logs\info-2023-04-11.log:test_get_all_purview_list.py:26 2023-04-11 21:38:11 >>>>>> 开始执行：
INFO    2023-04-11 21:38:11,889G:\auto_api1_framework\logs\info-2023-04-11.log:log_decorator.py:42 
======================================================
用例标题: 获取所有权限树状展示成功
请求路径: http://127.0.0.1:8888/api/private/v1/rights/tree
请求方式: GET
请求头:   {'User-Agent': 'python-requests/2.28.2', 'Accept-Encoding': 'gzip, deflate', 'Accept': '*/*', 'Connection': 'keep-alive', 'Authorization': 'Bearer eyJhbGciOiJIUzI1NiIsInR5cCI6IkpXVCJ9.eyJ1aWQiOjUwMCwicmlkIjowLCJpYXQiOjE2ODEyMjAyOTEsImV4cCI6MTY4MTMwNjY5MX0.Fl5ZVIdlS4Xo72WACFnfjSG-EpGil-QgDNfubOMBu6Q'}
请求内容: None
接口响应内容: {'data': [{'id': 101, 'authName': '商品管理', 'path': 'goods', 'pid': 0, 'children': [{'id': 104, 'authName': '商品列表', 'path': 'goods', 'pid': 101, 'children': [{'id': 105, 'authName': '添加商品', 'path': 'goods', 'pid': '104,101'}, {'id': 116, 'authName': '商品修改', 'path': 'goods', 'pid': '104,101'}, {'id': 117, 'authName': '商品删除', 'path': 'goods', 'pid': '104,101'}, {'id': 150, 'authName': '更新商品图片', 'path': 'goods', 'pid': '104,101'}, {'id': 151, 'authName': '更新商品属性', 'path': 'goods', 'pid': '104,101'}, {'id': 152, 'authName': '更新商品状态', 'path': 'goods', 'pid': '104,101'}, {'id': 153, 'authName': '获取商品详情', 'path': 'goods', 'pid': '104,101'}]}, {'id': 115, 'authName': '分类参数', 'path': 'params', 'pid': 101, 'children': [{'id': 142, 'authName': '获取参数列表', 'path': 'categories', 'pid': '115,101'}, {'id': 143, 'authName': '创建商品参数', 'path': 'categories', 'pid': '115,101'}, {'id': 144, 'authName': '删除商品参数', 'path': 'categories', 'pid': '115,101'}]}, {'id': 121, 'authName': '商品分类', 'path': 'categories', 'pid': 101, 'children': [{'id': 122, 'authName': '添加分类', 'path': 'categories', 'pid': '121,101'}, {'id': 123, 'authName': '删除分类', 'path': 'categories', 'pid': '121,101'}, {'id': 149, 'authName': '获取分类详情', 'path': 'categories', 'pid': '121,101'}]}]}, {'id': 102, 'authName': '订单管理', 'path': 'orders', 'pid': 0, 'children': [{'id': 107, 'authName': '订单列表', 'path': 'orders', 'pid': 102, 'children': [{'id': 109, 'authName': '添加订单', 'path': 'orders', 'pid': '107,102'}, {'id': 154, 'authName': '订单更新', 'path': 'orders', 'pid': '107,102'}, {'id': 155, 'authName': '获取订单详情', 'path': 'orders', 'pid': '107,102'}]}]}, {'id': 103, 'authName': '权限管理', 'path': 'rights', 'pid': 0, 'children': [{'id': 111, 'authName': '角色列表', 'path': 'roles', 'pid': 103, 'children': [{'id': 129, 'authName': '添加角色', 'path': 'roles', 'pid': '111,103'}, {'id': 130, 'authName': '删除角色', 'path': 'roles', 'pid': '111,103'}, {'id': 134, 'authName': '角色授权', 'path': 'roles', 'pid': '111,103'}, {'id': 135, 'authName': '取消角色授权', 'path': 'roles', 'pid': '111,103'}, {'id': 138, 'authName': '获取角色列表', 'path': 'roles', 'pid': '111,103'}, {'id': 139, 'authName': '获取角色详情', 'path': 'roles', 'pid': '111,103'}, {'id': 140, 'authName': '更新角色信息', 'path': 'roles', 'pid': '111,103'}, {'id': 141, 'authName': '更新角色权限', 'path': 'roles', 'pid': '111,103'}]}, {'id': 112, 'authName': '权限列表', 'path': 'rights', 'pid': 103, 'children': [{'id': 147, 'authName': '查看权限', 'path': 'rights', 'pid': '112,103'}]}]}, {'id': 125, 'authName': '用户管理', 'path': 'users', 'pid': 0, 'children': [{'id': 110, 'authName': '用户列表', 'path': 'users', 'pid': 125, 'children': [{'id': 131, 'authName': '添加用户', 'path': 'users', 'pid': '110,125'}, {'id': 132, 'authName': '删除用户', 'path': 'users', 'pid': '110,125'}, {'id': 133, 'authName': '更新用户', 'path': 'users', 'pid': '110,125'}, {'id': 136, 'authName': '获取用户详情', 'path': 'users', 'pid': '110,125'}, {'id': 137, 'authName': '分配用户角色', 'path': 'users', 'pid': '110,125'}, {'id': 159, 'authName': '设置管理状态', 'path': 'users', 'pid': '110,125'}]}]}, {'id': 145, 'authName': '数据统计', 'path': 'reports', 'pid': 0, 'children': [{'id': 146, 'authName': '数据报表', 'path': 'reports', 'pid': 145, 'children': [{'id': 148, 'authName': '查看数据', 'path': 'reports', 'pid': '146,145'}]}]}], 'meta': {'msg': '获取权限列表成功', 'status': 200}}
接口响应时长: 4 ms
Http状态码: 200
断言结果: 200
=====================================================
INFO    2023-04-11 21:38:11,891G:\auto_api1_framework\logs\info-2023-04-11.log:test_get_all_purview_list.py:29 2023-04-11 21:38:11 >>>>>> 执行结束！
INFO    2023-04-11 21:38:11,892G:\auto_api1_framework\logs\info-2023-04-11.log:test_get_all_purview_list.py:26 2023-04-11 21:38:11 >>>>>> 开始执行：
INFO    2023-04-11 21:38:11,897G:\auto_api1_framework\logs\info-2023-04-11.log:log_decorator.py:42 
======================================================
用例标题: 获取所有权限列表失败
请求路径: http://127.0.0.1:8888/api/private/v1/rights/Myrqfd
请求方式: GET
请求头:   {'User-Agent': 'python-requests/2.28.2', 'Accept-Encoding': 'gzip, deflate', 'Accept': '*/*', 'Connection': 'keep-alive', 'Authorization': 'Bearer eyJhbGciOiJIUzI1NiIsInR5cCI6IkpXVCJ9.eyJ1aWQiOjUwMCwicmlkIjowLCJpYXQiOjE2ODEyMjAyOTEsImV4cCI6MTY4MTMwNjY5MX0.Fl5ZVIdlS4Xo72WACFnfjSG-EpGil-QgDNfubOMBu6Q'}
请求内容: None
接口响应内容: {'data': None, 'meta': {'msg': '显示类型参数错误', 'status': 400}}
接口响应时长: 1 ms
Http状态码: 200
断言结果: 200
=====================================================
INFO    2023-04-11 21:38:11,898G:\auto_api1_framework\logs\info-2023-04-11.log:test_get_all_purview_list.py:29 2023-04-11 21:38:11 >>>>>> 执行结束！
INFO    2023-04-11 21:39:39,010G:\auto_api1_framework\logs\info-2023-04-11.log:test_assign_user_roles.py:26 2023-04-11 21:39:38 >>>>>> 开始执行：
INFO    2023-04-11 21:39:39,248G:\auto_api1_framework\logs\info-2023-04-11.log:log_decorator.py:42 
======================================================
用例标题: 创建用户成功（全部参数）
请求路径: http://127.0.0.1:8888/api/private/v1/users
请求方式: POST
请求头:   {'User-Agent': 'python-requests/2.28.2', 'Accept-Encoding': 'gzip, deflate', 'Accept': '*/*', 'Connection': 'keep-alive', 'Content-Type': 'application/json', 'Authorization': 'Bearer eyJhbGciOiJIUzI1NiIsInR5cCI6IkpXVCJ9.eyJ1aWQiOjUwMCwicmlkIjowLCJpYXQiOjE2ODEyMjAzNzksImV4cCI6MTY4MTMwNjc3OX0.dQIEum02leaG7jhoeR4bQ5x1Lz9zXBncZEB8VY0f2D8', 'Content-Length': '106'}
请求内容: {'username': 'biSSx309', 'password': '(O*8FQwv', 'email': 'yinguiying@yahoo.com', 'mobile': '14599561773'}
接口响应内容: {'data': {'id': 1029, 'username': 'biSSx309', 'mobile': '14599561773', 'email': 'yinguiying@yahoo.com', 'role_id': -1, 'create_time': 1681220379}, 'meta': {'msg': '创建成功', 'status': 201}}
接口响应时长: 76 ms
Http状态码: 200
断言结果: 200
=====================================================
INFO    2023-04-11 21:39:39,254G:\auto_api1_framework\logs\info-2023-04-11.log:log_decorator.py:42 
======================================================
用例标题: 分配用户角色成功
请求路径: http://127.0.0.1:8888/api/private/v1/users/$cache%7B%7Bid%7D%7D/role
请求方式: PUT
请求头:   {'User-Agent': 'python-requests/2.28.2', 'Accept-Encoding': 'gzip, deflate', 'Accept': '*/*', 'Connection': 'keep-alive', 'Authorization': 'Bearer eyJhbGciOiJIUzI1NiIsInR5cCI6IkpXVCJ9.eyJ1aWQiOjUwMCwicmlkIjowLCJpYXQiOjE2ODEyMjAzNzksImV4cCI6MTY4MTMwNjc3OX0.dQIEum02leaG7jhoeR4bQ5x1Lz9zXBncZEB8VY0f2D8', 'Content-Length': '12', 'Content-Type': 'application/json'}
请求内容: {'rid': 110}
接口响应内容: {'data': None, 'meta': {'msg': '用户ID必须是数字', 'status': 400}}
接口响应时长: 2 ms
Http状态码: 200
断言结果: 200
=====================================================
INFO    2023-04-11 21:39:39,325G:\auto_api1_framework\logs\info-2023-04-11.log:test_assign_user_roles.py:29 2023-04-11 21:39:38 >>>>>> 执行结束！
INFO    2023-04-11 21:39:39,326G:\auto_api1_framework\logs\info-2023-04-11.log:test_assign_user_roles.py:26 2023-04-11 21:39:38 >>>>>> 开始执行：
INFO    2023-04-11 21:39:39,331G:\auto_api1_framework\logs\info-2023-04-11.log:log_decorator.py:42 
======================================================
用例标题: 分配用户角色失败（id为字符串）
请求路径: http://127.0.0.1:8888/api/private/v1/users/CHXcbT/role
请求方式: PUT
请求头:   {'User-Agent': 'python-requests/2.28.2', 'Accept-Encoding': 'gzip, deflate', 'Accept': '*/*', 'Connection': 'keep-alive', 'Authorization': 'Bearer eyJhbGciOiJIUzI1NiIsInR5cCI6IkpXVCJ9.eyJ1aWQiOjUwMCwicmlkIjowLCJpYXQiOjE2ODEyMjAzNzksImV4cCI6MTY4MTMwNjc3OX0.dQIEum02leaG7jhoeR4bQ5x1Lz9zXBncZEB8VY0f2D8', 'Content-Length': '0'}
请求内容: {'rid': 10}
接口响应内容: {'data': None, 'meta': {'msg': '用户ID必须是数字', 'status': 400}}
接口响应时长: 2 ms
Http状态码: 200
断言结果: 200
=====================================================
INFO    2023-04-11 21:39:39,338G:\auto_api1_framework\logs\info-2023-04-11.log:test_assign_user_roles.py:29 2023-04-11 21:39:38 >>>>>> 执行结束！
INFO    2023-04-11 21:39:39,341G:\auto_api1_framework\logs\info-2023-04-11.log:test_assign_user_roles.py:26 2023-04-11 21:39:38 >>>>>> 开始执行：
INFO    2023-04-11 21:39:39,346G:\auto_api1_framework\logs\info-2023-04-11.log:log_decorator.py:42 
======================================================
用例标题: 分配用户角色失败（id包含特殊字符）
请求路径: http://127.0.0.1:8888/api/private/v1/users/%25%25+&%25/role
请求方式: PUT
请求头:   {'User-Agent': 'python-requests/2.28.2', 'Accept-Encoding': 'gzip, deflate', 'Accept': '*/*', 'Connection': 'keep-alive', 'Authorization': 'Bearer eyJhbGciOiJIUzI1NiIsInR5cCI6IkpXVCJ9.eyJ1aWQiOjUwMCwicmlkIjowLCJpYXQiOjE2ODEyMjAzNzksImV4cCI6MTY4MTMwNjc3OX0.dQIEum02leaG7jhoeR4bQ5x1Lz9zXBncZEB8VY0f2D8', 'Content-Length': '0'}
请求内容: {'rid': 10}
接口响应内容: {'data': None, 'meta': {'msg': '用户ID必须是数字', 'status': 400}}
接口响应时长: 2 ms
Http状态码: 200
断言结果: 200
=====================================================
INFO    2023-04-11 21:39:39,355G:\auto_api1_framework\logs\info-2023-04-11.log:test_assign_user_roles.py:29 2023-04-11 21:39:38 >>>>>> 执行结束！
INFO    2023-04-11 21:39:39,357G:\auto_api1_framework\logs\info-2023-04-11.log:test_assign_user_roles.py:26 2023-04-11 21:39:38 >>>>>> 开始执行：
INFO    2023-04-11 21:39:39,361G:\auto_api1_framework\logs\info-2023-04-11.log:log_decorator.py:42 
======================================================
用例标题: 分配用户角色失败（id为中文）
请求路径: http://127.0.0.1:8888/api/private/v1/users/NRbai703/role
请求方式: PUT
请求头:   {'User-Agent': 'python-requests/2.28.2', 'Accept-Encoding': 'gzip, deflate', 'Accept': '*/*', 'Connection': 'keep-alive', 'Authorization': 'Bearer eyJhbGciOiJIUzI1NiIsInR5cCI6IkpXVCJ9.eyJ1aWQiOjUwMCwicmlkIjowLCJpYXQiOjE2ODEyMjAzNzksImV4cCI6MTY4MTMwNjc3OX0.dQIEum02leaG7jhoeR4bQ5x1Lz9zXBncZEB8VY0f2D8', 'Content-Length': '0'}
请求内容: {'rid': 10}
接口响应内容: {'data': None, 'meta': {'msg': '用户ID必须是数字', 'status': 400}}
接口响应时长: 2 ms
Http状态码: 200
断言结果: 200
=====================================================
INFO    2023-04-11 21:39:39,367G:\auto_api1_framework\logs\info-2023-04-11.log:test_assign_user_roles.py:29 2023-04-11 21:39:38 >>>>>> 执行结束！
INFO    2023-04-11 21:39:39,370G:\auto_api1_framework\logs\info-2023-04-11.log:test_assign_user_roles.py:26 2023-04-11 21:39:38 >>>>>> 开始执行：
INFO    2023-04-11 21:39:39,374G:\auto_api1_framework\logs\info-2023-04-11.log:log_decorator.py:42 
======================================================
用例标题: 分配用户角色失败（rid为字符串）
请求路径: http://127.0.0.1:8888/api/private/v1/users/281/role
请求方式: PUT
请求头:   {'User-Agent': 'python-requests/2.28.2', 'Accept-Encoding': 'gzip, deflate', 'Accept': '*/*', 'Connection': 'keep-alive', 'Authorization': 'Bearer eyJhbGciOiJIUzI1NiIsInR5cCI6IkpXVCJ9.eyJ1aWQiOjUwMCwicmlkIjowLCJpYXQiOjE2ODEyMjAzNzksImV4cCI6MTY4MTMwNjc3OX0.dQIEum02leaG7jhoeR4bQ5x1Lz9zXBncZEB8VY0f2D8', 'Content-Length': '0'}
请求内容: {'rid': 'YqQBSD'}
接口响应内容: {'data': None, 'meta': {'msg': '权限ID不能为空', 'status': 400}}
接口响应时长: 1 ms
Http状态码: 200
断言结果: 200
=====================================================
INFO    2023-04-11 21:39:39,382G:\auto_api1_framework\logs\info-2023-04-11.log:test_assign_user_roles.py:29 2023-04-11 21:39:38 >>>>>> 执行结束！
INFO    2023-04-11 21:39:39,385G:\auto_api1_framework\logs\info-2023-04-11.log:test_assign_user_roles.py:26 2023-04-11 21:39:38 >>>>>> 开始执行：
INFO    2023-04-11 21:39:41,521G:\auto_api1_framework\logs\info-2023-04-11.log:test_assign_user_roles.py:29 2023-04-11 21:39:38 >>>>>> 执行结束！
INFO    2023-04-11 21:39:41,523G:\auto_api1_framework\logs\info-2023-04-11.log:test_assign_user_roles.py:26 2023-04-11 21:39:38 >>>>>> 开始执行：
INFO    2023-04-11 21:39:43,641G:\auto_api1_framework\logs\info-2023-04-11.log:test_assign_user_roles.py:29 2023-04-11 21:39:38 >>>>>> 执行结束！
INFO    2023-04-11 21:39:43,643G:\auto_api1_framework\logs\info-2023-04-11.log:test_assign_user_roles.py:26 2023-04-11 21:39:38 >>>>>> 开始执行：
INFO    2023-04-11 21:39:45,763G:\auto_api1_framework\logs\info-2023-04-11.log:test_assign_user_roles.py:29 2023-04-11 21:39:38 >>>>>> 执行结束！
INFO    2023-04-11 21:42:17,073G:\auto_api1_framework\logs\info-2023-04-11.log:test_assign_user_roles.py:26 2023-04-11 21:42:16 >>>>>> 开始执行：
INFO    2023-04-11 21:42:17,339G:\auto_api1_framework\logs\info-2023-04-11.log:log_decorator.py:42 
======================================================
用例标题: 创建用户成功（全部参数）
请求路径: http://127.0.0.1:8888/api/private/v1/users
请求方式: POST
请求头:   {'User-Agent': 'python-requests/2.28.2', 'Accept-Encoding': 'gzip, deflate', 'Accept': '*/*', 'Connection': 'keep-alive', 'Content-Type': 'application/json', 'Authorization': 'Bearer eyJhbGciOiJIUzI1NiIsInR5cCI6IkpXVCJ9.eyJ1aWQiOjUwMCwicmlkIjowLCJpYXQiOjE2ODEyMjA1MzcsImV4cCI6MTY4MTMwNjkzN30.p5w27OCpYcYGj57xNLG4rsTG-GnTDGFqEgOATMsaLv4', 'Content-Length': '107'}
请求内容: {'username': 'HYpcl068', 'password': 'gS*N9rIx', 'email': 'dengguiying@yahoo.com', 'mobile': '18100947842'}
接口响应内容: {'data': {'id': 1030, 'username': 'HYpcl068', 'mobile': '18100947842', 'email': 'dengguiying@yahoo.com', 'role_id': -1, 'create_time': 1681220537}, 'meta': {'msg': '创建成功', 'status': 201}}
接口响应时长: 91 ms
Http状态码: 200
断言结果: 200
=====================================================
INFO    2023-04-11 21:42:17,353G:\auto_api1_framework\logs\info-2023-04-11.log:log_decorator.py:42 
======================================================
用例标题: 分配用户角色成功
请求路径: http://127.0.0.1:8888/api/private/v1/users/1030/role
请求方式: PUT
请求头:   {'User-Agent': 'python-requests/2.28.2', 'Accept-Encoding': 'gzip, deflate', 'Accept': '*/*', 'Connection': 'keep-alive', 'Authorization': 'Bearer eyJhbGciOiJIUzI1NiIsInR5cCI6IkpXVCJ9.eyJ1aWQiOjUwMCwicmlkIjowLCJpYXQiOjE2ODEyMjA1MzcsImV4cCI6MTY4MTMwNjkzN30.p5w27OCpYcYGj57xNLG4rsTG-GnTDGFqEgOATMsaLv4', 'Content-Length': '12', 'Content-Type': 'application/json'}
请求内容: {'rid': 110}
接口响应内容: {'data': {'id': 1030, 'rid': 110, 'username': 'HYpcl068', 'mobile': '18100947842', 'email': 'dengguiying@yahoo.com'}, 'meta': {'msg': '设置角色成功', 'status': 200}}
接口响应时长: 11 ms
Http状态码: 200
断言结果: 200
=====================================================
INFO    2023-04-11 21:42:17,354G:\auto_api1_framework\logs\info-2023-04-11.log:test_assign_user_roles.py:29 2023-04-11 21:42:16 >>>>>> 执行结束！
INFO    2023-04-11 21:42:17,358G:\auto_api1_framework\logs\info-2023-04-11.log:test_assign_user_roles.py:26 2023-04-11 21:42:16 >>>>>> 开始执行：
INFO    2023-04-11 21:42:17,364G:\auto_api1_framework\logs\info-2023-04-11.log:log_decorator.py:42 
======================================================
用例标题: 分配用户角色失败（id为字符串）
请求路径: http://127.0.0.1:8888/api/private/v1/users/TdjyYj/role
请求方式: PUT
请求头:   {'User-Agent': 'python-requests/2.28.2', 'Accept-Encoding': 'gzip, deflate', 'Accept': '*/*', 'Connection': 'keep-alive', 'Authorization': 'Bearer eyJhbGciOiJIUzI1NiIsInR5cCI6IkpXVCJ9.eyJ1aWQiOjUwMCwicmlkIjowLCJpYXQiOjE2ODEyMjA1MzcsImV4cCI6MTY4MTMwNjkzN30.p5w27OCpYcYGj57xNLG4rsTG-GnTDGFqEgOATMsaLv4', 'Content-Length': '0'}
请求内容: {'rid': 10}
接口响应内容: {'data': None, 'meta': {'msg': '用户ID必须是数字', 'status': 400}}
接口响应时长: 2 ms
Http状态码: 200
断言结果: 200
=====================================================
INFO    2023-04-11 21:42:17,365G:\auto_api1_framework\logs\info-2023-04-11.log:test_assign_user_roles.py:29 2023-04-11 21:42:16 >>>>>> 执行结束！
INFO    2023-04-11 21:42:17,367G:\auto_api1_framework\logs\info-2023-04-11.log:test_assign_user_roles.py:26 2023-04-11 21:42:16 >>>>>> 开始执行：
INFO    2023-04-11 21:42:17,372G:\auto_api1_framework\logs\info-2023-04-11.log:log_decorator.py:42 
======================================================
用例标题: 分配用户角色失败（id包含特殊字符）
请求路径: http://127.0.0.1:8888/api/private/v1/users/$@)%5E&/role
请求方式: PUT
请求头:   {'User-Agent': 'python-requests/2.28.2', 'Accept-Encoding': 'gzip, deflate', 'Accept': '*/*', 'Connection': 'keep-alive', 'Authorization': 'Bearer eyJhbGciOiJIUzI1NiIsInR5cCI6IkpXVCJ9.eyJ1aWQiOjUwMCwicmlkIjowLCJpYXQiOjE2ODEyMjA1MzcsImV4cCI6MTY4MTMwNjkzN30.p5w27OCpYcYGj57xNLG4rsTG-GnTDGFqEgOATMsaLv4', 'Content-Length': '0'}
请求内容: {'rid': 10}
接口响应内容: {'data': None, 'meta': {'msg': '用户ID必须是数字', 'status': 400}}
接口响应时长: 3 ms
Http状态码: 200
断言结果: 200
=====================================================
INFO    2023-04-11 21:42:17,374G:\auto_api1_framework\logs\info-2023-04-11.log:test_assign_user_roles.py:29 2023-04-11 21:42:16 >>>>>> 执行结束！
INFO    2023-04-11 21:42:17,375G:\auto_api1_framework\logs\info-2023-04-11.log:test_assign_user_roles.py:26 2023-04-11 21:42:16 >>>>>> 开始执行：
INFO    2023-04-11 21:42:17,381G:\auto_api1_framework\logs\info-2023-04-11.log:log_decorator.py:42 
======================================================
用例标题: 分配用户角色失败（id为中文）
请求路径: http://127.0.0.1:8888/api/private/v1/users/dCRHc252/role
请求方式: PUT
请求头:   {'User-Agent': 'python-requests/2.28.2', 'Accept-Encoding': 'gzip, deflate', 'Accept': '*/*', 'Connection': 'keep-alive', 'Authorization': 'Bearer eyJhbGciOiJIUzI1NiIsInR5cCI6IkpXVCJ9.eyJ1aWQiOjUwMCwicmlkIjowLCJpYXQiOjE2ODEyMjA1MzcsImV4cCI6MTY4MTMwNjkzN30.p5w27OCpYcYGj57xNLG4rsTG-GnTDGFqEgOATMsaLv4', 'Content-Length': '0'}
请求内容: {'rid': 10}
接口响应内容: {'data': None, 'meta': {'msg': '用户ID必须是数字', 'status': 400}}
接口响应时长: 3 ms
Http状态码: 200
断言结果: 200
=====================================================
INFO    2023-04-11 21:42:17,383G:\auto_api1_framework\logs\info-2023-04-11.log:test_assign_user_roles.py:29 2023-04-11 21:42:16 >>>>>> 执行结束！
INFO    2023-04-11 21:42:17,384G:\auto_api1_framework\logs\info-2023-04-11.log:test_assign_user_roles.py:26 2023-04-11 21:42:16 >>>>>> 开始执行：
INFO    2023-04-11 21:42:17,388G:\auto_api1_framework\logs\info-2023-04-11.log:log_decorator.py:42 
======================================================
用例标题: 分配用户角色失败（rid为字符串）
请求路径: http://127.0.0.1:8888/api/private/v1/users/288/role
请求方式: PUT
请求头:   {'User-Agent': 'python-requests/2.28.2', 'Accept-Encoding': 'gzip, deflate', 'Accept': '*/*', 'Connection': 'keep-alive', 'Authorization': 'Bearer eyJhbGciOiJIUzI1NiIsInR5cCI6IkpXVCJ9.eyJ1aWQiOjUwMCwicmlkIjowLCJpYXQiOjE2ODEyMjA1MzcsImV4cCI6MTY4MTMwNjkzN30.p5w27OCpYcYGj57xNLG4rsTG-GnTDGFqEgOATMsaLv4', 'Content-Length': '0'}
请求内容: {'rid': 'qPycUh'}
接口响应内容: {'data': None, 'meta': {'msg': '权限ID不能为空', 'status': 400}}
接口响应时长: 2 ms
Http状态码: 200
断言结果: 200
=====================================================
INFO    2023-04-11 21:42:17,466G:\auto_api1_framework\logs\info-2023-04-11.log:test_assign_user_roles.py:29 2023-04-11 21:42:16 >>>>>> 执行结束！
INFO    2023-04-11 21:42:17,471G:\auto_api1_framework\logs\info-2023-04-11.log:test_assign_user_roles.py:26 2023-04-11 21:42:16 >>>>>> 开始执行：
INFO    2023-04-11 21:42:19,632G:\auto_api1_framework\logs\info-2023-04-11.log:test_assign_user_roles.py:29 2023-04-11 21:42:16 >>>>>> 执行结束！
INFO    2023-04-11 21:42:19,634G:\auto_api1_framework\logs\info-2023-04-11.log:test_assign_user_roles.py:26 2023-04-11 21:42:16 >>>>>> 开始执行：
INFO    2023-04-11 21:42:21,764G:\auto_api1_framework\logs\info-2023-04-11.log:test_assign_user_roles.py:29 2023-04-11 21:42:16 >>>>>> 执行结束！
INFO    2023-04-11 21:42:21,767G:\auto_api1_framework\logs\info-2023-04-11.log:test_assign_user_roles.py:26 2023-04-11 21:42:16 >>>>>> 开始执行：
INFO    2023-04-11 21:42:23,901G:\auto_api1_framework\logs\info-2023-04-11.log:test_assign_user_roles.py:29 2023-04-11 21:42:16 >>>>>> 执行结束！
INFO    2023-04-11 21:44:32,226G:\auto_api1_framework\logs\info-2023-04-11.log:test_assign_user_roles.py:26 2023-04-11 21:44:32 >>>>>> 开始执行：
INFO    2023-04-11 21:44:32,473G:\auto_api1_framework\logs\info-2023-04-11.log:log_decorator.py:42 
======================================================
用例标题: 创建用户成功（全部参数）
请求路径: http://127.0.0.1:8888/api/private/v1/users
请求方式: POST
请求头:   {'User-Agent': 'python-requests/2.28.2', 'Accept-Encoding': 'gzip, deflate', 'Accept': '*/*', 'Connection': 'keep-alive', 'Content-Type': 'application/json', 'Authorization': 'Bearer eyJhbGciOiJIUzI1NiIsInR5cCI6IkpXVCJ9.eyJ1aWQiOjUwMCwicmlkIjowLCJpYXQiOjE2ODEyMjA2NzIsImV4cCI6MTY4MTMwNzA3Mn0.O6ZUSIlIzegLAHx7dBhX0UZ2-PbRllmLGQkkOJKNRCM', 'Content-Length': '104'}
请求内容: {'username': 'xBKhz418', 'password': 'ML@i_5Dk', 'email': 'cchang@hotmail.com', 'mobile': '15968321746'}
接口响应内容: {'data': {'id': 1031, 'username': 'xBKhz418', 'mobile': '15968321746', 'email': 'cchang@hotmail.com', 'role_id': -1, 'create_time': 1681220672}, 'meta': {'msg': '创建成功', 'status': 201}}
接口响应时长: 69 ms
Http状态码: 200
断言结果: 200
=====================================================
INFO    2023-04-11 21:44:32,485G:\auto_api1_framework\logs\info-2023-04-11.log:log_decorator.py:42 
======================================================
用例标题: 分配用户角色成功
请求路径: http://127.0.0.1:8888/api/private/v1/users/1031/role
请求方式: PUT
请求头:   {'User-Agent': 'python-requests/2.28.2', 'Accept-Encoding': 'gzip, deflate', 'Accept': '*/*', 'Connection': 'keep-alive', 'Authorization': 'Bearer eyJhbGciOiJIUzI1NiIsInR5cCI6IkpXVCJ9.eyJ1aWQiOjUwMCwicmlkIjowLCJpYXQiOjE2ODEyMjA2NzIsImV4cCI6MTY4MTMwNzA3Mn0.O6ZUSIlIzegLAHx7dBhX0UZ2-PbRllmLGQkkOJKNRCM', 'Content-Length': '12', 'Content-Type': 'application/json'}
请求内容: {'rid': 110}
接口响应内容: {'data': {'id': 1031, 'rid': 110, 'username': 'xBKhz418', 'mobile': '15968321746', 'email': 'cchang@hotmail.com'}, 'meta': {'msg': '设置角色成功', 'status': 200}}
接口响应时长: 8 ms
Http状态码: 200
断言结果: 200
=====================================================
INFO    2023-04-11 21:44:32,487G:\auto_api1_framework\logs\info-2023-04-11.log:test_assign_user_roles.py:29 2023-04-11 21:44:32 >>>>>> 执行结束！
INFO    2023-04-11 21:44:32,490G:\auto_api1_framework\logs\info-2023-04-11.log:test_assign_user_roles.py:26 2023-04-11 21:44:32 >>>>>> 开始执行：
INFO    2023-04-11 21:44:32,495G:\auto_api1_framework\logs\info-2023-04-11.log:log_decorator.py:42 
======================================================
用例标题: 分配用户角色失败（id为字符串）
请求路径: http://127.0.0.1:8888/api/private/v1/users/JGsBmY/role
请求方式: PUT
请求头:   {'User-Agent': 'python-requests/2.28.2', 'Accept-Encoding': 'gzip, deflate', 'Accept': '*/*', 'Connection': 'keep-alive', 'Authorization': 'Bearer eyJhbGciOiJIUzI1NiIsInR5cCI6IkpXVCJ9.eyJ1aWQiOjUwMCwicmlkIjowLCJpYXQiOjE2ODEyMjA2NzIsImV4cCI6MTY4MTMwNzA3Mn0.O6ZUSIlIzegLAHx7dBhX0UZ2-PbRllmLGQkkOJKNRCM', 'Content-Length': '0'}
请求内容: {'rid': 10}
接口响应内容: {'data': None, 'meta': {'msg': '用户ID必须是数字', 'status': 400}}
接口响应时长: 2 ms
Http状态码: 200
断言结果: 200
=====================================================
INFO    2023-04-11 21:44:32,496G:\auto_api1_framework\logs\info-2023-04-11.log:test_assign_user_roles.py:29 2023-04-11 21:44:32 >>>>>> 执行结束！
INFO    2023-04-11 21:44:32,498G:\auto_api1_framework\logs\info-2023-04-11.log:test_assign_user_roles.py:26 2023-04-11 21:44:32 >>>>>> 开始执行：
INFO    2023-04-11 21:44:32,503G:\auto_api1_framework\logs\info-2023-04-11.log:log_decorator.py:42 
======================================================
用例标题: 分配用户角色失败（id包含特殊字符）
请求路径: http://127.0.0.1:8888/api/private/v1/users/_++(!/role
请求方式: PUT
请求头:   {'User-Agent': 'python-requests/2.28.2', 'Accept-Encoding': 'gzip, deflate', 'Accept': '*/*', 'Connection': 'keep-alive', 'Authorization': 'Bearer eyJhbGciOiJIUzI1NiIsInR5cCI6IkpXVCJ9.eyJ1aWQiOjUwMCwicmlkIjowLCJpYXQiOjE2ODEyMjA2NzIsImV4cCI6MTY4MTMwNzA3Mn0.O6ZUSIlIzegLAHx7dBhX0UZ2-PbRllmLGQkkOJKNRCM', 'Content-Length': '0'}
请求内容: {'rid': 10}
接口响应内容: {'data': None, 'meta': {'msg': '用户ID必须是数字', 'status': 400}}
接口响应时长: 2 ms
Http状态码: 200
断言结果: 200
=====================================================
INFO    2023-04-11 21:44:32,505G:\auto_api1_framework\logs\info-2023-04-11.log:test_assign_user_roles.py:29 2023-04-11 21:44:32 >>>>>> 执行结束！
INFO    2023-04-11 21:44:32,506G:\auto_api1_framework\logs\info-2023-04-11.log:test_assign_user_roles.py:26 2023-04-11 21:44:32 >>>>>> 开始执行：
INFO    2023-04-11 21:44:32,509G:\auto_api1_framework\logs\info-2023-04-11.log:log_decorator.py:42 
======================================================
用例标题: 分配用户角色失败（id为中文）
请求路径: http://127.0.0.1:8888/api/private/v1/users/UsxsN261/role
请求方式: PUT
请求头:   {'User-Agent': 'python-requests/2.28.2', 'Accept-Encoding': 'gzip, deflate', 'Accept': '*/*', 'Connection': 'keep-alive', 'Authorization': 'Bearer eyJhbGciOiJIUzI1NiIsInR5cCI6IkpXVCJ9.eyJ1aWQiOjUwMCwicmlkIjowLCJpYXQiOjE2ODEyMjA2NzIsImV4cCI6MTY4MTMwNzA3Mn0.O6ZUSIlIzegLAHx7dBhX0UZ2-PbRllmLGQkkOJKNRCM', 'Content-Length': '0'}
请求内容: {'rid': 10}
接口响应内容: {'data': None, 'meta': {'msg': '用户ID必须是数字', 'status': 400}}
接口响应时长: 2 ms
Http状态码: 200
断言结果: 200
=====================================================
INFO    2023-04-11 21:44:32,512G:\auto_api1_framework\logs\info-2023-04-11.log:test_assign_user_roles.py:29 2023-04-11 21:44:32 >>>>>> 执行结束！
INFO    2023-04-11 21:44:32,513G:\auto_api1_framework\logs\info-2023-04-11.log:test_assign_user_roles.py:26 2023-04-11 21:44:32 >>>>>> 开始执行：
INFO    2023-04-11 21:44:32,517G:\auto_api1_framework\logs\info-2023-04-11.log:log_decorator.py:42 
======================================================
用例标题: 分配用户角色失败（rid为字符串）
请求路径: http://127.0.0.1:8888/api/private/v1/users/221/role
请求方式: PUT
请求头:   {'User-Agent': 'python-requests/2.28.2', 'Accept-Encoding': 'gzip, deflate', 'Accept': '*/*', 'Connection': 'keep-alive', 'Authorization': 'Bearer eyJhbGciOiJIUzI1NiIsInR5cCI6IkpXVCJ9.eyJ1aWQiOjUwMCwicmlkIjowLCJpYXQiOjE2ODEyMjA2NzIsImV4cCI6MTY4MTMwNzA3Mn0.O6ZUSIlIzegLAHx7dBhX0UZ2-PbRllmLGQkkOJKNRCM', 'Content-Length': '0'}
请求内容: {'rid': 'FJQJQQ'}
接口响应内容: {'data': None, 'meta': {'msg': '权限ID不能为空', 'status': 400}}
接口响应时长: 2 ms
Http状态码: 200
断言结果: 200
=====================================================
INFO    2023-04-11 21:44:32,601G:\auto_api1_framework\logs\info-2023-04-11.log:test_assign_user_roles.py:29 2023-04-11 21:44:32 >>>>>> 执行结束！
INFO    2023-04-11 21:44:32,603G:\auto_api1_framework\logs\info-2023-04-11.log:test_assign_user_roles.py:26 2023-04-11 21:44:32 >>>>>> 开始执行：
INFO    2023-04-11 21:44:34,731G:\auto_api1_framework\logs\info-2023-04-11.log:test_assign_user_roles.py:29 2023-04-11 21:44:32 >>>>>> 执行结束！
INFO    2023-04-11 21:44:34,733G:\auto_api1_framework\logs\info-2023-04-11.log:test_assign_user_roles.py:26 2023-04-11 21:44:32 >>>>>> 开始执行：
INFO    2023-04-11 21:44:36,875G:\auto_api1_framework\logs\info-2023-04-11.log:test_assign_user_roles.py:29 2023-04-11 21:44:32 >>>>>> 执行结束！
INFO    2023-04-11 21:44:36,878G:\auto_api1_framework\logs\info-2023-04-11.log:test_assign_user_roles.py:26 2023-04-11 21:44:32 >>>>>> 开始执行：
INFO    2023-04-11 21:44:39,000G:\auto_api1_framework\logs\info-2023-04-11.log:test_assign_user_roles.py:29 2023-04-11 21:44:32 >>>>>> 执行结束！
INFO    2023-04-11 21:46:52,967G:\auto_api1_framework\logs\info-2023-04-11.log:test_assign_user_roles.py:26 2023-04-11 21:46:52 >>>>>> 开始执行：
INFO    2023-04-11 21:46:53,210G:\auto_api1_framework\logs\info-2023-04-11.log:log_decorator.py:42 
======================================================
用例标题: 创建用户成功（全部参数）
请求路径: http://127.0.0.1:8888/api/private/v1/users
请求方式: POST
请求头:   {'User-Agent': 'python-requests/2.28.2', 'Accept-Encoding': 'gzip, deflate', 'Accept': '*/*', 'Connection': 'keep-alive', 'Content-Type': 'application/json', 'Authorization': 'Bearer eyJhbGciOiJIUzI1NiIsInR5cCI6IkpXVCJ9.eyJ1aWQiOjUwMCwicmlkIjowLCJpYXQiOjE2ODEyMjA4MTIsImV4cCI6MTY4MTMwNzIxMn0.YByShydw4uX6YZhw1rnJTAo5S7TH5GWZLtzLcEgCQkU', 'Content-Length': '104'}
请求内容: {'username': 'SpGEG705', 'password': '5^N1Un^A', 'email': 'liangjun@yahoo.com', 'mobile': '18876644985'}
接口响应内容: {'data': {'id': 1032, 'username': 'SpGEG705', 'mobile': '18876644985', 'email': 'liangjun@yahoo.com', 'role_id': -1, 'create_time': 1681220813}, 'meta': {'msg': '创建成功', 'status': 201}}
接口响应时长: 70 ms
Http状态码: 200
断言结果: 200
=====================================================
INFO    2023-04-11 21:46:53,220G:\auto_api1_framework\logs\info-2023-04-11.log:log_decorator.py:42 
======================================================
用例标题: 分配用户角色成功
请求路径: http://127.0.0.1:8888/api/private/v1/users/1032/role
请求方式: PUT
请求头:   {'User-Agent': 'python-requests/2.28.2', 'Accept-Encoding': 'gzip, deflate', 'Accept': '*/*', 'Connection': 'keep-alive', 'Authorization': 'Bearer eyJhbGciOiJIUzI1NiIsInR5cCI6IkpXVCJ9.eyJ1aWQiOjUwMCwicmlkIjowLCJpYXQiOjE2ODEyMjA4MTIsImV4cCI6MTY4MTMwNzIxMn0.YByShydw4uX6YZhw1rnJTAo5S7TH5GWZLtzLcEgCQkU', 'Content-Length': '12', 'Content-Type': 'application/json'}
请求内容: {'rid': 110}
接口响应内容: {'data': {'id': 1032, 'rid': 110, 'username': 'SpGEG705', 'mobile': '18876644985', 'email': 'liangjun@yahoo.com'}, 'meta': {'msg': '设置角色成功', 'status': 200}}
接口响应时长: 8 ms
Http状态码: 200
断言结果: 200
=====================================================
INFO    2023-04-11 21:46:53,222G:\auto_api1_framework\logs\info-2023-04-11.log:test_assign_user_roles.py:29 2023-04-11 21:46:52 >>>>>> 执行结束！
INFO    2023-04-11 21:46:53,227G:\auto_api1_framework\logs\info-2023-04-11.log:test_assign_user_roles.py:26 2023-04-11 21:46:52 >>>>>> 开始执行：
INFO    2023-04-11 21:46:53,232G:\auto_api1_framework\logs\info-2023-04-11.log:log_decorator.py:42 
======================================================
用例标题: 分配用户角色失败（id为字符串）
请求路径: http://127.0.0.1:8888/api/private/v1/users/yNZlCe/role
请求方式: PUT
请求头:   {'User-Agent': 'python-requests/2.28.2', 'Accept-Encoding': 'gzip, deflate', 'Accept': '*/*', 'Connection': 'keep-alive', 'Authorization': 'Bearer eyJhbGciOiJIUzI1NiIsInR5cCI6IkpXVCJ9.eyJ1aWQiOjUwMCwicmlkIjowLCJpYXQiOjE2ODEyMjA4MTIsImV4cCI6MTY4MTMwNzIxMn0.YByShydw4uX6YZhw1rnJTAo5S7TH5GWZLtzLcEgCQkU', 'Content-Length': '0'}
请求内容: {'rid': 10}
接口响应内容: {'data': None, 'meta': {'msg': '用户ID必须是数字', 'status': 400}}
接口响应时长: 2 ms
Http状态码: 200
断言结果: 200
=====================================================
INFO    2023-04-11 21:46:53,233G:\auto_api1_framework\logs\info-2023-04-11.log:test_assign_user_roles.py:29 2023-04-11 21:46:52 >>>>>> 执行结束！
INFO    2023-04-11 21:46:53,235G:\auto_api1_framework\logs\info-2023-04-11.log:test_assign_user_roles.py:26 2023-04-11 21:46:52 >>>>>> 开始执行：
INFO    2023-04-11 21:46:53,238G:\auto_api1_framework\logs\info-2023-04-11.log:log_decorator.py:42 
======================================================
用例标题: 分配用户角色失败（id包含特殊字符）
请求路径: http://127.0.0.1:8888/api/private/v1/users/)*__$/role
请求方式: PUT
请求头:   {'User-Agent': 'python-requests/2.28.2', 'Accept-Encoding': 'gzip, deflate', 'Accept': '*/*', 'Connection': 'keep-alive', 'Authorization': 'Bearer eyJhbGciOiJIUzI1NiIsInR5cCI6IkpXVCJ9.eyJ1aWQiOjUwMCwicmlkIjowLCJpYXQiOjE2ODEyMjA4MTIsImV4cCI6MTY4MTMwNzIxMn0.YByShydw4uX6YZhw1rnJTAo5S7TH5GWZLtzLcEgCQkU', 'Content-Length': '0'}
请求内容: {'rid': 10}
接口响应内容: {'data': None, 'meta': {'msg': '用户ID必须是数字', 'status': 400}}
接口响应时长: 1 ms
Http状态码: 200
断言结果: 200
=====================================================
INFO    2023-04-11 21:46:53,239G:\auto_api1_framework\logs\info-2023-04-11.log:test_assign_user_roles.py:29 2023-04-11 21:46:52 >>>>>> 执行结束！
INFO    2023-04-11 21:46:53,241G:\auto_api1_framework\logs\info-2023-04-11.log:test_assign_user_roles.py:26 2023-04-11 21:46:52 >>>>>> 开始执行：
INFO    2023-04-11 21:46:53,245G:\auto_api1_framework\logs\info-2023-04-11.log:log_decorator.py:42 
======================================================
用例标题: 分配用户角色失败（id为中文）
请求路径: http://127.0.0.1:8888/api/private/v1/users/DaCmr967/role
请求方式: PUT
请求头:   {'User-Agent': 'python-requests/2.28.2', 'Accept-Encoding': 'gzip, deflate', 'Accept': '*/*', 'Connection': 'keep-alive', 'Authorization': 'Bearer eyJhbGciOiJIUzI1NiIsInR5cCI6IkpXVCJ9.eyJ1aWQiOjUwMCwicmlkIjowLCJpYXQiOjE2ODEyMjA4MTIsImV4cCI6MTY4MTMwNzIxMn0.YByShydw4uX6YZhw1rnJTAo5S7TH5GWZLtzLcEgCQkU', 'Content-Length': '0'}
请求内容: {'rid': 10}
接口响应内容: {'data': None, 'meta': {'msg': '用户ID必须是数字', 'status': 400}}
接口响应时长: 2 ms
Http状态码: 200
断言结果: 200
=====================================================
INFO    2023-04-11 21:46:53,247G:\auto_api1_framework\logs\info-2023-04-11.log:test_assign_user_roles.py:29 2023-04-11 21:46:52 >>>>>> 执行结束！
INFO    2023-04-11 21:46:53,248G:\auto_api1_framework\logs\info-2023-04-11.log:test_assign_user_roles.py:26 2023-04-11 21:46:52 >>>>>> 开始执行：
INFO    2023-04-11 21:46:53,485G:\auto_api1_framework\logs\info-2023-04-11.log:log_decorator.py:42 
======================================================
用例标题: 创建用户成功（全部参数）
请求路径: http://127.0.0.1:8888/api/private/v1/users
请求方式: POST
请求头:   {'User-Agent': 'python-requests/2.28.2', 'Accept-Encoding': 'gzip, deflate', 'Accept': '*/*', 'Connection': 'keep-alive', 'Content-Type': 'application/json', 'Authorization': 'Bearer eyJhbGciOiJIUzI1NiIsInR5cCI6IkpXVCJ9.eyJ1aWQiOjUwMCwicmlkIjowLCJpYXQiOjE2ODEyMjA4MTIsImV4cCI6MTY4MTMwNzIxMn0.YByShydw4uX6YZhw1rnJTAo5S7TH5GWZLtzLcEgCQkU', 'Content-Length': '102'}
请求内容: {'username': 'RLwPK815', 'password': '@0KRexUL', 'email': 'shao@hotmail.com', 'mobile': '18516527779'}
接口响应内容: {'data': {'id': 1033, 'username': 'RLwPK815', 'mobile': '18516527779', 'email': 'shao@hotmail.com', 'role_id': -1, 'create_time': 1681220813}, 'meta': {'msg': '创建成功', 'status': 201}}
接口响应时长: 64 ms
Http状态码: 200
断言结果: 200
=====================================================
INFO    2023-04-11 21:46:53,489G:\auto_api1_framework\logs\info-2023-04-11.log:log_decorator.py:42 
======================================================
用例标题: 分配用户角色失败（rid为字符串）
请求路径: http://127.0.0.1:8888/api/private/v1/users/1033/role
请求方式: PUT
请求头:   {'User-Agent': 'python-requests/2.28.2', 'Accept-Encoding': 'gzip, deflate', 'Accept': '*/*', 'Connection': 'keep-alive', 'Authorization': 'Bearer eyJhbGciOiJIUzI1NiIsInR5cCI6IkpXVCJ9.eyJ1aWQiOjUwMCwicmlkIjowLCJpYXQiOjE2ODEyMjA4MTIsImV4cCI6MTY4MTMwNzIxMn0.YByShydw4uX6YZhw1rnJTAo5S7TH5GWZLtzLcEgCQkU', 'Content-Length': '0'}
请求内容: {'rid': 'kbiyZk'}
接口响应内容: {'data': None, 'meta': {'msg': '权限ID不能为空', 'status': 400}}
接口响应时长: 2 ms
Http状态码: 200
断言结果: 200
=====================================================
INFO    2023-04-11 21:46:53,568G:\auto_api1_framework\logs\info-2023-04-11.log:test_assign_user_roles.py:29 2023-04-11 21:46:52 >>>>>> 执行结束！
INFO    2023-04-11 21:46:53,571G:\auto_api1_framework\logs\info-2023-04-11.log:test_assign_user_roles.py:26 2023-04-11 21:46:52 >>>>>> 开始执行：
INFO    2023-04-11 21:46:55,907G:\auto_api1_framework\logs\info-2023-04-11.log:test_assign_user_roles.py:29 2023-04-11 21:46:52 >>>>>> 执行结束！
INFO    2023-04-11 21:46:55,910G:\auto_api1_framework\logs\info-2023-04-11.log:test_assign_user_roles.py:26 2023-04-11 21:46:52 >>>>>> 开始执行：
INFO    2023-04-11 21:46:58,228G:\auto_api1_framework\logs\info-2023-04-11.log:test_assign_user_roles.py:29 2023-04-11 21:46:52 >>>>>> 执行结束！
INFO    2023-04-11 21:46:58,230G:\auto_api1_framework\logs\info-2023-04-11.log:test_assign_user_roles.py:26 2023-04-11 21:46:52 >>>>>> 开始执行：
INFO    2023-04-11 21:47:00,540G:\auto_api1_framework\logs\info-2023-04-11.log:test_assign_user_roles.py:29 2023-04-11 21:46:52 >>>>>> 执行结束！
INFO    2023-04-11 21:51:23,831G:\auto_api1_framework\logs\info-2023-04-11.log:test_assign_user_roles.py:26 2023-04-11 21:51:23 >>>>>> 开始执行：
INFO    2023-04-11 21:51:24,062G:\auto_api1_framework\logs\info-2023-04-11.log:log_decorator.py:42 
======================================================
用例标题: 创建用户成功（全部参数）
请求路径: http://127.0.0.1:8888/api/private/v1/users
请求方式: POST
请求头:   {'User-Agent': 'python-requests/2.28.2', 'Accept-Encoding': 'gzip, deflate', 'Accept': '*/*', 'Connection': 'keep-alive', 'Content-Type': 'application/json', 'Authorization': 'Bearer eyJhbGciOiJIUzI1NiIsInR5cCI6IkpXVCJ9.eyJ1aWQiOjUwMCwicmlkIjowLCJpYXQiOjE2ODEyMjEwODMsImV4cCI6MTY4MTMwNzQ4M30.ozV3j3YxX01U51wh9I8lY3DrEDAsm4rkAmhpbIyxeKk', 'Content-Length': '100'}
请求内容: {'username': 'NMULz630', 'password': 'U(6U#sby', 'email': 'vfan@gmail.com', 'mobile': '18109800360'}
接口响应内容: {'data': {'id': 1034, 'username': 'NMULz630', 'mobile': '18109800360', 'email': 'vfan@gmail.com', 'role_id': -1, 'create_time': 1681221084}, 'meta': {'msg': '创建成功', 'status': 201}}
接口响应时长: 69 ms
Http状态码: 200
断言结果: 200
=====================================================
INFO    2023-04-11 21:51:24,071G:\auto_api1_framework\logs\info-2023-04-11.log:log_decorator.py:42 
======================================================
用例标题: 分配用户角色成功
请求路径: http://127.0.0.1:8888/api/private/v1/users/1034/role
请求方式: PUT
请求头:   {'User-Agent': 'python-requests/2.28.2', 'Accept-Encoding': 'gzip, deflate', 'Accept': '*/*', 'Connection': 'keep-alive', 'Authorization': 'Bearer eyJhbGciOiJIUzI1NiIsInR5cCI6IkpXVCJ9.eyJ1aWQiOjUwMCwicmlkIjowLCJpYXQiOjE2ODEyMjEwODMsImV4cCI6MTY4MTMwNzQ4M30.ozV3j3YxX01U51wh9I8lY3DrEDAsm4rkAmhpbIyxeKk', 'Content-Length': '12', 'Content-Type': 'application/json'}
请求内容: {'rid': 110}
接口响应内容: {'data': {'id': 1034, 'rid': 110, 'username': 'NMULz630', 'mobile': '18109800360', 'email': 'vfan@gmail.com'}, 'meta': {'msg': '设置角色成功', 'status': 200}}
接口响应时长: 7 ms
Http状态码: 200
断言结果: 200
=====================================================
INFO    2023-04-11 21:51:24,072G:\auto_api1_framework\logs\info-2023-04-11.log:test_assign_user_roles.py:29 2023-04-11 21:51:23 >>>>>> 执行结束！
INFO    2023-04-11 21:51:24,077G:\auto_api1_framework\logs\info-2023-04-11.log:test_assign_user_roles.py:26 2023-04-11 21:51:23 >>>>>> 开始执行：
INFO    2023-04-11 21:51:24,081G:\auto_api1_framework\logs\info-2023-04-11.log:log_decorator.py:42 
======================================================
用例标题: 分配用户角色失败（id为字符串）
请求路径: http://127.0.0.1:8888/api/private/v1/users/haJErS/role
请求方式: PUT
请求头:   {'User-Agent': 'python-requests/2.28.2', 'Accept-Encoding': 'gzip, deflate', 'Accept': '*/*', 'Connection': 'keep-alive', 'Authorization': 'Bearer eyJhbGciOiJIUzI1NiIsInR5cCI6IkpXVCJ9.eyJ1aWQiOjUwMCwicmlkIjowLCJpYXQiOjE2ODEyMjEwODMsImV4cCI6MTY4MTMwNzQ4M30.ozV3j3YxX01U51wh9I8lY3DrEDAsm4rkAmhpbIyxeKk', 'Content-Length': '0'}
请求内容: {'rid': 10}
接口响应内容: {'data': None, 'meta': {'msg': '用户ID必须是数字', 'status': 400}}
接口响应时长: 2 ms
Http状态码: 200
断言结果: 200
=====================================================
INFO    2023-04-11 21:51:24,084G:\auto_api1_framework\logs\info-2023-04-11.log:test_assign_user_roles.py:29 2023-04-11 21:51:23 >>>>>> 执行结束！
INFO    2023-04-11 21:51:24,085G:\auto_api1_framework\logs\info-2023-04-11.log:test_assign_user_roles.py:26 2023-04-11 21:51:23 >>>>>> 开始执行：
INFO    2023-04-11 21:51:24,088G:\auto_api1_framework\logs\info-2023-04-11.log:log_decorator.py:42 
======================================================
用例标题: 分配用户角色失败（id包含特殊字符）
请求路径: http://127.0.0.1:8888/api/private/v1/users/&+(!(/role
请求方式: PUT
请求头:   {'User-Agent': 'python-requests/2.28.2', 'Accept-Encoding': 'gzip, deflate', 'Accept': '*/*', 'Connection': 'keep-alive', 'Authorization': 'Bearer eyJhbGciOiJIUzI1NiIsInR5cCI6IkpXVCJ9.eyJ1aWQiOjUwMCwicmlkIjowLCJpYXQiOjE2ODEyMjEwODMsImV4cCI6MTY4MTMwNzQ4M30.ozV3j3YxX01U51wh9I8lY3DrEDAsm4rkAmhpbIyxeKk', 'Content-Length': '0'}
请求内容: {'rid': 10}
接口响应内容: {'data': None, 'meta': {'msg': '用户ID必须是数字', 'status': 400}}
接口响应时长: 1 ms
Http状态码: 200
断言结果: 200
=====================================================
INFO    2023-04-11 21:51:24,090G:\auto_api1_framework\logs\info-2023-04-11.log:test_assign_user_roles.py:29 2023-04-11 21:51:23 >>>>>> 执行结束！
INFO    2023-04-11 21:51:24,091G:\auto_api1_framework\logs\info-2023-04-11.log:test_assign_user_roles.py:26 2023-04-11 21:51:23 >>>>>> 开始执行：
INFO    2023-04-11 21:51:24,094G:\auto_api1_framework\logs\info-2023-04-11.log:log_decorator.py:42 
======================================================
用例标题: 分配用户角色失败（id为中文）
请求路径: http://127.0.0.1:8888/api/private/v1/users/DUIrR762/role
请求方式: PUT
请求头:   {'User-Agent': 'python-requests/2.28.2', 'Accept-Encoding': 'gzip, deflate', 'Accept': '*/*', 'Connection': 'keep-alive', 'Authorization': 'Bearer eyJhbGciOiJIUzI1NiIsInR5cCI6IkpXVCJ9.eyJ1aWQiOjUwMCwicmlkIjowLCJpYXQiOjE2ODEyMjEwODMsImV4cCI6MTY4MTMwNzQ4M30.ozV3j3YxX01U51wh9I8lY3DrEDAsm4rkAmhpbIyxeKk', 'Content-Length': '0'}
请求内容: {'rid': 10}
接口响应内容: {'data': None, 'meta': {'msg': '用户ID必须是数字', 'status': 400}}
接口响应时长: 1 ms
Http状态码: 200
断言结果: 200
=====================================================
INFO    2023-04-11 21:51:24,095G:\auto_api1_framework\logs\info-2023-04-11.log:test_assign_user_roles.py:29 2023-04-11 21:51:23 >>>>>> 执行结束！
INFO    2023-04-11 21:51:24,097G:\auto_api1_framework\logs\info-2023-04-11.log:test_assign_user_roles.py:26 2023-04-11 21:51:23 >>>>>> 开始执行：
INFO    2023-04-11 21:51:24,321G:\auto_api1_framework\logs\info-2023-04-11.log:log_decorator.py:42 
======================================================
用例标题: 创建用户成功（全部参数）
请求路径: http://127.0.0.1:8888/api/private/v1/users
请求方式: POST
请求头:   {'User-Agent': 'python-requests/2.28.2', 'Accept-Encoding': 'gzip, deflate', 'Accept': '*/*', 'Connection': 'keep-alive', 'Content-Type': 'application/json', 'Authorization': 'Bearer eyJhbGciOiJIUzI1NiIsInR5cCI6IkpXVCJ9.eyJ1aWQiOjUwMCwicmlkIjowLCJpYXQiOjE2ODEyMjEwODMsImV4cCI6MTY4MTMwNzQ4M30.ozV3j3YxX01U51wh9I8lY3DrEDAsm4rkAmhpbIyxeKk', 'Content-Length': '104'}
请求内容: {'username': 'TPiWS152', 'password': 'Q#2XBnDW', 'email': 'duanping@gmail.com', 'mobile': '14567884753'}
接口响应内容: {'data': {'id': 1035, 'username': 'TPiWS152', 'mobile': '14567884753', 'email': 'duanping@gmail.com', 'role_id': -1, 'create_time': 1681221084}, 'meta': {'msg': '创建成功', 'status': 201}}
接口响应时长: 64 ms
Http状态码: 200
断言结果: 200
=====================================================
INFO    2023-04-11 21:51:24,324G:\auto_api1_framework\logs\info-2023-04-11.log:log_decorator.py:42 
======================================================
用例标题: 分配用户角色失败（rid为字符串）
请求路径: http://127.0.0.1:8888/api/private/v1/users/1035/role
请求方式: PUT
请求头:   {'User-Agent': 'python-requests/2.28.2', 'Accept-Encoding': 'gzip, deflate', 'Accept': '*/*', 'Connection': 'keep-alive', 'Authorization': 'Bearer eyJhbGciOiJIUzI1NiIsInR5cCI6IkpXVCJ9.eyJ1aWQiOjUwMCwicmlkIjowLCJpYXQiOjE2ODEyMjEwODMsImV4cCI6MTY4MTMwNzQ4M30.ozV3j3YxX01U51wh9I8lY3DrEDAsm4rkAmhpbIyxeKk', 'Content-Length': '0'}
请求内容: {'rid': None}
接口响应内容: {'data': None, 'meta': {'msg': '权限ID不能为空', 'status': 400}}
接口响应时长: 1 ms
Http状态码: 200
断言结果: 200
=====================================================
INFO    2023-04-11 21:51:24,394G:\auto_api1_framework\logs\info-2023-04-11.log:test_assign_user_roles.py:29 2023-04-11 21:51:23 >>>>>> 执行结束！
INFO    2023-04-11 21:51:24,395G:\auto_api1_framework\logs\info-2023-04-11.log:test_assign_user_roles.py:26 2023-04-11 21:51:23 >>>>>> 开始执行：
INFO    2023-04-11 21:51:26,677G:\auto_api1_framework\logs\info-2023-04-11.log:test_assign_user_roles.py:29 2023-04-11 21:51:23 >>>>>> 执行结束！
INFO    2023-04-11 21:51:26,678G:\auto_api1_framework\logs\info-2023-04-11.log:test_assign_user_roles.py:26 2023-04-11 21:51:23 >>>>>> 开始执行：
INFO    2023-04-11 21:51:28,958G:\auto_api1_framework\logs\info-2023-04-11.log:test_assign_user_roles.py:29 2023-04-11 21:51:23 >>>>>> 执行结束！
INFO    2023-04-11 21:51:28,959G:\auto_api1_framework\logs\info-2023-04-11.log:test_assign_user_roles.py:26 2023-04-11 21:51:23 >>>>>> 开始执行：
INFO    2023-04-11 21:51:31,230G:\auto_api1_framework\logs\info-2023-04-11.log:test_assign_user_roles.py:29 2023-04-11 21:51:23 >>>>>> 执行结束！
INFO    2023-04-11 21:52:55,826G:\auto_api1_framework\logs\info-2023-04-11.log:test_assign_user_roles.py:26 2023-04-11 21:52:55 >>>>>> 开始执行：
INFO    2023-04-11 21:52:56,062G:\auto_api1_framework\logs\info-2023-04-11.log:log_decorator.py:42 
======================================================
用例标题: 创建用户成功（全部参数）
请求路径: http://127.0.0.1:8888/api/private/v1/users
请求方式: POST
请求头:   {'User-Agent': 'python-requests/2.28.2', 'Accept-Encoding': 'gzip, deflate', 'Accept': '*/*', 'Connection': 'keep-alive', 'Content-Type': 'application/json', 'Authorization': 'Bearer eyJhbGciOiJIUzI1NiIsInR5cCI6IkpXVCJ9.eyJ1aWQiOjUwMCwicmlkIjowLCJpYXQiOjE2ODEyMjExNzUsImV4cCI6MTY4MTMwNzU3NX0.E5Y2GHUsibbeiNdvwf2GMF8ZsGiqOFy3jIJI0Ows0W8', 'Content-Length': '103'}
请求内容: {'username': 'lBvTU467', 'password': 'o)9KvNLb', 'email': 'jkang@hotmail.com', 'mobile': '15795188912'}
接口响应内容: {'data': {'id': 1036, 'username': 'lBvTU467', 'mobile': '15795188912', 'email': 'jkang@hotmail.com', 'role_id': -1, 'create_time': 1681221176}, 'meta': {'msg': '创建成功', 'status': 201}}
接口响应时长: 69 ms
Http状态码: 200
断言结果: 200
=====================================================
INFO    2023-04-11 21:52:56,072G:\auto_api1_framework\logs\info-2023-04-11.log:log_decorator.py:42 
======================================================
用例标题: 分配用户角色成功
请求路径: http://127.0.0.1:8888/api/private/v1/users/1036/role
请求方式: PUT
请求头:   {'User-Agent': 'python-requests/2.28.2', 'Accept-Encoding': 'gzip, deflate', 'Accept': '*/*', 'Connection': 'keep-alive', 'Authorization': 'Bearer eyJhbGciOiJIUzI1NiIsInR5cCI6IkpXVCJ9.eyJ1aWQiOjUwMCwicmlkIjowLCJpYXQiOjE2ODEyMjExNzUsImV4cCI6MTY4MTMwNzU3NX0.E5Y2GHUsibbeiNdvwf2GMF8ZsGiqOFy3jIJI0Ows0W8', 'Content-Length': '12', 'Content-Type': 'application/json'}
请求内容: {'rid': 110}
接口响应内容: {'data': {'id': 1036, 'rid': 110, 'username': 'lBvTU467', 'mobile': '15795188912', 'email': 'jkang@hotmail.com'}, 'meta': {'msg': '设置角色成功', 'status': 200}}
接口响应时长: 7 ms
Http状态码: 200
断言结果: 200
=====================================================
INFO    2023-04-11 21:52:56,072G:\auto_api1_framework\logs\info-2023-04-11.log:test_assign_user_roles.py:29 2023-04-11 21:52:55 >>>>>> 执行结束！
INFO    2023-04-11 21:52:56,075G:\auto_api1_framework\logs\info-2023-04-11.log:test_assign_user_roles.py:26 2023-04-11 21:52:55 >>>>>> 开始执行：
INFO    2023-04-11 21:52:56,078G:\auto_api1_framework\logs\info-2023-04-11.log:log_decorator.py:42 
======================================================
用例标题: 分配用户角色失败（id为字符串）
请求路径: http://127.0.0.1:8888/api/private/v1/users/LghACX/role
请求方式: PUT
请求头:   {'User-Agent': 'python-requests/2.28.2', 'Accept-Encoding': 'gzip, deflate', 'Accept': '*/*', 'Connection': 'keep-alive', 'Authorization': 'Bearer eyJhbGciOiJIUzI1NiIsInR5cCI6IkpXVCJ9.eyJ1aWQiOjUwMCwicmlkIjowLCJpYXQiOjE2ODEyMjExNzUsImV4cCI6MTY4MTMwNzU3NX0.E5Y2GHUsibbeiNdvwf2GMF8ZsGiqOFy3jIJI0Ows0W8', 'Content-Length': '0'}
请求内容: {'rid': 10}
接口响应内容: {'data': None, 'meta': {'msg': '用户ID必须是数字', 'status': 400}}
接口响应时长: 2 ms
Http状态码: 200
断言结果: 200
=====================================================
INFO    2023-04-11 21:52:56,079G:\auto_api1_framework\logs\info-2023-04-11.log:test_assign_user_roles.py:29 2023-04-11 21:52:55 >>>>>> 执行结束！
INFO    2023-04-11 21:52:56,081G:\auto_api1_framework\logs\info-2023-04-11.log:test_assign_user_roles.py:26 2023-04-11 21:52:55 >>>>>> 开始执行：
INFO    2023-04-11 21:52:56,085G:\auto_api1_framework\logs\info-2023-04-11.log:log_decorator.py:42 
======================================================
用例标题: 分配用户角色失败（id包含特殊字符）
请求路径: http://127.0.0.1:8888/api/private/v1/users/%25+%5E@*/role
请求方式: PUT
请求头:   {'User-Agent': 'python-requests/2.28.2', 'Accept-Encoding': 'gzip, deflate', 'Accept': '*/*', 'Connection': 'keep-alive', 'Authorization': 'Bearer eyJhbGciOiJIUzI1NiIsInR5cCI6IkpXVCJ9.eyJ1aWQiOjUwMCwicmlkIjowLCJpYXQiOjE2ODEyMjExNzUsImV4cCI6MTY4MTMwNzU3NX0.E5Y2GHUsibbeiNdvwf2GMF8ZsGiqOFy3jIJI0Ows0W8', 'Content-Length': '0'}
请求内容: {'rid': 10}
接口响应内容: {'data': None, 'meta': {'msg': '用户ID必须是数字', 'status': 400}}
接口响应时长: 1 ms
Http状态码: 200
断言结果: 200
=====================================================
INFO    2023-04-11 21:52:56,087G:\auto_api1_framework\logs\info-2023-04-11.log:test_assign_user_roles.py:29 2023-04-11 21:52:55 >>>>>> 执行结束！
INFO    2023-04-11 21:52:56,088G:\auto_api1_framework\logs\info-2023-04-11.log:test_assign_user_roles.py:26 2023-04-11 21:52:55 >>>>>> 开始执行：
INFO    2023-04-11 21:52:56,092G:\auto_api1_framework\logs\info-2023-04-11.log:log_decorator.py:42 
======================================================
用例标题: 分配用户角色失败（id为中文）
请求路径: http://127.0.0.1:8888/api/private/v1/users/eVjsp304/role
请求方式: PUT
请求头:   {'User-Agent': 'python-requests/2.28.2', 'Accept-Encoding': 'gzip, deflate', 'Accept': '*/*', 'Connection': 'keep-alive', 'Authorization': 'Bearer eyJhbGciOiJIUzI1NiIsInR5cCI6IkpXVCJ9.eyJ1aWQiOjUwMCwicmlkIjowLCJpYXQiOjE2ODEyMjExNzUsImV4cCI6MTY4MTMwNzU3NX0.E5Y2GHUsibbeiNdvwf2GMF8ZsGiqOFy3jIJI0Ows0W8', 'Content-Length': '0'}
请求内容: {'rid': 10}
接口响应内容: {'data': None, 'meta': {'msg': '用户ID必须是数字', 'status': 400}}
接口响应时长: 1 ms
Http状态码: 200
断言结果: 200
=====================================================
INFO    2023-04-11 21:52:56,093G:\auto_api1_framework\logs\info-2023-04-11.log:test_assign_user_roles.py:29 2023-04-11 21:52:55 >>>>>> 执行结束！
INFO    2023-04-11 21:52:56,093G:\auto_api1_framework\logs\info-2023-04-11.log:test_assign_user_roles.py:26 2023-04-11 21:52:55 >>>>>> 开始执行：
INFO    2023-04-11 21:52:56,320G:\auto_api1_framework\logs\info-2023-04-11.log:log_decorator.py:42 
======================================================
用例标题: 创建用户成功（全部参数）
请求路径: http://127.0.0.1:8888/api/private/v1/users
请求方式: POST
请求头:   {'User-Agent': 'python-requests/2.28.2', 'Accept-Encoding': 'gzip, deflate', 'Accept': '*/*', 'Connection': 'keep-alive', 'Content-Type': 'application/json', 'Authorization': 'Bearer eyJhbGciOiJIUzI1NiIsInR5cCI6IkpXVCJ9.eyJ1aWQiOjUwMCwicmlkIjowLCJpYXQiOjE2ODEyMjExNzUsImV4cCI6MTY4MTMwNzU3NX0.E5Y2GHUsibbeiNdvwf2GMF8ZsGiqOFy3jIJI0Ows0W8', 'Content-Length': '104'}
请求内容: {'username': 'QOBTv628', 'password': 'Y_4NQor2', 'email': 'yanqin@hotmail.com', 'mobile': '15113416079'}
接口响应内容: {'data': {'id': 1037, 'username': 'QOBTv628', 'mobile': '15113416079', 'email': 'yanqin@hotmail.com', 'role_id': -1, 'create_time': 1681221176}, 'meta': {'msg': '创建成功', 'status': 201}}
接口响应时长: 65 ms
Http状态码: 200
断言结果: 200
=====================================================
INFO    2023-04-11 21:52:56,324G:\auto_api1_framework\logs\info-2023-04-11.log:log_decorator.py:42 
======================================================
用例标题: 分配用户角色失败（rid为字符串）
请求路径: http://127.0.0.1:8888/api/private/v1/users/1037/role
请求方式: PUT
请求头:   {'User-Agent': 'python-requests/2.28.2', 'Accept-Encoding': 'gzip, deflate', 'Accept': '*/*', 'Connection': 'keep-alive', 'Authorization': 'Bearer eyJhbGciOiJIUzI1NiIsInR5cCI6IkpXVCJ9.eyJ1aWQiOjUwMCwicmlkIjowLCJpYXQiOjE2ODEyMjExNzUsImV4cCI6MTY4MTMwNzU3NX0.E5Y2GHUsibbeiNdvwf2GMF8ZsGiqOFy3jIJI0Ows0W8', 'Content-Length': '0'}
请求内容: {'rid': 45648979}
接口响应内容: {'data': None, 'meta': {'msg': '权限ID不能为空', 'status': 400}}
接口响应时长: 1 ms
Http状态码: 200
断言结果: 200
=====================================================
INFO    2023-04-11 21:52:56,401G:\auto_api1_framework\logs\info-2023-04-11.log:test_assign_user_roles.py:29 2023-04-11 21:52:55 >>>>>> 执行结束！
INFO    2023-04-11 21:52:56,402G:\auto_api1_framework\logs\info-2023-04-11.log:test_assign_user_roles.py:26 2023-04-11 21:52:55 >>>>>> 开始执行：
INFO    2023-04-11 21:52:58,701G:\auto_api1_framework\logs\info-2023-04-11.log:test_assign_user_roles.py:29 2023-04-11 21:52:55 >>>>>> 执行结束！
INFO    2023-04-11 21:52:58,702G:\auto_api1_framework\logs\info-2023-04-11.log:test_assign_user_roles.py:26 2023-04-11 21:52:55 >>>>>> 开始执行：
INFO    2023-04-11 21:53:00,987G:\auto_api1_framework\logs\info-2023-04-11.log:test_assign_user_roles.py:29 2023-04-11 21:52:55 >>>>>> 执行结束！
INFO    2023-04-11 21:53:00,989G:\auto_api1_framework\logs\info-2023-04-11.log:test_assign_user_roles.py:26 2023-04-11 21:52:55 >>>>>> 开始执行：
INFO    2023-04-11 21:53:03,278G:\auto_api1_framework\logs\info-2023-04-11.log:test_assign_user_roles.py:29 2023-04-11 21:52:55 >>>>>> 执行结束！
INFO    2023-04-11 21:53:20,900G:\auto_api1_framework\logs\info-2023-04-11.log:test_assign_user_roles.py:26 2023-04-11 21:53:20 >>>>>> 开始执行：
INFO    2023-04-11 21:53:21,131G:\auto_api1_framework\logs\info-2023-04-11.log:log_decorator.py:42 
======================================================
用例标题: 创建用户成功（全部参数）
请求路径: http://127.0.0.1:8888/api/private/v1/users
请求方式: POST
请求头:   {'User-Agent': 'python-requests/2.28.2', 'Accept-Encoding': 'gzip, deflate', 'Accept': '*/*', 'Connection': 'keep-alive', 'Content-Type': 'application/json', 'Authorization': 'Bearer eyJhbGciOiJIUzI1NiIsInR5cCI6IkpXVCJ9.eyJ1aWQiOjUwMCwicmlkIjowLCJpYXQiOjE2ODEyMjEyMDAsImV4cCI6MTY4MTMwNzYwMH0.YfWspBYGcIyRcN17G87xcJ83ttyGbQ0OD7OKejWWRE0', 'Content-Length': '103'}
请求内容: {'username': 'PXBub151', 'password': '!5KnA4ou', 'email': 'haoyong@gmail.com', 'mobile': '13822128164'}
接口响应内容: {'data': {'id': 1038, 'username': 'PXBub151', 'mobile': '13822128164', 'email': 'haoyong@gmail.com', 'role_id': -1, 'create_time': 1681221201}, 'meta': {'msg': '创建成功', 'status': 201}}
接口响应时长: 68 ms
Http状态码: 200
断言结果: 200
=====================================================
INFO    2023-04-11 21:53:21,140G:\auto_api1_framework\logs\info-2023-04-11.log:log_decorator.py:42 
======================================================
用例标题: 分配用户角色成功
请求路径: http://127.0.0.1:8888/api/private/v1/users/1038/role
请求方式: PUT
请求头:   {'User-Agent': 'python-requests/2.28.2', 'Accept-Encoding': 'gzip, deflate', 'Accept': '*/*', 'Connection': 'keep-alive', 'Authorization': 'Bearer eyJhbGciOiJIUzI1NiIsInR5cCI6IkpXVCJ9.eyJ1aWQiOjUwMCwicmlkIjowLCJpYXQiOjE2ODEyMjEyMDAsImV4cCI6MTY4MTMwNzYwMH0.YfWspBYGcIyRcN17G87xcJ83ttyGbQ0OD7OKejWWRE0', 'Content-Length': '12', 'Content-Type': 'application/json'}
请求内容: {'rid': 110}
接口响应内容: {'data': {'id': 1038, 'rid': 110, 'username': 'PXBub151', 'mobile': '13822128164', 'email': 'haoyong@gmail.com'}, 'meta': {'msg': '设置角色成功', 'status': 200}}
接口响应时长: 7 ms
Http状态码: 200
断言结果: 200
=====================================================
INFO    2023-04-11 21:53:21,142G:\auto_api1_framework\logs\info-2023-04-11.log:test_assign_user_roles.py:29 2023-04-11 21:53:20 >>>>>> 执行结束！
INFO    2023-04-11 21:53:21,144G:\auto_api1_framework\logs\info-2023-04-11.log:test_assign_user_roles.py:26 2023-04-11 21:53:20 >>>>>> 开始执行：
INFO    2023-04-11 21:53:21,148G:\auto_api1_framework\logs\info-2023-04-11.log:log_decorator.py:42 
======================================================
用例标题: 分配用户角色失败（id为字符串）
请求路径: http://127.0.0.1:8888/api/private/v1/users/IcdGVU/role
请求方式: PUT
请求头:   {'User-Agent': 'python-requests/2.28.2', 'Accept-Encoding': 'gzip, deflate', 'Accept': '*/*', 'Connection': 'keep-alive', 'Authorization': 'Bearer eyJhbGciOiJIUzI1NiIsInR5cCI6IkpXVCJ9.eyJ1aWQiOjUwMCwicmlkIjowLCJpYXQiOjE2ODEyMjEyMDAsImV4cCI6MTY4MTMwNzYwMH0.YfWspBYGcIyRcN17G87xcJ83ttyGbQ0OD7OKejWWRE0', 'Content-Length': '0'}
请求内容: {'rid': 10}
接口响应内容: {'data': None, 'meta': {'msg': '用户ID必须是数字', 'status': 400}}
接口响应时长: 2 ms
Http状态码: 200
断言结果: 200
=====================================================
INFO    2023-04-11 21:53:21,150G:\auto_api1_framework\logs\info-2023-04-11.log:test_assign_user_roles.py:29 2023-04-11 21:53:20 >>>>>> 执行结束！
INFO    2023-04-11 21:53:21,151G:\auto_api1_framework\logs\info-2023-04-11.log:test_assign_user_roles.py:26 2023-04-11 21:53:20 >>>>>> 开始执行：
INFO    2023-04-11 21:53:21,154G:\auto_api1_framework\logs\info-2023-04-11.log:log_decorator.py:42 
======================================================
用例标题: 分配用户角色失败（id包含特殊字符）
请求路径: http://127.0.0.1:8888/api/private/v1/users/!!*_$/role
请求方式: PUT
请求头:   {'User-Agent': 'python-requests/2.28.2', 'Accept-Encoding': 'gzip, deflate', 'Accept': '*/*', 'Connection': 'keep-alive', 'Authorization': 'Bearer eyJhbGciOiJIUzI1NiIsInR5cCI6IkpXVCJ9.eyJ1aWQiOjUwMCwicmlkIjowLCJpYXQiOjE2ODEyMjEyMDAsImV4cCI6MTY4MTMwNzYwMH0.YfWspBYGcIyRcN17G87xcJ83ttyGbQ0OD7OKejWWRE0', 'Content-Length': '0'}
请求内容: {'rid': 10}
接口响应内容: {'data': None, 'meta': {'msg': '用户ID必须是数字', 'status': 400}}
接口响应时长: 1 ms
Http状态码: 200
断言结果: 200
=====================================================
INFO    2023-04-11 21:53:21,155G:\auto_api1_framework\logs\info-2023-04-11.log:test_assign_user_roles.py:29 2023-04-11 21:53:20 >>>>>> 执行结束！
INFO    2023-04-11 21:53:21,157G:\auto_api1_framework\logs\info-2023-04-11.log:test_assign_user_roles.py:26 2023-04-11 21:53:20 >>>>>> 开始执行：
INFO    2023-04-11 21:53:21,160G:\auto_api1_framework\logs\info-2023-04-11.log:log_decorator.py:42 
======================================================
用例标题: 分配用户角色失败（id为中文）
请求路径: http://127.0.0.1:8888/api/private/v1/users/arQTl816/role
请求方式: PUT
请求头:   {'User-Agent': 'python-requests/2.28.2', 'Accept-Encoding': 'gzip, deflate', 'Accept': '*/*', 'Connection': 'keep-alive', 'Authorization': 'Bearer eyJhbGciOiJIUzI1NiIsInR5cCI6IkpXVCJ9.eyJ1aWQiOjUwMCwicmlkIjowLCJpYXQiOjE2ODEyMjEyMDAsImV4cCI6MTY4MTMwNzYwMH0.YfWspBYGcIyRcN17G87xcJ83ttyGbQ0OD7OKejWWRE0', 'Content-Length': '0'}
请求内容: {'rid': 10}
接口响应内容: {'data': None, 'meta': {'msg': '用户ID必须是数字', 'status': 400}}
接口响应时长: 1 ms
Http状态码: 200
断言结果: 200
=====================================================
INFO    2023-04-11 21:53:21,162G:\auto_api1_framework\logs\info-2023-04-11.log:test_assign_user_roles.py:29 2023-04-11 21:53:20 >>>>>> 执行结束！
INFO    2023-04-11 21:53:21,163G:\auto_api1_framework\logs\info-2023-04-11.log:test_assign_user_roles.py:26 2023-04-11 21:53:20 >>>>>> 开始执行：
INFO    2023-04-11 21:53:21,398G:\auto_api1_framework\logs\info-2023-04-11.log:log_decorator.py:42 
======================================================
用例标题: 创建用户成功（全部参数）
请求路径: http://127.0.0.1:8888/api/private/v1/users
请求方式: POST
请求头:   {'User-Agent': 'python-requests/2.28.2', 'Accept-Encoding': 'gzip, deflate', 'Accept': '*/*', 'Connection': 'keep-alive', 'Content-Type': 'application/json', 'Authorization': 'Bearer eyJhbGciOiJIUzI1NiIsInR5cCI6IkpXVCJ9.eyJ1aWQiOjUwMCwicmlkIjowLCJpYXQiOjE2ODEyMjEyMDAsImV4cCI6MTY4MTMwNzYwMH0.YfWspBYGcIyRcN17G87xcJ83ttyGbQ0OD7OKejWWRE0', 'Content-Length': '103'}
请求内容: {'username': 'wXkEQ027', 'password': 'zEF@5vMw', 'email': 'yshen@hotmail.com', 'mobile': '13876350932'}
接口响应内容: {'data': {'id': 1039, 'username': 'wXkEQ027', 'mobile': '13876350932', 'email': 'yshen@hotmail.com', 'role_id': -1, 'create_time': 1681221201}, 'meta': {'msg': '创建成功', 'status': 201}}
接口响应时长: 64 ms
Http状态码: 200
断言结果: 200
=====================================================
INFO    2023-04-11 21:53:21,401G:\auto_api1_framework\logs\info-2023-04-11.log:log_decorator.py:42 
======================================================
用例标题: 分配用户角色失败（rid为字符串）
请求路径: http://127.0.0.1:8888/api/private/v1/users/1039/role
请求方式: PUT
请求头:   {'User-Agent': 'python-requests/2.28.2', 'Accept-Encoding': 'gzip, deflate', 'Accept': '*/*', 'Connection': 'keep-alive', 'Authorization': 'Bearer eyJhbGciOiJIUzI1NiIsInR5cCI6IkpXVCJ9.eyJ1aWQiOjUwMCwicmlkIjowLCJpYXQiOjE2ODEyMjEyMDAsImV4cCI6MTY4MTMwNzYwMH0.YfWspBYGcIyRcN17G87xcJ83ttyGbQ0OD7OKejWWRE0', 'Content-Length': '0'}
请求内容: {'rid': 456}
接口响应内容: {'data': None, 'meta': {'msg': '权限ID不能为空', 'status': 400}}
接口响应时长: 1 ms
Http状态码: 200
断言结果: 200
=====================================================
INFO    2023-04-11 21:53:21,476G:\auto_api1_framework\logs\info-2023-04-11.log:test_assign_user_roles.py:29 2023-04-11 21:53:20 >>>>>> 执行结束！
INFO    2023-04-11 21:53:21,477G:\auto_api1_framework\logs\info-2023-04-11.log:test_assign_user_roles.py:26 2023-04-11 21:53:20 >>>>>> 开始执行：
INFO    2023-04-11 21:53:23,774G:\auto_api1_framework\logs\info-2023-04-11.log:test_assign_user_roles.py:29 2023-04-11 21:53:20 >>>>>> 执行结束！
INFO    2023-04-11 21:53:23,775G:\auto_api1_framework\logs\info-2023-04-11.log:test_assign_user_roles.py:26 2023-04-11 21:53:20 >>>>>> 开始执行：
INFO    2023-04-11 21:53:26,038G:\auto_api1_framework\logs\info-2023-04-11.log:test_assign_user_roles.py:29 2023-04-11 21:53:20 >>>>>> 执行结束！
INFO    2023-04-11 21:53:26,040G:\auto_api1_framework\logs\info-2023-04-11.log:test_assign_user_roles.py:26 2023-04-11 21:53:20 >>>>>> 开始执行：
INFO    2023-04-11 21:53:28,322G:\auto_api1_framework\logs\info-2023-04-11.log:test_assign_user_roles.py:29 2023-04-11 21:53:20 >>>>>> 执行结束！
INFO    2023-04-11 21:56:18,684G:\auto_api1_framework\logs\info-2023-04-11.log:test_assign_user_roles.py:26 2023-04-11 21:56:18 >>>>>> 开始执行：
INFO    2023-04-11 21:56:18,944G:\auto_api1_framework\logs\info-2023-04-11.log:log_decorator.py:42 
======================================================
用例标题: 创建用户成功（全部参数）
请求路径: http://127.0.0.1:8888/api/private/v1/users
请求方式: POST
请求头:   {'User-Agent': 'python-requests/2.28.2', 'Accept-Encoding': 'gzip, deflate', 'Accept': '*/*', 'Connection': 'keep-alive', 'Content-Type': 'application/json', 'Authorization': 'Bearer eyJhbGciOiJIUzI1NiIsInR5cCI6IkpXVCJ9.eyJ1aWQiOjUwMCwicmlkIjowLCJpYXQiOjE2ODEyMjEzNzgsImV4cCI6MTY4MTMwNzc3OH0.JmTCEIFCEtis6zd7DDodBc_hmFw2K5q4gahJExup1Vc', 'Content-Length': '100'}
请求内容: {'username': 'MGaCN185', 'password': 'cXit@2Xz', 'email': 'kqin@gmail.com', 'mobile': '18829637656'}
接口响应内容: {'data': {'id': 1040, 'username': 'MGaCN185', 'mobile': '18829637656', 'email': 'kqin@gmail.com', 'role_id': -1, 'create_time': 1681221378}, 'meta': {'msg': '创建成功', 'status': 201}}
接口响应时长: 95 ms
Http状态码: 200
断言结果: 200
=====================================================
INFO    2023-04-11 21:56:18,956G:\auto_api1_framework\logs\info-2023-04-11.log:log_decorator.py:42 
======================================================
用例标题: 分配用户角色成功
请求路径: http://127.0.0.1:8888/api/private/v1/users/1040/role
请求方式: PUT
请求头:   {'User-Agent': 'python-requests/2.28.2', 'Accept-Encoding': 'gzip, deflate', 'Accept': '*/*', 'Connection': 'keep-alive', 'Authorization': 'Bearer eyJhbGciOiJIUzI1NiIsInR5cCI6IkpXVCJ9.eyJ1aWQiOjUwMCwicmlkIjowLCJpYXQiOjE2ODEyMjEzNzgsImV4cCI6MTY4MTMwNzc3OH0.JmTCEIFCEtis6zd7DDodBc_hmFw2K5q4gahJExup1Vc', 'Content-Length': '12', 'Content-Type': 'application/json'}
请求内容: {'rid': 110}
接口响应内容: {'data': {'id': 1040, 'rid': 110, 'username': 'MGaCN185', 'mobile': '18829637656', 'email': 'kqin@gmail.com'}, 'meta': {'msg': '设置角色成功', 'status': 200}}
接口响应时长: 9 ms
Http状态码: 200
断言结果: 200
=====================================================
INFO    2023-04-11 21:56:18,957G:\auto_api1_framework\logs\info-2023-04-11.log:test_assign_user_roles.py:29 2023-04-11 21:56:18 >>>>>> 执行结束！
INFO    2023-04-11 21:56:18,962G:\auto_api1_framework\logs\info-2023-04-11.log:test_assign_user_roles.py:26 2023-04-11 21:56:18 >>>>>> 开始执行：
INFO    2023-04-11 21:56:18,966G:\auto_api1_framework\logs\info-2023-04-11.log:log_decorator.py:42 
======================================================
用例标题: 分配用户角色失败（id为字符串）
请求路径: http://127.0.0.1:8888/api/private/v1/users/RgeZEn/role
请求方式: PUT
请求头:   {'User-Agent': 'python-requests/2.28.2', 'Accept-Encoding': 'gzip, deflate', 'Accept': '*/*', 'Connection': 'keep-alive', 'Authorization': 'Bearer eyJhbGciOiJIUzI1NiIsInR5cCI6IkpXVCJ9.eyJ1aWQiOjUwMCwicmlkIjowLCJpYXQiOjE2ODEyMjEzNzgsImV4cCI6MTY4MTMwNzc3OH0.JmTCEIFCEtis6zd7DDodBc_hmFw2K5q4gahJExup1Vc', 'Content-Length': '0'}
请求内容: {'rid': 10}
接口响应内容: {'data': None, 'meta': {'msg': '用户ID必须是数字', 'status': 400}}
接口响应时长: 2 ms
Http状态码: 200
断言结果: 200
=====================================================
INFO    2023-04-11 21:56:18,967G:\auto_api1_framework\logs\info-2023-04-11.log:test_assign_user_roles.py:29 2023-04-11 21:56:18 >>>>>> 执行结束！
INFO    2023-04-11 21:56:18,969G:\auto_api1_framework\logs\info-2023-04-11.log:test_assign_user_roles.py:26 2023-04-11 21:56:18 >>>>>> 开始执行：
INFO    2023-04-11 21:56:18,973G:\auto_api1_framework\logs\info-2023-04-11.log:log_decorator.py:42 
======================================================
用例标题: 分配用户角色失败（id包含特殊字符）
请求路径: http://127.0.0.1:8888/api/private/v1/users/%5E#__%5E/role
请求方式: PUT
请求头:   {'User-Agent': 'python-requests/2.28.2', 'Accept-Encoding': 'gzip, deflate', 'Accept': '*/*', 'Connection': 'keep-alive', 'Authorization': 'Bearer eyJhbGciOiJIUzI1NiIsInR5cCI6IkpXVCJ9.eyJ1aWQiOjUwMCwicmlkIjowLCJpYXQiOjE2ODEyMjEzNzgsImV4cCI6MTY4MTMwNzc3OH0.JmTCEIFCEtis6zd7DDodBc_hmFw2K5q4gahJExup1Vc', 'Content-Length': '0'}
请求内容: {'rid': 10}
接口响应内容: {'data': None, 'meta': {'msg': '用户ID必须是数字', 'status': 400}}
接口响应时长: 2 ms
Http状态码: 200
断言结果: 200
=====================================================
INFO    2023-04-11 21:56:18,974G:\auto_api1_framework\logs\info-2023-04-11.log:test_assign_user_roles.py:29 2023-04-11 21:56:18 >>>>>> 执行结束！
INFO    2023-04-11 21:56:18,976G:\auto_api1_framework\logs\info-2023-04-11.log:test_assign_user_roles.py:26 2023-04-11 21:56:18 >>>>>> 开始执行：
INFO    2023-04-11 21:56:18,981G:\auto_api1_framework\logs\info-2023-04-11.log:log_decorator.py:42 
======================================================
用例标题: 分配用户角色失败（id为中文）
请求路径: http://127.0.0.1:8888/api/private/v1/users/NZXvU699/role
请求方式: PUT
请求头:   {'User-Agent': 'python-requests/2.28.2', 'Accept-Encoding': 'gzip, deflate', 'Accept': '*/*', 'Connection': 'keep-alive', 'Authorization': 'Bearer eyJhbGciOiJIUzI1NiIsInR5cCI6IkpXVCJ9.eyJ1aWQiOjUwMCwicmlkIjowLCJpYXQiOjE2ODEyMjEzNzgsImV4cCI6MTY4MTMwNzc3OH0.JmTCEIFCEtis6zd7DDodBc_hmFw2K5q4gahJExup1Vc', 'Content-Length': '0'}
请求内容: {'rid': 10}
接口响应内容: {'data': None, 'meta': {'msg': '用户ID必须是数字', 'status': 400}}
接口响应时长: 2 ms
Http状态码: 200
断言结果: 200
=====================================================
INFO    2023-04-11 21:56:18,981G:\auto_api1_framework\logs\info-2023-04-11.log:test_assign_user_roles.py:29 2023-04-11 21:56:18 >>>>>> 执行结束！
INFO    2023-04-11 21:56:18,982G:\auto_api1_framework\logs\info-2023-04-11.log:test_assign_user_roles.py:26 2023-04-11 21:56:18 >>>>>> 开始执行：
INFO    2023-04-11 21:56:19,238G:\auto_api1_framework\logs\info-2023-04-11.log:log_decorator.py:42 
======================================================
用例标题: 创建用户成功（全部参数）
请求路径: http://127.0.0.1:8888/api/private/v1/users
请求方式: POST
请求头:   {'User-Agent': 'python-requests/2.28.2', 'Accept-Encoding': 'gzip, deflate', 'Accept': '*/*', 'Connection': 'keep-alive', 'Content-Type': 'application/json', 'Authorization': 'Bearer eyJhbGciOiJIUzI1NiIsInR5cCI6IkpXVCJ9.eyJ1aWQiOjUwMCwicmlkIjowLCJpYXQiOjE2ODEyMjEzNzgsImV4cCI6MTY4MTMwNzc3OH0.JmTCEIFCEtis6zd7DDodBc_hmFw2K5q4gahJExup1Vc', 'Content-Length': '103'}
请求内容: {'username': 'EoyQF355', 'password': '_6q2HDnp', 'email': 'chentao@gmail.com', 'mobile': '13323658019'}
接口响应内容: {'data': {'id': 1041, 'username': 'EoyQF355', 'mobile': '13323658019', 'email': 'chentao@gmail.com', 'role_id': -1, 'create_time': 1681221379}, 'meta': {'msg': '创建成功', 'status': 201}}
接口响应时长: 85 ms
Http状态码: 200
断言结果: 200
=====================================================
INFO    2023-04-11 21:56:19,241G:\auto_api1_framework\logs\info-2023-04-11.log:log_decorator.py:42 
======================================================
用例标题: 分配用户角色失败（管理员id不存在）
请求路径: http://127.0.0.1:8888/api/private/v1/users/1681221378/role
请求方式: PUT
请求头:   {'User-Agent': 'python-requests/2.28.2', 'Accept-Encoding': 'gzip, deflate', 'Accept': '*/*', 'Connection': 'keep-alive', 'Authorization': 'Bearer eyJhbGciOiJIUzI1NiIsInR5cCI6IkpXVCJ9.eyJ1aWQiOjUwMCwicmlkIjowLCJpYXQiOjE2ODEyMjEzNzgsImV4cCI6MTY4MTMwNzc3OH0.JmTCEIFCEtis6zd7DDodBc_hmFw2K5q4gahJExup1Vc', 'Content-Length': '0'}
请求内容: {'rid': 11}
接口响应内容: {'data': None, 'meta': {'msg': '权限ID不能为空', 'status': 400}}
接口响应时长: 2 ms
Http状态码: 200
断言结果: 200
=====================================================
INFO    2023-04-11 21:56:19,319G:\auto_api1_framework\logs\info-2023-04-11.log:test_assign_user_roles.py:29 2023-04-11 21:56:18 >>>>>> 执行结束！
INFO    2023-04-11 21:56:47,856G:\auto_api1_framework\logs\info-2023-04-11.log:test_assign_user_roles.py:26 2023-04-11 21:56:47 >>>>>> 开始执行：
INFO    2023-04-11 21:56:48,089G:\auto_api1_framework\logs\info-2023-04-11.log:log_decorator.py:42 
======================================================
用例标题: 创建用户成功（全部参数）
请求路径: http://127.0.0.1:8888/api/private/v1/users
请求方式: POST
请求头:   {'User-Agent': 'python-requests/2.28.2', 'Accept-Encoding': 'gzip, deflate', 'Accept': '*/*', 'Connection': 'keep-alive', 'Content-Type': 'application/json', 'Authorization': 'Bearer eyJhbGciOiJIUzI1NiIsInR5cCI6IkpXVCJ9.eyJ1aWQiOjUwMCwicmlkIjowLCJpYXQiOjE2ODEyMjE0MDcsImV4cCI6MTY4MTMwNzgwN30.ROpbux0lYTwC1ORdQxU3-NQe2OuCeACspfNgmcoWImk', 'Content-Length': '103'}
请求内容: {'username': 'wAwWs855', 'password': '#9POCboe', 'email': 'weixiao@gmail.com', 'mobile': '15072728776'}
接口响应内容: {'data': {'id': 1042, 'username': 'wAwWs855', 'mobile': '15072728776', 'email': 'weixiao@gmail.com', 'role_id': -1, 'create_time': 1681221408}, 'meta': {'msg': '创建成功', 'status': 201}}
接口响应时长: 67 ms
Http状态码: 200
断言结果: 200
=====================================================
INFO    2023-04-11 21:56:48,099G:\auto_api1_framework\logs\info-2023-04-11.log:log_decorator.py:42 
======================================================
用例标题: 分配用户角色成功
请求路径: http://127.0.0.1:8888/api/private/v1/users/1042/role
请求方式: PUT
请求头:   {'User-Agent': 'python-requests/2.28.2', 'Accept-Encoding': 'gzip, deflate', 'Accept': '*/*', 'Connection': 'keep-alive', 'Authorization': 'Bearer eyJhbGciOiJIUzI1NiIsInR5cCI6IkpXVCJ9.eyJ1aWQiOjUwMCwicmlkIjowLCJpYXQiOjE2ODEyMjE0MDcsImV4cCI6MTY4MTMwNzgwN30.ROpbux0lYTwC1ORdQxU3-NQe2OuCeACspfNgmcoWImk', 'Content-Length': '12', 'Content-Type': 'application/json'}
请求内容: {'rid': 110}
接口响应内容: {'data': {'id': 1042, 'rid': 110, 'username': 'wAwWs855', 'mobile': '15072728776', 'email': 'weixiao@gmail.com'}, 'meta': {'msg': '设置角色成功', 'status': 200}}
接口响应时长: 7 ms
Http状态码: 200
断言结果: 200
=====================================================
INFO    2023-04-11 21:56:48,100G:\auto_api1_framework\logs\info-2023-04-11.log:test_assign_user_roles.py:29 2023-04-11 21:56:47 >>>>>> 执行结束！
INFO    2023-04-11 21:56:48,102G:\auto_api1_framework\logs\info-2023-04-11.log:test_assign_user_roles.py:26 2023-04-11 21:56:47 >>>>>> 开始执行：
INFO    2023-04-11 21:56:48,107G:\auto_api1_framework\logs\info-2023-04-11.log:log_decorator.py:42 
======================================================
用例标题: 分配用户角色失败（id为字符串）
请求路径: http://127.0.0.1:8888/api/private/v1/users/uzUShn/role
请求方式: PUT
请求头:   {'User-Agent': 'python-requests/2.28.2', 'Accept-Encoding': 'gzip, deflate', 'Accept': '*/*', 'Connection': 'keep-alive', 'Authorization': 'Bearer eyJhbGciOiJIUzI1NiIsInR5cCI6IkpXVCJ9.eyJ1aWQiOjUwMCwicmlkIjowLCJpYXQiOjE2ODEyMjE0MDcsImV4cCI6MTY4MTMwNzgwN30.ROpbux0lYTwC1ORdQxU3-NQe2OuCeACspfNgmcoWImk', 'Content-Length': '0'}
请求内容: {'rid': 10}
接口响应内容: {'data': None, 'meta': {'msg': '用户ID必须是数字', 'status': 400}}
接口响应时长: 2 ms
Http状态码: 200
断言结果: 200
=====================================================
INFO    2023-04-11 21:56:48,108G:\auto_api1_framework\logs\info-2023-04-11.log:test_assign_user_roles.py:29 2023-04-11 21:56:47 >>>>>> 执行结束！
INFO    2023-04-11 21:56:48,110G:\auto_api1_framework\logs\info-2023-04-11.log:test_assign_user_roles.py:26 2023-04-11 21:56:47 >>>>>> 开始执行：
INFO    2023-04-11 21:56:48,113G:\auto_api1_framework\logs\info-2023-04-11.log:log_decorator.py:42 
======================================================
用例标题: 分配用户角色失败（id包含特殊字符）
请求路径: http://127.0.0.1:8888/api/private/v1/users/@&(*#/role
请求方式: PUT
请求头:   {'User-Agent': 'python-requests/2.28.2', 'Accept-Encoding': 'gzip, deflate', 'Accept': '*/*', 'Connection': 'keep-alive', 'Authorization': 'Bearer eyJhbGciOiJIUzI1NiIsInR5cCI6IkpXVCJ9.eyJ1aWQiOjUwMCwicmlkIjowLCJpYXQiOjE2ODEyMjE0MDcsImV4cCI6MTY4MTMwNzgwN30.ROpbux0lYTwC1ORdQxU3-NQe2OuCeACspfNgmcoWImk', 'Content-Length': '0'}
请求内容: {'rid': 10}
接口响应内容: {'data': None, 'meta': {'msg': '用户ID必须是数字', 'status': 400}}
接口响应时长: 1 ms
Http状态码: 200
断言结果: 200
=====================================================
INFO    2023-04-11 21:56:48,114G:\auto_api1_framework\logs\info-2023-04-11.log:test_assign_user_roles.py:29 2023-04-11 21:56:47 >>>>>> 执行结束！
INFO    2023-04-11 21:56:48,116G:\auto_api1_framework\logs\info-2023-04-11.log:test_assign_user_roles.py:26 2023-04-11 21:56:47 >>>>>> 开始执行：
INFO    2023-04-11 21:56:48,120G:\auto_api1_framework\logs\info-2023-04-11.log:log_decorator.py:42 
======================================================
用例标题: 分配用户角色失败（id为中文）
请求路径: http://127.0.0.1:8888/api/private/v1/users/VGaKH421/role
请求方式: PUT
请求头:   {'User-Agent': 'python-requests/2.28.2', 'Accept-Encoding': 'gzip, deflate', 'Accept': '*/*', 'Connection': 'keep-alive', 'Authorization': 'Bearer eyJhbGciOiJIUzI1NiIsInR5cCI6IkpXVCJ9.eyJ1aWQiOjUwMCwicmlkIjowLCJpYXQiOjE2ODEyMjE0MDcsImV4cCI6MTY4MTMwNzgwN30.ROpbux0lYTwC1ORdQxU3-NQe2OuCeACspfNgmcoWImk', 'Content-Length': '0'}
请求内容: {'rid': 10}
接口响应内容: {'data': None, 'meta': {'msg': '用户ID必须是数字', 'status': 400}}
接口响应时长: 1 ms
Http状态码: 200
断言结果: 200
=====================================================
INFO    2023-04-11 21:56:48,120G:\auto_api1_framework\logs\info-2023-04-11.log:test_assign_user_roles.py:29 2023-04-11 21:56:47 >>>>>> 执行结束！
INFO    2023-04-11 21:56:48,123G:\auto_api1_framework\logs\info-2023-04-11.log:test_assign_user_roles.py:26 2023-04-11 21:56:47 >>>>>> 开始执行：
INFO    2023-04-11 21:56:48,360G:\auto_api1_framework\logs\info-2023-04-11.log:log_decorator.py:42 
======================================================
用例标题: 创建用户成功（全部参数）
请求路径: http://127.0.0.1:8888/api/private/v1/users
请求方式: POST
请求头:   {'User-Agent': 'python-requests/2.28.2', 'Accept-Encoding': 'gzip, deflate', 'Accept': '*/*', 'Connection': 'keep-alive', 'Content-Type': 'application/json', 'Authorization': 'Bearer eyJhbGciOiJIUzI1NiIsInR5cCI6IkpXVCJ9.eyJ1aWQiOjUwMCwicmlkIjowLCJpYXQiOjE2ODEyMjE0MDcsImV4cCI6MTY4MTMwNzgwN30.ROpbux0lYTwC1ORdQxU3-NQe2OuCeACspfNgmcoWImk', 'Content-Length': '104'}
请求内容: {'username': 'CUwJh257', 'password': '*h7KkCvo', 'email': 'songna@hotmail.com', 'mobile': '18214919378'}
接口响应内容: {'data': {'id': 1043, 'username': 'CUwJh257', 'mobile': '18214919378', 'email': 'songna@hotmail.com', 'role_id': -1, 'create_time': 1681221408}, 'meta': {'msg': '创建成功', 'status': 201}}
接口响应时长: 64 ms
Http状态码: 200
断言结果: 200
=====================================================
INFO    2023-04-11 21:56:48,363G:\auto_api1_framework\logs\info-2023-04-11.log:log_decorator.py:42 
======================================================
用例标题: 分配用户角色失败（管理员id不存在）
请求路径: http://127.0.0.1:8888/api/private/v1/users/140/role
请求方式: PUT
请求头:   {'User-Agent': 'python-requests/2.28.2', 'Accept-Encoding': 'gzip, deflate', 'Accept': '*/*', 'Connection': 'keep-alive', 'Authorization': 'Bearer eyJhbGciOiJIUzI1NiIsInR5cCI6IkpXVCJ9.eyJ1aWQiOjUwMCwicmlkIjowLCJpYXQiOjE2ODEyMjE0MDcsImV4cCI6MTY4MTMwNzgwN30.ROpbux0lYTwC1ORdQxU3-NQe2OuCeACspfNgmcoWImk', 'Content-Length': '0'}
请求内容: {'rid': 11}
接口响应内容: {'data': None, 'meta': {'msg': '权限ID不能为空', 'status': 400}}
接口响应时长: 1 ms
Http状态码: 200
断言结果: 200
=====================================================
INFO    2023-04-11 21:56:48,436G:\auto_api1_framework\logs\info-2023-04-11.log:test_assign_user_roles.py:29 2023-04-11 21:56:47 >>>>>> 执行结束！
INFO    2023-04-11 21:57:35,913G:\auto_api1_framework\logs\info-2023-04-11.log:test_assign_user_roles.py:26 2023-04-11 21:57:35 >>>>>> 开始执行：
INFO    2023-04-11 21:57:36,141G:\auto_api1_framework\logs\info-2023-04-11.log:log_decorator.py:42 
======================================================
用例标题: 创建用户成功（全部参数）
请求路径: http://127.0.0.1:8888/api/private/v1/users
请求方式: POST
请求头:   {'User-Agent': 'python-requests/2.28.2', 'Accept-Encoding': 'gzip, deflate', 'Accept': '*/*', 'Connection': 'keep-alive', 'Content-Type': 'application/json', 'Authorization': 'Bearer eyJhbGciOiJIUzI1NiIsInR5cCI6IkpXVCJ9.eyJ1aWQiOjUwMCwicmlkIjowLCJpYXQiOjE2ODEyMjE0NTUsImV4cCI6MTY4MTMwNzg1NX0.aPV8VplY3rxjLdqjG0NN_Dq1JuSzhaV1lZNVyLQkqKs', 'Content-Length': '105'}
请求内容: {'username': 'hHMEG219', 'password': 'j))$10Qs', 'email': 'yangxia@hotmail.com', 'mobile': '15160437669'}
接口响应内容: {'data': {'id': 1044, 'username': 'hHMEG219', 'mobile': '15160437669', 'email': 'yangxia@hotmail.com', 'role_id': -1, 'create_time': 1681221456}, 'meta': {'msg': '创建成功', 'status': 201}}
接口响应时长: 67 ms
Http状态码: 200
断言结果: 200
=====================================================
INFO    2023-04-11 21:57:36,150G:\auto_api1_framework\logs\info-2023-04-11.log:log_decorator.py:42 
======================================================
用例标题: 分配用户角色成功
请求路径: http://127.0.0.1:8888/api/private/v1/users/1044/role
请求方式: PUT
请求头:   {'User-Agent': 'python-requests/2.28.2', 'Accept-Encoding': 'gzip, deflate', 'Accept': '*/*', 'Connection': 'keep-alive', 'Authorization': 'Bearer eyJhbGciOiJIUzI1NiIsInR5cCI6IkpXVCJ9.eyJ1aWQiOjUwMCwicmlkIjowLCJpYXQiOjE2ODEyMjE0NTUsImV4cCI6MTY4MTMwNzg1NX0.aPV8VplY3rxjLdqjG0NN_Dq1JuSzhaV1lZNVyLQkqKs', 'Content-Length': '12', 'Content-Type': 'application/json'}
请求内容: {'rid': 110}
接口响应内容: {'data': {'id': 1044, 'rid': 110, 'username': 'hHMEG219', 'mobile': '15160437669', 'email': 'yangxia@hotmail.com'}, 'meta': {'msg': '设置角色成功', 'status': 200}}
接口响应时长: 7 ms
Http状态码: 200
断言结果: 200
=====================================================
INFO    2023-04-11 21:57:36,152G:\auto_api1_framework\logs\info-2023-04-11.log:test_assign_user_roles.py:29 2023-04-11 21:57:35 >>>>>> 执行结束！
INFO    2023-04-11 21:57:36,156G:\auto_api1_framework\logs\info-2023-04-11.log:test_assign_user_roles.py:26 2023-04-11 21:57:35 >>>>>> 开始执行：
INFO    2023-04-11 21:57:36,160G:\auto_api1_framework\logs\info-2023-04-11.log:log_decorator.py:42 
======================================================
用例标题: 分配用户角色失败（id为字符串）
请求路径: http://127.0.0.1:8888/api/private/v1/users/lHlLjh/role
请求方式: PUT
请求头:   {'User-Agent': 'python-requests/2.28.2', 'Accept-Encoding': 'gzip, deflate', 'Accept': '*/*', 'Connection': 'keep-alive', 'Authorization': 'Bearer eyJhbGciOiJIUzI1NiIsInR5cCI6IkpXVCJ9.eyJ1aWQiOjUwMCwicmlkIjowLCJpYXQiOjE2ODEyMjE0NTUsImV4cCI6MTY4MTMwNzg1NX0.aPV8VplY3rxjLdqjG0NN_Dq1JuSzhaV1lZNVyLQkqKs', 'Content-Length': '0'}
请求内容: {'rid': 10}
接口响应内容: {'data': None, 'meta': {'msg': '用户ID必须是数字', 'status': 400}}
接口响应时长: 2 ms
Http状态码: 200
断言结果: 200
=====================================================
INFO    2023-04-11 21:57:36,162G:\auto_api1_framework\logs\info-2023-04-11.log:test_assign_user_roles.py:29 2023-04-11 21:57:35 >>>>>> 执行结束！
INFO    2023-04-11 21:57:36,164G:\auto_api1_framework\logs\info-2023-04-11.log:test_assign_user_roles.py:26 2023-04-11 21:57:35 >>>>>> 开始执行：
INFO    2023-04-11 21:57:36,168G:\auto_api1_framework\logs\info-2023-04-11.log:log_decorator.py:42 
======================================================
用例标题: 分配用户角色失败（id包含特殊字符）
请求路径: http://127.0.0.1:8888/api/private/v1/users/#!$&@/role
请求方式: PUT
请求头:   {'User-Agent': 'python-requests/2.28.2', 'Accept-Encoding': 'gzip, deflate', 'Accept': '*/*', 'Connection': 'keep-alive', 'Authorization': 'Bearer eyJhbGciOiJIUzI1NiIsInR5cCI6IkpXVCJ9.eyJ1aWQiOjUwMCwicmlkIjowLCJpYXQiOjE2ODEyMjE0NTUsImV4cCI6MTY4MTMwNzg1NX0.aPV8VplY3rxjLdqjG0NN_Dq1JuSzhaV1lZNVyLQkqKs', 'Content-Length': '0'}
请求内容: {'rid': 10}
接口响应内容: {'data': None, 'meta': {'msg': 'Not Found', 'status': 404}}
接口响应时长: 2 ms
Http状态码: 200
断言结果: 200
=====================================================
INFO    2023-04-11 21:57:36,240G:\auto_api1_framework\logs\info-2023-04-11.log:test_assign_user_roles.py:29 2023-04-11 21:57:35 >>>>>> 执行结束！
INFO    2023-04-11 21:57:36,242G:\auto_api1_framework\logs\info-2023-04-11.log:test_assign_user_roles.py:26 2023-04-11 21:57:35 >>>>>> 开始执行：
INFO    2023-04-11 21:57:36,247G:\auto_api1_framework\logs\info-2023-04-11.log:log_decorator.py:42 
======================================================
用例标题: 分配用户角色失败（id为中文）
请求路径: http://127.0.0.1:8888/api/private/v1/users/YDMSK524/role
请求方式: PUT
请求头:   {'User-Agent': 'python-requests/2.28.2', 'Accept-Encoding': 'gzip, deflate', 'Accept': '*/*', 'Connection': 'keep-alive', 'Authorization': 'Bearer eyJhbGciOiJIUzI1NiIsInR5cCI6IkpXVCJ9.eyJ1aWQiOjUwMCwicmlkIjowLCJpYXQiOjE2ODEyMjE0NTUsImV4cCI6MTY4MTMwNzg1NX0.aPV8VplY3rxjLdqjG0NN_Dq1JuSzhaV1lZNVyLQkqKs', 'Content-Length': '0'}
请求内容: {'rid': 10}
接口响应内容: {'data': None, 'meta': {'msg': '用户ID必须是数字', 'status': 400}}
接口响应时长: 1 ms
Http状态码: 200
断言结果: 200
=====================================================
INFO    2023-04-11 21:57:36,248G:\auto_api1_framework\logs\info-2023-04-11.log:test_assign_user_roles.py:29 2023-04-11 21:57:35 >>>>>> 执行结束！
INFO    2023-04-11 21:57:36,249G:\auto_api1_framework\logs\info-2023-04-11.log:test_assign_user_roles.py:26 2023-04-11 21:57:35 >>>>>> 开始执行：
INFO    2023-04-11 21:57:36,486G:\auto_api1_framework\logs\info-2023-04-11.log:log_decorator.py:42 
======================================================
用例标题: 创建用户成功（全部参数）
请求路径: http://127.0.0.1:8888/api/private/v1/users
请求方式: POST
请求头:   {'User-Agent': 'python-requests/2.28.2', 'Accept-Encoding': 'gzip, deflate', 'Accept': '*/*', 'Connection': 'keep-alive', 'Content-Type': 'application/json', 'Authorization': 'Bearer eyJhbGciOiJIUzI1NiIsInR5cCI6IkpXVCJ9.eyJ1aWQiOjUwMCwicmlkIjowLCJpYXQiOjE2ODEyMjE0NTUsImV4cCI6MTY4MTMwNzg1NX0.aPV8VplY3rxjLdqjG0NN_Dq1JuSzhaV1lZNVyLQkqKs', 'Content-Length': '103'}
请求内容: {'username': 'qLFRN861', 'password': ')9Uhfyl^', 'email': 'yanping@gmail.com', 'mobile': '18736194136'}
接口响应内容: {'data': {'id': 1045, 'username': 'qLFRN861', 'mobile': '18736194136', 'email': 'yanping@gmail.com', 'role_id': -1, 'create_time': 1681221456}, 'meta': {'msg': '创建成功', 'status': 201}}
接口响应时长: 64 ms
Http状态码: 200
断言结果: 200
=====================================================
INFO    2023-04-11 21:57:36,490G:\auto_api1_framework\logs\info-2023-04-11.log:log_decorator.py:42 
======================================================
用例标题: 分配用户角色失败（管理员id不存在）
请求路径: http://127.0.0.1:8888/api/private/v1/users/140/role
请求方式: PUT
请求头:   {'User-Agent': 'python-requests/2.28.2', 'Accept-Encoding': 'gzip, deflate', 'Accept': '*/*', 'Connection': 'keep-alive', 'Authorization': 'Bearer eyJhbGciOiJIUzI1NiIsInR5cCI6IkpXVCJ9.eyJ1aWQiOjUwMCwicmlkIjowLCJpYXQiOjE2ODEyMjE0NTUsImV4cCI6MTY4MTMwNzg1NX0.aPV8VplY3rxjLdqjG0NN_Dq1JuSzhaV1lZNVyLQkqKs', 'Content-Length': '0'}
请求内容: {'rid': 110}
接口响应内容: {'data': None, 'meta': {'msg': '权限ID不能为空', 'status': 400}}
接口响应时长: 1 ms
Http状态码: 200
断言结果: 200
=====================================================
INFO    2023-04-11 21:57:36,501G:\auto_api1_framework\logs\info-2023-04-11.log:test_assign_user_roles.py:29 2023-04-11 21:57:35 >>>>>> 执行结束！
INFO    2023-04-11 21:58:20,728G:\auto_api1_framework\logs\info-2023-04-11.log:test_create_user.py:26 2023-04-11 21:58:20 >>>>>> 开始执行：
INFO    2023-04-11 21:58:20,814G:\auto_api1_framework\logs\info-2023-04-11.log:log_decorator.py:42 
======================================================
用例标题: 创建用户成功（必填参数）
请求路径: http://127.0.0.1:8888/api/private/v1/users
请求方式: POST
请求头:   {'User-Agent': 'python-requests/2.28.2', 'Accept-Encoding': 'gzip, deflate', 'Accept': '*/*', 'Connection': 'keep-alive', 'Content-Type': 'application/json', 'Authorization': 'Bearer eyJhbGciOiJIUzI1NiIsInR5cCI6IkpXVCJ9.eyJ1aWQiOjUwMCwicmlkIjowLCJpYXQiOjE2ODEyMjE1MDAsImV4cCI6MTY4MTMwNzkwMH0.iwyrAGB4NZ2XbrLPea0D0qg0oml2zz1RKtSWO9lB2AY', 'Content-Length': '48'}
请求内容: {'username': 'ZwHgY202', 'password': 'Zr^&h7Wy'}
接口响应内容: {'data': {'id': 1046, 'username': 'ZwHgY202', 'role_id': -1, 'create_time': 1681221500}, 'meta': {'msg': '创建成功', 'status': 201}}
接口响应时长: 83 ms
Http状态码: 200
断言结果: 200
=====================================================
INFO    2023-04-11 21:58:20,815G:\auto_api1_framework\logs\info-2023-04-11.log:test_create_user.py:29 2023-04-11 21:58:20 >>>>>> 执行结束！
INFO    2023-04-11 21:58:20,817G:\auto_api1_framework\logs\info-2023-04-11.log:test_create_user.py:26 2023-04-11 21:58:20 >>>>>> 开始执行：
INFO    2023-04-11 21:58:20,894G:\auto_api1_framework\logs\info-2023-04-11.log:log_decorator.py:42 
======================================================
用例标题: 创建用户成功（必填+选填参数）
请求路径: http://127.0.0.1:8888/api/private/v1/users
请求方式: POST
请求头:   {'User-Agent': 'python-requests/2.28.2', 'Accept-Encoding': 'gzip, deflate', 'Accept': '*/*', 'Connection': 'keep-alive', 'Content-Type': 'application/json', 'Authorization': 'Bearer eyJhbGciOiJIUzI1NiIsInR5cCI6IkpXVCJ9.eyJ1aWQiOjUwMCwicmlkIjowLCJpYXQiOjE2ODEyMjE1MDAsImV4cCI6MTY4MTMwNzkwMH0.iwyrAGB4NZ2XbrLPea0D0qg0oml2zz1RKtSWO9lB2AY', 'Content-Length': '81'}
请求内容: {'username': 'lcCGY666', 'password': 'admin123@!', 'email': 'yang19@hotmail.com'}
接口响应内容: {'data': {'id': 1047, 'username': 'lcCGY666', 'email': 'yang19@hotmail.com', 'role_id': -1, 'create_time': 1681221500}, 'meta': {'msg': '创建成功', 'status': 201}}
接口响应时长: 75 ms
Http状态码: 200
断言结果: 200
=====================================================
INFO    2023-04-11 21:58:20,896G:\auto_api1_framework\logs\info-2023-04-11.log:test_create_user.py:29 2023-04-11 21:58:20 >>>>>> 执行结束！
INFO    2023-04-11 21:58:20,898G:\auto_api1_framework\logs\info-2023-04-11.log:test_create_user.py:26 2023-04-11 21:58:20 >>>>>> 开始执行：
INFO    2023-04-11 21:58:20,970G:\auto_api1_framework\logs\info-2023-04-11.log:log_decorator.py:42 
======================================================
用例标题: 创建用户成功（全部参数）
请求路径: http://127.0.0.1:8888/api/private/v1/users
请求方式: POST
请求头:   {'User-Agent': 'python-requests/2.28.2', 'Accept-Encoding': 'gzip, deflate', 'Accept': '*/*', 'Connection': 'keep-alive', 'Content-Type': 'application/json', 'Authorization': 'Bearer eyJhbGciOiJIUzI1NiIsInR5cCI6IkpXVCJ9.eyJ1aWQiOjUwMCwicmlkIjowLCJpYXQiOjE2ODEyMjE1MDAsImV4cCI6MTY4MTMwNzkwMH0.iwyrAGB4NZ2XbrLPea0D0qg0oml2zz1RKtSWO9lB2AY', 'Content-Length': '103'}
请求内容: {'username': 'zuyVN696', 'password': 'H^7VuW_$', 'email': 'xiawu@hotmail.com', 'mobile': '14726451212'}
接口响应内容: {'data': {'id': 1048, 'username': 'zuyVN696', 'mobile': '14726451212', 'email': 'xiawu@hotmail.com', 'role_id': -1, 'create_time': 1681221500}, 'meta': {'msg': '创建成功', 'status': 201}}
接口响应时长: 70 ms
Http状态码: 200
断言结果: 200
=====================================================
INFO    2023-04-11 21:58:20,971G:\auto_api1_framework\logs\info-2023-04-11.log:test_create_user.py:29 2023-04-11 21:58:20 >>>>>> 执行结束！
INFO    2023-04-11 21:58:20,973G:\auto_api1_framework\logs\info-2023-04-11.log:test_create_user.py:26 2023-04-11 21:58:20 >>>>>> 开始执行：
INFO    2023-04-11 21:58:20,979G:\auto_api1_framework\logs\info-2023-04-11.log:log_decorator.py:42 
======================================================
用例标题: 创建已存在用户
请求路径: http://127.0.0.1:8888/api/private/v1/users
请求方式: POST
请求头:   {'User-Agent': 'python-requests/2.28.2', 'Accept-Encoding': 'gzip, deflate', 'Accept': '*/*', 'Connection': 'keep-alive', 'Content-Type': 'application/json', 'Authorization': 'Bearer eyJhbGciOiJIUzI1NiIsInR5cCI6IkpXVCJ9.eyJ1aWQiOjUwMCwicmlkIjowLCJpYXQiOjE2ODEyMjE1MDAsImV4cCI6MTY4MTMwNzkwMH0.iwyrAGB4NZ2XbrLPea0D0qg0oml2zz1RKtSWO9lB2AY', 'Content-Length': '43'}
请求内容: {'username': 'admin', 'password': '123456'}
接口响应内容: {'data': None, 'meta': {'msg': '用户名已存在', 'status': 400}}
接口响应时长: 3 ms
Http状态码: 200
断言结果: 200
=====================================================
INFO    2023-04-11 21:58:20,979G:\auto_api1_framework\logs\info-2023-04-11.log:test_create_user.py:29 2023-04-11 21:58:20 >>>>>> 执行结束！
INFO    2023-04-11 21:58:20,981G:\auto_api1_framework\logs\info-2023-04-11.log:test_create_user.py:26 2023-04-11 21:58:20 >>>>>> 开始执行：
INFO    2023-04-11 21:58:20,985G:\auto_api1_framework\logs\info-2023-04-11.log:log_decorator.py:42 
======================================================
用例标题: 用户名为空
请求路径: http://127.0.0.1:8888/api/private/v1/users
请求方式: POST
请求头:   {'User-Agent': 'python-requests/2.28.2', 'Accept-Encoding': 'gzip, deflate', 'Accept': '*/*', 'Connection': 'keep-alive', 'Content-Type': 'application/json', 'Authorization': 'Bearer eyJhbGciOiJIUzI1NiIsInR5cCI6IkpXVCJ9.eyJ1aWQiOjUwMCwicmlkIjowLCJpYXQiOjE2ODEyMjE1MDAsImV4cCI6MTY4MTMwNzkwMH0.iwyrAGB4NZ2XbrLPea0D0qg0oml2zz1RKtSWO9lB2AY', 'Content-Length': '38'}
请求内容: {'username': '', 'password': '123456'}
接口响应内容: {'data': None, 'meta': {'msg': '用户名不能为空', 'status': 400}}
接口响应时长: 1 ms
Http状态码: 200
断言结果: 200
=====================================================
INFO    2023-04-11 21:58:20,987G:\auto_api1_framework\logs\info-2023-04-11.log:test_create_user.py:29 2023-04-11 21:58:20 >>>>>> 执行结束！
INFO    2023-04-11 21:58:20,988G:\auto_api1_framework\logs\info-2023-04-11.log:test_create_user.py:26 2023-04-11 21:58:20 >>>>>> 开始执行：
INFO    2023-04-11 21:58:21,062G:\auto_api1_framework\logs\info-2023-04-11.log:log_decorator.py:42 
======================================================
用例标题: 用户名纯数字
请求路径: http://127.0.0.1:8888/api/private/v1/users
请求方式: POST
请求头:   {'User-Agent': 'python-requests/2.28.2', 'Accept-Encoding': 'gzip, deflate', 'Accept': '*/*', 'Connection': 'keep-alive', 'Content-Type': 'application/json', 'Authorization': 'Bearer eyJhbGciOiJIUzI1NiIsInR5cCI6IkpXVCJ9.eyJ1aWQiOjUwMCwicmlkIjowLCJpYXQiOjE2ODEyMjE1MDAsImV4cCI6MTY4MTMwNzkwMH0.iwyrAGB4NZ2XbrLPea0D0qg0oml2zz1RKtSWO9lB2AY', 'Content-Length': '44'}
请求内容: {'username': '775115', 'password': '123456'}
接口响应内容: {'data': {'id': 1049, 'username': '775115', 'role_id': -1, 'create_time': 1681221501}, 'meta': {'msg': '创建成功', 'status': 201}}
接口响应时长: 73 ms
Http状态码: 200
断言结果: 200
=====================================================
INFO    2023-04-11 21:58:21,064G:\auto_api1_framework\logs\info-2023-04-11.log:test_create_user.py:29 2023-04-11 21:58:20 >>>>>> 执行结束！
INFO    2023-04-11 21:58:21,066G:\auto_api1_framework\logs\info-2023-04-11.log:test_create_user.py:26 2023-04-11 21:58:20 >>>>>> 开始执行：
INFO    2023-04-11 21:58:21,146G:\auto_api1_framework\logs\info-2023-04-11.log:log_decorator.py:42 
======================================================
用例标题: 用户名纯字母
请求路径: http://127.0.0.1:8888/api/private/v1/users
请求方式: POST
请求头:   {'User-Agent': 'python-requests/2.28.2', 'Accept-Encoding': 'gzip, deflate', 'Accept': '*/*', 'Connection': 'keep-alive', 'Content-Type': 'application/json', 'Authorization': 'Bearer eyJhbGciOiJIUzI1NiIsInR5cCI6IkpXVCJ9.eyJ1aWQiOjUwMCwicmlkIjowLCJpYXQiOjE2ODEyMjE1MDAsImV4cCI6MTY4MTMwNzkwMH0.iwyrAGB4NZ2XbrLPea0D0qg0oml2zz1RKtSWO9lB2AY', 'Content-Length': '44'}
请求内容: {'username': 'NVKIDN', 'password': '123456'}
接口响应内容: {'data': {'id': 1050, 'username': 'NVKIDN', 'role_id': -1, 'create_time': 1681221501}, 'meta': {'msg': '创建成功', 'status': 201}}
接口响应时长: 78 ms
Http状态码: 200
断言结果: 200
=====================================================
INFO    2023-04-11 21:58:21,147G:\auto_api1_framework\logs\info-2023-04-11.log:test_create_user.py:29 2023-04-11 21:58:20 >>>>>> 执行结束！
INFO    2023-04-11 21:58:21,148G:\auto_api1_framework\logs\info-2023-04-11.log:test_create_user.py:26 2023-04-11 21:58:20 >>>>>> 开始执行：
INFO    2023-04-11 21:58:21,223G:\auto_api1_framework\logs\info-2023-04-11.log:log_decorator.py:42 
======================================================
用例标题: 用户名包含中文、特殊字符
请求路径: http://127.0.0.1:8888/api/private/v1/users
请求方式: POST
请求头:   {'User-Agent': 'python-requests/2.28.2', 'Accept-Encoding': 'gzip, deflate', 'Accept': '*/*', 'Connection': 'keep-alive', 'Content-Type': 'application/json', 'Authorization': 'Bearer eyJhbGciOiJIUzI1NiIsInR5cCI6IkpXVCJ9.eyJ1aWQiOjUwMCwicmlkIjowLCJpYXQiOjE2ODEyMjE1MDAsImV4cCI6MTY4MTMwNzkwMH0.iwyrAGB4NZ2XbrLPea0D0qg0oml2zz1RKtSWO9lB2AY', 'Content-Length': '56'}
请求内容: {'username': '伍雪SuHzRm', 'password': '123456'}
接口响应内容: {'data': {'id': 1051, 'username': '伍雪SuHzRm', 'role_id': -1, 'create_time': 1681221501}, 'meta': {'msg': '创建成功', 'status': 201}}
接口响应时长: 72 ms
Http状态码: 200
断言结果: 200
=====================================================
INFO    2023-04-11 21:58:21,224G:\auto_api1_framework\logs\info-2023-04-11.log:test_create_user.py:29 2023-04-11 21:58:20 >>>>>> 执行结束！
INFO    2023-04-11 21:58:21,226G:\auto_api1_framework\logs\info-2023-04-11.log:test_create_user.py:26 2023-04-11 21:58:20 >>>>>> 开始执行：
INFO    2023-04-11 21:58:21,231G:\auto_api1_framework\logs\info-2023-04-11.log:log_decorator.py:42 
======================================================
用例标题: 密码为空
请求路径: http://127.0.0.1:8888/api/private/v1/users
请求方式: POST
请求头:   {'User-Agent': 'python-requests/2.28.2', 'Accept-Encoding': 'gzip, deflate', 'Accept': '*/*', 'Connection': 'keep-alive', 'Content-Type': 'application/json', 'Authorization': 'Bearer eyJhbGciOiJIUzI1NiIsInR5cCI6IkpXVCJ9.eyJ1aWQiOjUwMCwicmlkIjowLCJpYXQiOjE2ODEyMjE1MDAsImV4cCI6MTY4MTMwNzkwMH0.iwyrAGB4NZ2XbrLPea0D0qg0oml2zz1RKtSWO9lB2AY', 'Content-Length': '40'}
请求内容: {'username': 'kLeHh885', 'password': ''}
接口响应内容: {'data': None, 'meta': {'msg': '密码不能为空', 'status': 400}}
接口响应时长: 2 ms
Http状态码: 200
断言结果: 200
=====================================================
INFO    2023-04-11 21:58:21,232G:\auto_api1_framework\logs\info-2023-04-11.log:test_create_user.py:29 2023-04-11 21:58:20 >>>>>> 执行结束！
INFO    2023-04-11 21:58:21,233G:\auto_api1_framework\logs\info-2023-04-11.log:test_create_user.py:26 2023-04-11 21:58:20 >>>>>> 开始执行：
INFO    2023-04-11 21:58:21,319G:\auto_api1_framework\logs\info-2023-04-11.log:log_decorator.py:42 
======================================================
用例标题: 密码为纯数字
请求路径: http://127.0.0.1:8888/api/private/v1/users
请求方式: POST
请求头:   {'User-Agent': 'python-requests/2.28.2', 'Accept-Encoding': 'gzip, deflate', 'Accept': '*/*', 'Connection': 'keep-alive', 'Content-Type': 'application/json', 'Authorization': 'Bearer eyJhbGciOiJIUzI1NiIsInR5cCI6IkpXVCJ9.eyJ1aWQiOjUwMCwicmlkIjowLCJpYXQiOjE2ODEyMjE1MDAsImV4cCI6MTY4MTMwNzkwMH0.iwyrAGB4NZ2XbrLPea0D0qg0oml2zz1RKtSWO9lB2AY', 'Content-Length': '46'}
请求内容: {'username': 'RraiB601', 'password': '112323'}
接口响应内容: {'data': {'id': 1052, 'username': 'RraiB601', 'role_id': -1, 'create_time': 1681221501}, 'meta': {'msg': '创建成功', 'status': 201}}
接口响应时长: 84 ms
Http状态码: 200
断言结果: 200
=====================================================
INFO    2023-04-11 21:58:21,320G:\auto_api1_framework\logs\info-2023-04-11.log:test_create_user.py:29 2023-04-11 21:58:20 >>>>>> 执行结束！
INFO    2023-04-11 21:58:21,321G:\auto_api1_framework\logs\info-2023-04-11.log:test_create_user.py:26 2023-04-11 21:58:20 >>>>>> 开始执行：
INFO    2023-04-11 21:58:21,408G:\auto_api1_framework\logs\info-2023-04-11.log:log_decorator.py:42 
======================================================
用例标题: 密码为纯字母
请求路径: http://127.0.0.1:8888/api/private/v1/users
请求方式: POST
请求头:   {'User-Agent': 'python-requests/2.28.2', 'Accept-Encoding': 'gzip, deflate', 'Accept': '*/*', 'Connection': 'keep-alive', 'Content-Type': 'application/json', 'Authorization': 'Bearer eyJhbGciOiJIUzI1NiIsInR5cCI6IkpXVCJ9.eyJ1aWQiOjUwMCwicmlkIjowLCJpYXQiOjE2ODEyMjE1MDAsImV4cCI6MTY4MTMwNzkwMH0.iwyrAGB4NZ2XbrLPea0D0qg0oml2zz1RKtSWO9lB2AY', 'Content-Length': '46'}
请求内容: {'username': 'iflaB466', 'password': 'tzhTOC'}
接口响应内容: {'data': {'id': 1053, 'username': 'iflaB466', 'role_id': -1, 'create_time': 1681221501}, 'meta': {'msg': '创建成功', 'status': 201}}
接口响应时长: 83 ms
Http状态码: 200
断言结果: 200
=====================================================
INFO    2023-04-11 21:58:21,410G:\auto_api1_framework\logs\info-2023-04-11.log:test_create_user.py:29 2023-04-11 21:58:20 >>>>>> 执行结束！
INFO    2023-04-11 21:58:21,411G:\auto_api1_framework\logs\info-2023-04-11.log:test_create_user.py:26 2023-04-11 21:58:20 >>>>>> 开始执行：
INFO    2023-04-11 21:58:21,503G:\auto_api1_framework\logs\info-2023-04-11.log:log_decorator.py:42 
======================================================
用例标题: 100位密码
请求路径: http://127.0.0.1:8888/api/private/v1/users
请求方式: POST
请求头:   {'User-Agent': 'python-requests/2.28.2', 'Accept-Encoding': 'gzip, deflate', 'Accept': '*/*', 'Connection': 'keep-alive', 'Content-Type': 'application/json', 'Authorization': 'Bearer eyJhbGciOiJIUzI1NiIsInR5cCI6IkpXVCJ9.eyJ1aWQiOjUwMCwicmlkIjowLCJpYXQiOjE2ODEyMjE1MDAsImV4cCI6MTY4MTMwNzkwMH0.iwyrAGB4NZ2XbrLPea0D0qg0oml2zz1RKtSWO9lB2AY', 'Content-Length': '141'}
请求内容: {'username': 'fQnRy058', 'password': 'n04@QHwsNjv2+nQDkUC(ORfRyn%Q$BXV8$6L#yUxQ7AX0A_$1*7!q7Oe_1JE8K#rVb+pp)%l_9AYOerwEh_mPjmjGDJ7sv7j(J6+)'}
接口响应内容: {'data': {'id': 1054, 'username': 'fQnRy058', 'role_id': -1, 'create_time': 1681221501}, 'meta': {'msg': '创建成功', 'status': 201}}
接口响应时长: 90 ms
Http状态码: 200
断言结果: 200
=====================================================
INFO    2023-04-11 21:58:21,504G:\auto_api1_framework\logs\info-2023-04-11.log:test_create_user.py:29 2023-04-11 21:58:20 >>>>>> 执行结束！
INFO    2023-04-11 21:58:21,506G:\auto_api1_framework\logs\info-2023-04-11.log:test_create_user.py:26 2023-04-11 21:58:20 >>>>>> 开始执行：
INFO    2023-04-11 21:58:21,588G:\auto_api1_framework\logs\info-2023-04-11.log:log_decorator.py:42 
======================================================
用例标题: 多参：多abc
请求路径: http://127.0.0.1:8888/api/private/v1/users
请求方式: POST
请求头:   {'User-Agent': 'python-requests/2.28.2', 'Accept-Encoding': 'gzip, deflate', 'Accept': '*/*', 'Connection': 'keep-alive', 'Content-Type': 'application/json', 'Authorization': 'Bearer eyJhbGciOiJIUzI1NiIsInR5cCI6IkpXVCJ9.eyJ1aWQiOjUwMCwicmlkIjowLCJpYXQiOjE2ODEyMjE1MDAsImV4cCI6MTY4MTMwNzkwMH0.iwyrAGB4NZ2XbrLPea0D0qg0oml2zz1RKtSWO9lB2AY', 'Content-Length': '65'}
请求内容: {'username': 'Cvkaf242', 'password': 'c%2OBSrc', 'abc': '701670'}
接口响应内容: {'data': {'id': 1055, 'username': 'Cvkaf242', 'role_id': -1, 'create_time': 1681221501}, 'meta': {'msg': '创建成功', 'status': 201}}
接口响应时长: 81 ms
Http状态码: 200
断言结果: 200
=====================================================
INFO    2023-04-11 21:58:21,589G:\auto_api1_framework\logs\info-2023-04-11.log:test_create_user.py:29 2023-04-11 21:58:20 >>>>>> 执行结束！
INFO    2023-04-11 21:58:21,591G:\auto_api1_framework\logs\info-2023-04-11.log:test_create_user.py:26 2023-04-11 21:58:20 >>>>>> 开始执行：
INFO    2023-04-11 21:58:21,595G:\auto_api1_framework\logs\info-2023-04-11.log:log_decorator.py:42 
======================================================
用例标题: 少参：缺少username
请求路径: http://127.0.0.1:8888/api/private/v1/users
请求方式: POST
请求头:   {'User-Agent': 'python-requests/2.28.2', 'Accept-Encoding': 'gzip, deflate', 'Accept': '*/*', 'Connection': 'keep-alive', 'Content-Type': 'application/json', 'Authorization': 'Bearer eyJhbGciOiJIUzI1NiIsInR5cCI6IkpXVCJ9.eyJ1aWQiOjUwMCwicmlkIjowLCJpYXQiOjE2ODEyMjE1MDAsImV4cCI6MTY4MTMwNzkwMH0.iwyrAGB4NZ2XbrLPea0D0qg0oml2zz1RKtSWO9lB2AY', 'Content-Length': '24'}
请求内容: {'password': '#6Pb+Adp'}
接口响应内容: {'data': None, 'meta': {'msg': '用户名不能为空', 'status': 400}}
接口响应时长: 2 ms
Http状态码: 200
断言结果: 200
=====================================================
INFO    2023-04-11 21:58:21,597G:\auto_api1_framework\logs\info-2023-04-11.log:test_create_user.py:29 2023-04-11 21:58:20 >>>>>> 执行结束！
INFO    2023-04-11 21:58:21,598G:\auto_api1_framework\logs\info-2023-04-11.log:test_create_user.py:26 2023-04-11 21:58:20 >>>>>> 开始执行：
INFO    2023-04-11 21:58:21,602G:\auto_api1_framework\logs\info-2023-04-11.log:log_decorator.py:42 
======================================================
用例标题: 没有参数
请求路径: http://127.0.0.1:8888/api/private/v1/users
请求方式: POST
请求头:   {'User-Agent': 'python-requests/2.28.2', 'Accept-Encoding': 'gzip, deflate', 'Accept': '*/*', 'Connection': 'keep-alive', 'Content-Type': 'application/json', 'Authorization': 'Bearer eyJhbGciOiJIUzI1NiIsInR5cCI6IkpXVCJ9.eyJ1aWQiOjUwMCwicmlkIjowLCJpYXQiOjE2ODEyMjE1MDAsImV4cCI6MTY4MTMwNzkwMH0.iwyrAGB4NZ2XbrLPea0D0qg0oml2zz1RKtSWO9lB2AY', 'Content-Length': '0'}
请求内容: None
接口响应内容: {'data': None, 'meta': {'msg': '用户名不能为空', 'status': 400}}
接口响应时长: 2 ms
Http状态码: 200
断言结果: 200
=====================================================
INFO    2023-04-11 21:58:21,603G:\auto_api1_framework\logs\info-2023-04-11.log:test_create_user.py:29 2023-04-11 21:58:20 >>>>>> 执行结束！
INFO    2023-04-11 21:58:21,604G:\auto_api1_framework\logs\info-2023-04-11.log:test_create_user.py:26 2023-04-11 21:58:20 >>>>>> 开始执行：
INFO    2023-04-11 21:58:21,609G:\auto_api1_framework\logs\info-2023-04-11.log:log_decorator.py:42 
======================================================
用例标题: 错误参数：修改username为test
请求路径: http://127.0.0.1:8888/api/private/v1/users
请求方式: POST
请求头:   {'User-Agent': 'python-requests/2.28.2', 'Accept-Encoding': 'gzip, deflate', 'Accept': '*/*', 'Connection': 'keep-alive', 'Content-Type': 'application/json', 'Authorization': 'Bearer eyJhbGciOiJIUzI1NiIsInR5cCI6IkpXVCJ9.eyJ1aWQiOjUwMCwicmlkIjowLCJpYXQiOjE2ODEyMjE1MDAsImV4cCI6MTY4MTMwNzkwMH0.iwyrAGB4NZ2XbrLPea0D0qg0oml2zz1RKtSWO9lB2AY', 'Content-Length': '44'}
请求内容: {'test': 'jJPSe546', 'password': ')4*d6H0t'}
接口响应内容: {'data': None, 'meta': {'msg': '用户名不能为空', 'status': 400}}
接口响应时长: 2 ms
Http状态码: 200
断言结果: 200
=====================================================
INFO    2023-04-11 21:58:21,609G:\auto_api1_framework\logs\info-2023-04-11.log:test_create_user.py:29 2023-04-11 21:58:20 >>>>>> 执行结束！
INFO    2023-04-11 21:58:46,441G:\auto_api1_framework\logs\info-2023-04-11.log:test_assign_user_roles.py:26 2023-04-11 21:58:46 >>>>>> 开始执行：
INFO    2023-04-11 21:58:46,706G:\auto_api1_framework\logs\info-2023-04-11.log:log_decorator.py:42 
======================================================
用例标题: 创建用户成功（全部参数）
请求路径: http://127.0.0.1:8888/api/private/v1/users
请求方式: POST
请求头:   {'User-Agent': 'python-requests/2.28.2', 'Accept-Encoding': 'gzip, deflate', 'Accept': '*/*', 'Connection': 'keep-alive', 'Content-Type': 'application/json', 'Authorization': 'Bearer eyJhbGciOiJIUzI1NiIsInR5cCI6IkpXVCJ9.eyJ1aWQiOjUwMCwicmlkIjowLCJpYXQiOjE2ODEyMjE1MjYsImV4cCI6MTY4MTMwNzkyNn0.8s7BcYMOHNLKmGEJAbnKA95PD1THkZgcbF1uzCdi2tE', 'Content-Length': '103'}
请求内容: {'username': 'iytfU387', 'password': 'yU4+z4Yz', 'email': 'pingjin@gmail.com', 'mobile': '15180363786'}
接口响应内容: {'data': {'id': 1056, 'username': 'iytfU387', 'mobile': '15180363786', 'email': 'pingjin@gmail.com', 'role_id': -1, 'create_time': 1681221526}, 'meta': {'msg': '创建成功', 'status': 201}}
接口响应时长: 93 ms
Http状态码: 200
断言结果: 200
=====================================================
INFO    2023-04-11 21:58:46,716G:\auto_api1_framework\logs\info-2023-04-11.log:log_decorator.py:42 
======================================================
用例标题: 分配用户角色成功
请求路径: http://127.0.0.1:8888/api/private/v1/users/1056/role
请求方式: PUT
请求头:   {'User-Agent': 'python-requests/2.28.2', 'Accept-Encoding': 'gzip, deflate', 'Accept': '*/*', 'Connection': 'keep-alive', 'Authorization': 'Bearer eyJhbGciOiJIUzI1NiIsInR5cCI6IkpXVCJ9.eyJ1aWQiOjUwMCwicmlkIjowLCJpYXQiOjE2ODEyMjE1MjYsImV4cCI6MTY4MTMwNzkyNn0.8s7BcYMOHNLKmGEJAbnKA95PD1THkZgcbF1uzCdi2tE', 'Content-Length': '12', 'Content-Type': 'application/json'}
请求内容: {'rid': 110}
接口响应内容: {'data': {'id': 1056, 'rid': 110, 'username': 'iytfU387', 'mobile': '15180363786', 'email': 'pingjin@gmail.com'}, 'meta': {'msg': '设置角色成功', 'status': 200}}
接口响应时长: 7 ms
Http状态码: 200
断言结果: 200
=====================================================
INFO    2023-04-11 21:58:46,717G:\auto_api1_framework\logs\info-2023-04-11.log:test_assign_user_roles.py:29 2023-04-11 21:58:46 >>>>>> 执行结束！
INFO    2023-04-11 21:58:46,722G:\auto_api1_framework\logs\info-2023-04-11.log:test_assign_user_roles.py:26 2023-04-11 21:58:46 >>>>>> 开始执行：
INFO    2023-04-11 21:58:46,726G:\auto_api1_framework\logs\info-2023-04-11.log:log_decorator.py:42 
======================================================
用例标题: 分配用户角色失败（id为字符串）
请求路径: http://127.0.0.1:8888/api/private/v1/users/psKZej/role
请求方式: PUT
请求头:   {'User-Agent': 'python-requests/2.28.2', 'Accept-Encoding': 'gzip, deflate', 'Accept': '*/*', 'Connection': 'keep-alive', 'Authorization': 'Bearer eyJhbGciOiJIUzI1NiIsInR5cCI6IkpXVCJ9.eyJ1aWQiOjUwMCwicmlkIjowLCJpYXQiOjE2ODEyMjE1MjYsImV4cCI6MTY4MTMwNzkyNn0.8s7BcYMOHNLKmGEJAbnKA95PD1THkZgcbF1uzCdi2tE', 'Content-Length': '0'}
请求内容: {'rid': 10}
接口响应内容: {'data': None, 'meta': {'msg': '用户ID必须是数字', 'status': 400}}
接口响应时长: 1 ms
Http状态码: 200
断言结果: 200
=====================================================
INFO    2023-04-11 21:58:46,727G:\auto_api1_framework\logs\info-2023-04-11.log:test_assign_user_roles.py:29 2023-04-11 21:58:46 >>>>>> 执行结束！
INFO    2023-04-11 21:58:46,728G:\auto_api1_framework\logs\info-2023-04-11.log:test_assign_user_roles.py:26 2023-04-11 21:58:46 >>>>>> 开始执行：
INFO    2023-04-11 21:58:46,732G:\auto_api1_framework\logs\info-2023-04-11.log:log_decorator.py:42 
======================================================
用例标题: 分配用户角色失败（id包含特殊字符）
请求路径: http://127.0.0.1:8888/api/private/v1/users/__%5E$_/role
请求方式: PUT
请求头:   {'User-Agent': 'python-requests/2.28.2', 'Accept-Encoding': 'gzip, deflate', 'Accept': '*/*', 'Connection': 'keep-alive', 'Authorization': 'Bearer eyJhbGciOiJIUzI1NiIsInR5cCI6IkpXVCJ9.eyJ1aWQiOjUwMCwicmlkIjowLCJpYXQiOjE2ODEyMjE1MjYsImV4cCI6MTY4MTMwNzkyNn0.8s7BcYMOHNLKmGEJAbnKA95PD1THkZgcbF1uzCdi2tE', 'Content-Length': '0'}
请求内容: {'rid': 10}
接口响应内容: {'data': None, 'meta': {'msg': '用户ID必须是数字', 'status': 400}}
接口响应时长: 2 ms
Http状态码: 200
断言结果: 200
=====================================================
INFO    2023-04-11 21:58:46,734G:\auto_api1_framework\logs\info-2023-04-11.log:test_assign_user_roles.py:29 2023-04-11 21:58:46 >>>>>> 执行结束！
INFO    2023-04-11 21:58:46,735G:\auto_api1_framework\logs\info-2023-04-11.log:test_assign_user_roles.py:26 2023-04-11 21:58:46 >>>>>> 开始执行：
INFO    2023-04-11 21:58:46,739G:\auto_api1_framework\logs\info-2023-04-11.log:log_decorator.py:42 
======================================================
用例标题: 分配用户角色失败（id为中文）
请求路径: http://127.0.0.1:8888/api/private/v1/users/UiVZp059/role
请求方式: PUT
请求头:   {'User-Agent': 'python-requests/2.28.2', 'Accept-Encoding': 'gzip, deflate', 'Accept': '*/*', 'Connection': 'keep-alive', 'Authorization': 'Bearer eyJhbGciOiJIUzI1NiIsInR5cCI6IkpXVCJ9.eyJ1aWQiOjUwMCwicmlkIjowLCJpYXQiOjE2ODEyMjE1MjYsImV4cCI6MTY4MTMwNzkyNn0.8s7BcYMOHNLKmGEJAbnKA95PD1THkZgcbF1uzCdi2tE', 'Content-Length': '0'}
请求内容: {'rid': 10}
接口响应内容: {'data': None, 'meta': {'msg': '用户ID必须是数字', 'status': 400}}
接口响应时长: 1 ms
Http状态码: 200
断言结果: 200
=====================================================
INFO    2023-04-11 21:58:46,740G:\auto_api1_framework\logs\info-2023-04-11.log:test_assign_user_roles.py:29 2023-04-11 21:58:46 >>>>>> 执行结束！
INFO    2023-04-11 21:58:46,741G:\auto_api1_framework\logs\info-2023-04-11.log:test_assign_user_roles.py:26 2023-04-11 21:58:46 >>>>>> 开始执行：
INFO    2023-04-11 21:58:46,978G:\auto_api1_framework\logs\info-2023-04-11.log:log_decorator.py:42 
======================================================
用例标题: 创建用户成功（全部参数）
请求路径: http://127.0.0.1:8888/api/private/v1/users
请求方式: POST
请求头:   {'User-Agent': 'python-requests/2.28.2', 'Accept-Encoding': 'gzip, deflate', 'Accept': '*/*', 'Connection': 'keep-alive', 'Content-Type': 'application/json', 'Authorization': 'Bearer eyJhbGciOiJIUzI1NiIsInR5cCI6IkpXVCJ9.eyJ1aWQiOjUwMCwicmlkIjowLCJpYXQiOjE2ODEyMjE1MjYsImV4cCI6MTY4MTMwNzkyNn0.8s7BcYMOHNLKmGEJAbnKA95PD1THkZgcbF1uzCdi2tE', 'Content-Length': '99'}
请求内容: {'username': 'UAcVw571', 'password': '(O^5DQfT', 'email': 'ifu@gmail.com', 'mobile': '13320644376'}
接口响应内容: {'data': {'id': 1057, 'username': 'UAcVw571', 'mobile': '13320644376', 'email': 'ifu@gmail.com', 'role_id': -1, 'create_time': 1681221526}, 'meta': {'msg': '创建成功', 'status': 201}}
接口响应时长: 70 ms
Http状态码: 200
断言结果: 200
=====================================================
INFO    2023-04-11 21:58:46,981G:\auto_api1_framework\logs\info-2023-04-11.log:log_decorator.py:42 
======================================================
用例标题: 分配用户角色失败（管理员id不存在）
请求路径: http://127.0.0.1:8888/api/private/v1/users/1681221526/role
请求方式: PUT
请求头:   {'User-Agent': 'python-requests/2.28.2', 'Accept-Encoding': 'gzip, deflate', 'Accept': '*/*', 'Connection': 'keep-alive', 'Authorization': 'Bearer eyJhbGciOiJIUzI1NiIsInR5cCI6IkpXVCJ9.eyJ1aWQiOjUwMCwicmlkIjowLCJpYXQiOjE2ODEyMjE1MjYsImV4cCI6MTY4MTMwNzkyNn0.8s7BcYMOHNLKmGEJAbnKA95PD1THkZgcbF1uzCdi2tE', 'Content-Length': '0'}
请求内容: {'rid': 11}
接口响应内容: {'data': None, 'meta': {'msg': '权限ID不能为空', 'status': 400}}
接口响应时长: 1 ms
Http状态码: 200
断言结果: 200
=====================================================
INFO    2023-04-11 21:58:47,057G:\auto_api1_framework\logs\info-2023-04-11.log:test_assign_user_roles.py:29 2023-04-11 21:58:46 >>>>>> 执行结束！
INFO    2023-04-11 21:59:01,289G:\auto_api1_framework\logs\info-2023-04-11.log:test_assign_user_roles.py:26 2023-04-11 21:59:01 >>>>>> 开始执行：
INFO    2023-04-11 21:59:01,528G:\auto_api1_framework\logs\info-2023-04-11.log:log_decorator.py:42 
======================================================
用例标题: 创建用户成功（全部参数）
请求路径: http://127.0.0.1:8888/api/private/v1/users
请求方式: POST
请求头:   {'User-Agent': 'python-requests/2.28.2', 'Accept-Encoding': 'gzip, deflate', 'Accept': '*/*', 'Connection': 'keep-alive', 'Content-Type': 'application/json', 'Authorization': 'Bearer eyJhbGciOiJIUzI1NiIsInR5cCI6IkpXVCJ9.eyJ1aWQiOjUwMCwicmlkIjowLCJpYXQiOjE2ODEyMjE1NDEsImV4cCI6MTY4MTMwNzk0MX0.ZAcsxJ_L8bW1VrLrNHSlcoADRCoNcgtz2r6JD9g0eqI', 'Content-Length': '101'}
请求内容: {'username': 'oCWIe018', 'password': '(p#7LBUv', 'email': 'kkang@yahoo.com', 'mobile': '13679355149'}
接口响应内容: {'data': {'id': 1058, 'username': 'oCWIe018', 'mobile': '13679355149', 'email': 'kkang@yahoo.com', 'role_id': -1, 'create_time': 1681221541}, 'meta': {'msg': '创建成功', 'status': 201}}
接口响应时长: 72 ms
Http状态码: 200
断言结果: 200
=====================================================
INFO    2023-04-11 21:59:01,537G:\auto_api1_framework\logs\info-2023-04-11.log:log_decorator.py:42 
======================================================
用例标题: 分配用户角色成功
请求路径: http://127.0.0.1:8888/api/private/v1/users/1058/role
请求方式: PUT
请求头:   {'User-Agent': 'python-requests/2.28.2', 'Accept-Encoding': 'gzip, deflate', 'Accept': '*/*', 'Connection': 'keep-alive', 'Authorization': 'Bearer eyJhbGciOiJIUzI1NiIsInR5cCI6IkpXVCJ9.eyJ1aWQiOjUwMCwicmlkIjowLCJpYXQiOjE2ODEyMjE1NDEsImV4cCI6MTY4MTMwNzk0MX0.ZAcsxJ_L8bW1VrLrNHSlcoADRCoNcgtz2r6JD9g0eqI', 'Content-Length': '12', 'Content-Type': 'application/json'}
请求内容: {'rid': 110}
接口响应内容: {'data': {'id': 1058, 'rid': 110, 'username': 'oCWIe018', 'mobile': '13679355149', 'email': 'kkang@yahoo.com'}, 'meta': {'msg': '设置角色成功', 'status': 200}}
接口响应时长: 7 ms
Http状态码: 200
断言结果: 200
=====================================================
INFO    2023-04-11 21:59:01,538G:\auto_api1_framework\logs\info-2023-04-11.log:test_assign_user_roles.py:29 2023-04-11 21:59:01 >>>>>> 执行结束！
INFO    2023-04-11 21:59:01,543G:\auto_api1_framework\logs\info-2023-04-11.log:test_assign_user_roles.py:26 2023-04-11 21:59:01 >>>>>> 开始执行：
INFO    2023-04-11 21:59:01,548G:\auto_api1_framework\logs\info-2023-04-11.log:log_decorator.py:42 
======================================================
用例标题: 分配用户角色失败（id为字符串）
请求路径: http://127.0.0.1:8888/api/private/v1/users/UpbUVD/role
请求方式: PUT
请求头:   {'User-Agent': 'python-requests/2.28.2', 'Accept-Encoding': 'gzip, deflate', 'Accept': '*/*', 'Connection': 'keep-alive', 'Authorization': 'Bearer eyJhbGciOiJIUzI1NiIsInR5cCI6IkpXVCJ9.eyJ1aWQiOjUwMCwicmlkIjowLCJpYXQiOjE2ODEyMjE1NDEsImV4cCI6MTY4MTMwNzk0MX0.ZAcsxJ_L8bW1VrLrNHSlcoADRCoNcgtz2r6JD9g0eqI', 'Content-Length': '0'}
请求内容: {'rid': 10}
接口响应内容: {'data': None, 'meta': {'msg': '用户ID必须是数字', 'status': 400}}
接口响应时长: 2 ms
Http状态码: 200
断言结果: 200
=====================================================
INFO    2023-04-11 21:59:01,549G:\auto_api1_framework\logs\info-2023-04-11.log:test_assign_user_roles.py:29 2023-04-11 21:59:01 >>>>>> 执行结束！
INFO    2023-04-11 21:59:01,551G:\auto_api1_framework\logs\info-2023-04-11.log:test_assign_user_roles.py:26 2023-04-11 21:59:01 >>>>>> 开始执行：
INFO    2023-04-11 21:59:01,556G:\auto_api1_framework\logs\info-2023-04-11.log:log_decorator.py:42 
======================================================
用例标题: 分配用户角色失败（id包含特殊字符）
请求路径: http://127.0.0.1:8888/api/private/v1/users/&+)$%5E/role
请求方式: PUT
请求头:   {'User-Agent': 'python-requests/2.28.2', 'Accept-Encoding': 'gzip, deflate', 'Accept': '*/*', 'Connection': 'keep-alive', 'Authorization': 'Bearer eyJhbGciOiJIUzI1NiIsInR5cCI6IkpXVCJ9.eyJ1aWQiOjUwMCwicmlkIjowLCJpYXQiOjE2ODEyMjE1NDEsImV4cCI6MTY4MTMwNzk0MX0.ZAcsxJ_L8bW1VrLrNHSlcoADRCoNcgtz2r6JD9g0eqI', 'Content-Length': '0'}
请求内容: {'rid': 10}
接口响应内容: {'data': None, 'meta': {'msg': '用户ID必须是数字', 'status': 400}}
接口响应时长: 2 ms
Http状态码: 200
断言结果: 200
=====================================================
INFO    2023-04-11 21:59:01,557G:\auto_api1_framework\logs\info-2023-04-11.log:test_assign_user_roles.py:29 2023-04-11 21:59:01 >>>>>> 执行结束！
INFO    2023-04-11 21:59:01,559G:\auto_api1_framework\logs\info-2023-04-11.log:test_assign_user_roles.py:26 2023-04-11 21:59:01 >>>>>> 开始执行：
INFO    2023-04-11 21:59:01,563G:\auto_api1_framework\logs\info-2023-04-11.log:log_decorator.py:42 
======================================================
用例标题: 分配用户角色失败（id为中文）
请求路径: http://127.0.0.1:8888/api/private/v1/users/tDvtt950/role
请求方式: PUT
请求头:   {'User-Agent': 'python-requests/2.28.2', 'Accept-Encoding': 'gzip, deflate', 'Accept': '*/*', 'Connection': 'keep-alive', 'Authorization': 'Bearer eyJhbGciOiJIUzI1NiIsInR5cCI6IkpXVCJ9.eyJ1aWQiOjUwMCwicmlkIjowLCJpYXQiOjE2ODEyMjE1NDEsImV4cCI6MTY4MTMwNzk0MX0.ZAcsxJ_L8bW1VrLrNHSlcoADRCoNcgtz2r6JD9g0eqI', 'Content-Length': '0'}
请求内容: {'rid': 10}
接口响应内容: {'data': None, 'meta': {'msg': '用户ID必须是数字', 'status': 400}}
接口响应时长: 2 ms
Http状态码: 200
断言结果: 200
=====================================================
INFO    2023-04-11 21:59:01,563G:\auto_api1_framework\logs\info-2023-04-11.log:test_assign_user_roles.py:29 2023-04-11 21:59:01 >>>>>> 执行结束！
INFO    2023-04-11 21:59:01,566G:\auto_api1_framework\logs\info-2023-04-11.log:test_assign_user_roles.py:26 2023-04-11 21:59:01 >>>>>> 开始执行：
INFO    2023-04-11 21:59:01,803G:\auto_api1_framework\logs\info-2023-04-11.log:log_decorator.py:42 
======================================================
用例标题: 创建用户成功（全部参数）
请求路径: http://127.0.0.1:8888/api/private/v1/users
请求方式: POST
请求头:   {'User-Agent': 'python-requests/2.28.2', 'Accept-Encoding': 'gzip, deflate', 'Accept': '*/*', 'Connection': 'keep-alive', 'Content-Type': 'application/json', 'Authorization': 'Bearer eyJhbGciOiJIUzI1NiIsInR5cCI6IkpXVCJ9.eyJ1aWQiOjUwMCwicmlkIjowLCJpYXQiOjE2ODEyMjE1NDEsImV4cCI6MTY4MTMwNzk0MX0.ZAcsxJ_L8bW1VrLrNHSlcoADRCoNcgtz2r6JD9g0eqI', 'Content-Length': '101'}
请求内容: {'username': 'JWYUU380', 'password': '!L0!8GIi', 'email': 'tao67@gmail.com', 'mobile': '13518824973'}
接口响应内容: {'data': {'id': 1059, 'username': 'JWYUU380', 'mobile': '13518824973', 'email': 'tao67@gmail.com', 'role_id': -1, 'create_time': 1681221541}, 'meta': {'msg': '创建成功', 'status': 201}}
接口响应时长: 65 ms
Http状态码: 200
断言结果: 200
=====================================================
INFO    2023-04-11 21:59:01,808G:\auto_api1_framework\logs\info-2023-04-11.log:log_decorator.py:42 
======================================================
用例标题: 分配用户角色失败（管理员id不存在）
请求路径: http://127.0.0.1:8888/api/private/v1/users/1681221541/role
请求方式: PUT
请求头:   {'User-Agent': 'python-requests/2.28.2', 'Accept-Encoding': 'gzip, deflate', 'Accept': '*/*', 'Connection': 'keep-alive', 'Authorization': 'Bearer eyJhbGciOiJIUzI1NiIsInR5cCI6IkpXVCJ9.eyJ1aWQiOjUwMCwicmlkIjowLCJpYXQiOjE2ODEyMjE1NDEsImV4cCI6MTY4MTMwNzk0MX0.ZAcsxJ_L8bW1VrLrNHSlcoADRCoNcgtz2r6JD9g0eqI', 'Content-Length': '0'}
请求内容: {'rid': 11}
接口响应内容: {'data': None, 'meta': {'msg': '权限ID不能为空', 'status': 400}}
接口响应时长: 2 ms
Http状态码: 200
断言结果: 200
=====================================================
INFO    2023-04-11 21:59:01,810G:\auto_api1_framework\logs\info-2023-04-11.log:test_assign_user_roles.py:29 2023-04-11 21:59:01 >>>>>> 执行结束！
INFO    2023-04-11 21:59:39,852G:\auto_api1_framework\logs\info-2023-04-11.log:test_get_all_purview_list.py:26 2023-04-11 21:59:39 >>>>>> 开始执行：
INFO    2023-04-11 21:59:39,863G:\auto_api1_framework\logs\info-2023-04-11.log:log_decorator.py:42 
======================================================
用例标题: 获取所有权限列表展示成功
请求路径: http://127.0.0.1:8888/api/private/v1/rights/list
请求方式: GET
请求头:   {'User-Agent': 'python-requests/2.28.2', 'Accept-Encoding': 'gzip, deflate', 'Accept': '*/*', 'Connection': 'keep-alive', 'Authorization': 'Bearer eyJhbGciOiJIUzI1NiIsInR5cCI6IkpXVCJ9.eyJ1aWQiOjUwMCwicmlkIjowLCJpYXQiOjE2ODEyMjE1NzksImV4cCI6MTY4MTMwNzk3OX0.sZNO8A3SBDMdMnhrcWJjgUQIzQ4sYiscgVLLyWSd2-o'}
请求内容: None
接口响应内容: {'data': [{'id': 101, 'authName': '商品管理', 'level': '0', 'pid': 0, 'path': 'goods'}, {'id': 102, 'authName': '订单管理', 'level': '0', 'pid': 0, 'path': 'orders'}, {'id': 103, 'authName': '权限管理', 'level': '0', 'pid': 0, 'path': 'rights'}, {'id': 104, 'authName': '商品列表', 'level': '1', 'pid': 101, 'path': 'goods'}, {'id': 105, 'authName': '添加商品', 'level': '2', 'pid': 104, 'path': 'goods'}, {'id': 107, 'authName': '订单列表', 'level': '1', 'pid': 102, 'path': 'orders'}, {'id': 109, 'authName': '添加订单', 'level': '2', 'pid': 107, 'path': 'orders'}, {'id': 110, 'authName': '用户列表', 'level': '1', 'pid': 125, 'path': 'users'}, {'id': 111, 'authName': '角色列表', 'level': '1', 'pid': 103, 'path': 'roles'}, {'id': 112, 'authName': '权限列表', 'level': '1', 'pid': 103, 'path': 'rights'}, {'id': 115, 'authName': '分类参数', 'level': '1', 'pid': 101, 'path': 'params'}, {'id': 116, 'authName': '商品修改', 'level': '2', 'pid': 104, 'path': 'goods'}, {'id': 117, 'authName': '商品删除', 'level': '2', 'pid': 104, 'path': 'goods'}, {'id': 121, 'authName': '商品分类', 'level': '1', 'pid': 101, 'path': 'categories'}, {'id': 122, 'authName': '添加分类', 'level': '2', 'pid': 121, 'path': 'categories'}, {'id': 123, 'authName': '删除分类', 'level': '2', 'pid': 121, 'path': 'categories'}, {'id': 125, 'authName': '用户管理', 'level': '0', 'pid': 0, 'path': 'users'}, {'id': 129, 'authName': '添加角色', 'level': '2', 'pid': 111, 'path': 'roles'}, {'id': 130, 'authName': '删除角色', 'level': '2', 'pid': 111, 'path': 'roles'}, {'id': 131, 'authName': '添加用户', 'level': '2', 'pid': 110, 'path': 'users'}, {'id': 132, 'authName': '删除用户', 'level': '2', 'pid': 110, 'path': 'users'}, {'id': 133, 'authName': '更新用户', 'level': '2', 'pid': 110, 'path': 'users'}, {'id': 134, 'authName': '角色授权', 'level': '2', 'pid': 111, 'path': 'roles'}, {'id': 135, 'authName': '取消角色授权', 'level': '2', 'pid': 111, 'path': 'roles'}, {'id': 136, 'authName': '获取用户详情', 'level': '2', 'pid': 110, 'path': 'users'}, {'id': 137, 'authName': '分配用户角色', 'level': '2', 'pid': 110, 'path': 'users'}, {'id': 138, 'authName': '获取角色列表', 'level': '2', 'pid': 111, 'path': 'roles'}, {'id': 139, 'authName': '获取角色详情', 'level': '2', 'pid': 111, 'path': 'roles'}, {'id': 140, 'authName': '更新角色信息', 'level': '2', 'pid': 111, 'path': 'roles'}, {'id': 141, 'authName': '更新角色权限', 'level': '2', 'pid': 111, 'path': 'roles'}, {'id': 142, 'authName': '获取参数列表', 'level': '2', 'pid': 115, 'path': 'categories'}, {'id': 143, 'authName': '创建商品参数', 'level': '2', 'pid': 115, 'path': 'categories'}, {'id': 144, 'authName': '删除商品参数', 'level': '2', 'pid': 115, 'path': 'categories'}, {'id': 145, 'authName': '数据统计', 'level': '0', 'pid': 0, 'path': 'reports'}, {'id': 146, 'authName': '数据报表', 'level': '1', 'pid': 145, 'path': 'reports'}, {'id': 147, 'authName': '查看权限', 'level': '2', 'pid': 112, 'path': 'rights'}, {'id': 148, 'authName': '查看数据', 'level': '2', 'pid': 146, 'path': 'reports'}, {'id': 149, 'authName': '获取分类详情', 'level': '2', 'pid': 121, 'path': 'categories'}, {'id': 150, 'authName': '更新商品图片', 'level': '2', 'pid': 104, 'path': 'goods'}, {'id': 151, 'authName': '更新商品属性', 'level': '2', 'pid': 104, 'path': 'goods'}, {'id': 152, 'authName': '更新商品状态', 'level': '2', 'pid': 104, 'path': 'goods'}, {'id': 153, 'authName': '获取商品详情', 'level': '2', 'pid': 104, 'path': 'goods'}, {'id': 154, 'authName': '订单更新', 'level': '2', 'pid': 107, 'path': 'orders'}, {'id': 155, 'authName': '获取订单详情', 'level': '2', 'pid': 107, 'path': 'orders'}, {'id': 156, 'authName': '分类参数添加', 'level': '2', 'pid': 101, 'path': 'categories'}, {'id': 157, 'authName': '分类参数删除', 'level': '2', 'pid': 101, 'path': 'categories'}, {'id': 158, 'authName': '分类参数详情', 'level': '2', 'pid': 101, 'path': 'categories'}, {'id': 159, 'authName': '设置管理状态', 'level': '2', 'pid': 110, 'path': 'users'}], 'meta': {'msg': '获取权限列表成功', 'status': 200}}
接口响应时长: 8 ms
Http状态码: 200
断言结果: 200
=====================================================
INFO    2023-04-11 21:59:39,869G:\auto_api1_framework\logs\info-2023-04-11.log:test_get_all_purview_list.py:29 2023-04-11 21:59:39 >>>>>> 执行结束！
INFO    2023-04-11 21:59:39,871G:\auto_api1_framework\logs\info-2023-04-11.log:test_get_all_purview_list.py:26 2023-04-11 21:59:39 >>>>>> 开始执行：
INFO    2023-04-11 21:59:39,878G:\auto_api1_framework\logs\info-2023-04-11.log:log_decorator.py:42 
======================================================
用例标题: 获取所有权限树状展示成功
请求路径: http://127.0.0.1:8888/api/private/v1/rights/tree
请求方式: GET
请求头:   {'User-Agent': 'python-requests/2.28.2', 'Accept-Encoding': 'gzip, deflate', 'Accept': '*/*', 'Connection': 'keep-alive', 'Authorization': 'Bearer eyJhbGciOiJIUzI1NiIsInR5cCI6IkpXVCJ9.eyJ1aWQiOjUwMCwicmlkIjowLCJpYXQiOjE2ODEyMjE1NzksImV4cCI6MTY4MTMwNzk3OX0.sZNO8A3SBDMdMnhrcWJjgUQIzQ4sYiscgVLLyWSd2-o'}
请求内容: None
接口响应内容: {'data': [{'id': 101, 'authName': '商品管理', 'path': 'goods', 'pid': 0, 'children': [{'id': 104, 'authName': '商品列表', 'path': 'goods', 'pid': 101, 'children': [{'id': 105, 'authName': '添加商品', 'path': 'goods', 'pid': '104,101'}, {'id': 116, 'authName': '商品修改', 'path': 'goods', 'pid': '104,101'}, {'id': 117, 'authName': '商品删除', 'path': 'goods', 'pid': '104,101'}, {'id': 150, 'authName': '更新商品图片', 'path': 'goods', 'pid': '104,101'}, {'id': 151, 'authName': '更新商品属性', 'path': 'goods', 'pid': '104,101'}, {'id': 152, 'authName': '更新商品状态', 'path': 'goods', 'pid': '104,101'}, {'id': 153, 'authName': '获取商品详情', 'path': 'goods', 'pid': '104,101'}]}, {'id': 115, 'authName': '分类参数', 'path': 'params', 'pid': 101, 'children': [{'id': 142, 'authName': '获取参数列表', 'path': 'categories', 'pid': '115,101'}, {'id': 143, 'authName': '创建商品参数', 'path': 'categories', 'pid': '115,101'}, {'id': 144, 'authName': '删除商品参数', 'path': 'categories', 'pid': '115,101'}]}, {'id': 121, 'authName': '商品分类', 'path': 'categories', 'pid': 101, 'children': [{'id': 122, 'authName': '添加分类', 'path': 'categories', 'pid': '121,101'}, {'id': 123, 'authName': '删除分类', 'path': 'categories', 'pid': '121,101'}, {'id': 149, 'authName': '获取分类详情', 'path': 'categories', 'pid': '121,101'}]}]}, {'id': 102, 'authName': '订单管理', 'path': 'orders', 'pid': 0, 'children': [{'id': 107, 'authName': '订单列表', 'path': 'orders', 'pid': 102, 'children': [{'id': 109, 'authName': '添加订单', 'path': 'orders', 'pid': '107,102'}, {'id': 154, 'authName': '订单更新', 'path': 'orders', 'pid': '107,102'}, {'id': 155, 'authName': '获取订单详情', 'path': 'orders', 'pid': '107,102'}]}]}, {'id': 103, 'authName': '权限管理', 'path': 'rights', 'pid': 0, 'children': [{'id': 111, 'authName': '角色列表', 'path': 'roles', 'pid': 103, 'children': [{'id': 129, 'authName': '添加角色', 'path': 'roles', 'pid': '111,103'}, {'id': 130, 'authName': '删除角色', 'path': 'roles', 'pid': '111,103'}, {'id': 134, 'authName': '角色授权', 'path': 'roles', 'pid': '111,103'}, {'id': 135, 'authName': '取消角色授权', 'path': 'roles', 'pid': '111,103'}, {'id': 138, 'authName': '获取角色列表', 'path': 'roles', 'pid': '111,103'}, {'id': 139, 'authName': '获取角色详情', 'path': 'roles', 'pid': '111,103'}, {'id': 140, 'authName': '更新角色信息', 'path': 'roles', 'pid': '111,103'}, {'id': 141, 'authName': '更新角色权限', 'path': 'roles', 'pid': '111,103'}]}, {'id': 112, 'authName': '权限列表', 'path': 'rights', 'pid': 103, 'children': [{'id': 147, 'authName': '查看权限', 'path': 'rights', 'pid': '112,103'}]}]}, {'id': 125, 'authName': '用户管理', 'path': 'users', 'pid': 0, 'children': [{'id': 110, 'authName': '用户列表', 'path': 'users', 'pid': 125, 'children': [{'id': 131, 'authName': '添加用户', 'path': 'users', 'pid': '110,125'}, {'id': 132, 'authName': '删除用户', 'path': 'users', 'pid': '110,125'}, {'id': 133, 'authName': '更新用户', 'path': 'users', 'pid': '110,125'}, {'id': 136, 'authName': '获取用户详情', 'path': 'users', 'pid': '110,125'}, {'id': 137, 'authName': '分配用户角色', 'path': 'users', 'pid': '110,125'}, {'id': 159, 'authName': '设置管理状态', 'path': 'users', 'pid': '110,125'}]}]}, {'id': 145, 'authName': '数据统计', 'path': 'reports', 'pid': 0, 'children': [{'id': 146, 'authName': '数据报表', 'path': 'reports', 'pid': 145, 'children': [{'id': 148, 'authName': '查看数据', 'path': 'reports', 'pid': '146,145'}]}]}], 'meta': {'msg': '获取权限列表成功', 'status': 200}}
接口响应时长: 6 ms
Http状态码: 200
断言结果: 200
=====================================================
INFO    2023-04-11 21:59:39,883G:\auto_api1_framework\logs\info-2023-04-11.log:test_get_all_purview_list.py:29 2023-04-11 21:59:39 >>>>>> 执行结束！
INFO    2023-04-11 21:59:39,884G:\auto_api1_framework\logs\info-2023-04-11.log:test_get_all_purview_list.py:26 2023-04-11 21:59:39 >>>>>> 开始执行：
INFO    2023-04-11 21:59:39,890G:\auto_api1_framework\logs\info-2023-04-11.log:log_decorator.py:42 
======================================================
用例标题: 获取所有权限列表失败
请求路径: http://127.0.0.1:8888/api/private/v1/rights/OvrOVF
请求方式: GET
请求头:   {'User-Agent': 'python-requests/2.28.2', 'Accept-Encoding': 'gzip, deflate', 'Accept': '*/*', 'Connection': 'keep-alive', 'Authorization': 'Bearer eyJhbGciOiJIUzI1NiIsInR5cCI6IkpXVCJ9.eyJ1aWQiOjUwMCwicmlkIjowLCJpYXQiOjE2ODEyMjE1NzksImV4cCI6MTY4MTMwNzk3OX0.sZNO8A3SBDMdMnhrcWJjgUQIzQ4sYiscgVLLyWSd2-o'}
请求内容: None
接口响应内容: {'data': None, 'meta': {'msg': '显示类型参数错误', 'status': 400}}
接口响应时长: 3 ms
Http状态码: 200
断言结果: 200
=====================================================
INFO    2023-04-11 21:59:39,892G:\auto_api1_framework\logs\info-2023-04-11.log:test_get_all_purview_list.py:29 2023-04-11 21:59:39 >>>>>> 执行结束！
INFO    2023-04-11 21:59:49,427G:\auto_api1_framework\logs\info-2023-04-11.log:test_add_role.py:26 2023-04-11 21:59:49 >>>>>> 开始执行：
INFO    2023-04-11 21:59:49,437G:\auto_api1_framework\logs\info-2023-04-11.log:log_decorator.py:42 
======================================================
用例标题: 添加角色成功（必填参数）
请求路径: http://127.0.0.1:8888/api/private/v1/roles
请求方式: POST
请求头:   {'User-Agent': 'python-requests/2.28.2', 'Accept-Encoding': 'gzip, deflate', 'Accept': '*/*', 'Connection': 'keep-alive', 'Authorization': 'Bearer eyJhbGciOiJIUzI1NiIsInR5cCI6IkpXVCJ9.eyJ1aWQiOjUwMCwicmlkIjowLCJpYXQiOjE2ODEyMjE1ODksImV4cCI6MTY4MTMwNzk4OX0.GNj4TxZUV3eHpv1X42tikdT3W6V2TbJGf3ew32JZCuU', 'Content-Length': '67', 'Content-Type': 'application/json'}
请求内容: {'roleName': '4S店经理/维修站经理'}
接口响应内容: {'data': {'roleId': 42, 'roleName': '4S店经理/维修站经理', 'roleDesc': ''}, 'meta': {'msg': '创建成功', 'status': 201}}
接口响应时长: 7 ms
Http状态码: 200
断言结果: 200
=====================================================
INFO    2023-04-11 21:59:49,440G:\auto_api1_framework\logs\info-2023-04-11.log:test_add_role.py:29 2023-04-11 21:59:49 >>>>>> 执行结束！
INFO    2023-04-11 21:59:49,442G:\auto_api1_framework\logs\info-2023-04-11.log:test_add_role.py:26 2023-04-11 21:59:49 >>>>>> 开始执行：
INFO    2023-04-11 21:59:49,451G:\auto_api1_framework\logs\info-2023-04-11.log:log_decorator.py:42 
======================================================
用例标题: 添加角色成功（必填+选填参数）
请求路径: http://127.0.0.1:8888/api/private/v1/roles
请求方式: POST
请求头:   {'User-Agent': 'python-requests/2.28.2', 'Accept-Encoding': 'gzip, deflate', 'Accept': '*/*', 'Connection': 'keep-alive', 'Authorization': 'Bearer eyJhbGciOiJIUzI1NiIsInR5cCI6IkpXVCJ9.eyJ1aWQiOjUwMCwicmlkIjowLCJpYXQiOjE2ODEyMjE1ODksImV4cCI6MTY4MTMwNzk4OX0.GNj4TxZUV3eHpv1X42tikdT3W6V2TbJGf3ew32JZCuU', 'Content-Length': '87', 'Content-Type': 'application/json'}
请求内容: {'roleName': '行政主厨/厨师长', 'roleDesc': '首页'}
接口响应内容: {'data': {'roleId': 43, 'roleName': '行政主厨/厨师长', 'roleDesc': '首页'}, 'meta': {'msg': '创建成功', 'status': 201}}
接口响应时长: 6 ms
Http状态码: 200
断言结果: 200
=====================================================
INFO    2023-04-11 21:59:49,453G:\auto_api1_framework\logs\info-2023-04-11.log:test_add_role.py:29 2023-04-11 21:59:49 >>>>>> 执行结束！
INFO    2023-04-11 21:59:49,454G:\auto_api1_framework\logs\info-2023-04-11.log:test_add_role.py:26 2023-04-11 21:59:49 >>>>>> 开始执行：
INFO    2023-04-11 21:59:49,460G:\auto_api1_framework\logs\info-2023-04-11.log:log_decorator.py:42 
======================================================
用例标题: 添加角色失败（角色名称为空）
请求路径: http://127.0.0.1:8888/api/private/v1/roles
请求方式: POST
请求头:   {'User-Agent': 'python-requests/2.28.2', 'Accept-Encoding': 'gzip, deflate', 'Accept': '*/*', 'Connection': 'keep-alive', 'Authorization': 'Bearer eyJhbGciOiJIUzI1NiIsInR5cCI6IkpXVCJ9.eyJ1aWQiOjUwMCwicmlkIjowLCJpYXQiOjE2ODEyMjE1ODksImV4cCI6MTY4MTMwNzk4OX0.GNj4TxZUV3eHpv1X42tikdT3W6V2TbJGf3ew32JZCuU', 'Content-Length': '46', 'Content-Type': 'application/json'}
请求内容: {'roleName': None, 'roleDesc': '日本'}
接口响应内容: {'data': None, 'meta': {'msg': '角色名称不能为空', 'status': 400}}
接口响应时长: 3 ms
Http状态码: 200
断言结果: 200
=====================================================
INFO    2023-04-11 21:59:49,537G:\auto_api1_framework\logs\info-2023-04-11.log:test_add_role.py:29 2023-04-11 21:59:49 >>>>>> 执行结束！
INFO    2023-04-11 21:59:49,542G:\auto_api1_framework\logs\info-2023-04-11.log:test_add_role.py:26 2023-04-11 21:59:49 >>>>>> 开始执行：
INFO    2023-04-11 21:59:49,551G:\auto_api1_framework\logs\info-2023-04-11.log:log_decorator.py:42 
======================================================
用例标题: 添加角色失败（角色名称纯数字）
请求路径: http://127.0.0.1:8888/api/private/v1/roles
请求方式: POST
请求头:   {'User-Agent': 'python-requests/2.28.2', 'Accept-Encoding': 'gzip, deflate', 'Accept': '*/*', 'Connection': 'keep-alive', 'Authorization': 'Bearer eyJhbGciOiJIUzI1NiIsInR5cCI6IkpXVCJ9.eyJ1aWQiOjUwMCwicmlkIjowLCJpYXQiOjE2ODEyMjE1ODksImV4cCI6MTY4MTMwNzk4OX0.GNj4TxZUV3eHpv1X42tikdT3W6V2TbJGf3ew32JZCuU', 'Content-Length': '50', 'Content-Type': 'application/json'}
请求内容: {'roleName': '723807', 'roleDesc': '详细'}
接口响应内容: {'data': {'roleId': 44, 'roleName': '723807', 'roleDesc': '详细'}, 'meta': {'msg': '创建成功', 'status': 201}}
接口响应时长: 6 ms
Http状态码: 200
断言结果: 200
=====================================================
INFO    2023-04-11 21:59:49,553G:\auto_api1_framework\logs\info-2023-04-11.log:test_add_role.py:29 2023-04-11 21:59:49 >>>>>> 执行结束！
INFO    2023-04-11 21:59:49,554G:\auto_api1_framework\logs\info-2023-04-11.log:test_add_role.py:26 2023-04-11 21:59:49 >>>>>> 开始执行：
INFO    2023-04-11 21:59:49,563G:\auto_api1_framework\logs\info-2023-04-11.log:log_decorator.py:42 
======================================================
用例标题: 添加角色失败（角色名称纯字母）
请求路径: http://127.0.0.1:8888/api/private/v1/roles
请求方式: POST
请求头:   {'User-Agent': 'python-requests/2.28.2', 'Accept-Encoding': 'gzip, deflate', 'Accept': '*/*', 'Connection': 'keep-alive', 'Authorization': 'Bearer eyJhbGciOiJIUzI1NiIsInR5cCI6IkpXVCJ9.eyJ1aWQiOjUwMCwicmlkIjowLCJpYXQiOjE2ODEyMjE1ODksImV4cCI6MTY4MTMwNzk4OX0.GNj4TxZUV3eHpv1X42tikdT3W6V2TbJGf3ew32JZCuU', 'Content-Length': '50', 'Content-Type': 'application/json'}
请求内容: {'roleName': 'sQABGB', 'roleDesc': '用户'}
接口响应内容: {'data': {'roleId': 45, 'roleName': 'sQABGB', 'roleDesc': '用户'}, 'meta': {'msg': '创建成功', 'status': 201}}
接口响应时长: 7 ms
Http状态码: 200
断言结果: 200
=====================================================
INFO    2023-04-11 21:59:49,565G:\auto_api1_framework\logs\info-2023-04-11.log:test_add_role.py:29 2023-04-11 21:59:49 >>>>>> 执行结束！
INFO    2023-04-11 21:59:49,567G:\auto_api1_framework\logs\info-2023-04-11.log:test_add_role.py:26 2023-04-11 21:59:49 >>>>>> 开始执行：
INFO    2023-04-11 21:59:49,575G:\auto_api1_framework\logs\info-2023-04-11.log:log_decorator.py:42 
======================================================
用例标题: 添加角色失败（角色名称包含特殊字符、汉字）
请求路径: http://127.0.0.1:8888/api/private/v1/roles
请求方式: POST
请求头:   {'User-Agent': 'python-requests/2.28.2', 'Accept-Encoding': 'gzip, deflate', 'Accept': '*/*', 'Connection': 'keep-alive', 'Authorization': 'Bearer eyJhbGciOiJIUzI1NiIsInR5cCI6IkpXVCJ9.eyJ1aWQiOjUwMCwicmlkIjowLCJpYXQiOjE2ODEyMjE1ODksImV4cCI6MTY4MTMwNzk4OX0.GNj4TxZUV3eHpv1X42tikdT3W6V2TbJGf3ew32JZCuU', 'Content-Length': '61', 'Content-Type': 'application/json'}
请求内容: {'roleName': '$#)%_沈佳', 'roleDesc': '主要'}
接口响应内容: {'data': {'roleId': 46, 'roleName': '$#)%_沈佳', 'roleDesc': '主要'}, 'meta': {'msg': '创建成功', 'status': 201}}
接口响应时长: 5 ms
Http状态码: 200
断言结果: 200
=====================================================
INFO    2023-04-11 21:59:49,577G:\auto_api1_framework\logs\info-2023-04-11.log:test_add_role.py:29 2023-04-11 21:59:49 >>>>>> 执行结束！
INFO    2023-04-11 21:59:49,578G:\auto_api1_framework\logs\info-2023-04-11.log:test_add_role.py:26 2023-04-11 21:59:49 >>>>>> 开始执行：
INFO    2023-04-11 21:59:49,585G:\auto_api1_framework\logs\info-2023-04-11.log:log_decorator.py:42 
======================================================
用例标题: 添加角色失败（多出roleId参数）
请求路径: http://127.0.0.1:8888/api/private/v1/roles
请求方式: POST
请求头:   {'User-Agent': 'python-requests/2.28.2', 'Accept-Encoding': 'gzip, deflate', 'Accept': '*/*', 'Connection': 'keep-alive', 'Authorization': 'Bearer eyJhbGciOiJIUzI1NiIsInR5cCI6IkpXVCJ9.eyJ1aWQiOjUwMCwicmlkIjowLCJpYXQiOjE2ODEyMjE1ODksImV4cCI6MTY4MTMwNzk4OX0.GNj4TxZUV3eHpv1X42tikdT3W6V2TbJGf3ew32JZCuU', 'Content-Length': '70', 'Content-Type': 'application/json'}
请求内容: {'roleName': '都是', 'roleDesc': '完全', 'roleId': 99}
接口响应内容: {'data': {'roleId': 47, 'roleName': '都是', 'roleDesc': '完全'}, 'meta': {'msg': '创建成功', 'status': 201}}
接口响应时长: 5 ms
Http状态码: 200
断言结果: 200
=====================================================
INFO    2023-04-11 21:59:49,587G:\auto_api1_framework\logs\info-2023-04-11.log:test_add_role.py:29 2023-04-11 21:59:49 >>>>>> 执行结束！
INFO    2023-04-11 21:59:49,589G:\auto_api1_framework\logs\info-2023-04-11.log:test_add_role.py:26 2023-04-11 21:59:49 >>>>>> 开始执行：
INFO    2023-04-11 21:59:49,593G:\auto_api1_framework\logs\info-2023-04-11.log:log_decorator.py:42 
======================================================
用例标题: 添加角色失败（缺少roleName参数）
请求路径: http://127.0.0.1:8888/api/private/v1/roles
请求方式: POST
请求头:   {'User-Agent': 'python-requests/2.28.2', 'Accept-Encoding': 'gzip, deflate', 'Accept': '*/*', 'Connection': 'keep-alive', 'Authorization': 'Bearer eyJhbGciOiJIUzI1NiIsInR5cCI6IkpXVCJ9.eyJ1aWQiOjUwMCwicmlkIjowLCJpYXQiOjE2ODEyMjE1ODksImV4cCI6MTY4MTMwNzk4OX0.GNj4TxZUV3eHpv1X42tikdT3W6V2TbJGf3ew32JZCuU', 'Content-Length': '28', 'Content-Type': 'application/json'}
请求内容: {'roleDesc': '时候'}
接口响应内容: {'data': None, 'meta': {'msg': '角色名称不能为空', 'status': 400}}
接口响应时长: 3 ms
Http状态码: 200
断言结果: 200
=====================================================
INFO    2023-04-11 21:59:49,602G:\auto_api1_framework\logs\info-2023-04-11.log:test_add_role.py:29 2023-04-11 21:59:49 >>>>>> 执行结束！
INFO    2023-04-11 21:59:49,605G:\auto_api1_framework\logs\info-2023-04-11.log:test_add_role.py:26 2023-04-11 21:59:49 >>>>>> 开始执行：
INFO    2023-04-11 21:59:49,609G:\auto_api1_framework\logs\info-2023-04-11.log:log_decorator.py:42 
======================================================
用例标题: 添加角色失败（修改roleName参数）
请求路径: http://127.0.0.1:8888/api/private/v1/roles
请求方式: POST
请求头:   {'User-Agent': 'python-requests/2.28.2', 'Accept-Encoding': 'gzip, deflate', 'Accept': '*/*', 'Connection': 'keep-alive', 'Authorization': 'Bearer eyJhbGciOiJIUzI1NiIsInR5cCI6IkpXVCJ9.eyJ1aWQiOjUwMCwicmlkIjowLCJpYXQiOjE2ODEyMjE1ODksImV4cCI6MTY4MTMwNzk4OX0.GNj4TxZUV3eHpv1X42tikdT3W6V2TbJGf3ew32JZCuU', 'Content-Length': '29', 'Content-Type': 'application/json'}
请求内容: {'roleName1': '因此'}
接口响应内容: {'data': None, 'meta': {'msg': '角色名称不能为空', 'status': 400}}
接口响应时长: 2 ms
Http状态码: 200
断言结果: 200
=====================================================
INFO    2023-04-11 21:59:49,618G:\auto_api1_framework\logs\info-2023-04-11.log:test_add_role.py:29 2023-04-11 21:59:49 >>>>>> 执行结束！
INFO    2023-04-11 21:59:49,620G:\auto_api1_framework\logs\info-2023-04-11.log:test_add_role.py:26 2023-04-11 21:59:49 >>>>>> 开始执行：
INFO    2023-04-11 21:59:49,625G:\auto_api1_framework\logs\info-2023-04-11.log:log_decorator.py:42 
======================================================
用例标题: 添加角色失败（没有参数）
请求路径: http://127.0.0.1:8888/api/private/v1/roles
请求方式: POST
请求头:   {'User-Agent': 'python-requests/2.28.2', 'Accept-Encoding': 'gzip, deflate', 'Accept': '*/*', 'Connection': 'keep-alive', 'Authorization': 'Bearer eyJhbGciOiJIUzI1NiIsInR5cCI6IkpXVCJ9.eyJ1aWQiOjUwMCwicmlkIjowLCJpYXQiOjE2ODEyMjE1ODksImV4cCI6MTY4MTMwNzk4OX0.GNj4TxZUV3eHpv1X42tikdT3W6V2TbJGf3ew32JZCuU', 'Content-Length': '0'}
请求内容: None
接口响应内容: {'data': None, 'meta': {'msg': '角色名称不能为空', 'status': 400}}
接口响应时长: 3 ms
Http状态码: 200
断言结果: 200
=====================================================
INFO    2023-04-11 21:59:49,632G:\auto_api1_framework\logs\info-2023-04-11.log:test_add_role.py:29 2023-04-11 21:59:49 >>>>>> 执行结束！
INFO    2023-04-11 22:01:29,686G:\auto_api1_framework\logs\info-2023-04-11.log:test_add_role.py:26 2023-04-11 22:01:29 >>>>>> 开始执行：
INFO    2023-04-11 22:01:29,696G:\auto_api1_framework\logs\info-2023-04-11.log:log_decorator.py:42 
======================================================
用例标题: 添加角色成功（必填参数）
请求路径: http://127.0.0.1:8888/api/private/v1/roles
请求方式: POST
请求头:   {'User-Agent': 'python-requests/2.28.2', 'Accept-Encoding': 'gzip, deflate', 'Accept': '*/*', 'Connection': 'keep-alive', 'Authorization': 'Bearer eyJhbGciOiJIUzI1NiIsInR5cCI6IkpXVCJ9.eyJ1aWQiOjUwMCwicmlkIjowLCJpYXQiOjE2ODEyMjE2ODksImV4cCI6MTY4MTMwODA4OX0.cVrKdFM5GxPafa-B0WZIzb9j81DM1iA61ovuXihn-xQ', 'Content-Length': '40', 'Content-Type': 'application/json'}
请求内容: {'roleName': '排版设计'}
接口响应内容: {'data': {'roleId': 48, 'roleName': '排版设计', 'roleDesc': ''}, 'meta': {'msg': '创建成功', 'status': 201}}
接口响应时长: 5 ms
Http状态码: 200
断言结果: 200
=====================================================
INFO    2023-04-11 22:01:29,698G:\auto_api1_framework\logs\info-2023-04-11.log:test_add_role.py:29 2023-04-11 22:01:29 >>>>>> 执行结束！
INFO    2023-04-11 22:01:29,700G:\auto_api1_framework\logs\info-2023-04-11.log:test_add_role.py:26 2023-04-11 22:01:29 >>>>>> 开始执行：
INFO    2023-04-11 22:01:29,710G:\auto_api1_framework\logs\info-2023-04-11.log:log_decorator.py:42 
======================================================
用例标题: 添加角色成功（必填+选填参数）
请求路径: http://127.0.0.1:8888/api/private/v1/roles
请求方式: POST
请求头:   {'User-Agent': 'python-requests/2.28.2', 'Accept-Encoding': 'gzip, deflate', 'Accept': '*/*', 'Connection': 'keep-alive', 'Authorization': 'Bearer eyJhbGciOiJIUzI1NiIsInR5cCI6IkpXVCJ9.eyJ1aWQiOjUwMCwicmlkIjowLCJpYXQiOjE2ODEyMjE2ODksImV4cCI6MTY4MTMwODA4OX0.cVrKdFM5GxPafa-B0WZIzb9j81DM1iA61ovuXihn-xQ', 'Content-Length': '80', 'Content-Type': 'application/json'}
请求内容: {'roleName': '电子商务总监', 'roleDesc': '是否'}
接口响应内容: {'data': {'roleId': 49, 'roleName': '电子商务总监', 'roleDesc': '是否'}, 'meta': {'msg': '创建成功', 'status': 201}}
接口响应时长: 6 ms
Http状态码: 200
断言结果: 200
=====================================================
INFO    2023-04-11 22:01:29,711G:\auto_api1_framework\logs\info-2023-04-11.log:test_add_role.py:29 2023-04-11 22:01:29 >>>>>> 执行结束！
INFO    2023-04-11 22:01:29,712G:\auto_api1_framework\logs\info-2023-04-11.log:test_add_role.py:26 2023-04-11 22:01:29 >>>>>> 开始执行：
INFO    2023-04-11 22:01:29,719G:\auto_api1_framework\logs\info-2023-04-11.log:log_decorator.py:42 
======================================================
用例标题: 添加角色失败（角色名称为空）
请求路径: http://127.0.0.1:8888/api/private/v1/roles
请求方式: POST
请求头:   {'User-Agent': 'python-requests/2.28.2', 'Accept-Encoding': 'gzip, deflate', 'Accept': '*/*', 'Connection': 'keep-alive', 'Authorization': 'Bearer eyJhbGciOiJIUzI1NiIsInR5cCI6IkpXVCJ9.eyJ1aWQiOjUwMCwicmlkIjowLCJpYXQiOjE2ODEyMjE2ODksImV4cCI6MTY4MTMwODA4OX0.cVrKdFM5GxPafa-B0WZIzb9j81DM1iA61ovuXihn-xQ', 'Content-Length': '46', 'Content-Type': 'application/json'}
请求内容: {'roleName': None, 'roleDesc': '必须'}
接口响应内容: {'data': None, 'meta': {'msg': '角色名称不能为空', 'status': 400}}
接口响应时长: 4 ms
Http状态码: 200
断言结果: 200
=====================================================
INFO    2023-04-11 22:01:29,720G:\auto_api1_framework\logs\info-2023-04-11.log:test_add_role.py:29 2023-04-11 22:01:29 >>>>>> 执行结束！
INFO    2023-04-11 22:01:29,722G:\auto_api1_framework\logs\info-2023-04-11.log:test_add_role.py:26 2023-04-11 22:01:29 >>>>>> 开始执行：
INFO    2023-04-11 22:01:29,729G:\auto_api1_framework\logs\info-2023-04-11.log:log_decorator.py:42 
======================================================
用例标题: 添加角色失败（角色名称纯数字）
请求路径: http://127.0.0.1:8888/api/private/v1/roles
请求方式: POST
请求头:   {'User-Agent': 'python-requests/2.28.2', 'Accept-Encoding': 'gzip, deflate', 'Accept': '*/*', 'Connection': 'keep-alive', 'Authorization': 'Bearer eyJhbGciOiJIUzI1NiIsInR5cCI6IkpXVCJ9.eyJ1aWQiOjUwMCwicmlkIjowLCJpYXQiOjE2ODEyMjE2ODksImV4cCI6MTY4MTMwODA4OX0.cVrKdFM5GxPafa-B0WZIzb9j81DM1iA61ovuXihn-xQ', 'Content-Length': '50', 'Content-Type': 'application/json'}
请求内容: {'roleName': '941167', 'roleDesc': '运行'}
接口响应内容: {'data': {'roleId': 50, 'roleName': '941167', 'roleDesc': '运行'}, 'meta': {'msg': '创建成功', 'status': 201}}
接口响应时长: 5 ms
Http状态码: 200
断言结果: 200
=====================================================
INFO    2023-04-11 22:01:29,732G:\auto_api1_framework\logs\info-2023-04-11.log:test_add_role.py:29 2023-04-11 22:01:29 >>>>>> 执行结束！
INFO    2023-04-11 22:01:29,733G:\auto_api1_framework\logs\info-2023-04-11.log:test_add_role.py:26 2023-04-11 22:01:29 >>>>>> 开始执行：
INFO    2023-04-11 22:01:29,740G:\auto_api1_framework\logs\info-2023-04-11.log:log_decorator.py:42 
======================================================
用例标题: 添加角色失败（角色名称纯字母）
请求路径: http://127.0.0.1:8888/api/private/v1/roles
请求方式: POST
请求头:   {'User-Agent': 'python-requests/2.28.2', 'Accept-Encoding': 'gzip, deflate', 'Accept': '*/*', 'Connection': 'keep-alive', 'Authorization': 'Bearer eyJhbGciOiJIUzI1NiIsInR5cCI6IkpXVCJ9.eyJ1aWQiOjUwMCwicmlkIjowLCJpYXQiOjE2ODEyMjE2ODksImV4cCI6MTY4MTMwODA4OX0.cVrKdFM5GxPafa-B0WZIzb9j81DM1iA61ovuXihn-xQ', 'Content-Length': '50', 'Content-Type': 'application/json'}
请求内容: {'roleName': 'JeZycv', 'roleDesc': '世界'}
接口响应内容: {'data': {'roleId': 51, 'roleName': 'JeZycv', 'roleDesc': '世界'}, 'meta': {'msg': '创建成功', 'status': 201}}
接口响应时长: 4 ms
Http状态码: 200
断言结果: 200
=====================================================
INFO    2023-04-11 22:01:29,741G:\auto_api1_framework\logs\info-2023-04-11.log:test_add_role.py:29 2023-04-11 22:01:29 >>>>>> 执行结束！
INFO    2023-04-11 22:01:29,743G:\auto_api1_framework\logs\info-2023-04-11.log:test_add_role.py:26 2023-04-11 22:01:29 >>>>>> 开始执行：
INFO    2023-04-11 22:01:29,751G:\auto_api1_framework\logs\info-2023-04-11.log:log_decorator.py:42 
======================================================
用例标题: 添加角色失败（角色名称包含特殊字符、汉字）
请求路径: http://127.0.0.1:8888/api/private/v1/roles
请求方式: POST
请求头:   {'User-Agent': 'python-requests/2.28.2', 'Accept-Encoding': 'gzip, deflate', 'Accept': '*/*', 'Connection': 'keep-alive', 'Authorization': 'Bearer eyJhbGciOiJIUzI1NiIsInR5cCI6IkpXVCJ9.eyJ1aWQiOjUwMCwicmlkIjowLCJpYXQiOjE2ODEyMjE2ODksImV4cCI6MTY4MTMwODA4OX0.cVrKdFM5GxPafa-B0WZIzb9j81DM1iA61ovuXihn-xQ', 'Content-Length': '67', 'Content-Type': 'application/json'}
请求内容: {'roleName': '((*&@周玉珍', 'roleDesc': '因此'}
接口响应内容: {'data': {'roleId': 52, 'roleName': '((*&@周玉珍', 'roleDesc': '因此'}, 'meta': {'msg': '创建成功', 'status': 201}}
接口响应时长: 6 ms
Http状态码: 200
断言结果: 200
=====================================================
INFO    2023-04-11 22:01:29,753G:\auto_api1_framework\logs\info-2023-04-11.log:test_add_role.py:29 2023-04-11 22:01:29 >>>>>> 执行结束！
INFO    2023-04-11 22:01:29,755G:\auto_api1_framework\logs\info-2023-04-11.log:test_add_role.py:26 2023-04-11 22:01:29 >>>>>> 开始执行：
INFO    2023-04-11 22:01:29,762G:\auto_api1_framework\logs\info-2023-04-11.log:log_decorator.py:42 
======================================================
用例标题: 添加角色失败（多出roleId参数）
请求路径: http://127.0.0.1:8888/api/private/v1/roles
请求方式: POST
请求头:   {'User-Agent': 'python-requests/2.28.2', 'Accept-Encoding': 'gzip, deflate', 'Accept': '*/*', 'Connection': 'keep-alive', 'Authorization': 'Bearer eyJhbGciOiJIUzI1NiIsInR5cCI6IkpXVCJ9.eyJ1aWQiOjUwMCwicmlkIjowLCJpYXQiOjE2ODEyMjE2ODksImV4cCI6MTY4MTMwODA4OX0.cVrKdFM5GxPafa-B0WZIzb9j81DM1iA61ovuXihn-xQ', 'Content-Length': '70', 'Content-Type': 'application/json'}
请求内容: {'roleName': '大家', 'roleDesc': '包括', 'roleId': 99}
接口响应内容: {'data': {'roleId': 53, 'roleName': '大家', 'roleDesc': '包括'}, 'meta': {'msg': '创建成功', 'status': 201}}
接口响应时长: 5 ms
Http状态码: 200
断言结果: 200
=====================================================
INFO    2023-04-11 22:01:29,763G:\auto_api1_framework\logs\info-2023-04-11.log:test_add_role.py:29 2023-04-11 22:01:29 >>>>>> 执行结束！
INFO    2023-04-11 22:01:29,765G:\auto_api1_framework\logs\info-2023-04-11.log:test_add_role.py:26 2023-04-11 22:01:29 >>>>>> 开始执行：
INFO    2023-04-11 22:01:29,771G:\auto_api1_framework\logs\info-2023-04-11.log:log_decorator.py:42 
======================================================
用例标题: 添加角色失败（缺少roleName参数）
请求路径: http://127.0.0.1:8888/api/private/v1/roles
请求方式: POST
请求头:   {'User-Agent': 'python-requests/2.28.2', 'Accept-Encoding': 'gzip, deflate', 'Accept': '*/*', 'Connection': 'keep-alive', 'Authorization': 'Bearer eyJhbGciOiJIUzI1NiIsInR5cCI6IkpXVCJ9.eyJ1aWQiOjUwMCwicmlkIjowLCJpYXQiOjE2ODEyMjE2ODksImV4cCI6MTY4MTMwODA4OX0.cVrKdFM5GxPafa-B0WZIzb9j81DM1iA61ovuXihn-xQ', 'Content-Length': '28', 'Content-Type': 'application/json'}
请求内容: {'roleDesc': '加入'}
接口响应内容: {'data': None, 'meta': {'msg': '角色名称不能为空', 'status': 400}}
接口响应时长: 3 ms
Http状态码: 200
断言结果: 200
=====================================================
INFO    2023-04-11 22:01:29,772G:\auto_api1_framework\logs\info-2023-04-11.log:test_add_role.py:29 2023-04-11 22:01:29 >>>>>> 执行结束！
INFO    2023-04-11 22:01:29,773G:\auto_api1_framework\logs\info-2023-04-11.log:test_add_role.py:26 2023-04-11 22:01:29 >>>>>> 开始执行：
INFO    2023-04-11 22:01:29,779G:\auto_api1_framework\logs\info-2023-04-11.log:log_decorator.py:42 
======================================================
用例标题: 添加角色失败（修改roleName参数）
请求路径: http://127.0.0.1:8888/api/private/v1/roles
请求方式: POST
请求头:   {'User-Agent': 'python-requests/2.28.2', 'Accept-Encoding': 'gzip, deflate', 'Accept': '*/*', 'Connection': 'keep-alive', 'Authorization': 'Bearer eyJhbGciOiJIUzI1NiIsInR5cCI6IkpXVCJ9.eyJ1aWQiOjUwMCwicmlkIjowLCJpYXQiOjE2ODEyMjE2ODksImV4cCI6MTY4MTMwODA4OX0.cVrKdFM5GxPafa-B0WZIzb9j81DM1iA61ovuXihn-xQ', 'Content-Length': '29', 'Content-Type': 'application/json'}
请求内容: {'roleName1': '正在'}
接口响应内容: {'data': None, 'meta': {'msg': '角色名称不能为空', 'status': 400}}
接口响应时长: 2 ms
Http状态码: 200
断言结果: 200
=====================================================
INFO    2023-04-11 22:01:29,780G:\auto_api1_framework\logs\info-2023-04-11.log:test_add_role.py:29 2023-04-11 22:01:29 >>>>>> 执行结束！
INFO    2023-04-11 22:01:29,781G:\auto_api1_framework\logs\info-2023-04-11.log:test_add_role.py:26 2023-04-11 22:01:29 >>>>>> 开始执行：
INFO    2023-04-11 22:01:29,786G:\auto_api1_framework\logs\info-2023-04-11.log:log_decorator.py:42 
======================================================
用例标题: 添加角色失败（没有参数）
请求路径: http://127.0.0.1:8888/api/private/v1/roles
请求方式: POST
请求头:   {'User-Agent': 'python-requests/2.28.2', 'Accept-Encoding': 'gzip, deflate', 'Accept': '*/*', 'Connection': 'keep-alive', 'Authorization': 'Bearer eyJhbGciOiJIUzI1NiIsInR5cCI6IkpXVCJ9.eyJ1aWQiOjUwMCwicmlkIjowLCJpYXQiOjE2ODEyMjE2ODksImV4cCI6MTY4MTMwODA4OX0.cVrKdFM5GxPafa-B0WZIzb9j81DM1iA61ovuXihn-xQ', 'Content-Length': '0'}
请求内容: None
接口响应内容: {'data': None, 'meta': {'msg': '角色名称不能为空', 'status': 400}}
接口响应时长: 2 ms
Http状态码: 200
断言结果: 200
=====================================================
INFO    2023-04-11 22:01:29,787G:\auto_api1_framework\logs\info-2023-04-11.log:test_add_role.py:29 2023-04-11 22:01:29 >>>>>> 执行结束！
INFO    2023-04-11 22:01:39,458G:\auto_api1_framework\logs\info-2023-04-11.log:test_delete_role_empower.py:26 2023-04-11 22:01:39 >>>>>> 开始执行：
INFO    2023-04-11 22:01:39,464G:\auto_api1_framework\logs\info-2023-04-11.log:log_decorator.py:42 
======================================================
用例标题: 删除角色指定权限成功
请求路径: http://127.0.0.1:8888/api/private/v1/roles/%7BroleId%7D/rights/%7BrightId%7D
请求方式: DELETE
请求头:   {'User-Agent': 'python-requests/2.28.2', 'Accept-Encoding': 'gzip, deflate', 'Accept': '*/*', 'Connection': 'keep-alive', 'Authorization': 'Bearer eyJhbGciOiJIUzI1NiIsInR5cCI6IkpXVCJ9.eyJ1aWQiOjUwMCwicmlkIjowLCJpYXQiOjE2ODEyMjE2OTksImV4cCI6MTY4MTMwODA5OX0.vaPamInQ4o2WAqr-FHDU2k_NQL8PB1ceOfPJSOrvSbQ', 'Content-Length': '52', 'Content-Type': 'application/json'}
请求内容: {'roleName': '可靠度工程师'}
接口响应内容: {'data': None, 'meta': {'msg': '角色ID必须为数字', 'status': 400}}
接口响应时长: 2 ms
Http状态码: 200
断言结果: 200
=====================================================
INFO    2023-04-11 22:01:39,552G:\auto_api1_framework\logs\info-2023-04-11.log:test_delete_role_empower.py:29 2023-04-11 22:01:39 >>>>>> 执行结束！
INFO    2023-04-11 22:01:39,556G:\auto_api1_framework\logs\info-2023-04-11.log:test_delete_role_empower.py:26 2023-04-11 22:01:39 >>>>>> 开始执行：
INFO    2023-04-11 22:01:39,563G:\auto_api1_framework\logs\info-2023-04-11.log:log_decorator.py:42 
======================================================
用例标题: 添加角色成功（必填+选填参数）
请求路径: http://127.0.0.1:8888/api/private/v1/roles
请求方式: POST
请求头:   {'User-Agent': 'python-requests/2.28.2', 'Accept-Encoding': 'gzip, deflate', 'Accept': '*/*', 'Connection': 'keep-alive', 'Authorization': 'Bearer eyJhbGciOiJIUzI1NiIsInR5cCI6IkpXVCJ9.eyJ1aWQiOjUwMCwicmlkIjowLCJpYXQiOjE2ODEyMjE2OTksImV4cCI6MTY4MTMwODA5OX0.vaPamInQ4o2WAqr-FHDU2k_NQL8PB1ceOfPJSOrvSbQ', 'Content-Length': '80', 'Content-Type': 'application/json'}
请求内容: {'roleName': '业务跟单经理', 'roleDesc': '就是'}
接口响应内容: {'data': {'roleId': 54, 'roleName': '业务跟单经理', 'roleDesc': '就是'}, 'meta': {'msg': '创建成功', 'status': 201}}
接口响应时长: 5 ms
Http状态码: 200
断言结果: 200
=====================================================
INFO    2023-04-11 22:01:39,565G:\auto_api1_framework\logs\info-2023-04-11.log:test_delete_role_empower.py:29 2023-04-11 22:01:39 >>>>>> 执行结束！
INFO    2023-04-11 22:01:39,567G:\auto_api1_framework\logs\info-2023-04-11.log:test_delete_role_empower.py:26 2023-04-11 22:01:39 >>>>>> 开始执行：
INFO    2023-04-11 22:01:39,572G:\auto_api1_framework\logs\info-2023-04-11.log:log_decorator.py:42 
======================================================
用例标题: 添加角色失败（角色名称为空）
请求路径: http://127.0.0.1:8888/api/private/v1/roles
请求方式: POST
请求头:   {'User-Agent': 'python-requests/2.28.2', 'Accept-Encoding': 'gzip, deflate', 'Accept': '*/*', 'Connection': 'keep-alive', 'Authorization': 'Bearer eyJhbGciOiJIUzI1NiIsInR5cCI6IkpXVCJ9.eyJ1aWQiOjUwMCwicmlkIjowLCJpYXQiOjE2ODEyMjE2OTksImV4cCI6MTY4MTMwODA5OX0.vaPamInQ4o2WAqr-FHDU2k_NQL8PB1ceOfPJSOrvSbQ', 'Content-Length': '46', 'Content-Type': 'application/json'}
请求内容: {'roleName': None, 'roleDesc': '资料'}
接口响应内容: {'data': None, 'meta': {'msg': '角色名称不能为空', 'status': 400}}
接口响应时长: 2 ms
Http状态码: 200
断言结果: 200
=====================================================
INFO    2023-04-11 22:01:39,580G:\auto_api1_framework\logs\info-2023-04-11.log:test_delete_role_empower.py:29 2023-04-11 22:01:39 >>>>>> 执行结束！
INFO    2023-04-11 22:01:39,583G:\auto_api1_framework\logs\info-2023-04-11.log:test_delete_role_empower.py:26 2023-04-11 22:01:39 >>>>>> 开始执行：
INFO    2023-04-11 22:01:39,592G:\auto_api1_framework\logs\info-2023-04-11.log:log_decorator.py:42 
======================================================
用例标题: 添加角色失败（角色名称纯数字）
请求路径: http://127.0.0.1:8888/api/private/v1/roles
请求方式: POST
请求头:   {'User-Agent': 'python-requests/2.28.2', 'Accept-Encoding': 'gzip, deflate', 'Accept': '*/*', 'Connection': 'keep-alive', 'Authorization': 'Bearer eyJhbGciOiJIUzI1NiIsInR5cCI6IkpXVCJ9.eyJ1aWQiOjUwMCwicmlkIjowLCJpYXQiOjE2ODEyMjE2OTksImV4cCI6MTY4MTMwODA5OX0.vaPamInQ4o2WAqr-FHDU2k_NQL8PB1ceOfPJSOrvSbQ', 'Content-Length': '50', 'Content-Type': 'application/json'}
请求内容: {'roleName': '836675', 'roleDesc': '不能'}
接口响应内容: {'data': {'roleId': 55, 'roleName': '836675', 'roleDesc': '不能'}, 'meta': {'msg': '创建成功', 'status': 201}}
接口响应时长: 6 ms
Http状态码: 200
断言结果: 200
=====================================================
INFO    2023-04-11 22:01:39,594G:\auto_api1_framework\logs\info-2023-04-11.log:test_delete_role_empower.py:29 2023-04-11 22:01:39 >>>>>> 执行结束！
INFO    2023-04-11 22:01:39,595G:\auto_api1_framework\logs\info-2023-04-11.log:test_delete_role_empower.py:26 2023-04-11 22:01:39 >>>>>> 开始执行：
INFO    2023-04-11 22:01:39,604G:\auto_api1_framework\logs\info-2023-04-11.log:log_decorator.py:42 
======================================================
用例标题: 添加角色失败（角色名称纯字母）
请求路径: http://127.0.0.1:8888/api/private/v1/roles
请求方式: POST
请求头:   {'User-Agent': 'python-requests/2.28.2', 'Accept-Encoding': 'gzip, deflate', 'Accept': '*/*', 'Connection': 'keep-alive', 'Authorization': 'Bearer eyJhbGciOiJIUzI1NiIsInR5cCI6IkpXVCJ9.eyJ1aWQiOjUwMCwicmlkIjowLCJpYXQiOjE2ODEyMjE2OTksImV4cCI6MTY4MTMwODA5OX0.vaPamInQ4o2WAqr-FHDU2k_NQL8PB1ceOfPJSOrvSbQ', 'Content-Length': '50', 'Content-Type': 'application/json'}
请求内容: {'roleName': 'AQZBLG', 'roleDesc': '还有'}
接口响应内容: {'data': {'roleId': 56, 'roleName': 'AQZBLG', 'roleDesc': '还有'}, 'meta': {'msg': '创建成功', 'status': 201}}
接口响应时长: 5 ms
Http状态码: 200
断言结果: 200
=====================================================
INFO    2023-04-11 22:01:39,605G:\auto_api1_framework\logs\info-2023-04-11.log:test_delete_role_empower.py:29 2023-04-11 22:01:39 >>>>>> 执行结束！
INFO    2023-04-11 22:01:39,606G:\auto_api1_framework\logs\info-2023-04-11.log:test_delete_role_empower.py:26 2023-04-11 22:01:39 >>>>>> 开始执行：
INFO    2023-04-11 22:01:39,616G:\auto_api1_framework\logs\info-2023-04-11.log:log_decorator.py:42 
======================================================
用例标题: 添加角色失败（角色名称包含特殊字符、汉字）
请求路径: http://127.0.0.1:8888/api/private/v1/roles
请求方式: POST
请求头:   {'User-Agent': 'python-requests/2.28.2', 'Accept-Encoding': 'gzip, deflate', 'Accept': '*/*', 'Connection': 'keep-alive', 'Authorization': 'Bearer eyJhbGciOiJIUzI1NiIsInR5cCI6IkpXVCJ9.eyJ1aWQiOjUwMCwicmlkIjowLCJpYXQiOjE2ODEyMjE2OTksImV4cCI6MTY4MTMwODA5OX0.vaPamInQ4o2WAqr-FHDU2k_NQL8PB1ceOfPJSOrvSbQ', 'Content-Length': '61', 'Content-Type': 'application/json'}
请求内容: {'roleName': '(_%))陈涛', 'roleDesc': '是一'}
接口响应内容: {'data': {'roleId': 57, 'roleName': '(_%))陈涛', 'roleDesc': '是一'}, 'meta': {'msg': '创建成功', 'status': 201}}
接口响应时长: 5 ms
Http状态码: 200
断言结果: 200
=====================================================
INFO    2023-04-11 22:01:39,618G:\auto_api1_framework\logs\info-2023-04-11.log:test_delete_role_empower.py:29 2023-04-11 22:01:39 >>>>>> 执行结束！
INFO    2023-04-11 22:01:39,620G:\auto_api1_framework\logs\info-2023-04-11.log:test_delete_role_empower.py:26 2023-04-11 22:01:39 >>>>>> 开始执行：
INFO    2023-04-11 22:01:39,628G:\auto_api1_framework\logs\info-2023-04-11.log:log_decorator.py:42 
======================================================
用例标题: 添加角色失败（多出roleId参数）
请求路径: http://127.0.0.1:8888/api/private/v1/roles
请求方式: POST
请求头:   {'User-Agent': 'python-requests/2.28.2', 'Accept-Encoding': 'gzip, deflate', 'Accept': '*/*', 'Connection': 'keep-alive', 'Authorization': 'Bearer eyJhbGciOiJIUzI1NiIsInR5cCI6IkpXVCJ9.eyJ1aWQiOjUwMCwicmlkIjowLCJpYXQiOjE2ODEyMjE2OTksImV4cCI6MTY4MTMwODA5OX0.vaPamInQ4o2WAqr-FHDU2k_NQL8PB1ceOfPJSOrvSbQ', 'Content-Length': '70', 'Content-Type': 'application/json'}
请求内容: {'roleName': '世界', 'roleDesc': '完成', 'roleId': 99}
接口响应内容: {'data': {'roleId': 58, 'roleName': '世界', 'roleDesc': '完成'}, 'meta': {'msg': '创建成功', 'status': 201}}
接口响应时长: 5 ms
Http状态码: 200
断言结果: 200
=====================================================
INFO    2023-04-11 22:01:39,629G:\auto_api1_framework\logs\info-2023-04-11.log:test_delete_role_empower.py:29 2023-04-11 22:01:39 >>>>>> 执行结束！
INFO    2023-04-11 22:01:39,631G:\auto_api1_framework\logs\info-2023-04-11.log:test_delete_role_empower.py:26 2023-04-11 22:01:39 >>>>>> 开始执行：
INFO    2023-04-11 22:01:39,637G:\auto_api1_framework\logs\info-2023-04-11.log:log_decorator.py:42 
======================================================
用例标题: 添加角色失败（缺少roleName参数）
请求路径: http://127.0.0.1:8888/api/private/v1/roles
请求方式: POST
请求头:   {'User-Agent': 'python-requests/2.28.2', 'Accept-Encoding': 'gzip, deflate', 'Accept': '*/*', 'Connection': 'keep-alive', 'Authorization': 'Bearer eyJhbGciOiJIUzI1NiIsInR5cCI6IkpXVCJ9.eyJ1aWQiOjUwMCwicmlkIjowLCJpYXQiOjE2ODEyMjE2OTksImV4cCI6MTY4MTMwODA5OX0.vaPamInQ4o2WAqr-FHDU2k_NQL8PB1ceOfPJSOrvSbQ', 'Content-Length': '28', 'Content-Type': 'application/json'}
请求内容: {'roleDesc': '主要'}
接口响应内容: {'data': None, 'meta': {'msg': '角色名称不能为空', 'status': 400}}
接口响应时长: 2 ms
Http状态码: 200
断言结果: 200
=====================================================
INFO    2023-04-11 22:01:39,645G:\auto_api1_framework\logs\info-2023-04-11.log:test_delete_role_empower.py:29 2023-04-11 22:01:39 >>>>>> 执行结束！
INFO    2023-04-11 22:01:39,646G:\auto_api1_framework\logs\info-2023-04-11.log:test_delete_role_empower.py:26 2023-04-11 22:01:39 >>>>>> 开始执行：
INFO    2023-04-11 22:01:39,651G:\auto_api1_framework\logs\info-2023-04-11.log:log_decorator.py:42 
======================================================
用例标题: 添加角色失败（修改roleName参数）
请求路径: http://127.0.0.1:8888/api/private/v1/roles
请求方式: POST
请求头:   {'User-Agent': 'python-requests/2.28.2', 'Accept-Encoding': 'gzip, deflate', 'Accept': '*/*', 'Connection': 'keep-alive', 'Authorization': 'Bearer eyJhbGciOiJIUzI1NiIsInR5cCI6IkpXVCJ9.eyJ1aWQiOjUwMCwicmlkIjowLCJpYXQiOjE2ODEyMjE2OTksImV4cCI6MTY4MTMwODA5OX0.vaPamInQ4o2WAqr-FHDU2k_NQL8PB1ceOfPJSOrvSbQ', 'Content-Length': '29', 'Content-Type': 'application/json'}
请求内容: {'roleName1': '为什'}
接口响应内容: {'data': None, 'meta': {'msg': '角色名称不能为空', 'status': 400}}
接口响应时长: 2 ms
Http状态码: 200
断言结果: 200
=====================================================
INFO    2023-04-11 22:01:39,659G:\auto_api1_framework\logs\info-2023-04-11.log:test_delete_role_empower.py:29 2023-04-11 22:01:39 >>>>>> 执行结束！
INFO    2023-04-11 22:01:39,661G:\auto_api1_framework\logs\info-2023-04-11.log:test_delete_role_empower.py:26 2023-04-11 22:01:39 >>>>>> 开始执行：
INFO    2023-04-11 22:01:39,665G:\auto_api1_framework\logs\info-2023-04-11.log:log_decorator.py:42 
======================================================
用例标题: 添加角色失败（没有参数）
请求路径: http://127.0.0.1:8888/api/private/v1/roles
请求方式: POST
请求头:   {'User-Agent': 'python-requests/2.28.2', 'Accept-Encoding': 'gzip, deflate', 'Accept': '*/*', 'Connection': 'keep-alive', 'Authorization': 'Bearer eyJhbGciOiJIUzI1NiIsInR5cCI6IkpXVCJ9.eyJ1aWQiOjUwMCwicmlkIjowLCJpYXQiOjE2ODEyMjE2OTksImV4cCI6MTY4MTMwODA5OX0.vaPamInQ4o2WAqr-FHDU2k_NQL8PB1ceOfPJSOrvSbQ', 'Content-Length': '0'}
请求内容: None
接口响应内容: {'data': None, 'meta': {'msg': '角色名称不能为空', 'status': 400}}
接口响应时长: 2 ms
Http状态码: 200
断言结果: 200
=====================================================
INFO    2023-04-11 22:01:39,673G:\auto_api1_framework\logs\info-2023-04-11.log:test_delete_role_empower.py:29 2023-04-11 22:01:39 >>>>>> 执行结束！
INFO    2023-04-11 22:03:53,050G:\auto_api1_framework\logs\info-2023-04-11.log:test_role_empower.py:26 2023-04-11 22:03:52 >>>>>> 开始执行：
INFO    2023-04-11 22:03:53,157G:\auto_api1_framework\logs\info-2023-04-11.log:log_decorator.py:42 
======================================================
用例标题: 添加角色成功（必填+选填参数）
请求路径: http://127.0.0.1:8888/api/private/v1/roles
请求方式: POST
请求头:   {'User-Agent': 'python-requests/2.28.2', 'Accept-Encoding': 'gzip, deflate', 'Accept': '*/*', 'Connection': 'keep-alive', 'Authorization': 'Bearer eyJhbGciOiJIUzI1NiIsInR5cCI6IkpXVCJ9.eyJ1aWQiOjUwMCwicmlkIjowLCJpYXQiOjE2ODEyMjE4MzMsImV4cCI6MTY4MTMwODIzM30.E2iwTZBH2xZoNcd5WAoqo2Wnf1u4kL3yQZsr6YcN-rY', 'Content-Length': '68', 'Content-Type': 'application/json'}
请求内容: {'roleName': '融资专员', 'roleDesc': '业务'}
接口响应内容: {'data': {'roleId': 59, 'roleName': '融资专员', 'roleDesc': '业务'}, 'meta': {'msg': '创建成功', 'status': 201}}
接口响应时长: 5 ms
Http状态码: 200
断言结果: 200
=====================================================
INFO    2023-04-11 22:03:53,167G:\auto_api1_framework\logs\info-2023-04-11.log:log_decorator.py:42 
======================================================
用例标题: 角色授权成功
请求路径: http://127.0.0.1:8888/api/private/v1/roles/59/rights
请求方式: POST
请求头:   {'User-Agent': 'python-requests/2.28.2', 'Accept-Encoding': 'gzip, deflate', 'Accept': '*/*', 'Connection': 'keep-alive', 'Authorization': 'Bearer eyJhbGciOiJIUzI1NiIsInR5cCI6IkpXVCJ9.eyJ1aWQiOjUwMCwicmlkIjowLCJpYXQiOjE2ODEyMjE4MzMsImV4cCI6MTY4MTMwODIzM30.E2iwTZBH2xZoNcd5WAoqo2Wnf1u4kL3yQZsr6YcN-rY', 'Content-Length': '12', 'Content-Type': 'application/json'}
请求内容: {'rids': 10}
接口响应内容: {'data': None, 'meta': {'msg': '更新成功', 'status': 200}}
接口响应时长: 6 ms
Http状态码: 200
断言结果: 200
=====================================================
INFO    2023-04-11 22:03:53,246G:\auto_api1_framework\logs\info-2023-04-11.log:test_role_empower.py:29 2023-04-11 22:03:52 >>>>>> 执行结束！
INFO    2023-04-11 22:03:53,248G:\auto_api1_framework\logs\info-2023-04-11.log:test_role_empower.py:26 2023-04-11 22:03:52 >>>>>> 开始执行：
INFO    2023-04-11 22:03:53,253G:\auto_api1_framework\logs\info-2023-04-11.log:log_decorator.py:42 
======================================================
用例标题: 角色授权失败（roleId不存在）
请求路径: http://127.0.0.1:8888/api/private/v1/roles/1681221832/rights
请求方式: POST
请求头:   {'User-Agent': 'python-requests/2.28.2', 'Accept-Encoding': 'gzip, deflate', 'Accept': '*/*', 'Connection': 'keep-alive', 'Authorization': 'Bearer eyJhbGciOiJIUzI1NiIsInR5cCI6IkpXVCJ9.eyJ1aWQiOjUwMCwicmlkIjowLCJpYXQiOjE2ODEyMjE4MzMsImV4cCI6MTY4MTMwODIzM30.E2iwTZBH2xZoNcd5WAoqo2Wnf1u4kL3yQZsr6YcN-rY', 'Content-Length': '12', 'Content-Type': 'application/json'}
请求内容: {'rids': 10}
接口响应内容: {'data': None, 'meta': {'msg': '更新权限失败', 'status': 400}}
接口响应时长: 3 ms
Http状态码: 200
断言结果: 200
=====================================================
INFO    2023-04-11 22:03:53,255G:\auto_api1_framework\logs\info-2023-04-11.log:test_role_empower.py:29 2023-04-11 22:03:52 >>>>>> 执行结束！
INFO    2023-04-11 22:03:53,256G:\auto_api1_framework\logs\info-2023-04-11.log:test_role_empower.py:26 2023-04-11 22:03:52 >>>>>> 开始执行：
INFO    2023-04-11 22:03:53,263G:\auto_api1_framework\logs\info-2023-04-11.log:log_decorator.py:42 
======================================================
用例标题: 角色授权失败（未指定roleId）
请求路径: http://127.0.0.1:8888/api/private/v1/roles/rights
请求方式: POST
请求头:   {'User-Agent': 'python-requests/2.28.2', 'Accept-Encoding': 'gzip, deflate', 'Accept': '*/*', 'Connection': 'keep-alive', 'Authorization': 'Bearer eyJhbGciOiJIUzI1NiIsInR5cCI6IkpXVCJ9.eyJ1aWQiOjUwMCwicmlkIjowLCJpYXQiOjE2ODEyMjE4MzMsImV4cCI6MTY4MTMwODIzM30.E2iwTZBH2xZoNcd5WAoqo2Wnf1u4kL3yQZsr6YcN-rY', 'Content-Length': '12', 'Content-Type': 'application/json'}
请求内容: {'rids': 10}
接口响应内容: {'data': None, 'meta': {'msg': 'Not Found', 'status': 404}}
接口响应时长: 3 ms
Http状态码: 200
断言结果: 200
=====================================================
INFO    2023-04-11 22:03:53,273G:\auto_api1_framework\logs\info-2023-04-11.log:test_role_empower.py:29 2023-04-11 22:03:52 >>>>>> 执行结束！
INFO    2023-04-11 22:03:53,277G:\auto_api1_framework\logs\info-2023-04-11.log:test_role_empower.py:26 2023-04-11 22:03:52 >>>>>> 开始执行：
INFO    2023-04-11 22:03:53,398G:\auto_api1_framework\logs\info-2023-04-11.log:log_decorator.py:42 
======================================================
用例标题: 添加角色成功（必填+选填参数）
请求路径: http://127.0.0.1:8888/api/private/v1/roles
请求方式: POST
请求头:   {'User-Agent': 'python-requests/2.28.2', 'Accept-Encoding': 'gzip, deflate', 'Accept': '*/*', 'Connection': 'keep-alive', 'Authorization': 'Bearer eyJhbGciOiJIUzI1NiIsInR5cCI6IkpXVCJ9.eyJ1aWQiOjUwMCwicmlkIjowLCJpYXQiOjE2ODEyMjE4MzMsImV4cCI6MTY4MTMwODIzM30.E2iwTZBH2xZoNcd5WAoqo2Wnf1u4kL3yQZsr6YcN-rY', 'Content-Length': '99', 'Content-Type': 'application/json'}
请求内容: {'roleName': '技术支持/维护工程师', 'roleDesc': '的话'}
接口响应内容: {'data': {'roleId': 60, 'roleName': '技术支持/维护工程师', 'roleDesc': '的话'}, 'meta': {'msg': '创建成功', 'status': 201}}
接口响应时长: 7 ms
Http状态码: 200
断言结果: 200
=====================================================
INFO    2023-04-11 22:03:53,407G:\auto_api1_framework\logs\info-2023-04-11.log:log_decorator.py:42 
======================================================
用例标题: 角色授权失败（rids为空）
请求路径: http://127.0.0.1:8888/api/private/v1/roles/60/rights
请求方式: POST
请求头:   {'User-Agent': 'python-requests/2.28.2', 'Accept-Encoding': 'gzip, deflate', 'Accept': '*/*', 'Connection': 'keep-alive', 'Authorization': 'Bearer eyJhbGciOiJIUzI1NiIsInR5cCI6IkpXVCJ9.eyJ1aWQiOjUwMCwicmlkIjowLCJpYXQiOjE2ODEyMjE4MzMsImV4cCI6MTY4MTMwODIzM30.E2iwTZBH2xZoNcd5WAoqo2Wnf1u4kL3yQZsr6YcN-rY', 'Content-Length': '14', 'Content-Type': 'application/json'}
请求内容: {'rids': None}
接口响应内容: {'data': None, 'meta': {'msg': '更新权限失败', 'status': 400}}
接口响应时长: 8 ms
Http状态码: 200
断言结果: 200
=====================================================
INFO    2023-04-11 22:03:53,419G:\auto_api1_framework\logs\info-2023-04-11.log:test_role_empower.py:29 2023-04-11 22:03:52 >>>>>> 执行结束！
INFO    2023-04-11 22:03:53,420G:\auto_api1_framework\logs\info-2023-04-11.log:test_role_empower.py:26 2023-04-11 22:03:52 >>>>>> 开始执行：
INFO    2023-04-11 22:03:53,535G:\auto_api1_framework\logs\info-2023-04-11.log:log_decorator.py:42 
======================================================
用例标题: 添加角色成功（必填+选填参数）
请求路径: http://127.0.0.1:8888/api/private/v1/roles
请求方式: POST
请求头:   {'User-Agent': 'python-requests/2.28.2', 'Accept-Encoding': 'gzip, deflate', 'Accept': '*/*', 'Connection': 'keep-alive', 'Authorization': 'Bearer eyJhbGciOiJIUzI1NiIsInR5cCI6IkpXVCJ9.eyJ1aWQiOjUwMCwicmlkIjowLCJpYXQiOjE2ODEyMjE4MzMsImV4cCI6MTY4MTMwODIzM30.E2iwTZBH2xZoNcd5WAoqo2Wnf1u4kL3yQZsr6YcN-rY', 'Content-Length': '68', 'Content-Type': 'application/json'}
请求内容: {'roleName': '客服总监', 'roleDesc': '时候'}
接口响应内容: {'data': {'roleId': 61, 'roleName': '客服总监', 'roleDesc': '时候'}, 'meta': {'msg': '创建成功', 'status': 201}}
接口响应时长: 5 ms
Http状态码: 200
断言结果: 200
=====================================================
INFO    2023-04-11 22:03:53,543G:\auto_api1_framework\logs\info-2023-04-11.log:log_decorator.py:42 
======================================================
用例标题: 角色授权失败（rids纯数字）
请求路径: http://127.0.0.1:8888/api/private/v1/roles/61/rights
请求方式: POST
请求头:   {'User-Agent': 'python-requests/2.28.2', 'Accept-Encoding': 'gzip, deflate', 'Accept': '*/*', 'Connection': 'keep-alive', 'Authorization': 'Bearer eyJhbGciOiJIUzI1NiIsInR5cCI6IkpXVCJ9.eyJ1aWQiOjUwMCwicmlkIjowLCJpYXQiOjE2ODEyMjE4MzMsImV4cCI6MTY4MTMwODIzM30.E2iwTZBH2xZoNcd5WAoqo2Wnf1u4kL3yQZsr6YcN-rY', 'Content-Length': '18', 'Content-Type': 'application/json'}
请求内容: {'rids': '765492'}
接口响应内容: {'data': None, 'meta': {'msg': '更新成功', 'status': 200}}
接口响应时长: 6 ms
Http状态码: 200
断言结果: 200
=====================================================
INFO    2023-04-11 22:03:53,556G:\auto_api1_framework\logs\info-2023-04-11.log:test_role_empower.py:29 2023-04-11 22:03:52 >>>>>> 执行结束！
INFO    2023-04-11 22:03:53,557G:\auto_api1_framework\logs\info-2023-04-11.log:test_role_empower.py:26 2023-04-11 22:03:52 >>>>>> 开始执行：
INFO    2023-04-11 22:03:53,669G:\auto_api1_framework\logs\info-2023-04-11.log:log_decorator.py:42 
======================================================
用例标题: 添加角色成功（必填+选填参数）
请求路径: http://127.0.0.1:8888/api/private/v1/roles
请求方式: POST
请求头:   {'User-Agent': 'python-requests/2.28.2', 'Accept-Encoding': 'gzip, deflate', 'Accept': '*/*', 'Connection': 'keep-alive', 'Authorization': 'Bearer eyJhbGciOiJIUzI1NiIsInR5cCI6IkpXVCJ9.eyJ1aWQiOjUwMCwicmlkIjowLCJpYXQiOjE2ODEyMjE4MzMsImV4cCI6MTY4MTMwODIzM30.E2iwTZBH2xZoNcd5WAoqo2Wnf1u4kL3yQZsr6YcN-rY', 'Content-Length': '74', 'Content-Type': 'application/json'}
请求内容: {'roleName': '特种车司机', 'roleDesc': '类型'}
接口响应内容: {'data': {'roleId': 62, 'roleName': '特种车司机', 'roleDesc': '类型'}, 'meta': {'msg': '创建成功', 'status': 201}}
接口响应时长: 3 ms
Http状态码: 200
断言结果: 200
=====================================================
INFO    2023-04-11 22:03:53,676G:\auto_api1_framework\logs\info-2023-04-11.log:log_decorator.py:42 
======================================================
用例标题: 角色授权失败（rids纯字母）
请求路径: http://127.0.0.1:8888/api/private/v1/roles/62/rights
请求方式: POST
请求头:   {'User-Agent': 'python-requests/2.28.2', 'Accept-Encoding': 'gzip, deflate', 'Accept': '*/*', 'Connection': 'keep-alive', 'Authorization': 'Bearer eyJhbGciOiJIUzI1NiIsInR5cCI6IkpXVCJ9.eyJ1aWQiOjUwMCwicmlkIjowLCJpYXQiOjE2ODEyMjE4MzMsImV4cCI6MTY4MTMwODIzM30.E2iwTZBH2xZoNcd5WAoqo2Wnf1u4kL3yQZsr6YcN-rY', 'Content-Length': '18', 'Content-Type': 'application/json'}
请求内容: {'rids': 'hHgQdD'}
接口响应内容: {'data': None, 'meta': {'msg': '更新成功', 'status': 200}}
接口响应时长: 6 ms
Http状态码: 200
断言结果: 200
=====================================================
INFO    2023-04-11 22:03:53,687G:\auto_api1_framework\logs\info-2023-04-11.log:test_role_empower.py:29 2023-04-11 22:03:52 >>>>>> 执行结束！
INFO    2023-04-11 22:03:53,690G:\auto_api1_framework\logs\info-2023-04-11.log:test_role_empower.py:26 2023-04-11 22:03:52 >>>>>> 开始执行：
INFO    2023-04-11 22:03:53,803G:\auto_api1_framework\logs\info-2023-04-11.log:log_decorator.py:42 
======================================================
用例标题: 添加角色成功（必填+选填参数）
请求路径: http://127.0.0.1:8888/api/private/v1/roles
请求方式: POST
请求头:   {'User-Agent': 'python-requests/2.28.2', 'Accept-Encoding': 'gzip, deflate', 'Accept': '*/*', 'Connection': 'keep-alive', 'Authorization': 'Bearer eyJhbGciOiJIUzI1NiIsInR5cCI6IkpXVCJ9.eyJ1aWQiOjUwMCwicmlkIjowLCJpYXQiOjE2ODEyMjE4MzMsImV4cCI6MTY4MTMwODIzM30.E2iwTZBH2xZoNcd5WAoqo2Wnf1u4kL3yQZsr6YcN-rY', 'Content-Length': '86', 'Content-Type': 'application/json'}
请求内容: {'roleName': '技术研发工程师', 'roleDesc': '更多'}
接口响应内容: {'data': {'roleId': 63, 'roleName': '技术研发工程师', 'roleDesc': '更多'}, 'meta': {'msg': '创建成功', 'status': 201}}
接口响应时长: 6 ms
Http状态码: 200
断言结果: 200
=====================================================
INFO    2023-04-11 22:03:53,812G:\auto_api1_framework\logs\info-2023-04-11.log:log_decorator.py:42 
======================================================
用例标题: 角色授权失败（rids包含特殊字符、汉字）
请求路径: http://127.0.0.1:8888/api/private/v1/roles/63/rights
请求方式: POST
请求头:   {'User-Agent': 'python-requests/2.28.2', 'Accept-Encoding': 'gzip, deflate', 'Accept': '*/*', 'Connection': 'keep-alive', 'Authorization': 'Bearer eyJhbGciOiJIUzI1NiIsInR5cCI6IkpXVCJ9.eyJ1aWQiOjUwMCwicmlkIjowLCJpYXQiOjE2ODEyMjE4MzMsImV4cCI6MTY4MTMwODIzM30.E2iwTZBH2xZoNcd5WAoqo2Wnf1u4kL3yQZsr6YcN-rY', 'Content-Length': '35', 'Content-Type': 'application/json'}
请求内容: {'rids': '@_))(陈玉梅'}
接口响应内容: {'data': None, 'meta': {'msg': '更新成功', 'status': 200}}
接口响应时长: 6 ms
Http状态码: 200
断言结果: 200
=====================================================
INFO    2023-04-11 22:03:53,823G:\auto_api1_framework\logs\info-2023-04-11.log:test_role_empower.py:29 2023-04-11 22:03:52 >>>>>> 执行结束！
INFO    2023-04-11 22:03:53,825G:\auto_api1_framework\logs\info-2023-04-11.log:test_role_empower.py:26 2023-04-11 22:03:52 >>>>>> 开始执行：
INFO    2023-04-11 22:03:53,934G:\auto_api1_framework\logs\info-2023-04-11.log:log_decorator.py:42 
======================================================
用例标题: 添加角色成功（必填+选填参数）
请求路径: http://127.0.0.1:8888/api/private/v1/roles
请求方式: POST
请求头:   {'User-Agent': 'python-requests/2.28.2', 'Accept-Encoding': 'gzip, deflate', 'Accept': '*/*', 'Connection': 'keep-alive', 'Authorization': 'Bearer eyJhbGciOiJIUzI1NiIsInR5cCI6IkpXVCJ9.eyJ1aWQiOjUwMCwicmlkIjowLCJpYXQiOjE2ODEyMjE4MzMsImV4cCI6MTY4MTMwODIzM30.E2iwTZBH2xZoNcd5WAoqo2Wnf1u4kL3yQZsr6YcN-rY', 'Content-Length': '68', 'Content-Type': 'application/json'}
请求内容: {'roleName': '儿科医生', 'roleDesc': '世界'}
接口响应内容: {'data': {'roleId': 64, 'roleName': '儿科医生', 'roleDesc': '世界'}, 'meta': {'msg': '创建成功', 'status': 201}}
接口响应时长: 4 ms
Http状态码: 200
断言结果: 200
=====================================================
INFO    2023-04-11 22:03:53,940G:\auto_api1_framework\logs\info-2023-04-11.log:log_decorator.py:42 
======================================================
用例标题: 角色授权失败（多出id参数）
请求路径: http://127.0.0.1:8888/api/private/v1/roles/64/rights
请求方式: POST
请求头:   {'User-Agent': 'python-requests/2.28.2', 'Accept-Encoding': 'gzip, deflate', 'Accept': '*/*', 'Connection': 'keep-alive', 'Authorization': 'Bearer eyJhbGciOiJIUzI1NiIsInR5cCI6IkpXVCJ9.eyJ1aWQiOjUwMCwicmlkIjowLCJpYXQiOjE2ODEyMjE4MzMsImV4cCI6MTY4MTMwODIzM30.E2iwTZBH2xZoNcd5WAoqo2Wnf1u4kL3yQZsr6YcN-rY', 'Content-Length': '23', 'Content-Type': 'application/json'}
请求内容: {'rids': 10, 'id': 100}
接口响应内容: {'data': None, 'meta': {'msg': '更新成功', 'status': 200}}
接口响应时长: 4 ms
Http状态码: 200
断言结果: 200
=====================================================
INFO    2023-04-11 22:03:53,951G:\auto_api1_framework\logs\info-2023-04-11.log:test_role_empower.py:29 2023-04-11 22:03:52 >>>>>> 执行结束！
INFO    2023-04-11 22:03:53,954G:\auto_api1_framework\logs\info-2023-04-11.log:test_role_empower.py:26 2023-04-11 22:03:52 >>>>>> 开始执行：
INFO    2023-04-11 22:03:54,067G:\auto_api1_framework\logs\info-2023-04-11.log:log_decorator.py:42 
======================================================
用例标题: 添加角色成功（必填+选填参数）
请求路径: http://127.0.0.1:8888/api/private/v1/roles
请求方式: POST
请求头:   {'User-Agent': 'python-requests/2.28.2', 'Accept-Encoding': 'gzip, deflate', 'Accept': '*/*', 'Connection': 'keep-alive', 'Authorization': 'Bearer eyJhbGciOiJIUzI1NiIsInR5cCI6IkpXVCJ9.eyJ1aWQiOjUwMCwicmlkIjowLCJpYXQiOjE2ODEyMjE4MzMsImV4cCI6MTY4MTMwODIzM30.E2iwTZBH2xZoNcd5WAoqo2Wnf1u4kL3yQZsr6YcN-rY', 'Content-Length': '68', 'Content-Type': 'application/json'}
请求内容: {'roleName': '后期制作', 'roleDesc': '经营'}
接口响应内容: {'data': {'roleId': 65, 'roleName': '后期制作', 'roleDesc': '经营'}, 'meta': {'msg': '创建成功', 'status': 201}}
接口响应时长: 5 ms
Http状态码: 200
断言结果: 200
=====================================================
INFO    2023-04-11 22:03:54,076G:\auto_api1_framework\logs\info-2023-04-11.log:log_decorator.py:42 
======================================================
用例标题: 角色授权失败（缺少rids参数）
请求路径: http://127.0.0.1:8888/api/private/v1/roles/65/rights
请求方式: POST
请求头:   {'User-Agent': 'python-requests/2.28.2', 'Accept-Encoding': 'gzip, deflate', 'Accept': '*/*', 'Connection': 'keep-alive', 'Authorization': 'Bearer eyJhbGciOiJIUzI1NiIsInR5cCI6IkpXVCJ9.eyJ1aWQiOjUwMCwicmlkIjowLCJpYXQiOjE2ODEyMjE4MzMsImV4cCI6MTY4MTMwODIzM30.E2iwTZBH2xZoNcd5WAoqo2Wnf1u4kL3yQZsr6YcN-rY', 'Content-Length': '0'}
请求内容: None
接口响应内容: {'data': None, 'meta': {'msg': '更新权限失败', 'status': 400}}
接口响应时长: 6 ms
Http状态码: 200
断言结果: 200
=====================================================
INFO    2023-04-11 22:03:54,086G:\auto_api1_framework\logs\info-2023-04-11.log:test_role_empower.py:29 2023-04-11 22:03:52 >>>>>> 执行结束！
INFO    2023-04-11 22:06:30,295G:\auto_api1_framework\logs\info-2023-04-11.log:test_role_empower.py:26 2023-04-11 22:06:30 >>>>>> 开始执行：
INFO    2023-04-11 22:06:30,403G:\auto_api1_framework\logs\info-2023-04-11.log:log_decorator.py:42 
======================================================
用例标题: 添加角色成功（必填+选填参数）
请求路径: http://127.0.0.1:8888/api/private/v1/roles
请求方式: POST
请求头:   {'User-Agent': 'python-requests/2.28.2', 'Accept-Encoding': 'gzip, deflate', 'Accept': '*/*', 'Connection': 'keep-alive', 'Authorization': 'Bearer eyJhbGciOiJIUzI1NiIsInR5cCI6IkpXVCJ9.eyJ1aWQiOjUwMCwicmlkIjowLCJpYXQiOjE2ODEyMjE5OTAsImV4cCI6MTY4MTMwODM5MH0.c8KveBDN05cvk15qiLom_8xW-HTk-1JZO9nUefcFibs', 'Content-Length': '81', 'Content-Type': 'application/json'}
请求内容: {'roleName': '列车/地铁车长', 'roleDesc': '经营'}
接口响应内容: {'data': {'roleId': 66, 'roleName': '列车/地铁车长', 'roleDesc': '经营'}, 'meta': {'msg': '创建成功', 'status': 201}}
接口响应时长: 4 ms
Http状态码: 200
断言结果: 200
=====================================================
INFO    2023-04-11 22:06:30,411G:\auto_api1_framework\logs\info-2023-04-11.log:log_decorator.py:42 
======================================================
用例标题: 角色授权成功
请求路径: http://127.0.0.1:8888/api/private/v1/roles/66/rights
请求方式: POST
请求头:   {'User-Agent': 'python-requests/2.28.2', 'Accept-Encoding': 'gzip, deflate', 'Accept': '*/*', 'Connection': 'keep-alive', 'Authorization': 'Bearer eyJhbGciOiJIUzI1NiIsInR5cCI6IkpXVCJ9.eyJ1aWQiOjUwMCwicmlkIjowLCJpYXQiOjE2ODEyMjE5OTAsImV4cCI6MTY4MTMwODM5MH0.c8KveBDN05cvk15qiLom_8xW-HTk-1JZO9nUefcFibs', 'Content-Length': '12', 'Content-Type': 'application/json'}
请求内容: {'rids': 10}
接口响应内容: {'data': None, 'meta': {'msg': '更新成功', 'status': 200}}
接口响应时长: 5 ms
Http状态码: 200
断言结果: 200
=====================================================
INFO    2023-04-11 22:06:30,413G:\auto_api1_framework\logs\info-2023-04-11.log:test_role_empower.py:29 2023-04-11 22:06:30 >>>>>> 执行结束！
INFO    2023-04-11 22:06:30,415G:\auto_api1_framework\logs\info-2023-04-11.log:test_role_empower.py:26 2023-04-11 22:06:30 >>>>>> 开始执行：
INFO    2023-04-11 22:06:30,424G:\auto_api1_framework\logs\info-2023-04-11.log:log_decorator.py:42 
======================================================
用例标题: 角色授权失败（roleId不存在）
请求路径: http://127.0.0.1:8888/api/private/v1/roles/1681221989/rights
请求方式: POST
请求头:   {'User-Agent': 'python-requests/2.28.2', 'Accept-Encoding': 'gzip, deflate', 'Accept': '*/*', 'Connection': 'keep-alive', 'Authorization': 'Bearer eyJhbGciOiJIUzI1NiIsInR5cCI6IkpXVCJ9.eyJ1aWQiOjUwMCwicmlkIjowLCJpYXQiOjE2ODEyMjE5OTAsImV4cCI6MTY4MTMwODM5MH0.c8KveBDN05cvk15qiLom_8xW-HTk-1JZO9nUefcFibs', 'Content-Length': '12', 'Content-Type': 'application/json'}
请求内容: {'rids': 10}
接口响应内容: {'data': None, 'meta': {'msg': '更新权限失败', 'status': 400}}
接口响应时长: 4 ms
Http状态码: 200
断言结果: 200
=====================================================
INFO    2023-04-11 22:06:30,426G:\auto_api1_framework\logs\info-2023-04-11.log:test_role_empower.py:29 2023-04-11 22:06:30 >>>>>> 执行结束！
INFO    2023-04-11 22:06:30,427G:\auto_api1_framework\logs\info-2023-04-11.log:test_role_empower.py:26 2023-04-11 22:06:30 >>>>>> 开始执行：
INFO    2023-04-11 22:06:30,431G:\auto_api1_framework\logs\info-2023-04-11.log:log_decorator.py:42 
======================================================
用例标题: 角色授权失败（未指定roleId）
请求路径: http://127.0.0.1:8888/api/private/v1/roles/rights
请求方式: POST
请求头:   {'User-Agent': 'python-requests/2.28.2', 'Accept-Encoding': 'gzip, deflate', 'Accept': '*/*', 'Connection': 'keep-alive', 'Authorization': 'Bearer eyJhbGciOiJIUzI1NiIsInR5cCI6IkpXVCJ9.eyJ1aWQiOjUwMCwicmlkIjowLCJpYXQiOjE2ODEyMjE5OTAsImV4cCI6MTY4MTMwODM5MH0.c8KveBDN05cvk15qiLom_8xW-HTk-1JZO9nUefcFibs', 'Content-Length': '12', 'Content-Type': 'application/json'}
请求内容: {'rids': 10}
接口响应内容: {'data': None, 'meta': {'msg': 'Not Found', 'status': 404}}
接口响应时长: 2 ms
Http状态码: 200
断言结果: 200
=====================================================
INFO    2023-04-11 22:06:30,432G:\auto_api1_framework\logs\info-2023-04-11.log:test_role_empower.py:29 2023-04-11 22:06:30 >>>>>> 执行结束！
INFO    2023-04-11 22:06:30,433G:\auto_api1_framework\logs\info-2023-04-11.log:test_role_empower.py:26 2023-04-11 22:06:30 >>>>>> 开始执行：
INFO    2023-04-11 22:06:30,546G:\auto_api1_framework\logs\info-2023-04-11.log:log_decorator.py:42 
======================================================
用例标题: 添加角色成功（必填+选填参数）
请求路径: http://127.0.0.1:8888/api/private/v1/roles
请求方式: POST
请求头:   {'User-Agent': 'python-requests/2.28.2', 'Accept-Encoding': 'gzip, deflate', 'Accept': '*/*', 'Connection': 'keep-alive', 'Authorization': 'Bearer eyJhbGciOiJIUzI1NiIsInR5cCI6IkpXVCJ9.eyJ1aWQiOjUwMCwicmlkIjowLCJpYXQiOjE2ODEyMjE5OTAsImV4cCI6MTY4MTMwODM5MH0.c8KveBDN05cvk15qiLom_8xW-HTk-1JZO9nUefcFibs', 'Content-Length': '74', 'Content-Type': 'application/json'}
请求内容: {'roleName': '农业技术员', 'roleDesc': '销售'}
接口响应内容: {'data': {'roleId': 67, 'roleName': '农业技术员', 'roleDesc': '销售'}, 'meta': {'msg': '创建成功', 'status': 201}}
接口响应时长: 5 ms
Http状态码: 200
断言结果: 200
=====================================================
INFO    2023-04-11 22:06:30,553G:\auto_api1_framework\logs\info-2023-04-11.log:log_decorator.py:42 
======================================================
用例标题: 角色授权失败（rids为空）
请求路径: http://127.0.0.1:8888/api/private/v1/roles/67/rights
请求方式: POST
请求头:   {'User-Agent': 'python-requests/2.28.2', 'Accept-Encoding': 'gzip, deflate', 'Accept': '*/*', 'Connection': 'keep-alive', 'Authorization': 'Bearer eyJhbGciOiJIUzI1NiIsInR5cCI6IkpXVCJ9.eyJ1aWQiOjUwMCwicmlkIjowLCJpYXQiOjE2ODEyMjE5OTAsImV4cCI6MTY4MTMwODM5MH0.c8KveBDN05cvk15qiLom_8xW-HTk-1JZO9nUefcFibs', 'Content-Length': '14', 'Content-Type': 'application/json'}
请求内容: {'rids': None}
接口响应内容: {'data': None, 'meta': {'msg': '更新权限失败', 'status': 400}}
接口响应时长: 5 ms
Http状态码: 200
断言结果: 200
=====================================================
INFO    2023-04-11 22:06:30,555G:\auto_api1_framework\logs\info-2023-04-11.log:test_role_empower.py:29 2023-04-11 22:06:30 >>>>>> 执行结束！
INFO    2023-04-11 22:06:30,556G:\auto_api1_framework\logs\info-2023-04-11.log:test_role_empower.py:26 2023-04-11 22:06:30 >>>>>> 开始执行：
INFO    2023-04-11 22:06:30,671G:\auto_api1_framework\logs\info-2023-04-11.log:log_decorator.py:42 
======================================================
用例标题: 添加角色成功（必填+选填参数）
请求路径: http://127.0.0.1:8888/api/private/v1/roles
请求方式: POST
请求头:   {'User-Agent': 'python-requests/2.28.2', 'Accept-Encoding': 'gzip, deflate', 'Accept': '*/*', 'Connection': 'keep-alive', 'Authorization': 'Bearer eyJhbGciOiJIUzI1NiIsInR5cCI6IkpXVCJ9.eyJ1aWQiOjUwMCwicmlkIjowLCJpYXQiOjE2ODEyMjE5OTAsImV4cCI6MTY4MTMwODM5MH0.c8KveBDN05cvk15qiLom_8xW-HTk-1JZO9nUefcFibs', 'Content-Length': '81', 'Content-Type': 'application/json'}
请求内容: {'roleName': '工业/产品设计', 'roleDesc': '北京'}
接口响应内容: {'data': {'roleId': 68, 'roleName': '工业/产品设计', 'roleDesc': '北京'}, 'meta': {'msg': '创建成功', 'status': 201}}
接口响应时长: 4 ms
Http状态码: 200
断言结果: 200
=====================================================
INFO    2023-04-11 22:06:30,679G:\auto_api1_framework\logs\info-2023-04-11.log:log_decorator.py:42 
======================================================
用例标题: 角色授权成功（rids纯数字）
请求路径: http://127.0.0.1:8888/api/private/v1/roles/68/rights
请求方式: POST
请求头:   {'User-Agent': 'python-requests/2.28.2', 'Accept-Encoding': 'gzip, deflate', 'Accept': '*/*', 'Connection': 'keep-alive', 'Authorization': 'Bearer eyJhbGciOiJIUzI1NiIsInR5cCI6IkpXVCJ9.eyJ1aWQiOjUwMCwicmlkIjowLCJpYXQiOjE2ODEyMjE5OTAsImV4cCI6MTY4MTMwODM5MH0.c8KveBDN05cvk15qiLom_8xW-HTk-1JZO9nUefcFibs', 'Content-Length': '18', 'Content-Type': 'application/json'}
请求内容: {'rids': '463618'}
接口响应内容: {'data': None, 'meta': {'msg': '更新成功', 'status': 200}}
接口响应时长: 6 ms
Http状态码: 200
断言结果: 200
=====================================================
INFO    2023-04-11 22:06:30,681G:\auto_api1_framework\logs\info-2023-04-11.log:test_role_empower.py:29 2023-04-11 22:06:30 >>>>>> 执行结束！
INFO    2023-04-11 22:06:30,683G:\auto_api1_framework\logs\info-2023-04-11.log:test_role_empower.py:26 2023-04-11 22:06:30 >>>>>> 开始执行：
INFO    2023-04-11 22:06:30,799G:\auto_api1_framework\logs\info-2023-04-11.log:log_decorator.py:42 
======================================================
用例标题: 添加角色成功（必填+选填参数）
请求路径: http://127.0.0.1:8888/api/private/v1/roles
请求方式: POST
请求头:   {'User-Agent': 'python-requests/2.28.2', 'Accept-Encoding': 'gzip, deflate', 'Accept': '*/*', 'Connection': 'keep-alive', 'Authorization': 'Bearer eyJhbGciOiJIUzI1NiIsInR5cCI6IkpXVCJ9.eyJ1aWQiOjUwMCwicmlkIjowLCJpYXQiOjE2ODEyMjE5OTAsImV4cCI6MTY4MTMwODM5MH0.c8KveBDN05cvk15qiLom_8xW-HTk-1JZO9nUefcFibs', 'Content-Length': '68', 'Content-Type': 'application/json'}
请求内容: {'roleName': '人事助理', 'roleDesc': '类别'}
接口响应内容: {'data': {'roleId': 69, 'roleName': '人事助理', 'roleDesc': '类别'}, 'meta': {'msg': '创建成功', 'status': 201}}
接口响应时长: 8 ms
Http状态码: 200
断言结果: 200
=====================================================
INFO    2023-04-11 22:06:30,809G:\auto_api1_framework\logs\info-2023-04-11.log:log_decorator.py:42 
======================================================
用例标题: 角色授权成功（rids纯字母）
请求路径: http://127.0.0.1:8888/api/private/v1/roles/69/rights
请求方式: POST
请求头:   {'User-Agent': 'python-requests/2.28.2', 'Accept-Encoding': 'gzip, deflate', 'Accept': '*/*', 'Connection': 'keep-alive', 'Authorization': 'Bearer eyJhbGciOiJIUzI1NiIsInR5cCI6IkpXVCJ9.eyJ1aWQiOjUwMCwicmlkIjowLCJpYXQiOjE2ODEyMjE5OTAsImV4cCI6MTY4MTMwODM5MH0.c8KveBDN05cvk15qiLom_8xW-HTk-1JZO9nUefcFibs', 'Content-Length': '18', 'Content-Type': 'application/json'}
请求内容: {'rids': 'IxcWDj'}
接口响应内容: {'data': None, 'meta': {'msg': '更新成功', 'status': 200}}
接口响应时长: 7 ms
Http状态码: 200
断言结果: 200
=====================================================
INFO    2023-04-11 22:06:30,810G:\auto_api1_framework\logs\info-2023-04-11.log:test_role_empower.py:29 2023-04-11 22:06:30 >>>>>> 执行结束！
INFO    2023-04-11 22:06:30,812G:\auto_api1_framework\logs\info-2023-04-11.log:test_role_empower.py:26 2023-04-11 22:06:30 >>>>>> 开始执行：
INFO    2023-04-11 22:06:30,926G:\auto_api1_framework\logs\info-2023-04-11.log:log_decorator.py:42 
======================================================
用例标题: 添加角色成功（必填+选填参数）
请求路径: http://127.0.0.1:8888/api/private/v1/roles
请求方式: POST
请求头:   {'User-Agent': 'python-requests/2.28.2', 'Accept-Encoding': 'gzip, deflate', 'Accept': '*/*', 'Connection': 'keep-alive', 'Authorization': 'Bearer eyJhbGciOiJIUzI1NiIsInR5cCI6IkpXVCJ9.eyJ1aWQiOjUwMCwicmlkIjowLCJpYXQiOjE2ODEyMjE5OTAsImV4cCI6MTY4MTMwODM5MH0.c8KveBDN05cvk15qiLom_8xW-HTk-1JZO9nUefcFibs', 'Content-Length': '68', 'Content-Type': 'application/json'}
请求内容: {'roleName': '服装领班', 'roleDesc': '手机'}
接口响应内容: {'data': {'roleId': 70, 'roleName': '服装领班', 'roleDesc': '手机'}, 'meta': {'msg': '创建成功', 'status': 201}}
接口响应时长: 6 ms
Http状态码: 200
断言结果: 200
=====================================================
INFO    2023-04-11 22:06:30,936G:\auto_api1_framework\logs\info-2023-04-11.log:log_decorator.py:42 
======================================================
用例标题: 角色授权成功（rids包含特殊字符、汉字）
请求路径: http://127.0.0.1:8888/api/private/v1/roles/70/rights
请求方式: POST
请求头:   {'User-Agent': 'python-requests/2.28.2', 'Accept-Encoding': 'gzip, deflate', 'Accept': '*/*', 'Connection': 'keep-alive', 'Authorization': 'Bearer eyJhbGciOiJIUzI1NiIsInR5cCI6IkpXVCJ9.eyJ1aWQiOjUwMCwicmlkIjowLCJpYXQiOjE2ODEyMjE5OTAsImV4cCI6MTY4MTMwODM5MH0.c8KveBDN05cvk15qiLom_8xW-HTk-1JZO9nUefcFibs', 'Content-Length': '29', 'Content-Type': 'application/json'}
请求内容: {'rids': '&#(_@马华'}
接口响应内容: {'data': None, 'meta': {'msg': '更新成功', 'status': 200}}
接口响应时长: 7 ms
Http状态码: 200
断言结果: 200
=====================================================
INFO    2023-04-11 22:06:30,937G:\auto_api1_framework\logs\info-2023-04-11.log:test_role_empower.py:29 2023-04-11 22:06:30 >>>>>> 执行结束！
INFO    2023-04-11 22:06:30,939G:\auto_api1_framework\logs\info-2023-04-11.log:test_role_empower.py:26 2023-04-11 22:06:30 >>>>>> 开始执行：
INFO    2023-04-11 22:06:31,053G:\auto_api1_framework\logs\info-2023-04-11.log:log_decorator.py:42 
======================================================
用例标题: 添加角色成功（必填+选填参数）
请求路径: http://127.0.0.1:8888/api/private/v1/roles
请求方式: POST
请求头:   {'User-Agent': 'python-requests/2.28.2', 'Accept-Encoding': 'gzip, deflate', 'Accept': '*/*', 'Connection': 'keep-alive', 'Authorization': 'Bearer eyJhbGciOiJIUzI1NiIsInR5cCI6IkpXVCJ9.eyJ1aWQiOjUwMCwicmlkIjowLCJpYXQiOjE2ODEyMjE5OTAsImV4cCI6MTY4MTMwODM5MH0.c8KveBDN05cvk15qiLom_8xW-HTk-1JZO9nUefcFibs', 'Content-Length': '62', 'Content-Type': 'application/json'}
请求内容: {'roleName': '调研员', 'roleDesc': '这里'}
接口响应内容: {'data': {'roleId': 71, 'roleName': '调研员', 'roleDesc': '这里'}, 'meta': {'msg': '创建成功', 'status': 201}}
接口响应时长: 5 ms
Http状态码: 200
断言结果: 200
=====================================================
INFO    2023-04-11 22:06:31,064G:\auto_api1_framework\logs\info-2023-04-11.log:log_decorator.py:42 
======================================================
用例标题: 角色授权成功（多出id参数）
请求路径: http://127.0.0.1:8888/api/private/v1/roles/71/rights
请求方式: POST
请求头:   {'User-Agent': 'python-requests/2.28.2', 'Accept-Encoding': 'gzip, deflate', 'Accept': '*/*', 'Connection': 'keep-alive', 'Authorization': 'Bearer eyJhbGciOiJIUzI1NiIsInR5cCI6IkpXVCJ9.eyJ1aWQiOjUwMCwicmlkIjowLCJpYXQiOjE2ODEyMjE5OTAsImV4cCI6MTY4MTMwODM5MH0.c8KveBDN05cvk15qiLom_8xW-HTk-1JZO9nUefcFibs', 'Content-Length': '23', 'Content-Type': 'application/json'}
请求内容: {'rids': 10, 'id': 100}
接口响应内容: {'data': None, 'meta': {'msg': '更新成功', 'status': 200}}
接口响应时长: 8 ms
Http状态码: 200
断言结果: 200
=====================================================
INFO    2023-04-11 22:06:31,066G:\auto_api1_framework\logs\info-2023-04-11.log:test_role_empower.py:29 2023-04-11 22:06:30 >>>>>> 执行结束！
INFO    2023-04-11 22:06:31,067G:\auto_api1_framework\logs\info-2023-04-11.log:test_role_empower.py:26 2023-04-11 22:06:30 >>>>>> 开始执行：
INFO    2023-04-11 22:06:31,183G:\auto_api1_framework\logs\info-2023-04-11.log:log_decorator.py:42 
======================================================
用例标题: 添加角色成功（必填+选填参数）
请求路径: http://127.0.0.1:8888/api/private/v1/roles
请求方式: POST
请求头:   {'User-Agent': 'python-requests/2.28.2', 'Accept-Encoding': 'gzip, deflate', 'Accept': '*/*', 'Connection': 'keep-alive', 'Authorization': 'Bearer eyJhbGciOiJIUzI1NiIsInR5cCI6IkpXVCJ9.eyJ1aWQiOjUwMCwicmlkIjowLCJpYXQiOjE2ODEyMjE5OTAsImV4cCI6MTY4MTMwODM5MH0.c8KveBDN05cvk15qiLom_8xW-HTk-1JZO9nUefcFibs', 'Content-Length': '77', 'Content-Type': 'application/json'}
请求内容: {'roleName': '首席运营官COO', 'roleDesc': '学校'}
接口响应内容: {'data': {'roleId': 72, 'roleName': '首席运营官COO', 'roleDesc': '学校'}, 'meta': {'msg': '创建成功', 'status': 201}}
接口响应时长: 4 ms
Http状态码: 200
断言结果: 200
=====================================================
INFO    2023-04-11 22:06:31,189G:\auto_api1_framework\logs\info-2023-04-11.log:log_decorator.py:42 
======================================================
用例标题: 角色授权失败（缺少rids参数）
请求路径: http://127.0.0.1:8888/api/private/v1/roles/72/rights
请求方式: POST
请求头:   {'User-Agent': 'python-requests/2.28.2', 'Accept-Encoding': 'gzip, deflate', 'Accept': '*/*', 'Connection': 'keep-alive', 'Authorization': 'Bearer eyJhbGciOiJIUzI1NiIsInR5cCI6IkpXVCJ9.eyJ1aWQiOjUwMCwicmlkIjowLCJpYXQiOjE2ODEyMjE5OTAsImV4cCI6MTY4MTMwODM5MH0.c8KveBDN05cvk15qiLom_8xW-HTk-1JZO9nUefcFibs', 'Content-Length': '0'}
请求内容: None
接口响应内容: {'data': None, 'meta': {'msg': '更新权限失败', 'status': 400}}
接口响应时长: 4 ms
Http状态码: 200
断言结果: 200
=====================================================
INFO    2023-04-11 22:06:31,192G:\auto_api1_framework\logs\info-2023-04-11.log:test_role_empower.py:29 2023-04-11 22:06:30 >>>>>> 执行结束！
INFO    2023-04-11 22:06:48,722G:\auto_api1_framework\logs\info-2023-04-11.log:test_delete_role_empower.py:26 2023-04-11 22:06:48 >>>>>> 开始执行：
INFO    2023-04-11 22:06:48,729G:\auto_api1_framework\logs\info-2023-04-11.log:log_decorator.py:42 
======================================================
用例标题: 删除角色指定权限成功
请求路径: http://127.0.0.1:8888/api/private/v1/roles/%7BroleId%7D/rights/%7BrightId%7D
请求方式: DELETE
请求头:   {'User-Agent': 'python-requests/2.28.2', 'Accept-Encoding': 'gzip, deflate', 'Accept': '*/*', 'Connection': 'keep-alive', 'Authorization': 'Bearer eyJhbGciOiJIUzI1NiIsInR5cCI6IkpXVCJ9.eyJ1aWQiOjUwMCwicmlkIjowLCJpYXQiOjE2ODEyMjIwMDgsImV4cCI6MTY4MTMwODQwOH0.o6ojJR3lN6DmwjGtdPNmMKZS-DwbHNIPfH9eAnYb1CY', 'Content-Length': '46', 'Content-Type': 'application/json'}
请求内容: {'roleName': '房地产客服'}
接口响应内容: {'data': None, 'meta': {'msg': '角色ID必须为数字', 'status': 400}}
接口响应时长: 2 ms
Http状态码: 200
断言结果: 200
=====================================================
INFO    2023-04-11 22:06:48,808G:\auto_api1_framework\logs\info-2023-04-11.log:test_delete_role_empower.py:29 2023-04-11 22:06:48 >>>>>> 执行结束！
INFO    2023-04-11 22:06:48,814G:\auto_api1_framework\logs\info-2023-04-11.log:test_delete_role_empower.py:26 2023-04-11 22:06:48 >>>>>> 开始执行：
INFO    2023-04-11 22:06:48,821G:\auto_api1_framework\logs\info-2023-04-11.log:log_decorator.py:42 
======================================================
用例标题: 添加角色成功（必填+选填参数）
请求路径: http://127.0.0.1:8888/api/private/v1/roles
请求方式: POST
请求头:   {'User-Agent': 'python-requests/2.28.2', 'Accept-Encoding': 'gzip, deflate', 'Accept': '*/*', 'Connection': 'keep-alive', 'Authorization': 'Bearer eyJhbGciOiJIUzI1NiIsInR5cCI6IkpXVCJ9.eyJ1aWQiOjUwMCwicmlkIjowLCJpYXQiOjE2ODEyMjIwMDgsImV4cCI6MTY4MTMwODQwOH0.o6ojJR3lN6DmwjGtdPNmMKZS-DwbHNIPfH9eAnYb1CY', 'Content-Length': '68', 'Content-Type': 'application/json'}
请求内容: {'roleName': '舞蹈演员', 'roleDesc': '目前'}
接口响应内容: {'data': {'roleId': 73, 'roleName': '舞蹈演员', 'roleDesc': '目前'}, 'meta': {'msg': '创建成功', 'status': 201}}
接口响应时长: 4 ms
Http状态码: 200
断言结果: 200
=====================================================
INFO    2023-04-11 22:06:48,822G:\auto_api1_framework\logs\info-2023-04-11.log:test_delete_role_empower.py:29 2023-04-11 22:06:48 >>>>>> 执行结束！
INFO    2023-04-11 22:06:48,824G:\auto_api1_framework\logs\info-2023-04-11.log:test_delete_role_empower.py:26 2023-04-11 22:06:48 >>>>>> 开始执行：
INFO    2023-04-11 22:06:48,827G:\auto_api1_framework\logs\info-2023-04-11.log:log_decorator.py:42 
======================================================
用例标题: 添加角色失败（角色名称为空）
请求路径: http://127.0.0.1:8888/api/private/v1/roles
请求方式: POST
请求头:   {'User-Agent': 'python-requests/2.28.2', 'Accept-Encoding': 'gzip, deflate', 'Accept': '*/*', 'Connection': 'keep-alive', 'Authorization': 'Bearer eyJhbGciOiJIUzI1NiIsInR5cCI6IkpXVCJ9.eyJ1aWQiOjUwMCwicmlkIjowLCJpYXQiOjE2ODEyMjIwMDgsImV4cCI6MTY4MTMwODQwOH0.o6ojJR3lN6DmwjGtdPNmMKZS-DwbHNIPfH9eAnYb1CY', 'Content-Length': '46', 'Content-Type': 'application/json'}
请求内容: {'roleName': None, 'roleDesc': '内容'}
接口响应内容: {'data': None, 'meta': {'msg': '角色名称不能为空', 'status': 400}}
接口响应时长: 1 ms
Http状态码: 200
断言结果: 200
=====================================================
INFO    2023-04-11 22:06:48,835G:\auto_api1_framework\logs\info-2023-04-11.log:test_delete_role_empower.py:29 2023-04-11 22:06:48 >>>>>> 执行结束！
INFO    2023-04-11 22:06:48,839G:\auto_api1_framework\logs\info-2023-04-11.log:test_delete_role_empower.py:26 2023-04-11 22:06:48 >>>>>> 开始执行：
INFO    2023-04-11 22:06:48,845G:\auto_api1_framework\logs\info-2023-04-11.log:log_decorator.py:42 
======================================================
用例标题: 添加角色失败（角色名称纯数字）
请求路径: http://127.0.0.1:8888/api/private/v1/roles
请求方式: POST
请求头:   {'User-Agent': 'python-requests/2.28.2', 'Accept-Encoding': 'gzip, deflate', 'Accept': '*/*', 'Connection': 'keep-alive', 'Authorization': 'Bearer eyJhbGciOiJIUzI1NiIsInR5cCI6IkpXVCJ9.eyJ1aWQiOjUwMCwicmlkIjowLCJpYXQiOjE2ODEyMjIwMDgsImV4cCI6MTY4MTMwODQwOH0.o6ojJR3lN6DmwjGtdPNmMKZS-DwbHNIPfH9eAnYb1CY', 'Content-Length': '49', 'Content-Type': 'application/json'}
请求内容: {'roleName': '16112', 'roleDesc': '还是'}
接口响应内容: {'data': {'roleId': 74, 'roleName': '16112', 'roleDesc': '还是'}, 'meta': {'msg': '创建成功', 'status': 201}}
接口响应时长: 3 ms
Http状态码: 200
断言结果: 200
=====================================================
INFO    2023-04-11 22:06:48,847G:\auto_api1_framework\logs\info-2023-04-11.log:test_delete_role_empower.py:29 2023-04-11 22:06:48 >>>>>> 执行结束！
INFO    2023-04-11 22:06:48,850G:\auto_api1_framework\logs\info-2023-04-11.log:test_delete_role_empower.py:26 2023-04-11 22:06:48 >>>>>> 开始执行：
INFO    2023-04-11 22:06:48,856G:\auto_api1_framework\logs\info-2023-04-11.log:log_decorator.py:42 
======================================================
用例标题: 添加角色失败（角色名称纯字母）
请求路径: http://127.0.0.1:8888/api/private/v1/roles
请求方式: POST
请求头:   {'User-Agent': 'python-requests/2.28.2', 'Accept-Encoding': 'gzip, deflate', 'Accept': '*/*', 'Connection': 'keep-alive', 'Authorization': 'Bearer eyJhbGciOiJIUzI1NiIsInR5cCI6IkpXVCJ9.eyJ1aWQiOjUwMCwicmlkIjowLCJpYXQiOjE2ODEyMjIwMDgsImV4cCI6MTY4MTMwODQwOH0.o6ojJR3lN6DmwjGtdPNmMKZS-DwbHNIPfH9eAnYb1CY', 'Content-Length': '50', 'Content-Type': 'application/json'}
请求内容: {'roleName': 'klkDNq', 'roleDesc': '根据'}
接口响应内容: {'data': {'roleId': 75, 'roleName': 'klkDNq', 'roleDesc': '根据'}, 'meta': {'msg': '创建成功', 'status': 201}}
接口响应时长: 4 ms
Http状态码: 200
断言结果: 200
=====================================================
INFO    2023-04-11 22:06:48,857G:\auto_api1_framework\logs\info-2023-04-11.log:test_delete_role_empower.py:29 2023-04-11 22:06:48 >>>>>> 执行结束！
INFO    2023-04-11 22:06:48,859G:\auto_api1_framework\logs\info-2023-04-11.log:test_delete_role_empower.py:26 2023-04-11 22:06:48 >>>>>> 开始执行：
INFO    2023-04-11 22:06:48,866G:\auto_api1_framework\logs\info-2023-04-11.log:log_decorator.py:42 
======================================================
用例标题: 添加角色失败（角色名称包含特殊字符、汉字）
请求路径: http://127.0.0.1:8888/api/private/v1/roles
请求方式: POST
请求头:   {'User-Agent': 'python-requests/2.28.2', 'Accept-Encoding': 'gzip, deflate', 'Accept': '*/*', 'Connection': 'keep-alive', 'Authorization': 'Bearer eyJhbGciOiJIUzI1NiIsInR5cCI6IkpXVCJ9.eyJ1aWQiOjUwMCwicmlkIjowLCJpYXQiOjE2ODEyMjIwMDgsImV4cCI6MTY4MTMwODQwOH0.o6ojJR3lN6DmwjGtdPNmMKZS-DwbHNIPfH9eAnYb1CY', 'Content-Length': '61', 'Content-Type': 'application/json'}
请求内容: {'roleName': '@*+^+张荣', 'roleDesc': '简介'}
接口响应内容: {'data': {'roleId': 76, 'roleName': '@*+^+张荣', 'roleDesc': '简介'}, 'meta': {'msg': '创建成功', 'status': 201}}
接口响应时长: 4 ms
Http状态码: 200
断言结果: 200
=====================================================
INFO    2023-04-11 22:06:48,867G:\auto_api1_framework\logs\info-2023-04-11.log:test_delete_role_empower.py:29 2023-04-11 22:06:48 >>>>>> 执行结束！
INFO    2023-04-11 22:06:48,868G:\auto_api1_framework\logs\info-2023-04-11.log:test_delete_role_empower.py:26 2023-04-11 22:06:48 >>>>>> 开始执行：
INFO    2023-04-11 22:06:48,876G:\auto_api1_framework\logs\info-2023-04-11.log:log_decorator.py:42 
======================================================
用例标题: 添加角色失败（多出roleId参数）
请求路径: http://127.0.0.1:8888/api/private/v1/roles
请求方式: POST
请求头:   {'User-Agent': 'python-requests/2.28.2', 'Accept-Encoding': 'gzip, deflate', 'Accept': '*/*', 'Connection': 'keep-alive', 'Authorization': 'Bearer eyJhbGciOiJIUzI1NiIsInR5cCI6IkpXVCJ9.eyJ1aWQiOjUwMCwicmlkIjowLCJpYXQiOjE2ODEyMjIwMDgsImV4cCI6MTY4MTMwODQwOH0.o6ojJR3lN6DmwjGtdPNmMKZS-DwbHNIPfH9eAnYb1CY', 'Content-Length': '70', 'Content-Type': 'application/json'}
请求内容: {'roleName': '社区', 'roleDesc': '因为', 'roleId': 99}
接口响应内容: {'data': {'roleId': 77, 'roleName': '社区', 'roleDesc': '因为'}, 'meta': {'msg': '创建成功', 'status': 201}}
接口响应时长: 4 ms
Http状态码: 200
断言结果: 200
=====================================================
INFO    2023-04-11 22:06:48,877G:\auto_api1_framework\logs\info-2023-04-11.log:test_delete_role_empower.py:29 2023-04-11 22:06:48 >>>>>> 执行结束！
INFO    2023-04-11 22:06:48,879G:\auto_api1_framework\logs\info-2023-04-11.log:test_delete_role_empower.py:26 2023-04-11 22:06:48 >>>>>> 开始执行：
INFO    2023-04-11 22:06:48,885G:\auto_api1_framework\logs\info-2023-04-11.log:log_decorator.py:42 
======================================================
用例标题: 添加角色失败（缺少roleName参数）
请求路径: http://127.0.0.1:8888/api/private/v1/roles
请求方式: POST
请求头:   {'User-Agent': 'python-requests/2.28.2', 'Accept-Encoding': 'gzip, deflate', 'Accept': '*/*', 'Connection': 'keep-alive', 'Authorization': 'Bearer eyJhbGciOiJIUzI1NiIsInR5cCI6IkpXVCJ9.eyJ1aWQiOjUwMCwicmlkIjowLCJpYXQiOjE2ODEyMjIwMDgsImV4cCI6MTY4MTMwODQwOH0.o6ojJR3lN6DmwjGtdPNmMKZS-DwbHNIPfH9eAnYb1CY', 'Content-Length': '28', 'Content-Type': 'application/json'}
请求内容: {'roleDesc': '用户'}
接口响应内容: {'data': None, 'meta': {'msg': '角色名称不能为空', 'status': 400}}
接口响应时长: 2 ms
Http状态码: 200
断言结果: 200
=====================================================
INFO    2023-04-11 22:06:48,892G:\auto_api1_framework\logs\info-2023-04-11.log:test_delete_role_empower.py:29 2023-04-11 22:06:48 >>>>>> 执行结束！
INFO    2023-04-11 22:06:48,894G:\auto_api1_framework\logs\info-2023-04-11.log:test_delete_role_empower.py:26 2023-04-11 22:06:48 >>>>>> 开始执行：
INFO    2023-04-11 22:06:48,903G:\auto_api1_framework\logs\info-2023-04-11.log:log_decorator.py:42 
======================================================
用例标题: 添加角色失败（修改roleName参数）
请求路径: http://127.0.0.1:8888/api/private/v1/roles
请求方式: POST
请求头:   {'User-Agent': 'python-requests/2.28.2', 'Accept-Encoding': 'gzip, deflate', 'Accept': '*/*', 'Connection': 'keep-alive', 'Authorization': 'Bearer eyJhbGciOiJIUzI1NiIsInR5cCI6IkpXVCJ9.eyJ1aWQiOjUwMCwicmlkIjowLCJpYXQiOjE2ODEyMjIwMDgsImV4cCI6MTY4MTMwODQwOH0.o6ojJR3lN6DmwjGtdPNmMKZS-DwbHNIPfH9eAnYb1CY', 'Content-Length': '29', 'Content-Type': 'application/json'}
请求内容: {'roleName1': '通过'}
接口响应内容: {'data': None, 'meta': {'msg': '角色名称不能为空', 'status': 400}}
接口响应时长: 5 ms
Http状态码: 200
断言结果: 200
=====================================================
INFO    2023-04-11 22:06:48,909G:\auto_api1_framework\logs\info-2023-04-11.log:test_delete_role_empower.py:29 2023-04-11 22:06:48 >>>>>> 执行结束！
INFO    2023-04-11 22:06:48,911G:\auto_api1_framework\logs\info-2023-04-11.log:test_delete_role_empower.py:26 2023-04-11 22:06:48 >>>>>> 开始执行：
INFO    2023-04-11 22:06:48,916G:\auto_api1_framework\logs\info-2023-04-11.log:log_decorator.py:42 
======================================================
用例标题: 添加角色失败（没有参数）
请求路径: http://127.0.0.1:8888/api/private/v1/roles
请求方式: POST
请求头:   {'User-Agent': 'python-requests/2.28.2', 'Accept-Encoding': 'gzip, deflate', 'Accept': '*/*', 'Connection': 'keep-alive', 'Authorization': 'Bearer eyJhbGciOiJIUzI1NiIsInR5cCI6IkpXVCJ9.eyJ1aWQiOjUwMCwicmlkIjowLCJpYXQiOjE2ODEyMjIwMDgsImV4cCI6MTY4MTMwODQwOH0.o6ojJR3lN6DmwjGtdPNmMKZS-DwbHNIPfH9eAnYb1CY', 'Content-Length': '0'}
请求内容: None
接口响应内容: {'data': None, 'meta': {'msg': '角色名称不能为空', 'status': 400}}
接口响应时长: 2 ms
Http状态码: 200
断言结果: 200
=====================================================
INFO    2023-04-11 22:06:48,922G:\auto_api1_framework\logs\info-2023-04-11.log:test_delete_role_empower.py:29 2023-04-11 22:06:48 >>>>>> 执行结束！
INFO    2023-04-11 22:10:49,629G:\auto_api1_framework\logs\info-2023-04-11.log:test_assign_user_roles.py:26 2023-04-11 22:10:49 >>>>>> 开始执行：
INFO    2023-04-11 22:10:49,863G:\auto_api1_framework\logs\info-2023-04-11.log:log_decorator.py:42 
======================================================
用例标题: 创建用户成功（全部参数）
请求路径: http://127.0.0.1:8888/api/private/v1/users
请求方式: POST
请求头:   {'User-Agent': 'python-requests/2.28.2', 'Accept-Encoding': 'gzip, deflate', 'Accept': '*/*', 'Connection': 'keep-alive', 'Content-Type': 'application/json', 'Authorization': 'Bearer eyJhbGciOiJIUzI1NiIsInR5cCI6IkpXVCJ9.eyJ1aWQiOjUwMCwicmlkIjowLCJpYXQiOjE2ODEyMjIyNDksImV4cCI6MTY4MTMwODY0OX0.Ci1l9A2kk_GYrukWhR6siLUF0m9jRNYzeWv_nLOQbJ4', 'Content-Length': '100'}
请求内容: {'username': 'VjvoG744', 'password': '*5cROtRq', 'email': 'uluo@gmail.com', 'mobile': '15350985010'}
接口响应内容: {'data': {'id': 1060, 'username': 'VjvoG744', 'mobile': '15350985010', 'email': 'uluo@gmail.com', 'role_id': -1, 'create_time': 1681222249}, 'meta': {'msg': '创建成功', 'status': 201}}
接口响应时长: 77 ms
Http状态码: 200
断言结果: 200
=====================================================
INFO    2023-04-11 22:10:49,871G:\auto_api1_framework\logs\info-2023-04-11.log:log_decorator.py:42 
======================================================
用例标题: 分配用户角色成功
请求路径: http://127.0.0.1:8888/api/private/v1/users/1060/role
请求方式: PUT
请求头:   {'User-Agent': 'python-requests/2.28.2', 'Accept-Encoding': 'gzip, deflate', 'Accept': '*/*', 'Connection': 'keep-alive', 'Authorization': 'Bearer eyJhbGciOiJIUzI1NiIsInR5cCI6IkpXVCJ9.eyJ1aWQiOjUwMCwicmlkIjowLCJpYXQiOjE2ODEyMjIyNDksImV4cCI6MTY4MTMwODY0OX0.Ci1l9A2kk_GYrukWhR6siLUF0m9jRNYzeWv_nLOQbJ4', 'Content-Length': '12', 'Content-Type': 'application/json'}
请求内容: {'rid': 110}
接口响应内容: {'data': {'id': 1060, 'rid': 110, 'username': 'VjvoG744', 'mobile': '15350985010', 'email': 'uluo@gmail.com'}, 'meta': {'msg': '设置角色成功', 'status': 200}}
接口响应时长: 5 ms
Http状态码: 200
断言结果: 200
=====================================================
INFO    2023-04-11 22:10:49,872G:\auto_api1_framework\logs\info-2023-04-11.log:test_assign_user_roles.py:29 2023-04-11 22:10:49 >>>>>> 执行结束！
INFO    2023-04-11 22:10:49,878G:\auto_api1_framework\logs\info-2023-04-11.log:test_assign_user_roles.py:26 2023-04-11 22:10:49 >>>>>> 开始执行：
INFO    2023-04-11 22:10:49,882G:\auto_api1_framework\logs\info-2023-04-11.log:log_decorator.py:42 
======================================================
用例标题: 分配用户角色失败（id为字符串）
请求路径: http://127.0.0.1:8888/api/private/v1/users/eFQmGu/role
请求方式: PUT
请求头:   {'User-Agent': 'python-requests/2.28.2', 'Accept-Encoding': 'gzip, deflate', 'Accept': '*/*', 'Connection': 'keep-alive', 'Authorization': 'Bearer eyJhbGciOiJIUzI1NiIsInR5cCI6IkpXVCJ9.eyJ1aWQiOjUwMCwicmlkIjowLCJpYXQiOjE2ODEyMjIyNDksImV4cCI6MTY4MTMwODY0OX0.Ci1l9A2kk_GYrukWhR6siLUF0m9jRNYzeWv_nLOQbJ4', 'Content-Length': '0'}
请求内容: {'rid': 10}
接口响应内容: {'data': None, 'meta': {'msg': '用户ID必须是数字', 'status': 400}}
接口响应时长: 1 ms
Http状态码: 200
断言结果: 200
=====================================================
INFO    2023-04-11 22:10:49,884G:\auto_api1_framework\logs\info-2023-04-11.log:test_assign_user_roles.py:29 2023-04-11 22:10:49 >>>>>> 执行结束！
INFO    2023-04-11 22:10:49,885G:\auto_api1_framework\logs\info-2023-04-11.log:test_assign_user_roles.py:26 2023-04-11 22:10:49 >>>>>> 开始执行：
INFO    2023-04-11 22:10:49,888G:\auto_api1_framework\logs\info-2023-04-11.log:log_decorator.py:42 
======================================================
用例标题: 分配用户角色失败（id包含特殊字符）
请求路径: http://127.0.0.1:8888/api/private/v1/users/$__&*/role
请求方式: PUT
请求头:   {'User-Agent': 'python-requests/2.28.2', 'Accept-Encoding': 'gzip, deflate', 'Accept': '*/*', 'Connection': 'keep-alive', 'Authorization': 'Bearer eyJhbGciOiJIUzI1NiIsInR5cCI6IkpXVCJ9.eyJ1aWQiOjUwMCwicmlkIjowLCJpYXQiOjE2ODEyMjIyNDksImV4cCI6MTY4MTMwODY0OX0.Ci1l9A2kk_GYrukWhR6siLUF0m9jRNYzeWv_nLOQbJ4', 'Content-Length': '0'}
请求内容: {'rid': 10}
接口响应内容: {'data': None, 'meta': {'msg': '用户ID必须是数字', 'status': 400}}
接口响应时长: 1 ms
Http状态码: 200
断言结果: 200
=====================================================
INFO    2023-04-11 22:10:49,889G:\auto_api1_framework\logs\info-2023-04-11.log:test_assign_user_roles.py:29 2023-04-11 22:10:49 >>>>>> 执行结束！
INFO    2023-04-11 22:10:49,890G:\auto_api1_framework\logs\info-2023-04-11.log:test_assign_user_roles.py:26 2023-04-11 22:10:49 >>>>>> 开始执行：
INFO    2023-04-11 22:10:49,893G:\auto_api1_framework\logs\info-2023-04-11.log:log_decorator.py:42 
======================================================
用例标题: 分配用户角色失败（id为中文）
请求路径: http://127.0.0.1:8888/api/private/v1/users/qhmDR938/role
请求方式: PUT
请求头:   {'User-Agent': 'python-requests/2.28.2', 'Accept-Encoding': 'gzip, deflate', 'Accept': '*/*', 'Connection': 'keep-alive', 'Authorization': 'Bearer eyJhbGciOiJIUzI1NiIsInR5cCI6IkpXVCJ9.eyJ1aWQiOjUwMCwicmlkIjowLCJpYXQiOjE2ODEyMjIyNDksImV4cCI6MTY4MTMwODY0OX0.Ci1l9A2kk_GYrukWhR6siLUF0m9jRNYzeWv_nLOQbJ4', 'Content-Length': '0'}
请求内容: {'rid': 10}
接口响应内容: {'data': None, 'meta': {'msg': '用户ID必须是数字', 'status': 400}}
接口响应时长: 1 ms
Http状态码: 200
断言结果: 200
=====================================================
INFO    2023-04-11 22:10:49,895G:\auto_api1_framework\logs\info-2023-04-11.log:test_assign_user_roles.py:29 2023-04-11 22:10:49 >>>>>> 执行结束！
INFO    2023-04-11 22:11:24,389G:\auto_api1_framework\logs\info-2023-04-11.log:test_role_empower.py:26 2023-04-11 22:11:24 >>>>>> 开始执行：
INFO    2023-04-11 22:11:24,480G:\auto_api1_framework\logs\info-2023-04-11.log:log_decorator.py:42 
======================================================
用例标题: 添加角色成功（必填+选填参数）
请求路径: http://127.0.0.1:8888/api/private/v1/roles
请求方式: POST
请求头:   {'User-Agent': 'python-requests/2.28.2', 'Accept-Encoding': 'gzip, deflate', 'Accept': '*/*', 'Connection': 'keep-alive', 'Authorization': 'Bearer eyJhbGciOiJIUzI1NiIsInR5cCI6IkpXVCJ9.eyJ1aWQiOjUwMCwicmlkIjowLCJpYXQiOjE2ODEyMjIyODQsImV4cCI6MTY4MTMwODY4NH0.pvIMW52L-Gte5qIIkg9NeDxfDPx0vy-Xldh6zjVRGdI', 'Content-Length': '80', 'Content-Type': 'application/json'}
请求内容: {'roleName': '综合业务专员', 'roleDesc': '国家'}
接口响应内容: {'data': {'roleId': 78, 'roleName': '综合业务专员', 'roleDesc': '国家'}, 'meta': {'msg': '创建成功', 'status': 201}}
接口响应时长: 5 ms
Http状态码: 200
断言结果: 200
=====================================================
INFO    2023-04-11 22:11:24,489G:\auto_api1_framework\logs\info-2023-04-11.log:log_decorator.py:42 
======================================================
用例标题: 角色授权成功
请求路径: http://127.0.0.1:8888/api/private/v1/roles/78/rights
请求方式: POST
请求头:   {'User-Agent': 'python-requests/2.28.2', 'Accept-Encoding': 'gzip, deflate', 'Accept': '*/*', 'Connection': 'keep-alive', 'Authorization': 'Bearer eyJhbGciOiJIUzI1NiIsInR5cCI6IkpXVCJ9.eyJ1aWQiOjUwMCwicmlkIjowLCJpYXQiOjE2ODEyMjIyODQsImV4cCI6MTY4MTMwODY4NH0.pvIMW52L-Gte5qIIkg9NeDxfDPx0vy-Xldh6zjVRGdI', 'Content-Length': '12', 'Content-Type': 'application/json'}
请求内容: {'rids': 10}
接口响应内容: {'data': None, 'meta': {'msg': '更新成功', 'status': 200}}
接口响应时长: 6 ms
Http状态码: 200
断言结果: 200
=====================================================
INFO    2023-04-11 22:11:24,490G:\auto_api1_framework\logs\info-2023-04-11.log:test_role_empower.py:29 2023-04-11 22:11:24 >>>>>> 执行结束！
INFO    2023-04-11 22:11:24,492G:\auto_api1_framework\logs\info-2023-04-11.log:test_role_empower.py:26 2023-04-11 22:11:24 >>>>>> 开始执行：
INFO    2023-04-11 22:11:24,497G:\auto_api1_framework\logs\info-2023-04-11.log:log_decorator.py:42 
======================================================
用例标题: 角色授权失败（roleId不存在）
请求路径: http://127.0.0.1:8888/api/private/v1/roles/1681222283/rights
请求方式: POST
请求头:   {'User-Agent': 'python-requests/2.28.2', 'Accept-Encoding': 'gzip, deflate', 'Accept': '*/*', 'Connection': 'keep-alive', 'Authorization': 'Bearer eyJhbGciOiJIUzI1NiIsInR5cCI6IkpXVCJ9.eyJ1aWQiOjUwMCwicmlkIjowLCJpYXQiOjE2ODEyMjIyODQsImV4cCI6MTY4MTMwODY4NH0.pvIMW52L-Gte5qIIkg9NeDxfDPx0vy-Xldh6zjVRGdI', 'Content-Length': '12', 'Content-Type': 'application/json'}
请求内容: {'rids': 10}
接口响应内容: {'data': None, 'meta': {'msg': '更新权限失败', 'status': 400}}
接口响应时长: 3 ms
Http状态码: 200
断言结果: 200
=====================================================
INFO    2023-04-11 22:11:24,499G:\auto_api1_framework\logs\info-2023-04-11.log:test_role_empower.py:29 2023-04-11 22:11:24 >>>>>> 执行结束！
INFO    2023-04-11 22:11:24,501G:\auto_api1_framework\logs\info-2023-04-11.log:test_role_empower.py:26 2023-04-11 22:11:24 >>>>>> 开始执行：
INFO    2023-04-11 22:11:24,504G:\auto_api1_framework\logs\info-2023-04-11.log:log_decorator.py:42 
======================================================
用例标题: 角色授权失败（未指定roleId）
请求路径: http://127.0.0.1:8888/api/private/v1/roles/rights
请求方式: POST
请求头:   {'User-Agent': 'python-requests/2.28.2', 'Accept-Encoding': 'gzip, deflate', 'Accept': '*/*', 'Connection': 'keep-alive', 'Authorization': 'Bearer eyJhbGciOiJIUzI1NiIsInR5cCI6IkpXVCJ9.eyJ1aWQiOjUwMCwicmlkIjowLCJpYXQiOjE2ODEyMjIyODQsImV4cCI6MTY4MTMwODY4NH0.pvIMW52L-Gte5qIIkg9NeDxfDPx0vy-Xldh6zjVRGdI', 'Content-Length': '12', 'Content-Type': 'application/json'}
请求内容: {'rids': 10}
接口响应内容: {'data': None, 'meta': {'msg': 'Not Found', 'status': 404}}
接口响应时长: 1 ms
Http状态码: 200
断言结果: 200
=====================================================
INFO    2023-04-11 22:11:24,506G:\auto_api1_framework\logs\info-2023-04-11.log:test_role_empower.py:29 2023-04-11 22:11:24 >>>>>> 执行结束！
INFO    2023-04-11 22:11:24,507G:\auto_api1_framework\logs\info-2023-04-11.log:test_role_empower.py:26 2023-04-11 22:11:24 >>>>>> 开始执行：
INFO    2023-04-11 22:11:24,597G:\auto_api1_framework\logs\info-2023-04-11.log:log_decorator.py:42 
======================================================
用例标题: 添加角色成功（必填+选填参数）
请求路径: http://127.0.0.1:8888/api/private/v1/roles
请求方式: POST
请求头:   {'User-Agent': 'python-requests/2.28.2', 'Accept-Encoding': 'gzip, deflate', 'Accept': '*/*', 'Connection': 'keep-alive', 'Authorization': 'Bearer eyJhbGciOiJIUzI1NiIsInR5cCI6IkpXVCJ9.eyJ1aWQiOjUwMCwicmlkIjowLCJpYXQiOjE2ODEyMjIyODQsImV4cCI6MTY4MTMwODY4NH0.pvIMW52L-Gte5qIIkg9NeDxfDPx0vy-Xldh6zjVRGdI', 'Content-Length': '56', 'Content-Type': 'application/json'}
请求内容: {'roleName': '编辑', 'roleDesc': '表示'}
接口响应内容: {'data': {'roleId': 79, 'roleName': '编辑', 'roleDesc': '表示'}, 'meta': {'msg': '创建成功', 'status': 201}}
接口响应时长: 3 ms
Http状态码: 200
断言结果: 200
=====================================================
INFO    2023-04-11 22:11:24,602G:\auto_api1_framework\logs\info-2023-04-11.log:log_decorator.py:42 
======================================================
用例标题: 角色授权失败（rids为空）
请求路径: http://127.0.0.1:8888/api/private/v1/roles/79/rights
请求方式: POST
请求头:   {'User-Agent': 'python-requests/2.28.2', 'Accept-Encoding': 'gzip, deflate', 'Accept': '*/*', 'Connection': 'keep-alive', 'Authorization': 'Bearer eyJhbGciOiJIUzI1NiIsInR5cCI6IkpXVCJ9.eyJ1aWQiOjUwMCwicmlkIjowLCJpYXQiOjE2ODEyMjIyODQsImV4cCI6MTY4MTMwODY4NH0.pvIMW52L-Gte5qIIkg9NeDxfDPx0vy-Xldh6zjVRGdI', 'Content-Length': '14', 'Content-Type': 'application/json'}
请求内容: {'rids': None}
接口响应内容: {'data': None, 'meta': {'msg': '更新权限失败', 'status': 400}}
接口响应时长: 3 ms
Http状态码: 200
断言结果: 200
=====================================================
INFO    2023-04-11 22:11:24,603G:\auto_api1_framework\logs\info-2023-04-11.log:test_role_empower.py:29 2023-04-11 22:11:24 >>>>>> 执行结束！
INFO    2023-04-11 22:11:24,604G:\auto_api1_framework\logs\info-2023-04-11.log:test_role_empower.py:26 2023-04-11 22:11:24 >>>>>> 开始执行：
INFO    2023-04-11 22:11:24,698G:\auto_api1_framework\logs\info-2023-04-11.log:log_decorator.py:42 
======================================================
用例标题: 添加角色成功（必填+选填参数）
请求路径: http://127.0.0.1:8888/api/private/v1/roles
请求方式: POST
请求头:   {'User-Agent': 'python-requests/2.28.2', 'Accept-Encoding': 'gzip, deflate', 'Accept': '*/*', 'Connection': 'keep-alive', 'Authorization': 'Bearer eyJhbGciOiJIUzI1NiIsInR5cCI6IkpXVCJ9.eyJ1aWQiOjUwMCwicmlkIjowLCJpYXQiOjE2ODEyMjIyODQsImV4cCI6MTY4MTMwODY4NH0.pvIMW52L-Gte5qIIkg9NeDxfDPx0vy-Xldh6zjVRGdI', 'Content-Length': '62', 'Content-Type': 'application/json'}
请求内容: {'roleName': '行李员', 'roleDesc': '分析'}
接口响应内容: {'data': {'roleId': 80, 'roleName': '行李员', 'roleDesc': '分析'}, 'meta': {'msg': '创建成功', 'status': 201}}
接口响应时长: 3 ms
Http状态码: 200
断言结果: 200
=====================================================
INFO    2023-04-11 22:11:24,704G:\auto_api1_framework\logs\info-2023-04-11.log:log_decorator.py:42 
======================================================
用例标题: 角色授权成功（rids纯数字）
请求路径: http://127.0.0.1:8888/api/private/v1/roles/80/rights
请求方式: POST
请求头:   {'User-Agent': 'python-requests/2.28.2', 'Accept-Encoding': 'gzip, deflate', 'Accept': '*/*', 'Connection': 'keep-alive', 'Authorization': 'Bearer eyJhbGciOiJIUzI1NiIsInR5cCI6IkpXVCJ9.eyJ1aWQiOjUwMCwicmlkIjowLCJpYXQiOjE2ODEyMjIyODQsImV4cCI6MTY4MTMwODY4NH0.pvIMW52L-Gte5qIIkg9NeDxfDPx0vy-Xldh6zjVRGdI', 'Content-Length': '18', 'Content-Type': 'application/json'}
请求内容: {'rids': '758210'}
接口响应内容: {'data': None, 'meta': {'msg': '更新成功', 'status': 200}}
接口响应时长: 4 ms
Http状态码: 200
断言结果: 200
=====================================================
INFO    2023-04-11 22:11:24,705G:\auto_api1_framework\logs\info-2023-04-11.log:test_role_empower.py:29 2023-04-11 22:11:24 >>>>>> 执行结束！
INFO    2023-04-11 22:11:24,707G:\auto_api1_framework\logs\info-2023-04-11.log:test_role_empower.py:26 2023-04-11 22:11:24 >>>>>> 开始执行：
INFO    2023-04-11 22:11:24,797G:\auto_api1_framework\logs\info-2023-04-11.log:log_decorator.py:42 
======================================================
用例标题: 添加角色成功（必填+选填参数）
请求路径: http://127.0.0.1:8888/api/private/v1/roles
请求方式: POST
请求头:   {'User-Agent': 'python-requests/2.28.2', 'Accept-Encoding': 'gzip, deflate', 'Accept': '*/*', 'Connection': 'keep-alive', 'Authorization': 'Bearer eyJhbGciOiJIUzI1NiIsInR5cCI6IkpXVCJ9.eyJ1aWQiOjUwMCwicmlkIjowLCJpYXQiOjE2ODEyMjIyODQsImV4cCI6MTY4MTMwODY4NH0.pvIMW52L-Gte5qIIkg9NeDxfDPx0vy-Xldh6zjVRGdI', 'Content-Length': '68', 'Content-Type': 'application/json'}
请求内容: {'roleName': '汽车制造', 'roleDesc': '规定'}
接口响应内容: {'data': {'roleId': 81, 'roleName': '汽车制造', 'roleDesc': '规定'}, 'meta': {'msg': '创建成功', 'status': 201}}
接口响应时长: 3 ms
Http状态码: 200
断言结果: 200
=====================================================
INFO    2023-04-11 22:11:24,802G:\auto_api1_framework\logs\info-2023-04-11.log:log_decorator.py:42 
======================================================
用例标题: 角色授权成功（rids纯字母）
请求路径: http://127.0.0.1:8888/api/private/v1/roles/81/rights
请求方式: POST
请求头:   {'User-Agent': 'python-requests/2.28.2', 'Accept-Encoding': 'gzip, deflate', 'Accept': '*/*', 'Connection': 'keep-alive', 'Authorization': 'Bearer eyJhbGciOiJIUzI1NiIsInR5cCI6IkpXVCJ9.eyJ1aWQiOjUwMCwicmlkIjowLCJpYXQiOjE2ODEyMjIyODQsImV4cCI6MTY4MTMwODY4NH0.pvIMW52L-Gte5qIIkg9NeDxfDPx0vy-Xldh6zjVRGdI', 'Content-Length': '18', 'Content-Type': 'application/json'}
请求内容: {'rids': 'QoVxPQ'}
接口响应内容: {'data': None, 'meta': {'msg': '更新成功', 'status': 200}}
接口响应时长: 3 ms
Http状态码: 200
断言结果: 200
=====================================================
INFO    2023-04-11 22:11:24,803G:\auto_api1_framework\logs\info-2023-04-11.log:test_role_empower.py:29 2023-04-11 22:11:24 >>>>>> 执行结束！
INFO    2023-04-11 22:11:24,806G:\auto_api1_framework\logs\info-2023-04-11.log:test_role_empower.py:26 2023-04-11 22:11:24 >>>>>> 开始执行：
INFO    2023-04-11 22:11:24,899G:\auto_api1_framework\logs\info-2023-04-11.log:log_decorator.py:42 
======================================================
用例标题: 添加角色成功（必填+选填参数）
请求路径: http://127.0.0.1:8888/api/private/v1/roles
请求方式: POST
请求头:   {'User-Agent': 'python-requests/2.28.2', 'Accept-Encoding': 'gzip, deflate', 'Accept': '*/*', 'Connection': 'keep-alive', 'Authorization': 'Bearer eyJhbGciOiJIUzI1NiIsInR5cCI6IkpXVCJ9.eyJ1aWQiOjUwMCwicmlkIjowLCJpYXQiOjE2ODEyMjIyODQsImV4cCI6MTY4MTMwODY4NH0.pvIMW52L-Gte5qIIkg9NeDxfDPx0vy-Xldh6zjVRGdI', 'Content-Length': '68', 'Content-Type': 'application/json'}
请求内容: {'roleName': '运动健身', 'roleDesc': '影响'}
接口响应内容: {'data': {'roleId': 82, 'roleName': '运动健身', 'roleDesc': '影响'}, 'meta': {'msg': '创建成功', 'status': 201}}
接口响应时长: 6 ms
Http状态码: 200
断言结果: 200
=====================================================
INFO    2023-04-11 22:11:24,906G:\auto_api1_framework\logs\info-2023-04-11.log:log_decorator.py:42 
======================================================
用例标题: 角色授权成功（rids包含特殊字符、汉字）
请求路径: http://127.0.0.1:8888/api/private/v1/roles/82/rights
请求方式: POST
请求头:   {'User-Agent': 'python-requests/2.28.2', 'Accept-Encoding': 'gzip, deflate', 'Accept': '*/*', 'Connection': 'keep-alive', 'Authorization': 'Bearer eyJhbGciOiJIUzI1NiIsInR5cCI6IkpXVCJ9.eyJ1aWQiOjUwMCwicmlkIjowLCJpYXQiOjE2ODEyMjIyODQsImV4cCI6MTY4MTMwODY4NH0.pvIMW52L-Gte5qIIkg9NeDxfDPx0vy-Xldh6zjVRGdI', 'Content-Length': '29', 'Content-Type': 'application/json'}
请求内容: {'rids': '&&#*#黄坤'}
接口响应内容: {'data': None, 'meta': {'msg': '更新成功', 'status': 200}}
接口响应时长: 5 ms
Http状态码: 200
断言结果: 200
=====================================================
INFO    2023-04-11 22:11:24,907G:\auto_api1_framework\logs\info-2023-04-11.log:test_role_empower.py:29 2023-04-11 22:11:24 >>>>>> 执行结束！
INFO    2023-04-11 22:11:24,909G:\auto_api1_framework\logs\info-2023-04-11.log:test_role_empower.py:26 2023-04-11 22:11:24 >>>>>> 开始执行：
INFO    2023-04-11 22:11:25,004G:\auto_api1_framework\logs\info-2023-04-11.log:log_decorator.py:42 
======================================================
用例标题: 添加角色成功（必填+选填参数）
请求路径: http://127.0.0.1:8888/api/private/v1/roles
请求方式: POST
请求头:   {'User-Agent': 'python-requests/2.28.2', 'Accept-Encoding': 'gzip, deflate', 'Accept': '*/*', 'Connection': 'keep-alive', 'Authorization': 'Bearer eyJhbGciOiJIUzI1NiIsInR5cCI6IkpXVCJ9.eyJ1aWQiOjUwMCwicmlkIjowLCJpYXQiOjE2ODEyMjIyODQsImV4cCI6MTY4MTMwODY4NH0.pvIMW52L-Gte5qIIkg9NeDxfDPx0vy-Xldh6zjVRGdI', 'Content-Length': '93', 'Content-Type': 'application/json'}
请求内容: {'roleName': '财务分析经理/主管', 'roleDesc': '起来'}
接口响应内容: {'data': {'roleId': 83, 'roleName': '财务分析经理/主管', 'roleDesc': '起来'}, 'meta': {'msg': '创建成功', 'status': 201}}
接口响应时长: 3 ms
Http状态码: 200
断言结果: 200
=====================================================
INFO    2023-04-11 22:11:25,009G:\auto_api1_framework\logs\info-2023-04-11.log:log_decorator.py:42 
======================================================
用例标题: 角色授权成功（多出id参数）
请求路径: http://127.0.0.1:8888/api/private/v1/roles/83/rights
请求方式: POST
请求头:   {'User-Agent': 'python-requests/2.28.2', 'Accept-Encoding': 'gzip, deflate', 'Accept': '*/*', 'Connection': 'keep-alive', 'Authorization': 'Bearer eyJhbGciOiJIUzI1NiIsInR5cCI6IkpXVCJ9.eyJ1aWQiOjUwMCwicmlkIjowLCJpYXQiOjE2ODEyMjIyODQsImV4cCI6MTY4MTMwODY4NH0.pvIMW52L-Gte5qIIkg9NeDxfDPx0vy-Xldh6zjVRGdI', 'Content-Length': '23', 'Content-Type': 'application/json'}
请求内容: {'rids': 10, 'id': 100}
接口响应内容: {'data': None, 'meta': {'msg': '更新成功', 'status': 200}}
接口响应时长: 3 ms
Http状态码: 200
断言结果: 200
=====================================================
INFO    2023-04-11 22:11:25,010G:\auto_api1_framework\logs\info-2023-04-11.log:test_role_empower.py:29 2023-04-11 22:11:24 >>>>>> 执行结束！
INFO    2023-04-11 22:11:25,012G:\auto_api1_framework\logs\info-2023-04-11.log:test_role_empower.py:26 2023-04-11 22:11:24 >>>>>> 开始执行：
INFO    2023-04-11 22:11:25,115G:\auto_api1_framework\logs\info-2023-04-11.log:log_decorator.py:42 
======================================================
用例标题: 添加角色成功（必填+选填参数）
请求路径: http://127.0.0.1:8888/api/private/v1/roles
请求方式: POST
请求头:   {'User-Agent': 'python-requests/2.28.2', 'Accept-Encoding': 'gzip, deflate', 'Accept': '*/*', 'Connection': 'keep-alive', 'Authorization': 'Bearer eyJhbGciOiJIUzI1NiIsInR5cCI6IkpXVCJ9.eyJ1aWQiOjUwMCwicmlkIjowLCJpYXQiOjE2ODEyMjIyODQsImV4cCI6MTY4MTMwODY4NH0.pvIMW52L-Gte5qIIkg9NeDxfDPx0vy-Xldh6zjVRGdI', 'Content-Length': '93', 'Content-Type': 'application/json'}
请求内容: {'roleName': '广告客户主管/专员', 'roleDesc': '完全'}
接口响应内容: {'data': {'roleId': 84, 'roleName': '广告客户主管/专员', 'roleDesc': '完全'}, 'meta': {'msg': '创建成功', 'status': 201}}
接口响应时长: 4 ms
Http状态码: 200
断言结果: 200
=====================================================
INFO    2023-04-11 22:11:25,122G:\auto_api1_framework\logs\info-2023-04-11.log:log_decorator.py:42 
======================================================
用例标题: 角色授权失败（缺少rids参数）
请求路径: http://127.0.0.1:8888/api/private/v1/roles/84/rights
请求方式: POST
请求头:   {'User-Agent': 'python-requests/2.28.2', 'Accept-Encoding': 'gzip, deflate', 'Accept': '*/*', 'Connection': 'keep-alive', 'Authorization': 'Bearer eyJhbGciOiJIUzI1NiIsInR5cCI6IkpXVCJ9.eyJ1aWQiOjUwMCwicmlkIjowLCJpYXQiOjE2ODEyMjIyODQsImV4cCI6MTY4MTMwODY4NH0.pvIMW52L-Gte5qIIkg9NeDxfDPx0vy-Xldh6zjVRGdI', 'Content-Length': '0'}
请求内容: None
接口响应内容: {'data': None, 'meta': {'msg': '更新权限失败', 'status': 400}}
接口响应时长: 4 ms
Http状态码: 200
断言结果: 200
=====================================================
INFO    2023-04-11 22:11:25,123G:\auto_api1_framework\logs\info-2023-04-11.log:test_role_empower.py:29 2023-04-11 22:11:24 >>>>>> 执行结束！
INFO    2023-04-11 22:11:50,616G:\auto_api1_framework\logs\info-2023-04-11.log:test_role_empower.py:26 2023-04-11 22:11:50 >>>>>> 开始执行：
INFO    2023-04-11 22:11:50,727G:\auto_api1_framework\logs\info-2023-04-11.log:log_decorator.py:42 
======================================================
用例标题: 添加角色成功（必填+选填参数）
请求路径: http://127.0.0.1:8888/api/private/v1/roles
请求方式: POST
请求头:   {'User-Agent': 'python-requests/2.28.2', 'Accept-Encoding': 'gzip, deflate', 'Accept': '*/*', 'Connection': 'keep-alive', 'Authorization': 'Bearer eyJhbGciOiJIUzI1NiIsInR5cCI6IkpXVCJ9.eyJ1aWQiOjUwMCwicmlkIjowLCJpYXQiOjE2ODEyMjIzMTAsImV4cCI6MTY4MTMwODcxMH0.-1IvC1leP3x6XBpz5p-0LZjR4o7s_HDMPMtw_achz3w', 'Content-Length': '100', 'Content-Type': 'application/json'}
请求内容: {'roleName': '板房/楦头/底格出格师', 'roleDesc': '加入'}
接口响应内容: {'data': {'roleId': 85, 'roleName': '板房/楦头/底格出格师', 'roleDesc': '加入'}, 'meta': {'msg': '创建成功', 'status': 201}}
接口响应时长: 5 ms
Http状态码: 200
断言结果: 200
=====================================================
INFO    2023-04-11 22:11:50,735G:\auto_api1_framework\logs\info-2023-04-11.log:log_decorator.py:42 
======================================================
用例标题: 角色授权成功
请求路径: http://127.0.0.1:8888/api/private/v1/roles/85/rights
请求方式: POST
请求头:   {'User-Agent': 'python-requests/2.28.2', 'Accept-Encoding': 'gzip, deflate', 'Accept': '*/*', 'Connection': 'keep-alive', 'Authorization': 'Bearer eyJhbGciOiJIUzI1NiIsInR5cCI6IkpXVCJ9.eyJ1aWQiOjUwMCwicmlkIjowLCJpYXQiOjE2ODEyMjIzMTAsImV4cCI6MTY4MTMwODcxMH0.-1IvC1leP3x6XBpz5p-0LZjR4o7s_HDMPMtw_achz3w', 'Content-Length': '12', 'Content-Type': 'application/json'}
请求内容: {'rids': 10}
接口响应内容: {'data': None, 'meta': {'msg': '更新成功', 'status': 200}}
接口响应时长: 6 ms
Http状态码: 200
断言结果: 200
=====================================================
INFO    2023-04-11 22:11:50,737G:\auto_api1_framework\logs\info-2023-04-11.log:test_role_empower.py:29 2023-04-11 22:11:50 >>>>>> 执行结束！
INFO    2023-04-11 22:11:50,740G:\auto_api1_framework\logs\info-2023-04-11.log:test_role_empower.py:26 2023-04-11 22:11:50 >>>>>> 开始执行：
INFO    2023-04-11 22:11:50,749G:\auto_api1_framework\logs\info-2023-04-11.log:log_decorator.py:42 
======================================================
用例标题: 角色授权失败（roleId不存在）
请求路径: http://127.0.0.1:8888/api/private/v1/roles/1681222310/rights
请求方式: POST
请求头:   {'User-Agent': 'python-requests/2.28.2', 'Accept-Encoding': 'gzip, deflate', 'Accept': '*/*', 'Connection': 'keep-alive', 'Authorization': 'Bearer eyJhbGciOiJIUzI1NiIsInR5cCI6IkpXVCJ9.eyJ1aWQiOjUwMCwicmlkIjowLCJpYXQiOjE2ODEyMjIzMTAsImV4cCI6MTY4MTMwODcxMH0.-1IvC1leP3x6XBpz5p-0LZjR4o7s_HDMPMtw_achz3w', 'Content-Length': '12', 'Content-Type': 'application/json'}
请求内容: {'rids': 10}
接口响应内容: {'data': None, 'meta': {'msg': '更新权限失败', 'status': 400}}
接口响应时长: 6 ms
Http状态码: 200
断言结果: 200
=====================================================
INFO    2023-04-11 22:11:50,749G:\auto_api1_framework\logs\info-2023-04-11.log:test_role_empower.py:29 2023-04-11 22:11:50 >>>>>> 执行结束！
INFO    2023-04-11 22:11:50,751G:\auto_api1_framework\logs\info-2023-04-11.log:test_role_empower.py:26 2023-04-11 22:11:50 >>>>>> 开始执行：
INFO    2023-04-11 22:11:50,755G:\auto_api1_framework\logs\info-2023-04-11.log:log_decorator.py:42 
======================================================
用例标题: 角色授权失败（未指定roleId）
请求路径: http://127.0.0.1:8888/api/private/v1/roles/rights
请求方式: POST
请求头:   {'User-Agent': 'python-requests/2.28.2', 'Accept-Encoding': 'gzip, deflate', 'Accept': '*/*', 'Connection': 'keep-alive', 'Authorization': 'Bearer eyJhbGciOiJIUzI1NiIsInR5cCI6IkpXVCJ9.eyJ1aWQiOjUwMCwicmlkIjowLCJpYXQiOjE2ODEyMjIzMTAsImV4cCI6MTY4MTMwODcxMH0.-1IvC1leP3x6XBpz5p-0LZjR4o7s_HDMPMtw_achz3w', 'Content-Length': '12', 'Content-Type': 'application/json'}
请求内容: {'rids': 10}
接口响应内容: {'data': None, 'meta': {'msg': 'Not Found', 'status': 404}}
接口响应时长: 2 ms
Http状态码: 200
断言结果: 200
=====================================================
INFO    2023-04-11 22:11:50,756G:\auto_api1_framework\logs\info-2023-04-11.log:test_role_empower.py:29 2023-04-11 22:11:50 >>>>>> 执行结束！
INFO    2023-04-11 22:11:50,757G:\auto_api1_framework\logs\info-2023-04-11.log:test_role_empower.py:26 2023-04-11 22:11:50 >>>>>> 开始执行：
INFO    2023-04-11 22:11:50,864G:\auto_api1_framework\logs\info-2023-04-11.log:log_decorator.py:42 
======================================================
用例标题: 添加角色成功（必填+选填参数）
请求路径: http://127.0.0.1:8888/api/private/v1/roles
请求方式: POST
请求头:   {'User-Agent': 'python-requests/2.28.2', 'Accept-Encoding': 'gzip, deflate', 'Accept': '*/*', 'Connection': 'keep-alive', 'Authorization': 'Bearer eyJhbGciOiJIUzI1NiIsInR5cCI6IkpXVCJ9.eyJ1aWQiOjUwMCwicmlkIjowLCJpYXQiOjE2ODEyMjIzMTAsImV4cCI6MTY4MTMwODcxMH0.-1IvC1leP3x6XBpz5p-0LZjR4o7s_HDMPMtw_achz3w', 'Content-Length': '56', 'Content-Type': 'application/json'}
请求内容: {'roleName': '其他', 'roleDesc': '全国'}
接口响应内容: {'data': {'roleId': 86, 'roleName': '其他', 'roleDesc': '全国'}, 'meta': {'msg': '创建成功', 'status': 201}}
接口响应时长: 4 ms
Http状态码: 200
断言结果: 200
=====================================================
INFO    2023-04-11 22:11:50,871G:\auto_api1_framework\logs\info-2023-04-11.log:log_decorator.py:42 
======================================================
用例标题: 角色授权失败（rids为空）
请求路径: http://127.0.0.1:8888/api/private/v1/roles/86/rights
请求方式: POST
请求头:   {'User-Agent': 'python-requests/2.28.2', 'Accept-Encoding': 'gzip, deflate', 'Accept': '*/*', 'Connection': 'keep-alive', 'Authorization': 'Bearer eyJhbGciOiJIUzI1NiIsInR5cCI6IkpXVCJ9.eyJ1aWQiOjUwMCwicmlkIjowLCJpYXQiOjE2ODEyMjIzMTAsImV4cCI6MTY4MTMwODcxMH0.-1IvC1leP3x6XBpz5p-0LZjR4o7s_HDMPMtw_achz3w', 'Content-Length': '14', 'Content-Type': 'application/json'}
请求内容: {'rids': None}
接口响应内容: {'data': None, 'meta': {'msg': '更新权限失败', 'status': 400}}
接口响应时长: 5 ms
Http状态码: 200
断言结果: 200
=====================================================
INFO    2023-04-11 22:11:50,872G:\auto_api1_framework\logs\info-2023-04-11.log:test_role_empower.py:29 2023-04-11 22:11:50 >>>>>> 执行结束！
INFO    2023-04-11 22:11:50,874G:\auto_api1_framework\logs\info-2023-04-11.log:test_role_empower.py:26 2023-04-11 22:11:50 >>>>>> 开始执行：
INFO    2023-04-11 22:11:50,983G:\auto_api1_framework\logs\info-2023-04-11.log:log_decorator.py:42 
======================================================
用例标题: 添加角色成功（必填+选填参数）
请求路径: http://127.0.0.1:8888/api/private/v1/roles
请求方式: POST
请求头:   {'User-Agent': 'python-requests/2.28.2', 'Accept-Encoding': 'gzip, deflate', 'Accept': '*/*', 'Connection': 'keep-alive', 'Authorization': 'Bearer eyJhbGciOiJIUzI1NiIsInR5cCI6IkpXVCJ9.eyJ1aWQiOjUwMCwicmlkIjowLCJpYXQiOjE2ODEyMjIzMTAsImV4cCI6MTY4MTMwODcxMH0.-1IvC1leP3x6XBpz5p-0LZjR4o7s_HDMPMtw_achz3w', 'Content-Length': '105', 'Content-Type': 'application/json'}
请求内容: {'roleName': '自动控制工程师/技术员', 'roleDesc': '的是'}
接口响应内容: {'data': {'roleId': 87, 'roleName': '自动控制工程师/技术员', 'roleDesc': '的是'}, 'meta': {'msg': '创建成功', 'status': 201}}
接口响应时长: 4 ms
Http状态码: 200
断言结果: 200
=====================================================
INFO    2023-04-11 22:11:50,992G:\auto_api1_framework\logs\info-2023-04-11.log:log_decorator.py:42 
======================================================
用例标题: 角色授权成功（rids纯数字）
请求路径: http://127.0.0.1:8888/api/private/v1/roles/87/rights
请求方式: POST
请求头:   {'User-Agent': 'python-requests/2.28.2', 'Accept-Encoding': 'gzip, deflate', 'Accept': '*/*', 'Connection': 'keep-alive', 'Authorization': 'Bearer eyJhbGciOiJIUzI1NiIsInR5cCI6IkpXVCJ9.eyJ1aWQiOjUwMCwicmlkIjowLCJpYXQiOjE2ODEyMjIzMTAsImV4cCI6MTY4MTMwODcxMH0.-1IvC1leP3x6XBpz5p-0LZjR4o7s_HDMPMtw_achz3w', 'Content-Length': '18', 'Content-Type': 'application/json'}
请求内容: {'rids': '924869'}
接口响应内容: {'data': None, 'meta': {'msg': '更新成功', 'status': 200}}
接口响应时长: 7 ms
Http状态码: 200
断言结果: 200
=====================================================
INFO    2023-04-11 22:11:50,993G:\auto_api1_framework\logs\info-2023-04-11.log:test_role_empower.py:29 2023-04-11 22:11:50 >>>>>> 执行结束！
INFO    2023-04-11 22:11:50,994G:\auto_api1_framework\logs\info-2023-04-11.log:test_role_empower.py:26 2023-04-11 22:11:50 >>>>>> 开始执行：
INFO    2023-04-11 22:11:51,102G:\auto_api1_framework\logs\info-2023-04-11.log:log_decorator.py:42 
======================================================
用例标题: 添加角色成功（必填+选填参数）
请求路径: http://127.0.0.1:8888/api/private/v1/roles
请求方式: POST
请求头:   {'User-Agent': 'python-requests/2.28.2', 'Accept-Encoding': 'gzip, deflate', 'Accept': '*/*', 'Connection': 'keep-alive', 'Authorization': 'Bearer eyJhbGciOiJIUzI1NiIsInR5cCI6IkpXVCJ9.eyJ1aWQiOjUwMCwicmlkIjowLCJpYXQiOjE2ODEyMjIzMTAsImV4cCI6MTY4MTMwODcxMH0.-1IvC1leP3x6XBpz5p-0LZjR4o7s_HDMPMtw_achz3w', 'Content-Length': '68', 'Content-Type': 'application/json'}
请求内容: {'roleName': '内科医生', 'roleDesc': '可是'}
接口响应内容: {'data': {'roleId': 88, 'roleName': '内科医生', 'roleDesc': '可是'}, 'meta': {'msg': '创建成功', 'status': 201}}
接口响应时长: 6 ms
Http状态码: 200
断言结果: 200
=====================================================
INFO    2023-04-11 22:11:51,108G:\auto_api1_framework\logs\info-2023-04-11.log:log_decorator.py:42 
======================================================
用例标题: 角色授权成功（rids纯字母）
请求路径: http://127.0.0.1:8888/api/private/v1/roles/88/rights
请求方式: POST
请求头:   {'User-Agent': 'python-requests/2.28.2', 'Accept-Encoding': 'gzip, deflate', 'Accept': '*/*', 'Connection': 'keep-alive', 'Authorization': 'Bearer eyJhbGciOiJIUzI1NiIsInR5cCI6IkpXVCJ9.eyJ1aWQiOjUwMCwicmlkIjowLCJpYXQiOjE2ODEyMjIzMTAsImV4cCI6MTY4MTMwODcxMH0.-1IvC1leP3x6XBpz5p-0LZjR4o7s_HDMPMtw_achz3w', 'Content-Length': '18', 'Content-Type': 'application/json'}
请求内容: {'rids': 'xpwGvb'}
接口响应内容: {'data': None, 'meta': {'msg': '更新成功', 'status': 200}}
接口响应时长: 5 ms
Http状态码: 200
断言结果: 200
=====================================================
INFO    2023-04-11 22:11:51,111G:\auto_api1_framework\logs\info-2023-04-11.log:test_role_empower.py:29 2023-04-11 22:11:50 >>>>>> 执行结束！
INFO    2023-04-11 22:11:51,112G:\auto_api1_framework\logs\info-2023-04-11.log:test_role_empower.py:26 2023-04-11 22:11:50 >>>>>> 开始执行：
INFO    2023-04-11 22:11:51,218G:\auto_api1_framework\logs\info-2023-04-11.log:log_decorator.py:42 
======================================================
用例标题: 添加角色成功（必填+选填参数）
请求路径: http://127.0.0.1:8888/api/private/v1/roles
请求方式: POST
请求头:   {'User-Agent': 'python-requests/2.28.2', 'Accept-Encoding': 'gzip, deflate', 'Accept': '*/*', 'Connection': 'keep-alive', 'Authorization': 'Bearer eyJhbGciOiJIUzI1NiIsInR5cCI6IkpXVCJ9.eyJ1aWQiOjUwMCwicmlkIjowLCJpYXQiOjE2ODEyMjIzMTAsImV4cCI6MTY4MTMwODcxMH0.-1IvC1leP3x6XBpz5p-0LZjR4o7s_HDMPMtw_achz3w', 'Content-Length': '68', 'Content-Type': 'application/json'}
请求内容: {'roleName': '班车司机', 'roleDesc': '如此'}
接口响应内容: {'data': {'roleId': 89, 'roleName': '班车司机', 'roleDesc': '如此'}, 'meta': {'msg': '创建成功', 'status': 201}}
接口响应时长: 5 ms
Http状态码: 200
断言结果: 200
=====================================================
INFO    2023-04-11 22:11:51,225G:\auto_api1_framework\logs\info-2023-04-11.log:log_decorator.py:42 
======================================================
用例标题: 角色授权成功（rids包含特殊字符、汉字）
请求路径: http://127.0.0.1:8888/api/private/v1/roles/89/rights
请求方式: POST
请求头:   {'User-Agent': 'python-requests/2.28.2', 'Accept-Encoding': 'gzip, deflate', 'Accept': '*/*', 'Connection': 'keep-alive', 'Authorization': 'Bearer eyJhbGciOiJIUzI1NiIsInR5cCI6IkpXVCJ9.eyJ1aWQiOjUwMCwicmlkIjowLCJpYXQiOjE2ODEyMjIzMTAsImV4cCI6MTY4MTMwODcxMH0.-1IvC1leP3x6XBpz5p-0LZjR4o7s_HDMPMtw_achz3w', 'Content-Length': '29', 'Content-Type': 'application/json'}
请求内容: {'rids': '%+*%&王建'}
接口响应内容: {'data': None, 'meta': {'msg': '更新成功', 'status': 200}}
接口响应时长: 5 ms
Http状态码: 200
断言结果: 200
=====================================================
INFO    2023-04-11 22:11:51,227G:\auto_api1_framework\logs\info-2023-04-11.log:test_role_empower.py:29 2023-04-11 22:11:50 >>>>>> 执行结束！
INFO    2023-04-11 22:11:51,228G:\auto_api1_framework\logs\info-2023-04-11.log:test_role_empower.py:26 2023-04-11 22:11:50 >>>>>> 开始执行：
INFO    2023-04-11 22:11:51,330G:\auto_api1_framework\logs\info-2023-04-11.log:log_decorator.py:42 
======================================================
用例标题: 添加角色成功（必填+选填参数）
请求路径: http://127.0.0.1:8888/api/private/v1/roles
请求方式: POST
请求头:   {'User-Agent': 'python-requests/2.28.2', 'Accept-Encoding': 'gzip, deflate', 'Accept': '*/*', 'Connection': 'keep-alive', 'Authorization': 'Bearer eyJhbGciOiJIUzI1NiIsInR5cCI6IkpXVCJ9.eyJ1aWQiOjUwMCwicmlkIjowLCJpYXQiOjE2ODEyMjIzMTAsImV4cCI6MTY4MTMwODcxMH0.-1IvC1leP3x6XBpz5p-0LZjR4o7s_HDMPMtw_achz3w', 'Content-Length': '68', 'Content-Type': 'application/json'}
请求内容: {'roleName': '氩弧焊工', 'roleDesc': '我们'}
接口响应内容: {'data': {'roleId': 90, 'roleName': '氩弧焊工', 'roleDesc': '我们'}, 'meta': {'msg': '创建成功', 'status': 201}}
接口响应时长: 4 ms
Http状态码: 200
断言结果: 200
=====================================================
INFO    2023-04-11 22:11:51,337G:\auto_api1_framework\logs\info-2023-04-11.log:log_decorator.py:42 
======================================================
用例标题: 角色授权成功（多出id参数）
请求路径: http://127.0.0.1:8888/api/private/v1/roles/90/rights
请求方式: POST
请求头:   {'User-Agent': 'python-requests/2.28.2', 'Accept-Encoding': 'gzip, deflate', 'Accept': '*/*', 'Connection': 'keep-alive', 'Authorization': 'Bearer eyJhbGciOiJIUzI1NiIsInR5cCI6IkpXVCJ9.eyJ1aWQiOjUwMCwicmlkIjowLCJpYXQiOjE2ODEyMjIzMTAsImV4cCI6MTY4MTMwODcxMH0.-1IvC1leP3x6XBpz5p-0LZjR4o7s_HDMPMtw_achz3w', 'Content-Length': '23', 'Content-Type': 'application/json'}
请求内容: {'rids': 10, 'id': 100}
接口响应内容: {'data': None, 'meta': {'msg': '更新成功', 'status': 200}}
接口响应时长: 5 ms
Http状态码: 200
断言结果: 200
=====================================================
INFO    2023-04-11 22:11:51,339G:\auto_api1_framework\logs\info-2023-04-11.log:test_role_empower.py:29 2023-04-11 22:11:50 >>>>>> 执行结束！
INFO    2023-04-11 22:11:51,339G:\auto_api1_framework\logs\info-2023-04-11.log:test_role_empower.py:26 2023-04-11 22:11:50 >>>>>> 开始执行：
INFO    2023-04-11 22:11:51,445G:\auto_api1_framework\logs\info-2023-04-11.log:log_decorator.py:42 
======================================================
用例标题: 添加角色成功（必填+选填参数）
请求路径: http://127.0.0.1:8888/api/private/v1/roles
请求方式: POST
请求头:   {'User-Agent': 'python-requests/2.28.2', 'Accept-Encoding': 'gzip, deflate', 'Accept': '*/*', 'Connection': 'keep-alive', 'Authorization': 'Bearer eyJhbGciOiJIUzI1NiIsInR5cCI6IkpXVCJ9.eyJ1aWQiOjUwMCwicmlkIjowLCJpYXQiOjE2ODEyMjIzMTAsImV4cCI6MTY4MTMwODcxMH0.-1IvC1leP3x6XBpz5p-0LZjR4o7s_HDMPMtw_achz3w', 'Content-Length': '56', 'Content-Type': 'application/json'}
请求内容: {'roleName': '其他', 'roleDesc': '不要'}
接口响应内容: {'data': {'roleId': 91, 'roleName': '其他', 'roleDesc': '不要'}, 'meta': {'msg': '创建成功', 'status': 201}}
接口响应时长: 4 ms
Http状态码: 200
断言结果: 200
=====================================================
INFO    2023-04-11 22:11:51,452G:\auto_api1_framework\logs\info-2023-04-11.log:log_decorator.py:42 
======================================================
用例标题: 角色授权失败（缺少rids参数）
请求路径: http://127.0.0.1:8888/api/private/v1/roles/91/rights
请求方式: POST
请求头:   {'User-Agent': 'python-requests/2.28.2', 'Accept-Encoding': 'gzip, deflate', 'Accept': '*/*', 'Connection': 'keep-alive', 'Authorization': 'Bearer eyJhbGciOiJIUzI1NiIsInR5cCI6IkpXVCJ9.eyJ1aWQiOjUwMCwicmlkIjowLCJpYXQiOjE2ODEyMjIzMTAsImV4cCI6MTY4MTMwODcxMH0.-1IvC1leP3x6XBpz5p-0LZjR4o7s_HDMPMtw_achz3w', 'Content-Length': '0'}
请求内容: None
接口响应内容: {'data': None, 'meta': {'msg': '更新权限失败', 'status': 400}}
接口响应时长: 4 ms
Http状态码: 200
断言结果: 200
=====================================================
INFO    2023-04-11 22:11:51,453G:\auto_api1_framework\logs\info-2023-04-11.log:test_role_empower.py:29 2023-04-11 22:11:50 >>>>>> 执行结束！
INFO    2023-04-11 22:12:23,023G:\auto_api1_framework\logs\info-2023-04-11.log:test_delete_role_empower.py:26 2023-04-11 22:12:22 >>>>>> 开始执行：
INFO    2023-04-11 22:12:23,029G:\auto_api1_framework\logs\info-2023-04-11.log:log_decorator.py:42 
======================================================
用例标题: 删除角色指定权限成功
请求路径: http://127.0.0.1:8888/api/private/v1/roles/%7BroleId%7D/rights/%7BrightId%7D
请求方式: DELETE
请求头:   {'User-Agent': 'python-requests/2.28.2', 'Accept-Encoding': 'gzip, deflate', 'Accept': '*/*', 'Connection': 'keep-alive', 'Authorization': 'Bearer eyJhbGciOiJIUzI1NiIsInR5cCI6IkpXVCJ9.eyJ1aWQiOjUwMCwicmlkIjowLCJpYXQiOjE2ODEyMjIzNDMsImV4cCI6MTY4MTMwODc0M30.jB_Fm6aPdi8xp93YRSvBVcXvpOeI-O4llqWygM0aPRQ', 'Content-Length': '46', 'Content-Type': 'application/json'}
请求内容: {'roleName': '娱乐服务员'}
接口响应内容: {'data': None, 'meta': {'msg': '角色ID必须为数字', 'status': 400}}
接口响应时长: 2 ms
Http状态码: 200
断言结果: 200
=====================================================
INFO    2023-04-11 22:12:23,092G:\auto_api1_framework\logs\info-2023-04-11.log:test_delete_role_empower.py:29 2023-04-11 22:12:22 >>>>>> 执行结束！
INFO    2023-04-11 22:12:23,094G:\auto_api1_framework\logs\info-2023-04-11.log:test_delete_role_empower.py:26 2023-04-11 22:12:22 >>>>>> 开始执行：
INFO    2023-04-11 22:12:23,104G:\auto_api1_framework\logs\info-2023-04-11.log:log_decorator.py:42 
======================================================
用例标题: 添加角色成功（必填+选填参数）
请求路径: http://127.0.0.1:8888/api/private/v1/roles
请求方式: POST
请求头:   {'User-Agent': 'python-requests/2.28.2', 'Accept-Encoding': 'gzip, deflate', 'Accept': '*/*', 'Connection': 'keep-alive', 'Authorization': 'Bearer eyJhbGciOiJIUzI1NiIsInR5cCI6IkpXVCJ9.eyJ1aWQiOjUwMCwicmlkIjowLCJpYXQiOjE2ODEyMjIzNDMsImV4cCI6MTY4MTMwODc0M30.jB_Fm6aPdi8xp93YRSvBVcXvpOeI-O4llqWygM0aPRQ', 'Content-Length': '68', 'Content-Type': 'application/json'}
请求内容: {'roleName': '美容顾问', 'roleDesc': '在线'}
接口响应内容: {'data': {'roleId': 92, 'roleName': '美容顾问', 'roleDesc': '在线'}, 'meta': {'msg': '创建成功', 'status': 201}}
接口响应时长: 7 ms
Http状态码: 200
断言结果: 200
=====================================================
INFO    2023-04-11 22:12:23,105G:\auto_api1_framework\logs\info-2023-04-11.log:test_delete_role_empower.py:29 2023-04-11 22:12:22 >>>>>> 执行结束！
INFO    2023-04-11 22:12:23,106G:\auto_api1_framework\logs\info-2023-04-11.log:test_delete_role_empower.py:26 2023-04-11 22:12:22 >>>>>> 开始执行：
INFO    2023-04-11 22:12:23,113G:\auto_api1_framework\logs\info-2023-04-11.log:log_decorator.py:42 
======================================================
用例标题: 添加角色失败（角色名称为空）
请求路径: http://127.0.0.1:8888/api/private/v1/roles
请求方式: POST
请求头:   {'User-Agent': 'python-requests/2.28.2', 'Accept-Encoding': 'gzip, deflate', 'Accept': '*/*', 'Connection': 'keep-alive', 'Authorization': 'Bearer eyJhbGciOiJIUzI1NiIsInR5cCI6IkpXVCJ9.eyJ1aWQiOjUwMCwicmlkIjowLCJpYXQiOjE2ODEyMjIzNDMsImV4cCI6MTY4MTMwODc0M30.jB_Fm6aPdi8xp93YRSvBVcXvpOeI-O4llqWygM0aPRQ', 'Content-Length': '46', 'Content-Type': 'application/json'}
请求内容: {'roleName': None, 'roleDesc': '而且'}
接口响应内容: {'data': None, 'meta': {'msg': '角色名称不能为空', 'status': 400}}
接口响应时长: 5 ms
Http状态码: 200
断言结果: 200
=====================================================
INFO    2023-04-11 22:12:23,120G:\auto_api1_framework\logs\info-2023-04-11.log:test_delete_role_empower.py:29 2023-04-11 22:12:22 >>>>>> 执行结束！
INFO    2023-04-11 22:12:23,125G:\auto_api1_framework\logs\info-2023-04-11.log:test_delete_role_empower.py:26 2023-04-11 22:12:22 >>>>>> 开始执行：
INFO    2023-04-11 22:12:23,133G:\auto_api1_framework\logs\info-2023-04-11.log:log_decorator.py:42 
======================================================
用例标题: 添加角色失败（角色名称纯数字）
请求路径: http://127.0.0.1:8888/api/private/v1/roles
请求方式: POST
请求头:   {'User-Agent': 'python-requests/2.28.2', 'Accept-Encoding': 'gzip, deflate', 'Accept': '*/*', 'Connection': 'keep-alive', 'Authorization': 'Bearer eyJhbGciOiJIUzI1NiIsInR5cCI6IkpXVCJ9.eyJ1aWQiOjUwMCwicmlkIjowLCJpYXQiOjE2ODEyMjIzNDMsImV4cCI6MTY4MTMwODc0M30.jB_Fm6aPdi8xp93YRSvBVcXvpOeI-O4llqWygM0aPRQ', 'Content-Length': '50', 'Content-Type': 'application/json'}
请求内容: {'roleName': '893118', 'roleDesc': '作者'}
接口响应内容: {'data': {'roleId': 93, 'roleName': '893118', 'roleDesc': '作者'}, 'meta': {'msg': '创建成功', 'status': 201}}
接口响应时长: 4 ms
Http状态码: 200
断言结果: 200
=====================================================
INFO    2023-04-11 22:12:23,134G:\auto_api1_framework\logs\info-2023-04-11.log:test_delete_role_empower.py:29 2023-04-11 22:12:22 >>>>>> 执行结束！
INFO    2023-04-11 22:12:23,135G:\auto_api1_framework\logs\info-2023-04-11.log:test_delete_role_empower.py:26 2023-04-11 22:12:22 >>>>>> 开始执行：
INFO    2023-04-11 22:12:23,143G:\auto_api1_framework\logs\info-2023-04-11.log:log_decorator.py:42 
======================================================
用例标题: 添加角色失败（角色名称纯字母）
请求路径: http://127.0.0.1:8888/api/private/v1/roles
请求方式: POST
请求头:   {'User-Agent': 'python-requests/2.28.2', 'Accept-Encoding': 'gzip, deflate', 'Accept': '*/*', 'Connection': 'keep-alive', 'Authorization': 'Bearer eyJhbGciOiJIUzI1NiIsInR5cCI6IkpXVCJ9.eyJ1aWQiOjUwMCwicmlkIjowLCJpYXQiOjE2ODEyMjIzNDMsImV4cCI6MTY4MTMwODc0M30.jB_Fm6aPdi8xp93YRSvBVcXvpOeI-O4llqWygM0aPRQ', 'Content-Length': '50', 'Content-Type': 'application/json'}
请求内容: {'roleName': 'ljsUSJ', 'roleDesc': '来自'}
接口响应内容: {'data': {'roleId': 94, 'roleName': 'ljsUSJ', 'roleDesc': '来自'}, 'meta': {'msg': '创建成功', 'status': 201}}
接口响应时长: 6 ms
Http状态码: 200
断言结果: 200
=====================================================
INFO    2023-04-11 22:12:23,144G:\auto_api1_framework\logs\info-2023-04-11.log:test_delete_role_empower.py:29 2023-04-11 22:12:22 >>>>>> 执行结束！
INFO    2023-04-11 22:12:23,145G:\auto_api1_framework\logs\info-2023-04-11.log:test_delete_role_empower.py:26 2023-04-11 22:12:22 >>>>>> 开始执行：
INFO    2023-04-11 22:12:23,153G:\auto_api1_framework\logs\info-2023-04-11.log:log_decorator.py:42 
======================================================
用例标题: 添加角色失败（角色名称包含特殊字符、汉字）
请求路径: http://127.0.0.1:8888/api/private/v1/roles
请求方式: POST
请求头:   {'User-Agent': 'python-requests/2.28.2', 'Accept-Encoding': 'gzip, deflate', 'Accept': '*/*', 'Connection': 'keep-alive', 'Authorization': 'Bearer eyJhbGciOiJIUzI1NiIsInR5cCI6IkpXVCJ9.eyJ1aWQiOjUwMCwicmlkIjowLCJpYXQiOjE2ODEyMjIzNDMsImV4cCI6MTY4MTMwODc0M30.jB_Fm6aPdi8xp93YRSvBVcXvpOeI-O4llqWygM0aPRQ', 'Content-Length': '67', 'Content-Type': 'application/json'}
请求内容: {'roleName': '$#*%)覃桂英', 'roleDesc': '推荐'}
接口响应内容: {'data': {'roleId': 95, 'roleName': '$#*%)覃桂英', 'roleDesc': '推荐'}, 'meta': {'msg': '创建成功', 'status': 201}}
接口响应时长: 4 ms
Http状态码: 200
断言结果: 200
=====================================================
INFO    2023-04-11 22:12:23,155G:\auto_api1_framework\logs\info-2023-04-11.log:test_delete_role_empower.py:29 2023-04-11 22:12:22 >>>>>> 执行结束！
INFO    2023-04-11 22:12:23,156G:\auto_api1_framework\logs\info-2023-04-11.log:test_delete_role_empower.py:26 2023-04-11 22:12:22 >>>>>> 开始执行：
INFO    2023-04-11 22:12:23,164G:\auto_api1_framework\logs\info-2023-04-11.log:log_decorator.py:42 
======================================================
用例标题: 添加角色失败（多出roleId参数）
请求路径: http://127.0.0.1:8888/api/private/v1/roles
请求方式: POST
请求头:   {'User-Agent': 'python-requests/2.28.2', 'Accept-Encoding': 'gzip, deflate', 'Accept': '*/*', 'Connection': 'keep-alive', 'Authorization': 'Bearer eyJhbGciOiJIUzI1NiIsInR5cCI6IkpXVCJ9.eyJ1aWQiOjUwMCwicmlkIjowLCJpYXQiOjE2ODEyMjIzNDMsImV4cCI6MTY4MTMwODc0M30.jB_Fm6aPdi8xp93YRSvBVcXvpOeI-O4llqWygM0aPRQ', 'Content-Length': '70', 'Content-Type': 'application/json'}
请求内容: {'roleName': '发现', 'roleDesc': '然后', 'roleId': 99}
接口响应内容: {'data': {'roleId': 96, 'roleName': '发现', 'roleDesc': '然后'}, 'meta': {'msg': '创建成功', 'status': 201}}
接口响应时长: 4 ms
Http状态码: 200
断言结果: 200
=====================================================
INFO    2023-04-11 22:12:23,165G:\auto_api1_framework\logs\info-2023-04-11.log:test_delete_role_empower.py:29 2023-04-11 22:12:22 >>>>>> 执行结束！
INFO    2023-04-11 22:12:23,166G:\auto_api1_framework\logs\info-2023-04-11.log:test_delete_role_empower.py:26 2023-04-11 22:12:22 >>>>>> 开始执行：
INFO    2023-04-11 22:12:23,170G:\auto_api1_framework\logs\info-2023-04-11.log:log_decorator.py:42 
======================================================
用例标题: 添加角色失败（缺少roleName参数）
请求路径: http://127.0.0.1:8888/api/private/v1/roles
请求方式: POST
请求头:   {'User-Agent': 'python-requests/2.28.2', 'Accept-Encoding': 'gzip, deflate', 'Accept': '*/*', 'Connection': 'keep-alive', 'Authorization': 'Bearer eyJhbGciOiJIUzI1NiIsInR5cCI6IkpXVCJ9.eyJ1aWQiOjUwMCwicmlkIjowLCJpYXQiOjE2ODEyMjIzNDMsImV4cCI6MTY4MTMwODc0M30.jB_Fm6aPdi8xp93YRSvBVcXvpOeI-O4llqWygM0aPRQ', 'Content-Length': '28', 'Content-Type': 'application/json'}
请求内容: {'roleDesc': '就是'}
接口响应内容: {'data': None, 'meta': {'msg': '角色名称不能为空', 'status': 400}}
接口响应时长: 1 ms
Http状态码: 200
断言结果: 200
=====================================================
INFO    2023-04-11 22:12:23,177G:\auto_api1_framework\logs\info-2023-04-11.log:test_delete_role_empower.py:29 2023-04-11 22:12:22 >>>>>> 执行结束！
INFO    2023-04-11 22:12:23,181G:\auto_api1_framework\logs\info-2023-04-11.log:test_delete_role_empower.py:26 2023-04-11 22:12:22 >>>>>> 开始执行：
INFO    2023-04-11 22:12:23,185G:\auto_api1_framework\logs\info-2023-04-11.log:log_decorator.py:42 
======================================================
用例标题: 添加角色失败（修改roleName参数）
请求路径: http://127.0.0.1:8888/api/private/v1/roles
请求方式: POST
请求头:   {'User-Agent': 'python-requests/2.28.2', 'Accept-Encoding': 'gzip, deflate', 'Accept': '*/*', 'Connection': 'keep-alive', 'Authorization': 'Bearer eyJhbGciOiJIUzI1NiIsInR5cCI6IkpXVCJ9.eyJ1aWQiOjUwMCwicmlkIjowLCJpYXQiOjE2ODEyMjIzNDMsImV4cCI6MTY4MTMwODc0M30.jB_Fm6aPdi8xp93YRSvBVcXvpOeI-O4llqWygM0aPRQ', 'Content-Length': '29', 'Content-Type': 'application/json'}
请求内容: {'roleName1': '会员'}
接口响应内容: {'data': None, 'meta': {'msg': '角色名称不能为空', 'status': 400}}
接口响应时长: 2 ms
Http状态码: 200
断言结果: 200
=====================================================
INFO    2023-04-11 22:12:23,192G:\auto_api1_framework\logs\info-2023-04-11.log:test_delete_role_empower.py:29 2023-04-11 22:12:22 >>>>>> 执行结束！
INFO    2023-04-11 22:12:23,196G:\auto_api1_framework\logs\info-2023-04-11.log:test_delete_role_empower.py:26 2023-04-11 22:12:22 >>>>>> 开始执行：
INFO    2023-04-11 22:12:23,200G:\auto_api1_framework\logs\info-2023-04-11.log:log_decorator.py:42 
======================================================
用例标题: 添加角色失败（没有参数）
请求路径: http://127.0.0.1:8888/api/private/v1/roles
请求方式: POST
请求头:   {'User-Agent': 'python-requests/2.28.2', 'Accept-Encoding': 'gzip, deflate', 'Accept': '*/*', 'Connection': 'keep-alive', 'Authorization': 'Bearer eyJhbGciOiJIUzI1NiIsInR5cCI6IkpXVCJ9.eyJ1aWQiOjUwMCwicmlkIjowLCJpYXQiOjE2ODEyMjIzNDMsImV4cCI6MTY4MTMwODc0M30.jB_Fm6aPdi8xp93YRSvBVcXvpOeI-O4llqWygM0aPRQ', 'Content-Length': '0'}
请求内容: None
接口响应内容: {'data': None, 'meta': {'msg': '角色名称不能为空', 'status': 400}}
接口响应时长: 2 ms
Http状态码: 200
断言结果: 200
=====================================================
INFO    2023-04-11 22:12:23,208G:\auto_api1_framework\logs\info-2023-04-11.log:test_delete_role_empower.py:29 2023-04-11 22:12:22 >>>>>> 执行结束！
INFO    2023-04-11 22:12:31,026G:\auto_api1_framework\logs\info-2023-04-11.log:test_add_role.py:26 2023-04-11 22:12:30 >>>>>> 开始执行：
INFO    2023-04-11 22:12:31,035G:\auto_api1_framework\logs\info-2023-04-11.log:log_decorator.py:42 
======================================================
用例标题: 添加角色成功（必填参数）
请求路径: http://127.0.0.1:8888/api/private/v1/roles
请求方式: POST
请求头:   {'User-Agent': 'python-requests/2.28.2', 'Accept-Encoding': 'gzip, deflate', 'Accept': '*/*', 'Connection': 'keep-alive', 'Authorization': 'Bearer eyJhbGciOiJIUzI1NiIsInR5cCI6IkpXVCJ9.eyJ1aWQiOjUwMCwicmlkIjowLCJpYXQiOjE2ODEyMjIzNTEsImV4cCI6MTY4MTMwODc1MX0.UwGa7WjB9l9KhczHiWJH1ZQIVXwWNzgd_7wRMPhIonE', 'Content-Length': '64', 'Content-Type': 'application/json'}
请求内容: {'roleName': '公司业务客户经理'}
接口响应内容: {'data': {'roleId': 97, 'roleName': '公司业务客户经理', 'roleDesc': ''}, 'meta': {'msg': '创建成功', 'status': 201}}
接口响应时长: 4 ms
Http状态码: 200
断言结果: 200
=====================================================
INFO    2023-04-11 22:12:31,036G:\auto_api1_framework\logs\info-2023-04-11.log:test_add_role.py:29 2023-04-11 22:12:30 >>>>>> 执行结束！
INFO    2023-04-11 22:12:31,038G:\auto_api1_framework\logs\info-2023-04-11.log:test_add_role.py:26 2023-04-11 22:12:30 >>>>>> 开始执行：
INFO    2023-04-11 22:12:31,044G:\auto_api1_framework\logs\info-2023-04-11.log:log_decorator.py:42 
======================================================
用例标题: 添加角色成功（必填+选填参数）
请求路径: http://127.0.0.1:8888/api/private/v1/roles
请求方式: POST
请求头:   {'User-Agent': 'python-requests/2.28.2', 'Accept-Encoding': 'gzip, deflate', 'Accept': '*/*', 'Connection': 'keep-alive', 'Authorization': 'Bearer eyJhbGciOiJIUzI1NiIsInR5cCI6IkpXVCJ9.eyJ1aWQiOjUwMCwicmlkIjowLCJpYXQiOjE2ODEyMjIzNTEsImV4cCI6MTY4MTMwODc1MX0.UwGa7WjB9l9KhczHiWJH1ZQIVXwWNzgd_7wRMPhIonE', 'Content-Length': '68', 'Content-Type': 'application/json'}
请求内容: {'roleName': '财务总监', 'roleDesc': '出来'}
接口响应内容: {'data': {'roleId': 98, 'roleName': '财务总监', 'roleDesc': '出来'}, 'meta': {'msg': '创建成功', 'status': 201}}
接口响应时长: 3 ms
Http状态码: 200
断言结果: 200
=====================================================
INFO    2023-04-11 22:12:31,045G:\auto_api1_framework\logs\info-2023-04-11.log:test_add_role.py:29 2023-04-11 22:12:30 >>>>>> 执行结束！
INFO    2023-04-11 22:12:31,046G:\auto_api1_framework\logs\info-2023-04-11.log:test_add_role.py:26 2023-04-11 22:12:30 >>>>>> 开始执行：
INFO    2023-04-11 22:12:31,051G:\auto_api1_framework\logs\info-2023-04-11.log:log_decorator.py:42 
======================================================
用例标题: 添加角色失败（角色名称为空）
请求路径: http://127.0.0.1:8888/api/private/v1/roles
请求方式: POST
请求头:   {'User-Agent': 'python-requests/2.28.2', 'Accept-Encoding': 'gzip, deflate', 'Accept': '*/*', 'Connection': 'keep-alive', 'Authorization': 'Bearer eyJhbGciOiJIUzI1NiIsInR5cCI6IkpXVCJ9.eyJ1aWQiOjUwMCwicmlkIjowLCJpYXQiOjE2ODEyMjIzNTEsImV4cCI6MTY4MTMwODc1MX0.UwGa7WjB9l9KhczHiWJH1ZQIVXwWNzgd_7wRMPhIonE', 'Content-Length': '46', 'Content-Type': 'application/json'}
请求内容: {'roleName': None, 'roleDesc': '提高'}
接口响应内容: {'data': None, 'meta': {'msg': '角色名称不能为空', 'status': 400}}
接口响应时长: 2 ms
Http状态码: 200
断言结果: 200
=====================================================
INFO    2023-04-11 22:12:31,052G:\auto_api1_framework\logs\info-2023-04-11.log:test_add_role.py:29 2023-04-11 22:12:30 >>>>>> 执行结束！
INFO    2023-04-11 22:12:31,054G:\auto_api1_framework\logs\info-2023-04-11.log:test_add_role.py:26 2023-04-11 22:12:30 >>>>>> 开始执行：
INFO    2023-04-11 22:12:31,059G:\auto_api1_framework\logs\info-2023-04-11.log:log_decorator.py:42 
======================================================
用例标题: 添加角色失败（角色名称纯数字）
请求路径: http://127.0.0.1:8888/api/private/v1/roles
请求方式: POST
请求头:   {'User-Agent': 'python-requests/2.28.2', 'Accept-Encoding': 'gzip, deflate', 'Accept': '*/*', 'Connection': 'keep-alive', 'Authorization': 'Bearer eyJhbGciOiJIUzI1NiIsInR5cCI6IkpXVCJ9.eyJ1aWQiOjUwMCwicmlkIjowLCJpYXQiOjE2ODEyMjIzNTEsImV4cCI6MTY4MTMwODc1MX0.UwGa7WjB9l9KhczHiWJH1ZQIVXwWNzgd_7wRMPhIonE', 'Content-Length': '50', 'Content-Type': 'application/json'}
请求内容: {'roleName': '856889', 'roleDesc': '不要'}
接口响应内容: {'data': {'roleId': 99, 'roleName': '856889', 'roleDesc': '不要'}, 'meta': {'msg': '创建成功', 'status': 201}}
接口响应时长: 3 ms
Http状态码: 200
断言结果: 200
=====================================================
INFO    2023-04-11 22:12:31,061G:\auto_api1_framework\logs\info-2023-04-11.log:test_add_role.py:29 2023-04-11 22:12:30 >>>>>> 执行结束！
INFO    2023-04-11 22:12:31,062G:\auto_api1_framework\logs\info-2023-04-11.log:test_add_role.py:26 2023-04-11 22:12:30 >>>>>> 开始执行：
INFO    2023-04-11 22:12:31,070G:\auto_api1_framework\logs\info-2023-04-11.log:log_decorator.py:42 
======================================================
用例标题: 添加角色失败（角色名称纯字母）
请求路径: http://127.0.0.1:8888/api/private/v1/roles
请求方式: POST
请求头:   {'User-Agent': 'python-requests/2.28.2', 'Accept-Encoding': 'gzip, deflate', 'Accept': '*/*', 'Connection': 'keep-alive', 'Authorization': 'Bearer eyJhbGciOiJIUzI1NiIsInR5cCI6IkpXVCJ9.eyJ1aWQiOjUwMCwicmlkIjowLCJpYXQiOjE2ODEyMjIzNTEsImV4cCI6MTY4MTMwODc1MX0.UwGa7WjB9l9KhczHiWJH1ZQIVXwWNzgd_7wRMPhIonE', 'Content-Length': '50', 'Content-Type': 'application/json'}
请求内容: {'roleName': 'yNKsFg', 'roleDesc': '一样'}
接口响应内容: {'data': {'roleId': 100, 'roleName': 'yNKsFg', 'roleDesc': '一样'}, 'meta': {'msg': '创建成功', 'status': 201}}
接口响应时长: 6 ms
Http状态码: 200
断言结果: 200
=====================================================
INFO    2023-04-11 22:12:31,071G:\auto_api1_framework\logs\info-2023-04-11.log:test_add_role.py:29 2023-04-11 22:12:30 >>>>>> 执行结束！
INFO    2023-04-11 22:12:31,072G:\auto_api1_framework\logs\info-2023-04-11.log:test_add_role.py:26 2023-04-11 22:12:30 >>>>>> 开始执行：
INFO    2023-04-11 22:12:31,079G:\auto_api1_framework\logs\info-2023-04-11.log:log_decorator.py:42 
======================================================
用例标题: 添加角色失败（角色名称包含特殊字符、汉字）
请求路径: http://127.0.0.1:8888/api/private/v1/roles
请求方式: POST
请求头:   {'User-Agent': 'python-requests/2.28.2', 'Accept-Encoding': 'gzip, deflate', 'Accept': '*/*', 'Connection': 'keep-alive', 'Authorization': 'Bearer eyJhbGciOiJIUzI1NiIsInR5cCI6IkpXVCJ9.eyJ1aWQiOjUwMCwicmlkIjowLCJpYXQiOjE2ODEyMjIzNTEsImV4cCI6MTY4MTMwODc1MX0.UwGa7WjB9l9KhczHiWJH1ZQIVXwWNzgd_7wRMPhIonE', 'Content-Length': '61', 'Content-Type': 'application/json'}
请求内容: {'roleName': '#)^!*陈萍', 'roleDesc': '世界'}
接口响应内容: {'data': {'roleId': 101, 'roleName': '#)^!*陈萍', 'roleDesc': '世界'}, 'meta': {'msg': '创建成功', 'status': 201}}
接口响应时长: 4 ms
Http状态码: 200
断言结果: 200
=====================================================
INFO    2023-04-11 22:12:31,080G:\auto_api1_framework\logs\info-2023-04-11.log:test_add_role.py:29 2023-04-11 22:12:30 >>>>>> 执行结束！
INFO    2023-04-11 22:12:31,082G:\auto_api1_framework\logs\info-2023-04-11.log:test_add_role.py:26 2023-04-11 22:12:30 >>>>>> 开始执行：
INFO    2023-04-11 22:12:31,087G:\auto_api1_framework\logs\info-2023-04-11.log:log_decorator.py:42 
======================================================
用例标题: 添加角色失败（多出roleId参数）
请求路径: http://127.0.0.1:8888/api/private/v1/roles
请求方式: POST
请求头:   {'User-Agent': 'python-requests/2.28.2', 'Accept-Encoding': 'gzip, deflate', 'Accept': '*/*', 'Connection': 'keep-alive', 'Authorization': 'Bearer eyJhbGciOiJIUzI1NiIsInR5cCI6IkpXVCJ9.eyJ1aWQiOjUwMCwicmlkIjowLCJpYXQiOjE2ODEyMjIzNTEsImV4cCI6MTY4MTMwODc1MX0.UwGa7WjB9l9KhczHiWJH1ZQIVXwWNzgd_7wRMPhIonE', 'Content-Length': '70', 'Content-Type': 'application/json'}
请求内容: {'roleName': '需要', 'roleDesc': '人民', 'roleId': 99}
接口响应内容: {'data': {'roleId': 102, 'roleName': '需要', 'roleDesc': '人民'}, 'meta': {'msg': '创建成功', 'status': 201}}
接口响应时长: 3 ms
Http状态码: 200
断言结果: 200
=====================================================
INFO    2023-04-11 22:12:31,089G:\auto_api1_framework\logs\info-2023-04-11.log:test_add_role.py:29 2023-04-11 22:12:30 >>>>>> 执行结束！
INFO    2023-04-11 22:12:31,090G:\auto_api1_framework\logs\info-2023-04-11.log:test_add_role.py:26 2023-04-11 22:12:30 >>>>>> 开始执行：
INFO    2023-04-11 22:12:31,093G:\auto_api1_framework\logs\info-2023-04-11.log:log_decorator.py:42 
======================================================
用例标题: 添加角色失败（缺少roleName参数）
请求路径: http://127.0.0.1:8888/api/private/v1/roles
请求方式: POST
请求头:   {'User-Agent': 'python-requests/2.28.2', 'Accept-Encoding': 'gzip, deflate', 'Accept': '*/*', 'Connection': 'keep-alive', 'Authorization': 'Bearer eyJhbGciOiJIUzI1NiIsInR5cCI6IkpXVCJ9.eyJ1aWQiOjUwMCwicmlkIjowLCJpYXQiOjE2ODEyMjIzNTEsImV4cCI6MTY4MTMwODc1MX0.UwGa7WjB9l9KhczHiWJH1ZQIVXwWNzgd_7wRMPhIonE', 'Content-Length': '28', 'Content-Type': 'application/json'}
请求内容: {'roleDesc': '名称'}
接口响应内容: {'data': None, 'meta': {'msg': '角色名称不能为空', 'status': 400}}
接口响应时长: 1 ms
Http状态码: 200
断言结果: 200
=====================================================
INFO    2023-04-11 22:12:31,096G:\auto_api1_framework\logs\info-2023-04-11.log:test_add_role.py:29 2023-04-11 22:12:30 >>>>>> 执行结束！
INFO    2023-04-11 22:12:31,097G:\auto_api1_framework\logs\info-2023-04-11.log:test_add_role.py:26 2023-04-11 22:12:30 >>>>>> 开始执行：
INFO    2023-04-11 22:12:31,101G:\auto_api1_framework\logs\info-2023-04-11.log:log_decorator.py:42 
======================================================
用例标题: 添加角色失败（修改roleName参数）
请求路径: http://127.0.0.1:8888/api/private/v1/roles
请求方式: POST
请求头:   {'User-Agent': 'python-requests/2.28.2', 'Accept-Encoding': 'gzip, deflate', 'Accept': '*/*', 'Connection': 'keep-alive', 'Authorization': 'Bearer eyJhbGciOiJIUzI1NiIsInR5cCI6IkpXVCJ9.eyJ1aWQiOjUwMCwicmlkIjowLCJpYXQiOjE2ODEyMjIzNTEsImV4cCI6MTY4MTMwODc1MX0.UwGa7WjB9l9KhczHiWJH1ZQIVXwWNzgd_7wRMPhIonE', 'Content-Length': '29', 'Content-Type': 'application/json'}
请求内容: {'roleName1': '名称'}
接口响应内容: {'data': None, 'meta': {'msg': '角色名称不能为空', 'status': 400}}
接口响应时长: 1 ms
Http状态码: 200
断言结果: 200
=====================================================
INFO    2023-04-11 22:12:31,102G:\auto_api1_framework\logs\info-2023-04-11.log:test_add_role.py:29 2023-04-11 22:12:30 >>>>>> 执行结束！
INFO    2023-04-11 22:12:31,103G:\auto_api1_framework\logs\info-2023-04-11.log:test_add_role.py:26 2023-04-11 22:12:30 >>>>>> 开始执行：
INFO    2023-04-11 22:12:31,106G:\auto_api1_framework\logs\info-2023-04-11.log:log_decorator.py:42 
======================================================
用例标题: 添加角色失败（没有参数）
请求路径: http://127.0.0.1:8888/api/private/v1/roles
请求方式: POST
请求头:   {'User-Agent': 'python-requests/2.28.2', 'Accept-Encoding': 'gzip, deflate', 'Accept': '*/*', 'Connection': 'keep-alive', 'Authorization': 'Bearer eyJhbGciOiJIUzI1NiIsInR5cCI6IkpXVCJ9.eyJ1aWQiOjUwMCwicmlkIjowLCJpYXQiOjE2ODEyMjIzNTEsImV4cCI6MTY4MTMwODc1MX0.UwGa7WjB9l9KhczHiWJH1ZQIVXwWNzgd_7wRMPhIonE', 'Content-Length': '0'}
请求内容: None
接口响应内容: {'data': None, 'meta': {'msg': '角色名称不能为空', 'status': 400}}
接口响应时长: 1 ms
Http状态码: 200
断言结果: 200
=====================================================
INFO    2023-04-11 22:12:31,108G:\auto_api1_framework\logs\info-2023-04-11.log:test_add_role.py:29 2023-04-11 22:12:30 >>>>>> 执行结束！
INFO    2023-04-11 22:12:44,472G:\auto_api1_framework\logs\info-2023-04-11.log:test_role_empower.py:26 2023-04-11 22:12:44 >>>>>> 开始执行：
INFO    2023-04-11 22:12:44,584G:\auto_api1_framework\logs\info-2023-04-11.log:log_decorator.py:42 
======================================================
用例标题: 添加角色成功（必填+选填参数）
请求路径: http://127.0.0.1:8888/api/private/v1/roles
请求方式: POST
请求头:   {'User-Agent': 'python-requests/2.28.2', 'Accept-Encoding': 'gzip, deflate', 'Accept': '*/*', 'Connection': 'keep-alive', 'Authorization': 'Bearer eyJhbGciOiJIUzI1NiIsInR5cCI6IkpXVCJ9.eyJ1aWQiOjUwMCwicmlkIjowLCJpYXQiOjE2ODEyMjIzNjQsImV4cCI6MTY4MTMwODc2NH0.kUZyhIJhHJF-rgXIPKx1hvMFYCzBdw4u-tYTiO3XjJI', 'Content-Length': '93', 'Content-Type': 'application/json'}
请求内容: {'roleName': '发动机/总装工程师', 'roleDesc': '图片'}
接口响应内容: {'data': {'roleId': 103, 'roleName': '发动机/总装工程师', 'roleDesc': '图片'}, 'meta': {'msg': '创建成功', 'status': 201}}
接口响应时长: 5 ms
Http状态码: 200
断言结果: 200
=====================================================
INFO    2023-04-11 22:12:44,591G:\auto_api1_framework\logs\info-2023-04-11.log:log_decorator.py:42 
======================================================
用例标题: 角色授权成功
请求路径: http://127.0.0.1:8888/api/private/v1/roles/103/rights
请求方式: POST
请求头:   {'User-Agent': 'python-requests/2.28.2', 'Accept-Encoding': 'gzip, deflate', 'Accept': '*/*', 'Connection': 'keep-alive', 'Authorization': 'Bearer eyJhbGciOiJIUzI1NiIsInR5cCI6IkpXVCJ9.eyJ1aWQiOjUwMCwicmlkIjowLCJpYXQiOjE2ODEyMjIzNjQsImV4cCI6MTY4MTMwODc2NH0.kUZyhIJhHJF-rgXIPKx1hvMFYCzBdw4u-tYTiO3XjJI', 'Content-Length': '12', 'Content-Type': 'application/json'}
请求内容: {'rids': 10}
接口响应内容: {'data': None, 'meta': {'msg': '更新成功', 'status': 200}}
接口响应时长: 4 ms
Http状态码: 200
断言结果: 200
=====================================================
INFO    2023-04-11 22:12:44,592G:\auto_api1_framework\logs\info-2023-04-11.log:test_role_empower.py:29 2023-04-11 22:12:44 >>>>>> 执行结束！
INFO    2023-04-11 22:12:44,594G:\auto_api1_framework\logs\info-2023-04-11.log:test_role_empower.py:26 2023-04-11 22:12:44 >>>>>> 开始执行：
INFO    2023-04-11 22:12:44,611G:\auto_api1_framework\logs\info-2023-04-11.log:log_decorator.py:42 
======================================================
用例标题: 角色授权失败（roleId不存在）
请求路径: http://127.0.0.1:8888/api/private/v1/roles/1681222363/rights
请求方式: POST
请求头:   {'User-Agent': 'python-requests/2.28.2', 'Accept-Encoding': 'gzip, deflate', 'Accept': '*/*', 'Connection': 'keep-alive', 'Authorization': 'Bearer eyJhbGciOiJIUzI1NiIsInR5cCI6IkpXVCJ9.eyJ1aWQiOjUwMCwicmlkIjowLCJpYXQiOjE2ODEyMjIzNjQsImV4cCI6MTY4MTMwODc2NH0.kUZyhIJhHJF-rgXIPKx1hvMFYCzBdw4u-tYTiO3XjJI', 'Content-Length': '12', 'Content-Type': 'application/json'}
请求内容: {'rids': 10}
接口响应内容: {'data': None, 'meta': {'msg': '更新权限失败', 'status': 400}}
接口响应时长: 3 ms
Http状态码: 200
断言结果: 200
=====================================================
INFO    2023-04-11 22:12:44,614G:\auto_api1_framework\logs\info-2023-04-11.log:test_role_empower.py:29 2023-04-11 22:12:44 >>>>>> 执行结束！
INFO    2023-04-11 22:12:44,616G:\auto_api1_framework\logs\info-2023-04-11.log:test_role_empower.py:26 2023-04-11 22:12:44 >>>>>> 开始执行：
INFO    2023-04-11 22:12:44,620G:\auto_api1_framework\logs\info-2023-04-11.log:log_decorator.py:42 
======================================================
用例标题: 角色授权失败（未指定roleId）
请求路径: http://127.0.0.1:8888/api/private/v1/roles/rights
请求方式: POST
请求头:   {'User-Agent': 'python-requests/2.28.2', 'Accept-Encoding': 'gzip, deflate', 'Accept': '*/*', 'Connection': 'keep-alive', 'Authorization': 'Bearer eyJhbGciOiJIUzI1NiIsInR5cCI6IkpXVCJ9.eyJ1aWQiOjUwMCwicmlkIjowLCJpYXQiOjE2ODEyMjIzNjQsImV4cCI6MTY4MTMwODc2NH0.kUZyhIJhHJF-rgXIPKx1hvMFYCzBdw4u-tYTiO3XjJI', 'Content-Length': '12', 'Content-Type': 'application/json'}
请求内容: {'rids': 10}
接口响应内容: {'data': None, 'meta': {'msg': 'Not Found', 'status': 404}}
接口响应时长: 1 ms
Http状态码: 200
断言结果: 200
=====================================================
INFO    2023-04-11 22:12:44,622G:\auto_api1_framework\logs\info-2023-04-11.log:test_role_empower.py:29 2023-04-11 22:12:44 >>>>>> 执行结束！
INFO    2023-04-11 22:12:44,624G:\auto_api1_framework\logs\info-2023-04-11.log:test_role_empower.py:26 2023-04-11 22:12:44 >>>>>> 开始执行：
INFO    2023-04-11 22:12:44,733G:\auto_api1_framework\logs\info-2023-04-11.log:log_decorator.py:42 
======================================================
用例标题: 添加角色成功（必填+选填参数）
请求路径: http://127.0.0.1:8888/api/private/v1/roles
请求方式: POST
请求头:   {'User-Agent': 'python-requests/2.28.2', 'Accept-Encoding': 'gzip, deflate', 'Accept': '*/*', 'Connection': 'keep-alive', 'Authorization': 'Bearer eyJhbGciOiJIUzI1NiIsInR5cCI6IkpXVCJ9.eyJ1aWQiOjUwMCwicmlkIjowLCJpYXQiOjE2ODEyMjIzNjQsImV4cCI6MTY4MTMwODc2NH0.kUZyhIJhHJF-rgXIPKx1hvMFYCzBdw4u-tYTiO3XjJI', 'Content-Length': '80', 'Content-Type': 'application/json'}
请求内容: {'roleName': '建筑项目助理', 'roleDesc': '到了'}
接口响应内容: {'data': {'roleId': 104, 'roleName': '建筑项目助理', 'roleDesc': '到了'}, 'meta': {'msg': '创建成功', 'status': 201}}
接口响应时长: 6 ms
Http状态码: 200
断言结果: 200
=====================================================
INFO    2023-04-11 22:12:44,741G:\auto_api1_framework\logs\info-2023-04-11.log:log_decorator.py:42 
======================================================
用例标题: 角色授权失败（rids为空）
请求路径: http://127.0.0.1:8888/api/private/v1/roles/104/rights
请求方式: POST
请求头:   {'User-Agent': 'python-requests/2.28.2', 'Accept-Encoding': 'gzip, deflate', 'Accept': '*/*', 'Connection': 'keep-alive', 'Authorization': 'Bearer eyJhbGciOiJIUzI1NiIsInR5cCI6IkpXVCJ9.eyJ1aWQiOjUwMCwicmlkIjowLCJpYXQiOjE2ODEyMjIzNjQsImV4cCI6MTY4MTMwODc2NH0.kUZyhIJhHJF-rgXIPKx1hvMFYCzBdw4u-tYTiO3XjJI', 'Content-Length': '14', 'Content-Type': 'application/json'}
请求内容: {'rids': None}
接口响应内容: {'data': None, 'meta': {'msg': '更新权限失败', 'status': 400}}
接口响应时长: 5 ms
Http状态码: 200
断言结果: 200
=====================================================
INFO    2023-04-11 22:12:44,742G:\auto_api1_framework\logs\info-2023-04-11.log:test_role_empower.py:29 2023-04-11 22:12:44 >>>>>> 执行结束！
INFO    2023-04-11 22:12:44,743G:\auto_api1_framework\logs\info-2023-04-11.log:test_role_empower.py:26 2023-04-11 22:12:44 >>>>>> 开始执行：
INFO    2023-04-11 22:12:44,863G:\auto_api1_framework\logs\info-2023-04-11.log:log_decorator.py:42 
======================================================
用例标题: 添加角色成功（必填+选填参数）
请求路径: http://127.0.0.1:8888/api/private/v1/roles
请求方式: POST
请求头:   {'User-Agent': 'python-requests/2.28.2', 'Accept-Encoding': 'gzip, deflate', 'Accept': '*/*', 'Connection': 'keep-alive', 'Authorization': 'Bearer eyJhbGciOiJIUzI1NiIsInR5cCI6IkpXVCJ9.eyJ1aWQiOjUwMCwicmlkIjowLCJpYXQiOjE2ODEyMjIzNjQsImV4cCI6MTY4MTMwODc2NH0.kUZyhIJhHJF-rgXIPKx1hvMFYCzBdw4u-tYTiO3XjJI', 'Content-Length': '74', 'Content-Type': 'application/json'}
请求内容: {'roleName': '健身房服务', 'roleDesc': '只要'}
接口响应内容: {'data': {'roleId': 105, 'roleName': '健身房服务', 'roleDesc': '只要'}, 'meta': {'msg': '创建成功', 'status': 201}}
接口响应时长: 6 ms
Http状态码: 200
断言结果: 200
=====================================================
INFO    2023-04-11 22:12:44,870G:\auto_api1_framework\logs\info-2023-04-11.log:log_decorator.py:42 
======================================================
用例标题: 角色授权成功（rids纯数字）
请求路径: http://127.0.0.1:8888/api/private/v1/roles/105/rights
请求方式: POST
请求头:   {'User-Agent': 'python-requests/2.28.2', 'Accept-Encoding': 'gzip, deflate', 'Accept': '*/*', 'Connection': 'keep-alive', 'Authorization': 'Bearer eyJhbGciOiJIUzI1NiIsInR5cCI6IkpXVCJ9.eyJ1aWQiOjUwMCwicmlkIjowLCJpYXQiOjE2ODEyMjIzNjQsImV4cCI6MTY4MTMwODc2NH0.kUZyhIJhHJF-rgXIPKx1hvMFYCzBdw4u-tYTiO3XjJI', 'Content-Length': '18', 'Content-Type': 'application/json'}
请求内容: {'rids': '519592'}
接口响应内容: {'data': None, 'meta': {'msg': '更新成功', 'status': 200}}
接口响应时长: 4 ms
Http状态码: 200
断言结果: 200
=====================================================
INFO    2023-04-11 22:12:44,871G:\auto_api1_framework\logs\info-2023-04-11.log:test_role_empower.py:29 2023-04-11 22:12:44 >>>>>> 执行结束！
INFO    2023-04-11 22:12:44,873G:\auto_api1_framework\logs\info-2023-04-11.log:test_role_empower.py:26 2023-04-11 22:12:44 >>>>>> 开始执行：
INFO    2023-04-11 22:12:44,982G:\auto_api1_framework\logs\info-2023-04-11.log:log_decorator.py:42 
======================================================
用例标题: 添加角色成功（必填+选填参数）
请求路径: http://127.0.0.1:8888/api/private/v1/roles
请求方式: POST
请求头:   {'User-Agent': 'python-requests/2.28.2', 'Accept-Encoding': 'gzip, deflate', 'Accept': '*/*', 'Connection': 'keep-alive', 'Authorization': 'Bearer eyJhbGciOiJIUzI1NiIsInR5cCI6IkpXVCJ9.eyJ1aWQiOjUwMCwicmlkIjowLCJpYXQiOjE2ODEyMjIzNjQsImV4cCI6MTY4MTMwODc2NH0.kUZyhIJhHJF-rgXIPKx1hvMFYCzBdw4u-tYTiO3XjJI', 'Content-Length': '86', 'Content-Type': 'application/json'}
请求内容: {'roleName': '电信交换工程师', 'roleDesc': '这里'}
接口响应内容: {'data': {'roleId': 106, 'roleName': '电信交换工程师', 'roleDesc': '这里'}, 'meta': {'msg': '创建成功', 'status': 201}}
接口响应时长: 4 ms
Http状态码: 200
断言结果: 200
=====================================================
INFO    2023-04-11 22:12:44,989G:\auto_api1_framework\logs\info-2023-04-11.log:log_decorator.py:42 
======================================================
用例标题: 角色授权成功（rids纯字母）
请求路径: http://127.0.0.1:8888/api/private/v1/roles/106/rights
请求方式: POST
请求头:   {'User-Agent': 'python-requests/2.28.2', 'Accept-Encoding': 'gzip, deflate', 'Accept': '*/*', 'Connection': 'keep-alive', 'Authorization': 'Bearer eyJhbGciOiJIUzI1NiIsInR5cCI6IkpXVCJ9.eyJ1aWQiOjUwMCwicmlkIjowLCJpYXQiOjE2ODEyMjIzNjQsImV4cCI6MTY4MTMwODc2NH0.kUZyhIJhHJF-rgXIPKx1hvMFYCzBdw4u-tYTiO3XjJI', 'Content-Length': '18', 'Content-Type': 'application/json'}
请求内容: {'rids': 'vZvLZg'}
接口响应内容: {'data': None, 'meta': {'msg': '更新成功', 'status': 200}}
接口响应时长: 5 ms
Http状态码: 200
断言结果: 200
=====================================================
INFO    2023-04-11 22:12:44,991G:\auto_api1_framework\logs\info-2023-04-11.log:test_role_empower.py:29 2023-04-11 22:12:44 >>>>>> 执行结束！
INFO    2023-04-11 22:12:44,992G:\auto_api1_framework\logs\info-2023-04-11.log:test_role_empower.py:26 2023-04-11 22:12:44 >>>>>> 开始执行：
INFO    2023-04-11 22:12:45,109G:\auto_api1_framework\logs\info-2023-04-11.log:log_decorator.py:42 
======================================================
用例标题: 添加角色成功（必填+选填参数）
请求路径: http://127.0.0.1:8888/api/private/v1/roles
请求方式: POST
请求头:   {'User-Agent': 'python-requests/2.28.2', 'Accept-Encoding': 'gzip, deflate', 'Accept': '*/*', 'Connection': 'keep-alive', 'Authorization': 'Bearer eyJhbGciOiJIUzI1NiIsInR5cCI6IkpXVCJ9.eyJ1aWQiOjUwMCwicmlkIjowLCJpYXQiOjE2ODEyMjIzNjQsImV4cCI6MTY4MTMwODc2NH0.kUZyhIJhHJF-rgXIPKx1hvMFYCzBdw4u-tYTiO3XjJI', 'Content-Length': '68', 'Content-Type': 'application/json'}
请求内容: {'roleName': '日语翻译', 'roleDesc': '根据'}
接口响应内容: {'data': {'roleId': 107, 'roleName': '日语翻译', 'roleDesc': '根据'}, 'meta': {'msg': '创建成功', 'status': 201}}
接口响应时长: 5 ms
Http状态码: 200
断言结果: 200
=====================================================
INFO    2023-04-11 22:12:45,116G:\auto_api1_framework\logs\info-2023-04-11.log:log_decorator.py:42 
======================================================
用例标题: 角色授权成功（rids包含特殊字符、汉字）
请求路径: http://127.0.0.1:8888/api/private/v1/roles/107/rights
请求方式: POST
请求头:   {'User-Agent': 'python-requests/2.28.2', 'Accept-Encoding': 'gzip, deflate', 'Accept': '*/*', 'Connection': 'keep-alive', 'Authorization': 'Bearer eyJhbGciOiJIUzI1NiIsInR5cCI6IkpXVCJ9.eyJ1aWQiOjUwMCwicmlkIjowLCJpYXQiOjE2ODEyMjIzNjQsImV4cCI6MTY4MTMwODc2NH0.kUZyhIJhHJF-rgXIPKx1hvMFYCzBdw4u-tYTiO3XjJI', 'Content-Length': '29', 'Content-Type': 'application/json'}
请求内容: {'rids': '($%_*廖瑞'}
接口响应内容: {'data': None, 'meta': {'msg': '更新成功', 'status': 200}}
接口响应时长: 5 ms
Http状态码: 200
断言结果: 200
=====================================================
INFO    2023-04-11 22:12:45,118G:\auto_api1_framework\logs\info-2023-04-11.log:test_role_empower.py:29 2023-04-11 22:12:44 >>>>>> 执行结束！
INFO    2023-04-11 22:12:45,118G:\auto_api1_framework\logs\info-2023-04-11.log:test_role_empower.py:26 2023-04-11 22:12:44 >>>>>> 开始执行：
INFO    2023-04-11 22:12:45,235G:\auto_api1_framework\logs\info-2023-04-11.log:log_decorator.py:42 
======================================================
用例标题: 添加角色成功（必填+选填参数）
请求路径: http://127.0.0.1:8888/api/private/v1/roles
请求方式: POST
请求头:   {'User-Agent': 'python-requests/2.28.2', 'Accept-Encoding': 'gzip, deflate', 'Accept': '*/*', 'Connection': 'keep-alive', 'Authorization': 'Bearer eyJhbGciOiJIUzI1NiIsInR5cCI6IkpXVCJ9.eyJ1aWQiOjUwMCwicmlkIjowLCJpYXQiOjE2ODEyMjIzNjQsImV4cCI6MTY4MTMwODc2NH0.kUZyhIJhHJF-rgXIPKx1hvMFYCzBdw4u-tYTiO3XjJI', 'Content-Length': '68', 'Content-Type': 'application/json'}
请求内容: {'roleName': '公关经理', 'roleDesc': '下载'}
接口响应内容: {'data': {'roleId': 108, 'roleName': '公关经理', 'roleDesc': '下载'}, 'meta': {'msg': '创建成功', 'status': 201}}
接口响应时长: 4 ms
Http状态码: 200
断言结果: 200
=====================================================
INFO    2023-04-11 22:12:45,241G:\auto_api1_framework\logs\info-2023-04-11.log:log_decorator.py:42 
======================================================
用例标题: 角色授权成功（多出id参数）
请求路径: http://127.0.0.1:8888/api/private/v1/roles/108/rights
请求方式: POST
请求头:   {'User-Agent': 'python-requests/2.28.2', 'Accept-Encoding': 'gzip, deflate', 'Accept': '*/*', 'Connection': 'keep-alive', 'Authorization': 'Bearer eyJhbGciOiJIUzI1NiIsInR5cCI6IkpXVCJ9.eyJ1aWQiOjUwMCwicmlkIjowLCJpYXQiOjE2ODEyMjIzNjQsImV4cCI6MTY4MTMwODc2NH0.kUZyhIJhHJF-rgXIPKx1hvMFYCzBdw4u-tYTiO3XjJI', 'Content-Length': '23', 'Content-Type': 'application/json'}
请求内容: {'rids': 10, 'id': 100}
接口响应内容: {'data': None, 'meta': {'msg': '更新成功', 'status': 200}}
接口响应时长: 4 ms
Http状态码: 200
断言结果: 200
=====================================================
INFO    2023-04-11 22:12:45,242G:\auto_api1_framework\logs\info-2023-04-11.log:test_role_empower.py:29 2023-04-11 22:12:44 >>>>>> 执行结束！
INFO    2023-04-11 22:12:45,244G:\auto_api1_framework\logs\info-2023-04-11.log:test_role_empower.py:26 2023-04-11 22:12:44 >>>>>> 开始执行：
INFO    2023-04-11 22:12:45,363G:\auto_api1_framework\logs\info-2023-04-11.log:log_decorator.py:42 
======================================================
用例标题: 添加角色成功（必填+选填参数）
请求路径: http://127.0.0.1:8888/api/private/v1/roles
请求方式: POST
请求头:   {'User-Agent': 'python-requests/2.28.2', 'Accept-Encoding': 'gzip, deflate', 'Accept': '*/*', 'Connection': 'keep-alive', 'Authorization': 'Bearer eyJhbGciOiJIUzI1NiIsInR5cCI6IkpXVCJ9.eyJ1aWQiOjUwMCwicmlkIjowLCJpYXQiOjE2ODEyMjIzNjQsImV4cCI6MTY4MTMwODc2NH0.kUZyhIJhHJF-rgXIPKx1hvMFYCzBdw4u-tYTiO3XjJI', 'Content-Length': '81', 'Content-Type': 'application/json'}
请求内容: {'roleName': '网店/淘宝运营', 'roleDesc': '登录'}
接口响应内容: {'data': {'roleId': 109, 'roleName': '网店/淘宝运营', 'roleDesc': '登录'}, 'meta': {'msg': '创建成功', 'status': 201}}
接口响应时长: 5 ms
Http状态码: 200
断言结果: 200
=====================================================
INFO    2023-04-11 22:12:45,371G:\auto_api1_framework\logs\info-2023-04-11.log:log_decorator.py:42 
======================================================
用例标题: 角色授权失败（缺少rids参数）
请求路径: http://127.0.0.1:8888/api/private/v1/roles/109/rights
请求方式: POST
请求头:   {'User-Agent': 'python-requests/2.28.2', 'Accept-Encoding': 'gzip, deflate', 'Accept': '*/*', 'Connection': 'keep-alive', 'Authorization': 'Bearer eyJhbGciOiJIUzI1NiIsInR5cCI6IkpXVCJ9.eyJ1aWQiOjUwMCwicmlkIjowLCJpYXQiOjE2ODEyMjIzNjQsImV4cCI6MTY4MTMwODc2NH0.kUZyhIJhHJF-rgXIPKx1hvMFYCzBdw4u-tYTiO3XjJI', 'Content-Length': '0'}
请求内容: None
接口响应内容: {'data': None, 'meta': {'msg': '更新权限失败', 'status': 400}}
接口响应时长: 5 ms
Http状态码: 200
断言结果: 200
=====================================================
INFO    2023-04-11 22:12:45,374G:\auto_api1_framework\logs\info-2023-04-11.log:test_role_empower.py:29 2023-04-11 22:12:44 >>>>>> 执行结束！
INFO    2023-04-11 22:16:06,239G:\auto_api1_framework\logs\info-2023-04-11.log:test_delete_role_empower.py:26 2023-04-11 22:16:06 >>>>>> 开始执行：
INFO    2023-04-11 22:16:06,345G:\auto_api1_framework\logs\info-2023-04-11.log:log_decorator.py:42 
======================================================
用例标题: 添加角色成功（必填+选填参数）
请求路径: http://127.0.0.1:8888/api/private/v1/roles
请求方式: POST
请求头:   {'User-Agent': 'python-requests/2.28.2', 'Accept-Encoding': 'gzip, deflate', 'Accept': '*/*', 'Connection': 'keep-alive', 'Authorization': 'Bearer eyJhbGciOiJIUzI1NiIsInR5cCI6IkpXVCJ9.eyJ1aWQiOjUwMCwicmlkIjowLCJpYXQiOjE2ODEyMjI1NjYsImV4cCI6MTY4MTMwODk2Nn0.L74tF50uMAIgpg-oCdSbO9mMU3yD3U5--8nx8O05tys', 'Content-Length': '93', 'Content-Type': 'application/json'}
请求内容: {'roleName': '品牌/连锁招商管理', 'roleDesc': '企业'}
接口响应内容: {'data': {'roleId': 110, 'roleName': '品牌/连锁招商管理', 'roleDesc': '企业'}, 'meta': {'msg': '创建成功', 'status': 201}}
接口响应时长: 4 ms
Http状态码: 200
断言结果: 200
=====================================================
INFO    2023-04-11 22:16:06,353G:\auto_api1_framework\logs\info-2023-04-11.log:log_decorator.py:42 
======================================================
用例标题: 删除角色指定权限成功
请求路径: http://127.0.0.1:8888/api/private/v1/roles/110/rights/110
请求方式: DELETE
请求头:   {'User-Agent': 'python-requests/2.28.2', 'Accept-Encoding': 'gzip, deflate', 'Accept': '*/*', 'Connection': 'keep-alive', 'Authorization': 'Bearer eyJhbGciOiJIUzI1NiIsInR5cCI6IkpXVCJ9.eyJ1aWQiOjUwMCwicmlkIjowLCJpYXQiOjE2ODEyMjI1NjYsImV4cCI6MTY4MTMwODk2Nn0.L74tF50uMAIgpg-oCdSbO9mMU3yD3U5--8nx8O05tys', 'Content-Length': '40', 'Content-Type': 'application/json'}
请求内容: {'roleName': '媒介主管'}
接口响应内容: {'data': [], 'meta': {'msg': '取消权限成功', 'status': 200}}
接口响应时长: 6 ms
Http状态码: 200
断言结果: 200
=====================================================
INFO    2023-04-11 22:16:06,432G:\auto_api1_framework\logs\info-2023-04-11.log:test_delete_role_empower.py:29 2023-04-11 22:16:06 >>>>>> 执行结束！
INFO    2023-04-11 22:16:06,434G:\auto_api1_framework\logs\info-2023-04-11.log:test_delete_role_empower.py:26 2023-04-11 22:16:06 >>>>>> 开始执行：
INFO    2023-04-11 22:16:06,441G:\auto_api1_framework\logs\info-2023-04-11.log:log_decorator.py:42 
======================================================
用例标题: 添加角色成功（必填+选填参数）
请求路径: http://127.0.0.1:8888/api/private/v1/roles
请求方式: POST
请求头:   {'User-Agent': 'python-requests/2.28.2', 'Accept-Encoding': 'gzip, deflate', 'Accept': '*/*', 'Connection': 'keep-alive', 'Authorization': 'Bearer eyJhbGciOiJIUzI1NiIsInR5cCI6IkpXVCJ9.eyJ1aWQiOjUwMCwicmlkIjowLCJpYXQiOjE2ODEyMjI1NjYsImV4cCI6MTY4MTMwODk2Nn0.L74tF50uMAIgpg-oCdSbO9mMU3yD3U5--8nx8O05tys', 'Content-Length': '68', 'Content-Type': 'application/json'}
请求内容: {'roleName': '舞蹈老师', 'roleDesc': '这样'}
接口响应内容: {'data': {'roleId': 111, 'roleName': '舞蹈老师', 'roleDesc': '这样'}, 'meta': {'msg': '创建成功', 'status': 201}}
接口响应时长: 6 ms
Http状态码: 200
断言结果: 200
=====================================================
INFO    2023-04-11 22:16:06,443G:\auto_api1_framework\logs\info-2023-04-11.log:test_delete_role_empower.py:29 2023-04-11 22:16:06 >>>>>> 执行结束！
INFO    2023-04-11 22:16:06,444G:\auto_api1_framework\logs\info-2023-04-11.log:test_delete_role_empower.py:26 2023-04-11 22:16:06 >>>>>> 开始执行：
INFO    2023-04-11 22:16:06,449G:\auto_api1_framework\logs\info-2023-04-11.log:log_decorator.py:42 
======================================================
用例标题: 添加角色失败（角色名称为空）
请求路径: http://127.0.0.1:8888/api/private/v1/roles
请求方式: POST
请求头:   {'User-Agent': 'python-requests/2.28.2', 'Accept-Encoding': 'gzip, deflate', 'Accept': '*/*', 'Connection': 'keep-alive', 'Authorization': 'Bearer eyJhbGciOiJIUzI1NiIsInR5cCI6IkpXVCJ9.eyJ1aWQiOjUwMCwicmlkIjowLCJpYXQiOjE2ODEyMjI1NjYsImV4cCI6MTY4MTMwODk2Nn0.L74tF50uMAIgpg-oCdSbO9mMU3yD3U5--8nx8O05tys', 'Content-Length': '46', 'Content-Type': 'application/json'}
请求内容: {'roleName': None, 'roleDesc': '以及'}
接口响应内容: {'data': None, 'meta': {'msg': '角色名称不能为空', 'status': 400}}
接口响应时长: 2 ms
Http状态码: 200
断言结果: 200
=====================================================
INFO    2023-04-11 22:16:06,455G:\auto_api1_framework\logs\info-2023-04-11.log:test_delete_role_empower.py:29 2023-04-11 22:16:06 >>>>>> 执行结束！
INFO    2023-04-11 22:16:06,460G:\auto_api1_framework\logs\info-2023-04-11.log:test_delete_role_empower.py:26 2023-04-11 22:16:06 >>>>>> 开始执行：
INFO    2023-04-11 22:16:06,467G:\auto_api1_framework\logs\info-2023-04-11.log:log_decorator.py:42 
======================================================
用例标题: 添加角色失败（角色名称纯数字）
请求路径: http://127.0.0.1:8888/api/private/v1/roles
请求方式: POST
请求头:   {'User-Agent': 'python-requests/2.28.2', 'Accept-Encoding': 'gzip, deflate', 'Accept': '*/*', 'Connection': 'keep-alive', 'Authorization': 'Bearer eyJhbGciOiJIUzI1NiIsInR5cCI6IkpXVCJ9.eyJ1aWQiOjUwMCwicmlkIjowLCJpYXQiOjE2ODEyMjI1NjYsImV4cCI6MTY4MTMwODk2Nn0.L74tF50uMAIgpg-oCdSbO9mMU3yD3U5--8nx8O05tys', 'Content-Length': '50', 'Content-Type': 'application/json'}
请求内容: {'roleName': '830445', 'roleDesc': '规定'}
接口响应内容: {'data': {'roleId': 112, 'roleName': '830445', 'roleDesc': '规定'}, 'meta': {'msg': '创建成功', 'status': 201}}
接口响应时长: 5 ms
Http状态码: 200
断言结果: 200
=====================================================
INFO    2023-04-11 22:16:06,469G:\auto_api1_framework\logs\info-2023-04-11.log:test_delete_role_empower.py:29 2023-04-11 22:16:06 >>>>>> 执行结束！
INFO    2023-04-11 22:16:06,471G:\auto_api1_framework\logs\info-2023-04-11.log:test_delete_role_empower.py:26 2023-04-11 22:16:06 >>>>>> 开始执行：
INFO    2023-04-11 22:16:06,477G:\auto_api1_framework\logs\info-2023-04-11.log:log_decorator.py:42 
======================================================
用例标题: 添加角色失败（角色名称纯字母）
请求路径: http://127.0.0.1:8888/api/private/v1/roles
请求方式: POST
请求头:   {'User-Agent': 'python-requests/2.28.2', 'Accept-Encoding': 'gzip, deflate', 'Accept': '*/*', 'Connection': 'keep-alive', 'Authorization': 'Bearer eyJhbGciOiJIUzI1NiIsInR5cCI6IkpXVCJ9.eyJ1aWQiOjUwMCwicmlkIjowLCJpYXQiOjE2ODEyMjI1NjYsImV4cCI6MTY4MTMwODk2Nn0.L74tF50uMAIgpg-oCdSbO9mMU3yD3U5--8nx8O05tys', 'Content-Length': '50', 'Content-Type': 'application/json'}
请求内容: {'roleName': 'zvwaBf', 'roleDesc': '游戏'}
接口响应内容: {'data': {'roleId': 113, 'roleName': 'zvwaBf', 'roleDesc': '游戏'}, 'meta': {'msg': '创建成功', 'status': 201}}
接口响应时长: 4 ms
Http状态码: 200
断言结果: 200
=====================================================
INFO    2023-04-11 22:16:06,478G:\auto_api1_framework\logs\info-2023-04-11.log:test_delete_role_empower.py:29 2023-04-11 22:16:06 >>>>>> 执行结束！
INFO    2023-04-11 22:16:06,480G:\auto_api1_framework\logs\info-2023-04-11.log:test_delete_role_empower.py:26 2023-04-11 22:16:06 >>>>>> 开始执行：
INFO    2023-04-11 22:16:06,486G:\auto_api1_framework\logs\info-2023-04-11.log:log_decorator.py:42 
======================================================
用例标题: 添加角色失败（角色名称包含特殊字符、汉字）
请求路径: http://127.0.0.1:8888/api/private/v1/roles
请求方式: POST
请求头:   {'User-Agent': 'python-requests/2.28.2', 'Accept-Encoding': 'gzip, deflate', 'Accept': '*/*', 'Connection': 'keep-alive', 'Authorization': 'Bearer eyJhbGciOiJIUzI1NiIsInR5cCI6IkpXVCJ9.eyJ1aWQiOjUwMCwicmlkIjowLCJpYXQiOjE2ODEyMjI1NjYsImV4cCI6MTY4MTMwODk2Nn0.L74tF50uMAIgpg-oCdSbO9mMU3yD3U5--8nx8O05tys', 'Content-Length': '61', 'Content-Type': 'application/json'}
请求内容: {'roleName': '%))!$李瑜', 'roleDesc': '社区'}
接口响应内容: {'data': {'roleId': 114, 'roleName': '%))!$李瑜', 'roleDesc': '社区'}, 'meta': {'msg': '创建成功', 'status': 201}}
接口响应时长: 4 ms
Http状态码: 200
断言结果: 200
=====================================================
INFO    2023-04-11 22:16:06,487G:\auto_api1_framework\logs\info-2023-04-11.log:test_delete_role_empower.py:29 2023-04-11 22:16:06 >>>>>> 执行结束！
INFO    2023-04-11 22:16:06,489G:\auto_api1_framework\logs\info-2023-04-11.log:test_delete_role_empower.py:26 2023-04-11 22:16:06 >>>>>> 开始执行：
INFO    2023-04-11 22:16:06,499G:\auto_api1_framework\logs\info-2023-04-11.log:log_decorator.py:42 
======================================================
用例标题: 添加角色失败（多出roleId参数）
请求路径: http://127.0.0.1:8888/api/private/v1/roles
请求方式: POST
请求头:   {'User-Agent': 'python-requests/2.28.2', 'Accept-Encoding': 'gzip, deflate', 'Accept': '*/*', 'Connection': 'keep-alive', 'Authorization': 'Bearer eyJhbGciOiJIUzI1NiIsInR5cCI6IkpXVCJ9.eyJ1aWQiOjUwMCwicmlkIjowLCJpYXQiOjE2ODEyMjI1NjYsImV4cCI6MTY4MTMwODk2Nn0.L74tF50uMAIgpg-oCdSbO9mMU3yD3U5--8nx8O05tys', 'Content-Length': '70', 'Content-Type': 'application/json'}
请求内容: {'roleName': '一起', 'roleDesc': '文化', 'roleId': 99}
接口响应内容: {'data': {'roleId': 115, 'roleName': '一起', 'roleDesc': '文化'}, 'meta': {'msg': '创建成功', 'status': 201}}
接口响应时长: 5 ms
Http状态码: 200
断言结果: 200
=====================================================
INFO    2023-04-11 22:16:06,501G:\auto_api1_framework\logs\info-2023-04-11.log:test_delete_role_empower.py:29 2023-04-11 22:16:06 >>>>>> 执行结束！
INFO    2023-04-11 22:16:06,503G:\auto_api1_framework\logs\info-2023-04-11.log:test_delete_role_empower.py:26 2023-04-11 22:16:06 >>>>>> 开始执行：
INFO    2023-04-11 22:16:06,510G:\auto_api1_framework\logs\info-2023-04-11.log:log_decorator.py:42 
======================================================
用例标题: 添加角色失败（缺少roleName参数）
请求路径: http://127.0.0.1:8888/api/private/v1/roles
请求方式: POST
请求头:   {'User-Agent': 'python-requests/2.28.2', 'Accept-Encoding': 'gzip, deflate', 'Accept': '*/*', 'Connection': 'keep-alive', 'Authorization': 'Bearer eyJhbGciOiJIUzI1NiIsInR5cCI6IkpXVCJ9.eyJ1aWQiOjUwMCwicmlkIjowLCJpYXQiOjE2ODEyMjI1NjYsImV4cCI6MTY4MTMwODk2Nn0.L74tF50uMAIgpg-oCdSbO9mMU3yD3U5--8nx8O05tys', 'Content-Length': '28', 'Content-Type': 'application/json'}
请求内容: {'roleDesc': '由于'}
接口响应内容: {'data': None, 'meta': {'msg': '角色名称不能为空', 'status': 400}}
接口响应时长: 3 ms
Http状态码: 200
断言结果: 200
=====================================================
INFO    2023-04-11 22:16:06,517G:\auto_api1_framework\logs\info-2023-04-11.log:test_delete_role_empower.py:29 2023-04-11 22:16:06 >>>>>> 执行结束！
INFO    2023-04-11 22:16:06,523G:\auto_api1_framework\logs\info-2023-04-11.log:test_delete_role_empower.py:26 2023-04-11 22:16:06 >>>>>> 开始执行：
INFO    2023-04-11 22:16:06,529G:\auto_api1_framework\logs\info-2023-04-11.log:log_decorator.py:42 
======================================================
用例标题: 添加角色失败（修改roleName参数）
请求路径: http://127.0.0.1:8888/api/private/v1/roles
请求方式: POST
请求头:   {'User-Agent': 'python-requests/2.28.2', 'Accept-Encoding': 'gzip, deflate', 'Accept': '*/*', 'Connection': 'keep-alive', 'Authorization': 'Bearer eyJhbGciOiJIUzI1NiIsInR5cCI6IkpXVCJ9.eyJ1aWQiOjUwMCwicmlkIjowLCJpYXQiOjE2ODEyMjI1NjYsImV4cCI6MTY4MTMwODk2Nn0.L74tF50uMAIgpg-oCdSbO9mMU3yD3U5--8nx8O05tys', 'Content-Length': '29', 'Content-Type': 'application/json'}
请求内容: {'roleName1': '以上'}
接口响应内容: {'data': None, 'meta': {'msg': '角色名称不能为空', 'status': 400}}
接口响应时长: 2 ms
Http状态码: 200
断言结果: 200
=====================================================
INFO    2023-04-11 22:16:06,537G:\auto_api1_framework\logs\info-2023-04-11.log:test_delete_role_empower.py:29 2023-04-11 22:16:06 >>>>>> 执行结束！
INFO    2023-04-11 22:16:06,538G:\auto_api1_framework\logs\info-2023-04-11.log:test_delete_role_empower.py:26 2023-04-11 22:16:06 >>>>>> 开始执行：
INFO    2023-04-11 22:16:06,543G:\auto_api1_framework\logs\info-2023-04-11.log:log_decorator.py:42 
======================================================
用例标题: 添加角色失败（没有参数）
请求路径: http://127.0.0.1:8888/api/private/v1/roles
请求方式: POST
请求头:   {'User-Agent': 'python-requests/2.28.2', 'Accept-Encoding': 'gzip, deflate', 'Accept': '*/*', 'Connection': 'keep-alive', 'Authorization': 'Bearer eyJhbGciOiJIUzI1NiIsInR5cCI6IkpXVCJ9.eyJ1aWQiOjUwMCwicmlkIjowLCJpYXQiOjE2ODEyMjI1NjYsImV4cCI6MTY4MTMwODk2Nn0.L74tF50uMAIgpg-oCdSbO9mMU3yD3U5--8nx8O05tys', 'Content-Length': '0'}
请求内容: None
接口响应内容: {'data': None, 'meta': {'msg': '角色名称不能为空', 'status': 400}}
接口响应时长: 2 ms
Http状态码: 200
断言结果: 200
=====================================================
INFO    2023-04-11 22:16:06,550G:\auto_api1_framework\logs\info-2023-04-11.log:test_delete_role_empower.py:29 2023-04-11 22:16:06 >>>>>> 执行结束！
INFO    2023-04-11 22:16:30,687G:\auto_api1_framework\logs\info-2023-04-11.log:test_delete_role_empower.py:26 2023-04-11 22:16:30 >>>>>> 开始执行：
INFO    2023-04-11 22:16:30,798G:\auto_api1_framework\logs\info-2023-04-11.log:log_decorator.py:42 
======================================================
用例标题: 添加角色成功（必填+选填参数）
请求路径: http://127.0.0.1:8888/api/private/v1/roles
请求方式: POST
请求头:   {'User-Agent': 'python-requests/2.28.2', 'Accept-Encoding': 'gzip, deflate', 'Accept': '*/*', 'Connection': 'keep-alive', 'Authorization': 'Bearer eyJhbGciOiJIUzI1NiIsInR5cCI6IkpXVCJ9.eyJ1aWQiOjUwMCwicmlkIjowLCJpYXQiOjE2ODEyMjI1OTAsImV4cCI6MTY4MTMwODk5MH0.SXT7xe4q2a8XSWzQtoCwFmiWC8-e1p7kwsIRBHW_XZQ', 'Content-Length': '56', 'Content-Type': 'application/json'}
请求内容: {'roleName': '烫工', 'roleDesc': '准备'}
接口响应内容: {'data': {'roleId': 116, 'roleName': '烫工', 'roleDesc': '准备'}, 'meta': {'msg': '创建成功', 'status': 201}}
接口响应时长: 6 ms
Http状态码: 200
断言结果: 200
=====================================================
INFO    2023-04-11 22:16:30,809G:\auto_api1_framework\logs\info-2023-04-11.log:log_decorator.py:42 
======================================================
用例标题: 删除角色指定权限成功
请求路径: http://127.0.0.1:8888/api/private/v1/roles/116/rights/110
请求方式: DELETE
请求头:   {'User-Agent': 'python-requests/2.28.2', 'Accept-Encoding': 'gzip, deflate', 'Accept': '*/*', 'Connection': 'keep-alive', 'Authorization': 'Bearer eyJhbGciOiJIUzI1NiIsInR5cCI6IkpXVCJ9.eyJ1aWQiOjUwMCwicmlkIjowLCJpYXQiOjE2ODEyMjI1OTAsImV4cCI6MTY4MTMwODk5MH0.SXT7xe4q2a8XSWzQtoCwFmiWC8-e1p7kwsIRBHW_XZQ', 'Content-Length': '53', 'Content-Type': 'application/json'}
请求内容: {'roleName': '公关/媒介助理'}
接口响应内容: {'data': [], 'meta': {'msg': '取消权限成功', 'status': 200}}
接口响应时长: 9 ms
Http状态码: 200
断言结果: 200
=====================================================
INFO    2023-04-11 22:16:30,889G:\auto_api1_framework\logs\info-2023-04-11.log:test_delete_role_empower.py:29 2023-04-11 22:16:30 >>>>>> 执行结束！
INFO    2023-04-11 22:16:30,891G:\auto_api1_framework\logs\info-2023-04-11.log:test_delete_role_empower.py:26 2023-04-11 22:16:30 >>>>>> 开始执行：
INFO    2023-04-11 22:16:30,897G:\auto_api1_framework\logs\info-2023-04-11.log:log_decorator.py:42 
======================================================
用例标题: 添加角色成功（必填+选填参数）
请求路径: http://127.0.0.1:8888/api/private/v1/roles
请求方式: POST
请求头:   {'User-Agent': 'python-requests/2.28.2', 'Accept-Encoding': 'gzip, deflate', 'Accept': '*/*', 'Connection': 'keep-alive', 'Authorization': 'Bearer eyJhbGciOiJIUzI1NiIsInR5cCI6IkpXVCJ9.eyJ1aWQiOjUwMCwicmlkIjowLCJpYXQiOjE2ODEyMjI1OTAsImV4cCI6MTY4MTMwODk5MH0.SXT7xe4q2a8XSWzQtoCwFmiWC8-e1p7kwsIRBHW_XZQ', 'Content-Length': '71', 'Content-Type': 'application/json'}
请求内容: {'roleName': 'ERP实施顾问', 'roleDesc': '两个'}
接口响应内容: {'data': {'roleId': 117, 'roleName': 'ERP实施顾问', 'roleDesc': '两个'}, 'meta': {'msg': '创建成功', 'status': 201}}
接口响应时长: 4 ms
Http状态码: 200
断言结果: 200
=====================================================
INFO    2023-04-11 22:16:30,899G:\auto_api1_framework\logs\info-2023-04-11.log:test_delete_role_empower.py:29 2023-04-11 22:16:30 >>>>>> 执行结束！
INFO    2023-04-11 22:16:30,900G:\auto_api1_framework\logs\info-2023-04-11.log:test_delete_role_empower.py:26 2023-04-11 22:16:30 >>>>>> 开始执行：
INFO    2023-04-11 22:16:30,905G:\auto_api1_framework\logs\info-2023-04-11.log:log_decorator.py:42 
======================================================
用例标题: 添加角色失败（角色名称为空）
请求路径: http://127.0.0.1:8888/api/private/v1/roles
请求方式: POST
请求头:   {'User-Agent': 'python-requests/2.28.2', 'Accept-Encoding': 'gzip, deflate', 'Accept': '*/*', 'Connection': 'keep-alive', 'Authorization': 'Bearer eyJhbGciOiJIUzI1NiIsInR5cCI6IkpXVCJ9.eyJ1aWQiOjUwMCwicmlkIjowLCJpYXQiOjE2ODEyMjI1OTAsImV4cCI6MTY4MTMwODk5MH0.SXT7xe4q2a8XSWzQtoCwFmiWC8-e1p7kwsIRBHW_XZQ', 'Content-Length': '46', 'Content-Type': 'application/json'}
请求内容: {'roleName': None, 'roleDesc': '男人'}
接口响应内容: {'data': None, 'meta': {'msg': '角色名称不能为空', 'status': 400}}
接口响应时长: 2 ms
Http状态码: 200
断言结果: 200
=====================================================
INFO    2023-04-11 22:16:30,913G:\auto_api1_framework\logs\info-2023-04-11.log:test_delete_role_empower.py:29 2023-04-11 22:16:30 >>>>>> 执行结束！
INFO    2023-04-11 22:16:30,915G:\auto_api1_framework\logs\info-2023-04-11.log:test_delete_role_empower.py:26 2023-04-11 22:16:30 >>>>>> 开始执行：
INFO    2023-04-11 22:16:30,924G:\auto_api1_framework\logs\info-2023-04-11.log:log_decorator.py:42 
======================================================
用例标题: 添加角色失败（角色名称纯数字）
请求路径: http://127.0.0.1:8888/api/private/v1/roles
请求方式: POST
请求头:   {'User-Agent': 'python-requests/2.28.2', 'Accept-Encoding': 'gzip, deflate', 'Accept': '*/*', 'Connection': 'keep-alive', 'Authorization': 'Bearer eyJhbGciOiJIUzI1NiIsInR5cCI6IkpXVCJ9.eyJ1aWQiOjUwMCwicmlkIjowLCJpYXQiOjE2ODEyMjI1OTAsImV4cCI6MTY4MTMwODk5MH0.SXT7xe4q2a8XSWzQtoCwFmiWC8-e1p7kwsIRBHW_XZQ', 'Content-Length': '50', 'Content-Type': 'application/json'}
请求内容: {'roleName': '550634', 'roleDesc': '的话'}
接口响应内容: {'data': {'roleId': 118, 'roleName': '550634', 'roleDesc': '的话'}, 'meta': {'msg': '创建成功', 'status': 201}}
接口响应时长: 6 ms
Http状态码: 200
断言结果: 200
=====================================================
INFO    2023-04-11 22:16:30,926G:\auto_api1_framework\logs\info-2023-04-11.log:test_delete_role_empower.py:29 2023-04-11 22:16:30 >>>>>> 执行结束！
INFO    2023-04-11 22:16:30,927G:\auto_api1_framework\logs\info-2023-04-11.log:test_delete_role_empower.py:26 2023-04-11 22:16:30 >>>>>> 开始执行：
INFO    2023-04-11 22:16:30,934G:\auto_api1_framework\logs\info-2023-04-11.log:log_decorator.py:42 
======================================================
用例标题: 添加角色失败（角色名称纯字母）
请求路径: http://127.0.0.1:8888/api/private/v1/roles
请求方式: POST
请求头:   {'User-Agent': 'python-requests/2.28.2', 'Accept-Encoding': 'gzip, deflate', 'Accept': '*/*', 'Connection': 'keep-alive', 'Authorization': 'Bearer eyJhbGciOiJIUzI1NiIsInR5cCI6IkpXVCJ9.eyJ1aWQiOjUwMCwicmlkIjowLCJpYXQiOjE2ODEyMjI1OTAsImV4cCI6MTY4MTMwODk5MH0.SXT7xe4q2a8XSWzQtoCwFmiWC8-e1p7kwsIRBHW_XZQ', 'Content-Length': '50', 'Content-Type': 'application/json'}
请求内容: {'roleName': 'gtFUXq', 'roleDesc': '应该'}
接口响应内容: {'data': {'roleId': 119, 'roleName': 'gtFUXq', 'roleDesc': '应该'}, 'meta': {'msg': '创建成功', 'status': 201}}
接口响应时长: 5 ms
Http状态码: 200
断言结果: 200
=====================================================
INFO    2023-04-11 22:16:30,935G:\auto_api1_framework\logs\info-2023-04-11.log:test_delete_role_empower.py:29 2023-04-11 22:16:30 >>>>>> 执行结束！
INFO    2023-04-11 22:16:30,937G:\auto_api1_framework\logs\info-2023-04-11.log:test_delete_role_empower.py:26 2023-04-11 22:16:30 >>>>>> 开始执行：
INFO    2023-04-11 22:16:30,946G:\auto_api1_framework\logs\info-2023-04-11.log:log_decorator.py:42 
======================================================
用例标题: 添加角色失败（角色名称包含特殊字符、汉字）
请求路径: http://127.0.0.1:8888/api/private/v1/roles
请求方式: POST
请求头:   {'User-Agent': 'python-requests/2.28.2', 'Accept-Encoding': 'gzip, deflate', 'Accept': '*/*', 'Connection': 'keep-alive', 'Authorization': 'Bearer eyJhbGciOiJIUzI1NiIsInR5cCI6IkpXVCJ9.eyJ1aWQiOjUwMCwicmlkIjowLCJpYXQiOjE2ODEyMjI1OTAsImV4cCI6MTY4MTMwODk5MH0.SXT7xe4q2a8XSWzQtoCwFmiWC8-e1p7kwsIRBHW_XZQ', 'Content-Length': '61', 'Content-Type': 'application/json'}
请求内容: {'roleName': '+@@@+陈兵', 'roleDesc': '地区'}
接口响应内容: {'data': {'roleId': 120, 'roleName': '+@@@+陈兵', 'roleDesc': '地区'}, 'meta': {'msg': '创建成功', 'status': 201}}
接口响应时长: 6 ms
Http状态码: 200
断言结果: 200
=====================================================
INFO    2023-04-11 22:16:30,947G:\auto_api1_framework\logs\info-2023-04-11.log:test_delete_role_empower.py:29 2023-04-11 22:16:30 >>>>>> 执行结束！
INFO    2023-04-11 22:16:30,948G:\auto_api1_framework\logs\info-2023-04-11.log:test_delete_role_empower.py:26 2023-04-11 22:16:30 >>>>>> 开始执行：
INFO    2023-04-11 22:16:30,956G:\auto_api1_framework\logs\info-2023-04-11.log:log_decorator.py:42 
======================================================
用例标题: 添加角色失败（多出roleId参数）
请求路径: http://127.0.0.1:8888/api/private/v1/roles
请求方式: POST
请求头:   {'User-Agent': 'python-requests/2.28.2', 'Accept-Encoding': 'gzip, deflate', 'Accept': '*/*', 'Connection': 'keep-alive', 'Authorization': 'Bearer eyJhbGciOiJIUzI1NiIsInR5cCI6IkpXVCJ9.eyJ1aWQiOjUwMCwicmlkIjowLCJpYXQiOjE2ODEyMjI1OTAsImV4cCI6MTY4MTMwODk5MH0.SXT7xe4q2a8XSWzQtoCwFmiWC8-e1p7kwsIRBHW_XZQ', 'Content-Length': '70', 'Content-Type': 'application/json'}
请求内容: {'roleName': '我的', 'roleDesc': '网上', 'roleId': 99}
接口响应内容: {'data': {'roleId': 121, 'roleName': '我的', 'roleDesc': '网上'}, 'meta': {'msg': '创建成功', 'status': 201}}
接口响应时长: 5 ms
Http状态码: 200
断言结果: 200
=====================================================
INFO    2023-04-11 22:16:30,957G:\auto_api1_framework\logs\info-2023-04-11.log:test_delete_role_empower.py:29 2023-04-11 22:16:30 >>>>>> 执行结束！
INFO    2023-04-11 22:16:30,960G:\auto_api1_framework\logs\info-2023-04-11.log:test_delete_role_empower.py:26 2023-04-11 22:16:30 >>>>>> 开始执行：
INFO    2023-04-11 22:16:30,969G:\auto_api1_framework\logs\info-2023-04-11.log:log_decorator.py:42 
======================================================
用例标题: 添加角色失败（缺少roleName参数）
请求路径: http://127.0.0.1:8888/api/private/v1/roles
请求方式: POST
请求头:   {'User-Agent': 'python-requests/2.28.2', 'Accept-Encoding': 'gzip, deflate', 'Accept': '*/*', 'Connection': 'keep-alive', 'Authorization': 'Bearer eyJhbGciOiJIUzI1NiIsInR5cCI6IkpXVCJ9.eyJ1aWQiOjUwMCwicmlkIjowLCJpYXQiOjE2ODEyMjI1OTAsImV4cCI6MTY4MTMwODk5MH0.SXT7xe4q2a8XSWzQtoCwFmiWC8-e1p7kwsIRBHW_XZQ', 'Content-Length': '28', 'Content-Type': 'application/json'}
请求内容: {'roleDesc': '价格'}
接口响应内容: {'data': None, 'meta': {'msg': '角色名称不能为空', 'status': 400}}
接口响应时长: 7 ms
Http状态码: 200
断言结果: 200
=====================================================
INFO    2023-04-11 22:16:30,977G:\auto_api1_framework\logs\info-2023-04-11.log:test_delete_role_empower.py:29 2023-04-11 22:16:30 >>>>>> 执行结束！
INFO    2023-04-11 22:16:30,980G:\auto_api1_framework\logs\info-2023-04-11.log:test_delete_role_empower.py:26 2023-04-11 22:16:30 >>>>>> 开始执行：
INFO    2023-04-11 22:16:30,985G:\auto_api1_framework\logs\info-2023-04-11.log:log_decorator.py:42 
======================================================
用例标题: 添加角色失败（修改roleName参数）
请求路径: http://127.0.0.1:8888/api/private/v1/roles
请求方式: POST
请求头:   {'User-Agent': 'python-requests/2.28.2', 'Accept-Encoding': 'gzip, deflate', 'Accept': '*/*', 'Connection': 'keep-alive', 'Authorization': 'Bearer eyJhbGciOiJIUzI1NiIsInR5cCI6IkpXVCJ9.eyJ1aWQiOjUwMCwicmlkIjowLCJpYXQiOjE2ODEyMjI1OTAsImV4cCI6MTY4MTMwODk5MH0.SXT7xe4q2a8XSWzQtoCwFmiWC8-e1p7kwsIRBHW_XZQ', 'Content-Length': '29', 'Content-Type': 'application/json'}
请求内容: {'roleName1': '联系'}
接口响应内容: {'data': None, 'meta': {'msg': '角色名称不能为空', 'status': 400}}
接口响应时长: 2 ms
Http状态码: 200
断言结果: 200
=====================================================
INFO    2023-04-11 22:16:30,992G:\auto_api1_framework\logs\info-2023-04-11.log:test_delete_role_empower.py:29 2023-04-11 22:16:30 >>>>>> 执行结束！
INFO    2023-04-11 22:16:30,994G:\auto_api1_framework\logs\info-2023-04-11.log:test_delete_role_empower.py:26 2023-04-11 22:16:30 >>>>>> 开始执行：
INFO    2023-04-11 22:16:30,999G:\auto_api1_framework\logs\info-2023-04-11.log:log_decorator.py:42 
======================================================
用例标题: 添加角色失败（没有参数）
请求路径: http://127.0.0.1:8888/api/private/v1/roles
请求方式: POST
请求头:   {'User-Agent': 'python-requests/2.28.2', 'Accept-Encoding': 'gzip, deflate', 'Accept': '*/*', 'Connection': 'keep-alive', 'Authorization': 'Bearer eyJhbGciOiJIUzI1NiIsInR5cCI6IkpXVCJ9.eyJ1aWQiOjUwMCwicmlkIjowLCJpYXQiOjE2ODEyMjI1OTAsImV4cCI6MTY4MTMwODk5MH0.SXT7xe4q2a8XSWzQtoCwFmiWC8-e1p7kwsIRBHW_XZQ', 'Content-Length': '0'}
请求内容: None
接口响应内容: {'data': None, 'meta': {'msg': '角色名称不能为空', 'status': 400}}
接口响应时长: 3 ms
Http状态码: 200
断言结果: 200
=====================================================
INFO    2023-04-11 22:16:31,006G:\auto_api1_framework\logs\info-2023-04-11.log:test_delete_role_empower.py:29 2023-04-11 22:16:30 >>>>>> 执行结束！
INFO    2023-04-11 22:18:37,384G:\auto_api1_framework\logs\info-2023-04-11.log:test_delete_role_empower.py:26 2023-04-11 22:18:37 >>>>>> 开始执行：
INFO    2023-04-11 22:18:37,500G:\auto_api1_framework\logs\info-2023-04-11.log:log_decorator.py:42 
======================================================
用例标题: 添加角色成功（必填+选填参数）
请求路径: http://127.0.0.1:8888/api/private/v1/roles
请求方式: POST
请求头:   {'User-Agent': 'python-requests/2.28.2', 'Accept-Encoding': 'gzip, deflate', 'Accept': '*/*', 'Connection': 'keep-alive', 'Authorization': 'Bearer eyJhbGciOiJIUzI1NiIsInR5cCI6IkpXVCJ9.eyJ1aWQiOjUwMCwicmlkIjowLCJpYXQiOjE2ODEyMjI3MTcsImV4cCI6MTY4MTMwOTExN30.IT05JI4-ZKrVbwCm4CoQsRXiygvcLnWzMFx13kvDtb8', 'Content-Length': '74', 'Content-Type': 'application/json'}
请求内容: {'roleName': '多媒体设计', 'roleDesc': '位置'}
接口响应内容: {'data': {'roleId': 122, 'roleName': '多媒体设计', 'roleDesc': '位置'}, 'meta': {'msg': '创建成功', 'status': 201}}
接口响应时长: 5 ms
Http状态码: 200
断言结果: 200
=====================================================
INFO    2023-04-11 22:18:37,516G:\auto_api1_framework\logs\info-2023-04-11.log:log_decorator.py:42 
======================================================
用例标题: 删除角色指定权限成功
请求路径: http://127.0.0.1:8888/api/private/v1/roles/122/rights/110
请求方式: DELETE
请求头:   {'User-Agent': 'python-requests/2.28.2', 'Accept-Encoding': 'gzip, deflate', 'Accept': '*/*', 'Connection': 'keep-alive', 'Authorization': 'Bearer eyJhbGciOiJIUzI1NiIsInR5cCI6IkpXVCJ9.eyJ1aWQiOjUwMCwicmlkIjowLCJpYXQiOjE2ODEyMjI3MTcsImV4cCI6MTY4MTMwOTExN30.IT05JI4-ZKrVbwCm4CoQsRXiygvcLnWzMFx13kvDtb8', 'Content-Length': '54', 'Content-Type': 'application/json'}
请求内容: {'roleName': '工程/机械/能源'}
接口响应内容: {'data': [], 'meta': {'msg': '取消权限成功', 'status': 200}}
接口响应时长: 13 ms
Http状态码: 200
断言结果: 200
=====================================================
INFO    2023-04-11 22:18:37,518G:\auto_api1_framework\logs\info-2023-04-11.log:test_delete_role_empower.py:29 2023-04-11 22:18:37 >>>>>> 执行结束！
INFO    2023-04-11 22:18:37,520G:\auto_api1_framework\logs\info-2023-04-11.log:test_delete_role_empower.py:26 2023-04-11 22:18:37 >>>>>> 开始执行：
INFO    2023-04-11 22:18:37,527G:\auto_api1_framework\logs\info-2023-04-11.log:log_decorator.py:42 
======================================================
用例标题: 删除角色指定权限失败
请求路径: http://127.0.0.1:8888/api/private/v1/roles/1681222716/rights/110
请求方式: DELETE
请求头:   {'User-Agent': 'python-requests/2.28.2', 'Accept-Encoding': 'gzip, deflate', 'Accept': '*/*', 'Connection': 'keep-alive', 'Authorization': 'Bearer eyJhbGciOiJIUzI1NiIsInR5cCI6IkpXVCJ9.eyJ1aWQiOjUwMCwicmlkIjowLCJpYXQiOjE2ODEyMjI3MTcsImV4cCI6MTY4MTMwOTExN30.IT05JI4-ZKrVbwCm4CoQsRXiygvcLnWzMFx13kvDtb8', 'Content-Length': '56', 'Content-Type': 'application/json'}
请求内容: {'roleName': '家教', 'roleDesc': '生产'}
接口响应内容: {'data': None, 'meta': {'msg': '获取角色信息失败', 'status': 400}}
接口响应时长: 4 ms
Http状态码: 200
断言结果: 200
=====================================================
INFO    2023-04-11 22:18:37,612G:\auto_api1_framework\logs\info-2023-04-11.log:test_delete_role_empower.py:29 2023-04-11 22:18:37 >>>>>> 执行结束！
INFO    2023-04-11 22:18:37,617G:\auto_api1_framework\logs\info-2023-04-11.log:test_delete_role_empower.py:26 2023-04-11 22:18:37 >>>>>> 开始执行：
INFO    2023-04-11 22:18:37,622G:\auto_api1_framework\logs\info-2023-04-11.log:log_decorator.py:42 
======================================================
用例标题: 添加角色失败（角色名称为空）
请求路径: http://127.0.0.1:8888/api/private/v1/roles
请求方式: POST
请求头:   {'User-Agent': 'python-requests/2.28.2', 'Accept-Encoding': 'gzip, deflate', 'Accept': '*/*', 'Connection': 'keep-alive', 'Authorization': 'Bearer eyJhbGciOiJIUzI1NiIsInR5cCI6IkpXVCJ9.eyJ1aWQiOjUwMCwicmlkIjowLCJpYXQiOjE2ODEyMjI3MTcsImV4cCI6MTY4MTMwOTExN30.IT05JI4-ZKrVbwCm4CoQsRXiygvcLnWzMFx13kvDtb8', 'Content-Length': '46', 'Content-Type': 'application/json'}
请求内容: {'roleName': None, 'roleDesc': '全部'}
接口响应内容: {'data': None, 'meta': {'msg': '角色名称不能为空', 'status': 400}}
接口响应时长: 2 ms
Http状态码: 200
断言结果: 200
=====================================================
INFO    2023-04-11 22:18:37,629G:\auto_api1_framework\logs\info-2023-04-11.log:test_delete_role_empower.py:29 2023-04-11 22:18:37 >>>>>> 执行结束！
INFO    2023-04-11 22:18:37,631G:\auto_api1_framework\logs\info-2023-04-11.log:test_delete_role_empower.py:26 2023-04-11 22:18:37 >>>>>> 开始执行：
INFO    2023-04-11 22:18:37,641G:\auto_api1_framework\logs\info-2023-04-11.log:log_decorator.py:42 
======================================================
用例标题: 添加角色失败（角色名称纯数字）
请求路径: http://127.0.0.1:8888/api/private/v1/roles
请求方式: POST
请求头:   {'User-Agent': 'python-requests/2.28.2', 'Accept-Encoding': 'gzip, deflate', 'Accept': '*/*', 'Connection': 'keep-alive', 'Authorization': 'Bearer eyJhbGciOiJIUzI1NiIsInR5cCI6IkpXVCJ9.eyJ1aWQiOjUwMCwicmlkIjowLCJpYXQiOjE2ODEyMjI3MTcsImV4cCI6MTY4MTMwOTExN30.IT05JI4-ZKrVbwCm4CoQsRXiygvcLnWzMFx13kvDtb8', 'Content-Length': '50', 'Content-Type': 'application/json'}
请求内容: {'roleName': '787363', 'roleDesc': '记者'}
接口响应内容: {'data': {'roleId': 123, 'roleName': '787363', 'roleDesc': '记者'}, 'meta': {'msg': '创建成功', 'status': 201}}
接口响应时长: 5 ms
Http状态码: 200
断言结果: 200
=====================================================
INFO    2023-04-11 22:18:37,642G:\auto_api1_framework\logs\info-2023-04-11.log:test_delete_role_empower.py:29 2023-04-11 22:18:37 >>>>>> 执行结束！
INFO    2023-04-11 22:18:37,644G:\auto_api1_framework\logs\info-2023-04-11.log:test_delete_role_empower.py:26 2023-04-11 22:18:37 >>>>>> 开始执行：
INFO    2023-04-11 22:18:37,650G:\auto_api1_framework\logs\info-2023-04-11.log:log_decorator.py:42 
======================================================
用例标题: 添加角色失败（角色名称纯字母）
请求路径: http://127.0.0.1:8888/api/private/v1/roles
请求方式: POST
请求头:   {'User-Agent': 'python-requests/2.28.2', 'Accept-Encoding': 'gzip, deflate', 'Accept': '*/*', 'Connection': 'keep-alive', 'Authorization': 'Bearer eyJhbGciOiJIUzI1NiIsInR5cCI6IkpXVCJ9.eyJ1aWQiOjUwMCwicmlkIjowLCJpYXQiOjE2ODEyMjI3MTcsImV4cCI6MTY4MTMwOTExN30.IT05JI4-ZKrVbwCm4CoQsRXiygvcLnWzMFx13kvDtb8', 'Content-Length': '50', 'Content-Type': 'application/json'}
请求内容: {'roleName': 'sSLzwt', 'roleDesc': '发现'}
接口响应内容: {'data': {'roleId': 124, 'roleName': 'sSLzwt', 'roleDesc': '发现'}, 'meta': {'msg': '创建成功', 'status': 201}}
接口响应时长: 4 ms
Http状态码: 200
断言结果: 200
=====================================================
INFO    2023-04-11 22:18:37,652G:\auto_api1_framework\logs\info-2023-04-11.log:test_delete_role_empower.py:29 2023-04-11 22:18:37 >>>>>> 执行结束！
INFO    2023-04-11 22:18:37,653G:\auto_api1_framework\logs\info-2023-04-11.log:test_delete_role_empower.py:26 2023-04-11 22:18:37 >>>>>> 开始执行：
INFO    2023-04-11 22:18:37,664G:\auto_api1_framework\logs\info-2023-04-11.log:log_decorator.py:42 
======================================================
用例标题: 添加角色失败（角色名称包含特殊字符、汉字）
请求路径: http://127.0.0.1:8888/api/private/v1/roles
请求方式: POST
请求头:   {'User-Agent': 'python-requests/2.28.2', 'Accept-Encoding': 'gzip, deflate', 'Accept': '*/*', 'Connection': 'keep-alive', 'Authorization': 'Bearer eyJhbGciOiJIUzI1NiIsInR5cCI6IkpXVCJ9.eyJ1aWQiOjUwMCwicmlkIjowLCJpYXQiOjE2ODEyMjI3MTcsImV4cCI6MTY4MTMwOTExN30.IT05JI4-ZKrVbwCm4CoQsRXiygvcLnWzMFx13kvDtb8', 'Content-Length': '61', 'Content-Type': 'application/json'}
请求内容: {'roleName': '&@)$_许浩', 'roleDesc': '时候'}
接口响应内容: {'data': {'roleId': 125, 'roleName': '&@)$_许浩', 'roleDesc': '时候'}, 'meta': {'msg': '创建成功', 'status': 201}}
接口响应时长: 4 ms
Http状态码: 200
断言结果: 200
=====================================================
INFO    2023-04-11 22:18:37,665G:\auto_api1_framework\logs\info-2023-04-11.log:test_delete_role_empower.py:29 2023-04-11 22:18:37 >>>>>> 执行结束！
INFO    2023-04-11 22:18:37,667G:\auto_api1_framework\logs\info-2023-04-11.log:test_delete_role_empower.py:26 2023-04-11 22:18:37 >>>>>> 开始执行：
INFO    2023-04-11 22:18:37,678G:\auto_api1_framework\logs\info-2023-04-11.log:log_decorator.py:42 
======================================================
用例标题: 添加角色失败（多出roleId参数）
请求路径: http://127.0.0.1:8888/api/private/v1/roles
请求方式: POST
请求头:   {'User-Agent': 'python-requests/2.28.2', 'Accept-Encoding': 'gzip, deflate', 'Accept': '*/*', 'Connection': 'keep-alive', 'Authorization': 'Bearer eyJhbGciOiJIUzI1NiIsInR5cCI6IkpXVCJ9.eyJ1aWQiOjUwMCwicmlkIjowLCJpYXQiOjE2ODEyMjI3MTcsImV4cCI6MTY4MTMwOTExN30.IT05JI4-ZKrVbwCm4CoQsRXiygvcLnWzMFx13kvDtb8', 'Content-Length': '70', 'Content-Type': 'application/json'}
请求内容: {'roleName': '自己', 'roleDesc': '支持', 'roleId': 99}
接口响应内容: {'data': {'roleId': 126, 'roleName': '自己', 'roleDesc': '支持'}, 'meta': {'msg': '创建成功', 'status': 201}}
接口响应时长: 7 ms
Http状态码: 200
断言结果: 200
=====================================================
INFO    2023-04-11 22:18:37,680G:\auto_api1_framework\logs\info-2023-04-11.log:test_delete_role_empower.py:29 2023-04-11 22:18:37 >>>>>> 执行结束！
INFO    2023-04-11 22:18:37,681G:\auto_api1_framework\logs\info-2023-04-11.log:test_delete_role_empower.py:26 2023-04-11 22:18:37 >>>>>> 开始执行：
INFO    2023-04-11 22:18:37,687G:\auto_api1_framework\logs\info-2023-04-11.log:log_decorator.py:42 
======================================================
用例标题: 添加角色失败（缺少roleName参数）
请求路径: http://127.0.0.1:8888/api/private/v1/roles
请求方式: POST
请求头:   {'User-Agent': 'python-requests/2.28.2', 'Accept-Encoding': 'gzip, deflate', 'Accept': '*/*', 'Connection': 'keep-alive', 'Authorization': 'Bearer eyJhbGciOiJIUzI1NiIsInR5cCI6IkpXVCJ9.eyJ1aWQiOjUwMCwicmlkIjowLCJpYXQiOjE2ODEyMjI3MTcsImV4cCI6MTY4MTMwOTExN30.IT05JI4-ZKrVbwCm4CoQsRXiygvcLnWzMFx13kvDtb8', 'Content-Length': '28', 'Content-Type': 'application/json'}
请求内容: {'roleDesc': '一般'}
接口响应内容: {'data': None, 'meta': {'msg': '角色名称不能为空', 'status': 400}}
接口响应时长: 2 ms
Http状态码: 200
断言结果: 200
=====================================================
INFO    2023-04-11 22:18:37,695G:\auto_api1_framework\logs\info-2023-04-11.log:test_delete_role_empower.py:29 2023-04-11 22:18:37 >>>>>> 执行结束！
INFO    2023-04-11 22:18:37,698G:\auto_api1_framework\logs\info-2023-04-11.log:test_delete_role_empower.py:26 2023-04-11 22:18:37 >>>>>> 开始执行：
INFO    2023-04-11 22:18:37,704G:\auto_api1_framework\logs\info-2023-04-11.log:log_decorator.py:42 
======================================================
用例标题: 添加角色失败（修改roleName参数）
请求路径: http://127.0.0.1:8888/api/private/v1/roles
请求方式: POST
请求头:   {'User-Agent': 'python-requests/2.28.2', 'Accept-Encoding': 'gzip, deflate', 'Accept': '*/*', 'Connection': 'keep-alive', 'Authorization': 'Bearer eyJhbGciOiJIUzI1NiIsInR5cCI6IkpXVCJ9.eyJ1aWQiOjUwMCwicmlkIjowLCJpYXQiOjE2ODEyMjI3MTcsImV4cCI6MTY4MTMwOTExN30.IT05JI4-ZKrVbwCm4CoQsRXiygvcLnWzMFx13kvDtb8', 'Content-Length': '29', 'Content-Type': 'application/json'}
请求内容: {'roleName1': '政府'}
接口响应内容: {'data': None, 'meta': {'msg': '角色名称不能为空', 'status': 400}}
接口响应时长: 4 ms
Http状态码: 200
断言结果: 200
=====================================================
INFO    2023-04-11 22:18:37,711G:\auto_api1_framework\logs\info-2023-04-11.log:test_delete_role_empower.py:29 2023-04-11 22:18:37 >>>>>> 执行结束！
INFO    2023-04-11 22:18:37,713G:\auto_api1_framework\logs\info-2023-04-11.log:test_delete_role_empower.py:26 2023-04-11 22:18:37 >>>>>> 开始执行：
INFO    2023-04-11 22:18:37,717G:\auto_api1_framework\logs\info-2023-04-11.log:log_decorator.py:42 
======================================================
用例标题: 添加角色失败（没有参数）
请求路径: http://127.0.0.1:8888/api/private/v1/roles
请求方式: POST
请求头:   {'User-Agent': 'python-requests/2.28.2', 'Accept-Encoding': 'gzip, deflate', 'Accept': '*/*', 'Connection': 'keep-alive', 'Authorization': 'Bearer eyJhbGciOiJIUzI1NiIsInR5cCI6IkpXVCJ9.eyJ1aWQiOjUwMCwicmlkIjowLCJpYXQiOjE2ODEyMjI3MTcsImV4cCI6MTY4MTMwOTExN30.IT05JI4-ZKrVbwCm4CoQsRXiygvcLnWzMFx13kvDtb8', 'Content-Length': '0'}
请求内容: None
接口响应内容: {'data': None, 'meta': {'msg': '角色名称不能为空', 'status': 400}}
接口响应时长: 2 ms
Http状态码: 200
断言结果: 200
=====================================================
INFO    2023-04-11 22:18:37,724G:\auto_api1_framework\logs\info-2023-04-11.log:test_delete_role_empower.py:29 2023-04-11 22:18:37 >>>>>> 执行结束！
INFO    2023-04-11 22:20:23,486G:\auto_api1_framework\logs\info-2023-04-11.log:test_delete_role_empower.py:26 2023-04-11 22:20:23 >>>>>> 开始执行：
INFO    2023-04-11 22:20:23,599G:\auto_api1_framework\logs\info-2023-04-11.log:log_decorator.py:42 
======================================================
用例标题: 添加角色成功（必填+选填参数）
请求路径: http://127.0.0.1:8888/api/private/v1/roles
请求方式: POST
请求头:   {'User-Agent': 'python-requests/2.28.2', 'Accept-Encoding': 'gzip, deflate', 'Accept': '*/*', 'Connection': 'keep-alive', 'Authorization': 'Bearer eyJhbGciOiJIUzI1NiIsInR5cCI6IkpXVCJ9.eyJ1aWQiOjUwMCwicmlkIjowLCJpYXQiOjE2ODEyMjI4MjMsImV4cCI6MTY4MTMwOTIyM30.rJInQg2SPYhi35tj8grMWKLLfptVkIDT6k889V5k53k', 'Content-Length': '105', 'Content-Type': 'application/json'}
请求内容: {'roleName': '艺术指导/舞台美术设计', 'roleDesc': '记者'}
接口响应内容: {'data': {'roleId': 127, 'roleName': '艺术指导/舞台美术设计', 'roleDesc': '记者'}, 'meta': {'msg': '创建成功', 'status': 201}}
接口响应时长: 5 ms
Http状态码: 200
断言结果: 200
=====================================================
INFO    2023-04-11 22:20:23,607G:\auto_api1_framework\logs\info-2023-04-11.log:log_decorator.py:42 
======================================================
用例标题: 删除角色指定权限成功
请求路径: http://127.0.0.1:8888/api/private/v1/roles/127/rights/110
请求方式: DELETE
请求头:   {'User-Agent': 'python-requests/2.28.2', 'Accept-Encoding': 'gzip, deflate', 'Accept': '*/*', 'Connection': 'keep-alive', 'Authorization': 'Bearer eyJhbGciOiJIUzI1NiIsInR5cCI6IkpXVCJ9.eyJ1aWQiOjUwMCwicmlkIjowLCJpYXQiOjE2ODEyMjI4MjMsImV4cCI6MTY4MTMwOTIyM30.rJInQg2SPYhi35tj8grMWKLLfptVkIDT6k889V5k53k', 'Content-Length': '0'}
请求内容: None
接口响应内容: {'data': [], 'meta': {'msg': '取消权限成功', 'status': 200}}
接口响应时长: 6 ms
Http状态码: 200
断言结果: 200
=====================================================
INFO    2023-04-11 22:20:23,608G:\auto_api1_framework\logs\info-2023-04-11.log:test_delete_role_empower.py:29 2023-04-11 22:20:23 >>>>>> 执行结束！
INFO    2023-04-11 22:20:23,611G:\auto_api1_framework\logs\info-2023-04-11.log:test_delete_role_empower.py:26 2023-04-11 22:20:23 >>>>>> 开始执行：
INFO    2023-04-11 22:20:23,620G:\auto_api1_framework\logs\info-2023-04-11.log:log_decorator.py:42 
======================================================
用例标题: 删除角色指定权限失败（角色id不存在）
请求路径: http://127.0.0.1:8888/api/private/v1/roles/1681222822/rights/110
请求方式: DELETE
请求头:   {'User-Agent': 'python-requests/2.28.2', 'Accept-Encoding': 'gzip, deflate', 'Accept': '*/*', 'Connection': 'keep-alive', 'Authorization': 'Bearer eyJhbGciOiJIUzI1NiIsInR5cCI6IkpXVCJ9.eyJ1aWQiOjUwMCwicmlkIjowLCJpYXQiOjE2ODEyMjI4MjMsImV4cCI6MTY4MTMwOTIyM30.rJInQg2SPYhi35tj8grMWKLLfptVkIDT6k889V5k53k', 'Content-Length': '0'}
请求内容: None
接口响应内容: {'data': None, 'meta': {'msg': '获取角色信息失败', 'status': 400}}
接口响应时长: 4 ms
Http状态码: 200
断言结果: 200
=====================================================
INFO    2023-04-11 22:20:23,621G:\auto_api1_framework\logs\info-2023-04-11.log:test_delete_role_empower.py:29 2023-04-11 22:20:23 >>>>>> 执行结束！
INFO    2023-04-11 22:20:23,623G:\auto_api1_framework\logs\info-2023-04-11.log:test_delete_role_empower.py:26 2023-04-11 22:20:23 >>>>>> 开始执行：
INFO    2023-04-11 22:20:23,627G:\auto_api1_framework\logs\info-2023-04-11.log:log_decorator.py:42 
======================================================
用例标题: 添加角色失败（角色名称为空）
请求路径: http://127.0.0.1:8888/api/private/v1/roles
请求方式: POST
请求头:   {'User-Agent': 'python-requests/2.28.2', 'Accept-Encoding': 'gzip, deflate', 'Accept': '*/*', 'Connection': 'keep-alive', 'Authorization': 'Bearer eyJhbGciOiJIUzI1NiIsInR5cCI6IkpXVCJ9.eyJ1aWQiOjUwMCwicmlkIjowLCJpYXQiOjE2ODEyMjI4MjMsImV4cCI6MTY4MTMwOTIyM30.rJInQg2SPYhi35tj8grMWKLLfptVkIDT6k889V5k53k', 'Content-Length': '46', 'Content-Type': 'application/json'}
请求内容: {'roleName': None, 'roleDesc': '以及'}
接口响应内容: {'data': None, 'meta': {'msg': '角色名称不能为空', 'status': 400}}
接口响应时长: 2 ms
Http状态码: 200
断言结果: 200
=====================================================
INFO    2023-04-11 22:20:23,705G:\auto_api1_framework\logs\info-2023-04-11.log:test_delete_role_empower.py:29 2023-04-11 22:20:23 >>>>>> 执行结束！
INFO    2023-04-11 22:20:23,706G:\auto_api1_framework\logs\info-2023-04-11.log:test_delete_role_empower.py:26 2023-04-11 22:20:23 >>>>>> 开始执行：
INFO    2023-04-11 22:20:23,714G:\auto_api1_framework\logs\info-2023-04-11.log:log_decorator.py:42 
======================================================
用例标题: 添加角色失败（角色名称纯数字）
请求路径: http://127.0.0.1:8888/api/private/v1/roles
请求方式: POST
请求头:   {'User-Agent': 'python-requests/2.28.2', 'Accept-Encoding': 'gzip, deflate', 'Accept': '*/*', 'Connection': 'keep-alive', 'Authorization': 'Bearer eyJhbGciOiJIUzI1NiIsInR5cCI6IkpXVCJ9.eyJ1aWQiOjUwMCwicmlkIjowLCJpYXQiOjE2ODEyMjI4MjMsImV4cCI6MTY4MTMwOTIyM30.rJInQg2SPYhi35tj8grMWKLLfptVkIDT6k889V5k53k', 'Content-Length': '50', 'Content-Type': 'application/json'}
请求内容: {'roleName': '318657', 'roleDesc': '地址'}
接口响应内容: {'data': {'roleId': 128, 'roleName': '318657', 'roleDesc': '地址'}, 'meta': {'msg': '创建成功', 'status': 201}}
接口响应时长: 4 ms
Http状态码: 200
断言结果: 200
=====================================================
INFO    2023-04-11 22:20:23,716G:\auto_api1_framework\logs\info-2023-04-11.log:test_delete_role_empower.py:29 2023-04-11 22:20:23 >>>>>> 执行结束！
INFO    2023-04-11 22:20:23,717G:\auto_api1_framework\logs\info-2023-04-11.log:test_delete_role_empower.py:26 2023-04-11 22:20:23 >>>>>> 开始执行：
INFO    2023-04-11 22:20:23,724G:\auto_api1_framework\logs\info-2023-04-11.log:log_decorator.py:42 
======================================================
用例标题: 添加角色失败（角色名称纯字母）
请求路径: http://127.0.0.1:8888/api/private/v1/roles
请求方式: POST
请求头:   {'User-Agent': 'python-requests/2.28.2', 'Accept-Encoding': 'gzip, deflate', 'Accept': '*/*', 'Connection': 'keep-alive', 'Authorization': 'Bearer eyJhbGciOiJIUzI1NiIsInR5cCI6IkpXVCJ9.eyJ1aWQiOjUwMCwicmlkIjowLCJpYXQiOjE2ODEyMjI4MjMsImV4cCI6MTY4MTMwOTIyM30.rJInQg2SPYhi35tj8grMWKLLfptVkIDT6k889V5k53k', 'Content-Length': '50', 'Content-Type': 'application/json'}
请求内容: {'roleName': 'SHRUBe', 'roleDesc': '标题'}
接口响应内容: {'data': {'roleId': 129, 'roleName': 'SHRUBe', 'roleDesc': '标题'}, 'meta': {'msg': '创建成功', 'status': 201}}
接口响应时长: 4 ms
Http状态码: 200
断言结果: 200
=====================================================
INFO    2023-04-11 22:20:23,725G:\auto_api1_framework\logs\info-2023-04-11.log:test_delete_role_empower.py:29 2023-04-11 22:20:23 >>>>>> 执行结束！
INFO    2023-04-11 22:20:23,726G:\auto_api1_framework\logs\info-2023-04-11.log:test_delete_role_empower.py:26 2023-04-11 22:20:23 >>>>>> 开始执行：
INFO    2023-04-11 22:20:23,733G:\auto_api1_framework\logs\info-2023-04-11.log:log_decorator.py:42 
======================================================
用例标题: 添加角色失败（角色名称包含特殊字符、汉字）
请求路径: http://127.0.0.1:8888/api/private/v1/roles
请求方式: POST
请求头:   {'User-Agent': 'python-requests/2.28.2', 'Accept-Encoding': 'gzip, deflate', 'Accept': '*/*', 'Connection': 'keep-alive', 'Authorization': 'Bearer eyJhbGciOiJIUzI1NiIsInR5cCI6IkpXVCJ9.eyJ1aWQiOjUwMCwicmlkIjowLCJpYXQiOjE2ODEyMjI4MjMsImV4cCI6MTY4MTMwOTIyM30.rJInQg2SPYhi35tj8grMWKLLfptVkIDT6k889V5k53k', 'Content-Length': '61', 'Content-Type': 'application/json'}
请求内容: {'roleName': '!_+$^陈浩', 'roleDesc': '安全'}
接口响应内容: {'data': {'roleId': 130, 'roleName': '!_+$^陈浩', 'roleDesc': '安全'}, 'meta': {'msg': '创建成功', 'status': 201}}
接口响应时长: 4 ms
Http状态码: 200
断言结果: 200
=====================================================
INFO    2023-04-11 22:20:23,734G:\auto_api1_framework\logs\info-2023-04-11.log:test_delete_role_empower.py:29 2023-04-11 22:20:23 >>>>>> 执行结束！
INFO    2023-04-11 22:20:23,736G:\auto_api1_framework\logs\info-2023-04-11.log:test_delete_role_empower.py:26 2023-04-11 22:20:23 >>>>>> 开始执行：
INFO    2023-04-11 22:20:23,743G:\auto_api1_framework\logs\info-2023-04-11.log:log_decorator.py:42 
======================================================
用例标题: 添加角色失败（多出roleId参数）
请求路径: http://127.0.0.1:8888/api/private/v1/roles
请求方式: POST
请求头:   {'User-Agent': 'python-requests/2.28.2', 'Accept-Encoding': 'gzip, deflate', 'Accept': '*/*', 'Connection': 'keep-alive', 'Authorization': 'Bearer eyJhbGciOiJIUzI1NiIsInR5cCI6IkpXVCJ9.eyJ1aWQiOjUwMCwicmlkIjowLCJpYXQiOjE2ODEyMjI4MjMsImV4cCI6MTY4MTMwOTIyM30.rJInQg2SPYhi35tj8grMWKLLfptVkIDT6k889V5k53k', 'Content-Length': '70', 'Content-Type': 'application/json'}
请求内容: {'roleName': '各种', 'roleDesc': '这种', 'roleId': 99}
接口响应内容: {'data': {'roleId': 131, 'roleName': '各种', 'roleDesc': '这种'}, 'meta': {'msg': '创建成功', 'status': 201}}
接口响应时长: 4 ms
Http状态码: 200
断言结果: 200
=====================================================
INFO    2023-04-11 22:20:23,745G:\auto_api1_framework\logs\info-2023-04-11.log:test_delete_role_empower.py:29 2023-04-11 22:20:23 >>>>>> 执行结束！
INFO    2023-04-11 22:20:23,746G:\auto_api1_framework\logs\info-2023-04-11.log:test_delete_role_empower.py:26 2023-04-11 22:20:23 >>>>>> 开始执行：
INFO    2023-04-11 22:20:23,752G:\auto_api1_framework\logs\info-2023-04-11.log:log_decorator.py:42 
======================================================
用例标题: 添加角色失败（缺少roleName参数）
请求路径: http://127.0.0.1:8888/api/private/v1/roles
请求方式: POST
请求头:   {'User-Agent': 'python-requests/2.28.2', 'Accept-Encoding': 'gzip, deflate', 'Accept': '*/*', 'Connection': 'keep-alive', 'Authorization': 'Bearer eyJhbGciOiJIUzI1NiIsInR5cCI6IkpXVCJ9.eyJ1aWQiOjUwMCwicmlkIjowLCJpYXQiOjE2ODEyMjI4MjMsImV4cCI6MTY4MTMwOTIyM30.rJInQg2SPYhi35tj8grMWKLLfptVkIDT6k889V5k53k', 'Content-Length': '28', 'Content-Type': 'application/json'}
请求内容: {'roleDesc': '城市'}
接口响应内容: {'data': None, 'meta': {'msg': '角色名称不能为空', 'status': 400}}
接口响应时长: 3 ms
Http状态码: 200
断言结果: 200
=====================================================
INFO    2023-04-11 22:20:23,762G:\auto_api1_framework\logs\info-2023-04-11.log:test_delete_role_empower.py:29 2023-04-11 22:20:23 >>>>>> 执行结束！
INFO    2023-04-11 22:20:23,767G:\auto_api1_framework\logs\info-2023-04-11.log:test_delete_role_empower.py:26 2023-04-11 22:20:23 >>>>>> 开始执行：
INFO    2023-04-11 22:20:23,771G:\auto_api1_framework\logs\info-2023-04-11.log:log_decorator.py:42 
======================================================
用例标题: 添加角色失败（修改roleName参数）
请求路径: http://127.0.0.1:8888/api/private/v1/roles
请求方式: POST
请求头:   {'User-Agent': 'python-requests/2.28.2', 'Accept-Encoding': 'gzip, deflate', 'Accept': '*/*', 'Connection': 'keep-alive', 'Authorization': 'Bearer eyJhbGciOiJIUzI1NiIsInR5cCI6IkpXVCJ9.eyJ1aWQiOjUwMCwicmlkIjowLCJpYXQiOjE2ODEyMjI4MjMsImV4cCI6MTY4MTMwOTIyM30.rJInQg2SPYhi35tj8grMWKLLfptVkIDT6k889V5k53k', 'Content-Length': '29', 'Content-Type': 'application/json'}
请求内容: {'roleName1': '以及'}
接口响应内容: {'data': None, 'meta': {'msg': '角色名称不能为空', 'status': 400}}
接口响应时长: 2 ms
Http状态码: 200
断言结果: 200
=====================================================
INFO    2023-04-11 22:20:23,779G:\auto_api1_framework\logs\info-2023-04-11.log:test_delete_role_empower.py:29 2023-04-11 22:20:23 >>>>>> 执行结束！
INFO    2023-04-11 22:20:23,782G:\auto_api1_framework\logs\info-2023-04-11.log:test_delete_role_empower.py:26 2023-04-11 22:20:23 >>>>>> 开始执行：
INFO    2023-04-11 22:20:23,786G:\auto_api1_framework\logs\info-2023-04-11.log:log_decorator.py:42 
======================================================
用例标题: 添加角色失败（没有参数）
请求路径: http://127.0.0.1:8888/api/private/v1/roles
请求方式: POST
请求头:   {'User-Agent': 'python-requests/2.28.2', 'Accept-Encoding': 'gzip, deflate', 'Accept': '*/*', 'Connection': 'keep-alive', 'Authorization': 'Bearer eyJhbGciOiJIUzI1NiIsInR5cCI6IkpXVCJ9.eyJ1aWQiOjUwMCwicmlkIjowLCJpYXQiOjE2ODEyMjI4MjMsImV4cCI6MTY4MTMwOTIyM30.rJInQg2SPYhi35tj8grMWKLLfptVkIDT6k889V5k53k', 'Content-Length': '0'}
请求内容: None
接口响应内容: {'data': None, 'meta': {'msg': '角色名称不能为空', 'status': 400}}
接口响应时长: 1 ms
Http状态码: 200
断言结果: 200
=====================================================
INFO    2023-04-11 22:20:23,793G:\auto_api1_framework\logs\info-2023-04-11.log:test_delete_role_empower.py:29 2023-04-11 22:20:23 >>>>>> 执行结束！
INFO    2023-04-11 22:21:38,004G:\auto_api1_framework\logs\info-2023-04-11.log:test_delete_role_empower.py:26 2023-04-11 22:21:37 >>>>>> 开始执行：
INFO    2023-04-11 22:21:38,117G:\auto_api1_framework\logs\info-2023-04-11.log:log_decorator.py:42 
======================================================
用例标题: 添加角色成功（必填+选填参数）
请求路径: http://127.0.0.1:8888/api/private/v1/roles
请求方式: POST
请求头:   {'User-Agent': 'python-requests/2.28.2', 'Accept-Encoding': 'gzip, deflate', 'Accept': '*/*', 'Connection': 'keep-alive', 'Authorization': 'Bearer eyJhbGciOiJIUzI1NiIsInR5cCI6IkpXVCJ9.eyJ1aWQiOjUwMCwicmlkIjowLCJpYXQiOjE2ODEyMjI4OTgsImV4cCI6MTY4MTMwOTI5OH0.4UpRZZT-jriHQTYr8Be3x2p1zcwhtJROdUX1rCxieiY', 'Content-Length': '74', 'Content-Type': 'application/json'}
请求内容: {'roleName': '高尔夫教练', 'roleDesc': '客户'}
接口响应内容: {'data': {'roleId': 132, 'roleName': '高尔夫教练', 'roleDesc': '客户'}, 'meta': {'msg': '创建成功', 'status': 201}}
接口响应时长: 4 ms
Http状态码: 200
断言结果: 200
=====================================================
INFO    2023-04-11 22:21:38,125G:\auto_api1_framework\logs\info-2023-04-11.log:log_decorator.py:42 
======================================================
用例标题: 删除角色指定权限成功
请求路径: http://127.0.0.1:8888/api/private/v1/roles/132/rights/110
请求方式: DELETE
请求头:   {'User-Agent': 'python-requests/2.28.2', 'Accept-Encoding': 'gzip, deflate', 'Accept': '*/*', 'Connection': 'keep-alive', 'Authorization': 'Bearer eyJhbGciOiJIUzI1NiIsInR5cCI6IkpXVCJ9.eyJ1aWQiOjUwMCwicmlkIjowLCJpYXQiOjE2ODEyMjI4OTgsImV4cCI6MTY4MTMwOTI5OH0.4UpRZZT-jriHQTYr8Be3x2p1zcwhtJROdUX1rCxieiY', 'Content-Length': '0'}
请求内容: None
接口响应内容: {'data': [], 'meta': {'msg': '取消权限成功', 'status': 200}}
接口响应时长: 6 ms
Http状态码: 200
断言结果: 200
=====================================================
INFO    2023-04-11 22:21:38,127G:\auto_api1_framework\logs\info-2023-04-11.log:test_delete_role_empower.py:29 2023-04-11 22:21:37 >>>>>> 执行结束！
INFO    2023-04-11 22:21:38,129G:\auto_api1_framework\logs\info-2023-04-11.log:test_delete_role_empower.py:26 2023-04-11 22:21:37 >>>>>> 开始执行：
INFO    2023-04-11 22:21:38,240G:\auto_api1_framework\logs\info-2023-04-11.log:log_decorator.py:42 
======================================================
用例标题: 添加角色成功（必填+选填参数）
请求路径: http://127.0.0.1:8888/api/private/v1/roles
请求方式: POST
请求头:   {'User-Agent': 'python-requests/2.28.2', 'Accept-Encoding': 'gzip, deflate', 'Accept': '*/*', 'Connection': 'keep-alive', 'Authorization': 'Bearer eyJhbGciOiJIUzI1NiIsInR5cCI6IkpXVCJ9.eyJ1aWQiOjUwMCwicmlkIjowLCJpYXQiOjE2ODEyMjI4OTgsImV4cCI6MTY4MTMwOTI5OH0.4UpRZZT-jriHQTYr8Be3x2p1zcwhtJROdUX1rCxieiY', 'Content-Length': '81', 'Content-Type': 'application/json'}
请求内容: {'roleName': '技术文员/助理', 'roleDesc': '一些'}
接口响应内容: {'data': {'roleId': 133, 'roleName': '技术文员/助理', 'roleDesc': '一些'}, 'meta': {'msg': '创建成功', 'status': 201}}
接口响应时长: 4 ms
Http状态码: 200
断言结果: 200
=====================================================
INFO    2023-04-11 22:21:38,247G:\auto_api1_framework\logs\info-2023-04-11.log:log_decorator.py:42 
======================================================
用例标题: 删除角色指定权限失败（权限id不存在）
请求路径: http://127.0.0.1:8888/api/private/v1/roles/133/rights/1681222897
请求方式: DELETE
请求头:   {'User-Agent': 'python-requests/2.28.2', 'Accept-Encoding': 'gzip, deflate', 'Accept': '*/*', 'Connection': 'keep-alive', 'Authorization': 'Bearer eyJhbGciOiJIUzI1NiIsInR5cCI6IkpXVCJ9.eyJ1aWQiOjUwMCwicmlkIjowLCJpYXQiOjE2ODEyMjI4OTgsImV4cCI6MTY4MTMwOTI5OH0.4UpRZZT-jriHQTYr8Be3x2p1zcwhtJROdUX1rCxieiY', 'Content-Length': '0'}
请求内容: None
接口响应内容: {'data': [], 'meta': {'msg': '取消权限成功', 'status': 200}}
接口响应时长: 4 ms
Http状态码: 200
断言结果: 200
=====================================================
INFO    2023-04-11 22:21:38,329G:\auto_api1_framework\logs\info-2023-04-11.log:test_delete_role_empower.py:29 2023-04-11 22:21:37 >>>>>> 执行结束！
INFO    2023-04-11 22:22:10,101G:\auto_api1_framework\logs\info-2023-04-11.log:test_delete_role_empower.py:26 2023-04-11 22:22:09 >>>>>> 开始执行：
INFO    2023-04-11 22:22:10,214G:\auto_api1_framework\logs\info-2023-04-11.log:log_decorator.py:42 
======================================================
用例标题: 添加角色成功（必填+选填参数）
请求路径: http://127.0.0.1:8888/api/private/v1/roles
请求方式: POST
请求头:   {'User-Agent': 'python-requests/2.28.2', 'Accept-Encoding': 'gzip, deflate', 'Accept': '*/*', 'Connection': 'keep-alive', 'Authorization': 'Bearer eyJhbGciOiJIUzI1NiIsInR5cCI6IkpXVCJ9.eyJ1aWQiOjUwMCwicmlkIjowLCJpYXQiOjE2ODEyMjI5MzAsImV4cCI6MTY4MTMwOTMzMH0.7SaHcR2ADnr6KNOrHhqGkjWMvyQqWu0H19jzs2xIJ2Y', 'Content-Length': '81', 'Content-Type': 'application/json'}
请求内容: {'roleName': '风险管理/控制', 'roleDesc': '服务'}
接口响应内容: {'data': {'roleId': 134, 'roleName': '风险管理/控制', 'roleDesc': '服务'}, 'meta': {'msg': '创建成功', 'status': 201}}
接口响应时长: 4 ms
Http状态码: 200
断言结果: 200
=====================================================
INFO    2023-04-11 22:22:10,221G:\auto_api1_framework\logs\info-2023-04-11.log:log_decorator.py:42 
======================================================
用例标题: 删除角色指定权限成功
请求路径: http://127.0.0.1:8888/api/private/v1/roles/134/rights/110
请求方式: DELETE
请求头:   {'User-Agent': 'python-requests/2.28.2', 'Accept-Encoding': 'gzip, deflate', 'Accept': '*/*', 'Connection': 'keep-alive', 'Authorization': 'Bearer eyJhbGciOiJIUzI1NiIsInR5cCI6IkpXVCJ9.eyJ1aWQiOjUwMCwicmlkIjowLCJpYXQiOjE2ODEyMjI5MzAsImV4cCI6MTY4MTMwOTMzMH0.7SaHcR2ADnr6KNOrHhqGkjWMvyQqWu0H19jzs2xIJ2Y', 'Content-Length': '0'}
请求内容: None
接口响应内容: {'data': [], 'meta': {'msg': '取消权限成功', 'status': 200}}
接口响应时长: 4 ms
Http状态码: 200
断言结果: 200
=====================================================
INFO    2023-04-11 22:22:10,223G:\auto_api1_framework\logs\info-2023-04-11.log:test_delete_role_empower.py:29 2023-04-11 22:22:09 >>>>>> 执行结束！
INFO    2023-04-11 22:22:10,225G:\auto_api1_framework\logs\info-2023-04-11.log:test_delete_role_empower.py:26 2023-04-11 22:22:09 >>>>>> 开始执行：
INFO    2023-04-11 22:22:10,231G:\auto_api1_framework\logs\info-2023-04-11.log:log_decorator.py:42 
======================================================
用例标题: 删除角色指定权限失败（角色id不存在）
请求路径: http://127.0.0.1:8888/api/private/v1/roles/1681222929/rights/110
请求方式: DELETE
请求头:   {'User-Agent': 'python-requests/2.28.2', 'Accept-Encoding': 'gzip, deflate', 'Accept': '*/*', 'Connection': 'keep-alive', 'Authorization': 'Bearer eyJhbGciOiJIUzI1NiIsInR5cCI6IkpXVCJ9.eyJ1aWQiOjUwMCwicmlkIjowLCJpYXQiOjE2ODEyMjI5MzAsImV4cCI6MTY4MTMwOTMzMH0.7SaHcR2ADnr6KNOrHhqGkjWMvyQqWu0H19jzs2xIJ2Y', 'Content-Length': '0'}
请求内容: None
接口响应内容: {'data': None, 'meta': {'msg': '获取角色信息失败', 'status': 400}}
接口响应时长: 3 ms
Http状态码: 200
断言结果: 200
=====================================================
INFO    2023-04-11 22:22:10,232G:\auto_api1_framework\logs\info-2023-04-11.log:test_delete_role_empower.py:29 2023-04-11 22:22:09 >>>>>> 执行结束！
INFO    2023-04-11 22:22:10,234G:\auto_api1_framework\logs\info-2023-04-11.log:test_delete_role_empower.py:26 2023-04-11 22:22:09 >>>>>> 开始执行：
INFO    2023-04-11 22:22:10,336G:\auto_api1_framework\logs\info-2023-04-11.log:log_decorator.py:42 
======================================================
用例标题: 添加角色成功（必填+选填参数）
请求路径: http://127.0.0.1:8888/api/private/v1/roles
请求方式: POST
请求头:   {'User-Agent': 'python-requests/2.28.2', 'Accept-Encoding': 'gzip, deflate', 'Accept': '*/*', 'Connection': 'keep-alive', 'Authorization': 'Bearer eyJhbGciOiJIUzI1NiIsInR5cCI6IkpXVCJ9.eyJ1aWQiOjUwMCwicmlkIjowLCJpYXQiOjE2ODEyMjI5MzAsImV4cCI6MTY4MTMwOTMzMH0.7SaHcR2ADnr6KNOrHhqGkjWMvyQqWu0H19jzs2xIJ2Y', 'Content-Length': '68', 'Content-Type': 'application/json'}
请求内容: {'roleName': '产品总监', 'roleDesc': '知道'}
接口响应内容: {'data': {'roleId': 135, 'roleName': '产品总监', 'roleDesc': '知道'}, 'meta': {'msg': '创建成功', 'status': 201}}
接口响应时长: 3 ms
Http状态码: 200
断言结果: 200
=====================================================
INFO    2023-04-11 22:22:10,345G:\auto_api1_framework\logs\info-2023-04-11.log:log_decorator.py:42 
======================================================
用例标题: 删除角色指定权限失败（权限id不存在）
请求路径: http://127.0.0.1:8888/api/private/v1/roles/135/rights/1681222929
请求方式: DELETE
请求头:   {'User-Agent': 'python-requests/2.28.2', 'Accept-Encoding': 'gzip, deflate', 'Accept': '*/*', 'Connection': 'keep-alive', 'Authorization': 'Bearer eyJhbGciOiJIUzI1NiIsInR5cCI6IkpXVCJ9.eyJ1aWQiOjUwMCwicmlkIjowLCJpYXQiOjE2ODEyMjI5MzAsImV4cCI6MTY4MTMwOTMzMH0.7SaHcR2ADnr6KNOrHhqGkjWMvyQqWu0H19jzs2xIJ2Y', 'Content-Length': '0'}
请求内容: None
接口响应内容: {'data': [], 'meta': {'msg': '取消权限成功', 'status': 200}}
接口响应时长: 6 ms
Http状态码: 200
断言结果: 200
=====================================================
INFO    2023-04-11 22:22:10,427G:\auto_api1_framework\logs\info-2023-04-11.log:test_delete_role_empower.py:29 2023-04-11 22:22:09 >>>>>> 执行结束！
INFO    2023-04-11 22:22:40,177G:\auto_api1_framework\logs\info-2023-04-11.log:test_delete_role_empower.py:26 2023-04-11 22:22:40 >>>>>> 开始执行：
INFO    2023-04-11 22:22:40,286G:\auto_api1_framework\logs\info-2023-04-11.log:log_decorator.py:42 
======================================================
用例标题: 添加角色成功（必填+选填参数）
请求路径: http://127.0.0.1:8888/api/private/v1/roles
请求方式: POST
请求头:   {'User-Agent': 'python-requests/2.28.2', 'Accept-Encoding': 'gzip, deflate', 'Accept': '*/*', 'Connection': 'keep-alive', 'Authorization': 'Bearer eyJhbGciOiJIUzI1NiIsInR5cCI6IkpXVCJ9.eyJ1aWQiOjUwMCwicmlkIjowLCJpYXQiOjE2ODEyMjI5NjAsImV4cCI6MTY4MTMwOTM2MH0.ANRfhVec0y8_gcsfrFikh0NDwaftzHR3O3WKon_ZtFY', 'Content-Length': '81', 'Content-Type': 'application/json'}
请求内容: {'roleName': '印刷排版/制版', 'roleDesc': '一种'}
接口响应内容: {'data': {'roleId': 136, 'roleName': '印刷排版/制版', 'roleDesc': '一种'}, 'meta': {'msg': '创建成功', 'status': 201}}
接口响应时长: 5 ms
Http状态码: 200
断言结果: 200
=====================================================
INFO    2023-04-11 22:22:40,296G:\auto_api1_framework\logs\info-2023-04-11.log:log_decorator.py:42 
======================================================
用例标题: 删除角色指定权限成功
请求路径: http://127.0.0.1:8888/api/private/v1/roles/136/rights/110
请求方式: DELETE
请求头:   {'User-Agent': 'python-requests/2.28.2', 'Accept-Encoding': 'gzip, deflate', 'Accept': '*/*', 'Connection': 'keep-alive', 'Authorization': 'Bearer eyJhbGciOiJIUzI1NiIsInR5cCI6IkpXVCJ9.eyJ1aWQiOjUwMCwicmlkIjowLCJpYXQiOjE2ODEyMjI5NjAsImV4cCI6MTY4MTMwOTM2MH0.ANRfhVec0y8_gcsfrFikh0NDwaftzHR3O3WKon_ZtFY', 'Content-Length': '0'}
请求内容: None
接口响应内容: {'data': [], 'meta': {'msg': '取消权限成功', 'status': 200}}
接口响应时长: 7 ms
Http状态码: 200
断言结果: 200
=====================================================
INFO    2023-04-11 22:22:40,297G:\auto_api1_framework\logs\info-2023-04-11.log:test_delete_role_empower.py:29 2023-04-11 22:22:40 >>>>>> 执行结束！
INFO    2023-04-11 22:22:40,300G:\auto_api1_framework\logs\info-2023-04-11.log:test_delete_role_empower.py:26 2023-04-11 22:22:40 >>>>>> 开始执行：
INFO    2023-04-11 22:22:40,306G:\auto_api1_framework\logs\info-2023-04-11.log:log_decorator.py:42 
======================================================
用例标题: 删除角色指定权限失败（角色id不存在）
请求路径: http://127.0.0.1:8888/api/private/v1/roles/1681222959/rights/110
请求方式: DELETE
请求头:   {'User-Agent': 'python-requests/2.28.2', 'Accept-Encoding': 'gzip, deflate', 'Accept': '*/*', 'Connection': 'keep-alive', 'Authorization': 'Bearer eyJhbGciOiJIUzI1NiIsInR5cCI6IkpXVCJ9.eyJ1aWQiOjUwMCwicmlkIjowLCJpYXQiOjE2ODEyMjI5NjAsImV4cCI6MTY4MTMwOTM2MH0.ANRfhVec0y8_gcsfrFikh0NDwaftzHR3O3WKon_ZtFY', 'Content-Length': '0'}
请求内容: None
接口响应内容: {'data': None, 'meta': {'msg': '获取角色信息失败', 'status': 400}}
接口响应时长: 4 ms
Http状态码: 200
断言结果: 200
=====================================================
INFO    2023-04-11 22:22:40,307G:\auto_api1_framework\logs\info-2023-04-11.log:test_delete_role_empower.py:29 2023-04-11 22:22:40 >>>>>> 执行结束！
INFO    2023-04-11 22:22:40,309G:\auto_api1_framework\logs\info-2023-04-11.log:test_delete_role_empower.py:26 2023-04-11 22:22:40 >>>>>> 开始执行：
INFO    2023-04-11 22:22:40,417G:\auto_api1_framework\logs\info-2023-04-11.log:log_decorator.py:42 
======================================================
用例标题: 添加角色成功（必填+选填参数）
请求路径: http://127.0.0.1:8888/api/private/v1/roles
请求方式: POST
请求头:   {'User-Agent': 'python-requests/2.28.2', 'Accept-Encoding': 'gzip, deflate', 'Accept': '*/*', 'Connection': 'keep-alive', 'Authorization': 'Bearer eyJhbGciOiJIUzI1NiIsInR5cCI6IkpXVCJ9.eyJ1aWQiOjUwMCwicmlkIjowLCJpYXQiOjE2ODEyMjI5NjAsImV4cCI6MTY4MTMwOTM2MH0.ANRfhVec0y8_gcsfrFikh0NDwaftzHR3O3WKon_ZtFY', 'Content-Length': '56', 'Content-Type': 'application/json'}
请求内容: {'roleName': '其他', 'roleDesc': '资源'}
接口响应内容: {'data': {'roleId': 137, 'roleName': '其他', 'roleDesc': '资源'}, 'meta': {'msg': '创建成功', 'status': 201}}
接口响应时长: 4 ms
Http状态码: 200
断言结果: 200
=====================================================
INFO    2023-04-11 22:22:40,425G:\auto_api1_framework\logs\info-2023-04-11.log:log_decorator.py:42 
======================================================
用例标题: 删除角色指定权限失败（权限id不存在）
请求路径: http://127.0.0.1:8888/api/private/v1/roles/137/rights/1681222960
请求方式: DELETE
请求头:   {'User-Agent': 'python-requests/2.28.2', 'Accept-Encoding': 'gzip, deflate', 'Accept': '*/*', 'Connection': 'keep-alive', 'Authorization': 'Bearer eyJhbGciOiJIUzI1NiIsInR5cCI6IkpXVCJ9.eyJ1aWQiOjUwMCwicmlkIjowLCJpYXQiOjE2ODEyMjI5NjAsImV4cCI6MTY4MTMwOTM2MH0.ANRfhVec0y8_gcsfrFikh0NDwaftzHR3O3WKon_ZtFY', 'Content-Length': '0'}
请求内容: None
接口响应内容: {'data': [], 'meta': {'msg': '取消权限成功', 'status': 200}}
接口响应时长: 6 ms
Http状态码: 200
断言结果: 200
=====================================================
INFO    2023-04-11 22:22:40,427G:\auto_api1_framework\logs\info-2023-04-11.log:test_delete_role_empower.py:29 2023-04-11 22:22:40 >>>>>> 执行结束！
INFO    2023-04-11 22:23:11,893G:\auto_api1_framework\logs\info-2023-04-11.log:test_add_product.py:26 2023-04-11 22:23:11 >>>>>> 开始执行：
INFO    2023-04-11 22:23:11,924G:\auto_api1_framework\logs\info-2023-04-11.log:log_decorator.py:42 
======================================================
用例标题: 添加商品成功
请求路径: http://127.0.0.1:8888/api/private/v1/goods
请求方式: POST
请求头:   {'User-Agent': 'python-requests/2.28.2', 'Accept-Encoding': 'gzip, deflate', 'Accept': '*/*', 'Connection': 'keep-alive', 'Authorization': 'Bearer eyJhbGciOiJIUzI1NiIsInR5cCI6IkpXVCJ9.eyJ1aWQiOjUwMCwicmlkIjowLCJpYXQiOjE2ODEyMjI5OTEsImV4cCI6MTY4MTMwOTM5MX0.UrsAczFySZVEwucRt0QlnrPV9f57Kczg25o1hHkT3kE', 'Content-Length': '216', 'Content-Type': 'application/json'}
请求内容: {'goods_name': '手机壳lASEwu', 'goods_cat': '1,2,3', 'goods_price': '19.9', 'goods_number': '200', 'goods_weight': '100', 'goods_introduce': '手机壳', 'pics': '', 'attr': '手机壳'}
接口响应内容: {'data': {'goods_id': 928, 'cat_id': '3', 'goods_name': '手机壳lASEwu', 'goods_price': 19.9, 'goods_number': 200, 'goods_weight': 100, 'goods_introduce': '手机壳', 'goods_big_logo': '', 'goods_small_logo': '', 'goods_state': None, 'is_del': '0', 'add_time': 1681222991, 'upd_time': 1681222991, 'delete_time': None, 'hot_mumber': 0, 'is_promote': False, 'cat_one_id': '1', 'cat_two_id': '2', 'cat_three_id': '3', 'goods_cat': '1,2,3', 'pics': [], 'attrs': []}, 'meta': {'msg': '创建商品成功', 'status': 201}}
接口响应时长: 27 ms
Http状态码: 200
断言结果: 200
=====================================================
INFO    2023-04-11 22:23:11,926G:\auto_api1_framework\logs\info-2023-04-11.log:test_add_product.py:29 2023-04-11 22:23:11 >>>>>> 执行结束！
INFO    2023-04-11 22:23:11,929G:\auto_api1_framework\logs\info-2023-04-11.log:test_add_product.py:26 2023-04-11 22:23:11 >>>>>> 开始执行：
INFO    2023-04-11 22:23:11,934G:\auto_api1_framework\logs\info-2023-04-11.log:log_decorator.py:42 
======================================================
用例标题: 添加商品失败（name为空）
请求路径: http://127.0.0.1:8888/api/private/v1/goods
请求方式: POST
请求头:   {'User-Agent': 'python-requests/2.28.2', 'Accept-Encoding': 'gzip, deflate', 'Accept': '*/*', 'Connection': 'keep-alive', 'Authorization': 'Bearer eyJhbGciOiJIUzI1NiIsInR5cCI6IkpXVCJ9.eyJ1aWQiOjUwMCwicmlkIjowLCJpYXQiOjE2ODEyMjI5OTEsImV4cCI6MTY4MTMwOTM5MX0.UrsAczFySZVEwucRt0QlnrPV9f57Kczg25o1hHkT3kE', 'Content-Length': '194', 'Content-Type': 'application/json'}
请求内容: {'goods_name': None, 'goods_cat': '1,2,3', 'goods_price': '19.9', 'goods_number': '200', 'goods_weight': '100', 'goods_introduce': '手机壳', 'pics': '', 'attr': '手机壳'}
接口响应内容: {'data': None, 'meta': {'msg': '商品名称不能为空', 'status': 400}}
接口响应时长: 3 ms
Http状态码: 200
断言结果: 200
=====================================================
INFO    2023-04-11 22:23:12,014G:\auto_api1_framework\logs\info-2023-04-11.log:test_add_product.py:29 2023-04-11 22:23:11 >>>>>> 执行结束！
INFO    2023-04-11 22:23:12,017G:\auto_api1_framework\logs\info-2023-04-11.log:test_add_product.py:26 2023-04-11 22:23:11 >>>>>> 开始执行：
INFO    2023-04-11 22:23:12,023G:\auto_api1_framework\logs\info-2023-04-11.log:log_decorator.py:42 
======================================================
用例标题: 添加商品失败（cat为空）
请求路径: http://127.0.0.1:8888/api/private/v1/goods
请求方式: POST
请求头:   {'User-Agent': 'python-requests/2.28.2', 'Accept-Encoding': 'gzip, deflate', 'Accept': '*/*', 'Connection': 'keep-alive', 'Authorization': 'Bearer eyJhbGciOiJIUzI1NiIsInR5cCI6IkpXVCJ9.eyJ1aWQiOjUwMCwicmlkIjowLCJpYXQiOjE2ODEyMjI5OTEsImV4cCI6MTY4MTMwOTM5MX0.UrsAczFySZVEwucRt0QlnrPV9f57Kczg25o1hHkT3kE', 'Content-Length': '211', 'Content-Type': 'application/json'}
请求内容: {'goods_name': '手机壳AAIFhX', 'goods_cat': '', 'goods_price': '19.9', 'goods_number': '200', 'goods_weight': '100', 'goods_introduce': '手机壳', 'pics': '', 'attr': '手机壳'}
接口响应内容: {'data': None, 'meta': {'msg': '商品没有设置所属分类', 'status': 400}}
接口响应时长: 2 ms
Http状态码: 200
断言结果: 200
=====================================================
INFO    2023-04-11 22:23:12,030G:\auto_api1_framework\logs\info-2023-04-11.log:test_add_product.py:29 2023-04-11 22:23:11 >>>>>> 执行结束！
INFO    2023-04-11 22:23:12,032G:\auto_api1_framework\logs\info-2023-04-11.log:test_add_product.py:26 2023-04-11 22:23:11 >>>>>> 开始执行：
INFO    2023-04-11 22:23:12,037G:\auto_api1_framework\logs\info-2023-04-11.log:log_decorator.py:42 
======================================================
用例标题: 添加商品失败（price为空）
请求路径: http://127.0.0.1:8888/api/private/v1/goods
请求方式: POST
请求头:   {'User-Agent': 'python-requests/2.28.2', 'Accept-Encoding': 'gzip, deflate', 'Accept': '*/*', 'Connection': 'keep-alive', 'Authorization': 'Bearer eyJhbGciOiJIUzI1NiIsInR5cCI6IkpXVCJ9.eyJ1aWQiOjUwMCwicmlkIjowLCJpYXQiOjE2ODEyMjI5OTEsImV4cCI6MTY4MTMwOTM5MX0.UrsAczFySZVEwucRt0QlnrPV9f57Kczg25o1hHkT3kE', 'Content-Length': '212', 'Content-Type': 'application/json'}
请求内容: {'goods_name': '手机壳aTEsJj', 'goods_cat': '1,2,3', 'goods_price': '', 'goods_number': '200', 'goods_weight': '100', 'goods_introduce': '手机壳', 'pics': '', 'attr': '手机壳'}
接口响应内容: {'data': None, 'meta': {'msg': '商品价格不能为空', 'status': 400}}
接口响应时长: 2 ms
Http状态码: 200
断言结果: 200
=====================================================
INFO    2023-04-11 22:23:12,045G:\auto_api1_framework\logs\info-2023-04-11.log:test_add_product.py:29 2023-04-11 22:23:11 >>>>>> 执行结束！
INFO    2023-04-11 22:23:12,049G:\auto_api1_framework\logs\info-2023-04-11.log:test_add_product.py:26 2023-04-11 22:23:11 >>>>>> 开始执行：
INFO    2023-04-11 22:23:12,055G:\auto_api1_framework\logs\info-2023-04-11.log:log_decorator.py:42 
======================================================
用例标题: 添加商品失败（number为空）
请求路径: http://127.0.0.1:8888/api/private/v1/goods
请求方式: POST
请求头:   {'User-Agent': 'python-requests/2.28.2', 'Accept-Encoding': 'gzip, deflate', 'Accept': '*/*', 'Connection': 'keep-alive', 'Authorization': 'Bearer eyJhbGciOiJIUzI1NiIsInR5cCI6IkpXVCJ9.eyJ1aWQiOjUwMCwicmlkIjowLCJpYXQiOjE2ODEyMjI5OTEsImV4cCI6MTY4MTMwOTM5MX0.UrsAczFySZVEwucRt0QlnrPV9f57Kczg25o1hHkT3kE', 'Content-Length': '213', 'Content-Type': 'application/json'}
请求内容: {'goods_name': '手机壳csSGdf', 'goods_cat': '1,2,3', 'goods_price': '19.9', 'goods_number': '', 'goods_weight': '100', 'goods_introduce': '手机壳', 'pics': '', 'attr': '手机壳'}
接口响应内容: {'data': None, 'meta': {'msg': '商品数量不能为空', 'status': 400}}
接口响应时长: 2 ms
Http状态码: 200
断言结果: 200
=====================================================
INFO    2023-04-11 22:23:12,062G:\auto_api1_framework\logs\info-2023-04-11.log:test_add_product.py:29 2023-04-11 22:23:11 >>>>>> 执行结束！
INFO    2023-04-11 22:23:12,064G:\auto_api1_framework\logs\info-2023-04-11.log:test_add_product.py:26 2023-04-11 22:23:11 >>>>>> 开始执行：
INFO    2023-04-11 22:23:12,085G:\auto_api1_framework\logs\info-2023-04-11.log:log_decorator.py:42 
======================================================
用例标题: 添加商品失败（weight为空）
请求路径: http://127.0.0.1:8888/api/private/v1/goods
请求方式: POST
请求头:   {'User-Agent': 'python-requests/2.28.2', 'Accept-Encoding': 'gzip, deflate', 'Accept': '*/*', 'Connection': 'keep-alive', 'Authorization': 'Bearer eyJhbGciOiJIUzI1NiIsInR5cCI6IkpXVCJ9.eyJ1aWQiOjUwMCwicmlkIjowLCJpYXQiOjE2ODEyMjI5OTEsImV4cCI6MTY4MTMwOTM5MX0.UrsAczFySZVEwucRt0QlnrPV9f57Kczg25o1hHkT3kE', 'Content-Length': '213', 'Content-Type': 'application/json'}
请求内容: {'goods_name': '手机壳hMaFzD', 'goods_cat': '1,2,3', 'goods_price': '19.9', 'goods_number': '200', 'goods_weight': '', 'goods_introduce': '手机壳', 'pics': '', 'attr': '手机壳'}
接口响应内容: {'data': {'goods_id': 929, 'cat_id': '3', 'goods_name': '手机壳hMaFzD', 'goods_price': 19.9, 'goods_number': 200, 'goods_weight': 0, 'goods_introduce': '手机壳', 'goods_big_logo': '', 'goods_small_logo': '', 'goods_state': None, 'is_del': '0', 'add_time': 1681222992, 'upd_time': 1681222992, 'delete_time': None, 'hot_mumber': 0, 'is_promote': False, 'cat_one_id': '1', 'cat_two_id': '2', 'cat_three_id': '3', 'goods_cat': '1,2,3', 'pics': [], 'attrs': []}, 'meta': {'msg': '创建商品成功', 'status': 201}}
接口响应时长: 19 ms
Http状态码: 200
断言结果: 200
=====================================================
INFO    2023-04-11 22:23:12,087G:\auto_api1_framework\logs\info-2023-04-11.log:test_add_product.py:29 2023-04-11 22:23:11 >>>>>> 执行结束！
INFO    2023-04-11 22:23:12,089G:\auto_api1_framework\logs\info-2023-04-11.log:test_add_product.py:26 2023-04-11 22:23:11 >>>>>> 开始执行：
INFO    2023-04-11 22:23:12,111G:\auto_api1_framework\logs\info-2023-04-11.log:log_decorator.py:42 
======================================================
用例标题: 添加商品失败（introduce为空）
请求路径: http://127.0.0.1:8888/api/private/v1/goods
请求方式: POST
请求头:   {'User-Agent': 'python-requests/2.28.2', 'Accept-Encoding': 'gzip, deflate', 'Accept': '*/*', 'Connection': 'keep-alive', 'Authorization': 'Bearer eyJhbGciOiJIUzI1NiIsInR5cCI6IkpXVCJ9.eyJ1aWQiOjUwMCwicmlkIjowLCJpYXQiOjE2ODEyMjI5OTEsImV4cCI6MTY4MTMwOTM5MX0.UrsAczFySZVEwucRt0QlnrPV9f57Kczg25o1hHkT3kE', 'Content-Length': '198', 'Content-Type': 'application/json'}
请求内容: {'goods_name': '手机壳UShlJN', 'goods_cat': '1,2,3', 'goods_price': '19.9', 'goods_number': '200', 'goods_weight': '100', 'goods_introduce': '', 'pics': '', 'attr': '手机壳'}
接口响应内容: {'data': {'goods_id': 930, 'cat_id': '3', 'goods_name': '手机壳UShlJN', 'goods_price': 19.9, 'goods_number': 200, 'goods_weight': 100, 'goods_introduce': None, 'goods_big_logo': '', 'goods_small_logo': '', 'goods_state': None, 'is_del': '0', 'add_time': 1681222992, 'upd_time': 1681222992, 'delete_time': None, 'hot_mumber': 0, 'is_promote': False, 'cat_one_id': '1', 'cat_two_id': '2', 'cat_three_id': '3', 'goods_cat': '1,2,3', 'pics': [], 'attrs': []}, 'meta': {'msg': '创建商品成功', 'status': 201}}
接口响应时长: 18 ms
Http状态码: 200
断言结果: 200
=====================================================
INFO    2023-04-11 22:23:12,112G:\auto_api1_framework\logs\info-2023-04-11.log:test_add_product.py:29 2023-04-11 22:23:11 >>>>>> 执行结束！
INFO    2023-04-11 22:23:12,113G:\auto_api1_framework\logs\info-2023-04-11.log:test_add_product.py:26 2023-04-11 22:23:11 >>>>>> 开始执行：
INFO    2023-04-11 22:23:12,135G:\auto_api1_framework\logs\info-2023-04-11.log:log_decorator.py:42 
======================================================
用例标题: 添加商品失败（商品名称纯数字）
请求路径: http://127.0.0.1:8888/api/private/v1/goods
请求方式: POST
请求头:   {'User-Agent': 'python-requests/2.28.2', 'Accept-Encoding': 'gzip, deflate', 'Accept': '*/*', 'Connection': 'keep-alive', 'Authorization': 'Bearer eyJhbGciOiJIUzI1NiIsInR5cCI6IkpXVCJ9.eyJ1aWQiOjUwMCwicmlkIjowLCJpYXQiOjE2ODEyMjI5OTEsImV4cCI6MTY4MTMwOTM5MX0.UrsAczFySZVEwucRt0QlnrPV9f57Kczg25o1hHkT3kE', 'Content-Length': '198', 'Content-Type': 'application/json'}
请求内容: {'goods_name': '176652', 'goods_cat': '1,2,3', 'goods_price': '19.9', 'goods_number': '200', 'goods_weight': '100', 'goods_introduce': '手机壳', 'pics': '', 'attr': '手机壳'}
接口响应内容: {'data': {'goods_id': 931, 'cat_id': '3', 'goods_name': '176652', 'goods_price': 19.9, 'goods_number': 200, 'goods_weight': 100, 'goods_introduce': '手机壳', 'goods_big_logo': '', 'goods_small_logo': '', 'goods_state': None, 'is_del': '0', 'add_time': 1681222992, 'upd_time': 1681222992, 'delete_time': None, 'hot_mumber': 0, 'is_promote': False, 'cat_one_id': '1', 'cat_two_id': '2', 'cat_three_id': '3', 'goods_cat': '1,2,3', 'pics': [], 'attrs': []}, 'meta': {'msg': '创建商品成功', 'status': 201}}
接口响应时长: 19 ms
Http状态码: 200
断言结果: 200
=====================================================
INFO    2023-04-11 22:23:12,136G:\auto_api1_framework\logs\info-2023-04-11.log:test_add_product.py:29 2023-04-11 22:23:11 >>>>>> 执行结束！
INFO    2023-04-11 22:23:12,137G:\auto_api1_framework\logs\info-2023-04-11.log:test_add_product.py:26 2023-04-11 22:23:11 >>>>>> 开始执行：
INFO    2023-04-11 22:23:12,156G:\auto_api1_framework\logs\info-2023-04-11.log:log_decorator.py:42 
======================================================
用例标题: 添加商品失败（商品名称纯字母）
请求路径: http://127.0.0.1:8888/api/private/v1/goods
请求方式: POST
请求头:   {'User-Agent': 'python-requests/2.28.2', 'Accept-Encoding': 'gzip, deflate', 'Accept': '*/*', 'Connection': 'keep-alive', 'Authorization': 'Bearer eyJhbGciOiJIUzI1NiIsInR5cCI6IkpXVCJ9.eyJ1aWQiOjUwMCwicmlkIjowLCJpYXQiOjE2ODEyMjI5OTEsImV4cCI6MTY4MTMwOTM5MX0.UrsAczFySZVEwucRt0QlnrPV9f57Kczg25o1hHkT3kE', 'Content-Length': '198', 'Content-Type': 'application/json'}
请求内容: {'goods_name': 'PYApiZ', 'goods_cat': '1,2,3', 'goods_price': '19.9', 'goods_number': '200', 'goods_weight': '100', 'goods_introduce': '手机壳', 'pics': '', 'attr': '手机壳'}
接口响应内容: {'data': {'goods_id': 932, 'cat_id': '3', 'goods_name': 'PYApiZ', 'goods_price': 19.9, 'goods_number': 200, 'goods_weight': 100, 'goods_introduce': '手机壳', 'goods_big_logo': '', 'goods_small_logo': '', 'goods_state': None, 'is_del': '0', 'add_time': 1681222992, 'upd_time': 1681222992, 'delete_time': None, 'hot_mumber': 0, 'is_promote': False, 'cat_one_id': '1', 'cat_two_id': '2', 'cat_three_id': '3', 'goods_cat': '1,2,3', 'pics': [], 'attrs': []}, 'meta': {'msg': '创建商品成功', 'status': 201}}
接口响应时长: 17 ms
Http状态码: 200
断言结果: 200
=====================================================
INFO    2023-04-11 22:23:12,158G:\auto_api1_framework\logs\info-2023-04-11.log:test_add_product.py:29 2023-04-11 22:23:11 >>>>>> 执行结束！
INFO    2023-04-11 22:23:12,160G:\auto_api1_framework\logs\info-2023-04-11.log:test_add_product.py:26 2023-04-11 22:23:11 >>>>>> 开始执行：
INFO    2023-04-11 22:23:12,181G:\auto_api1_framework\logs\info-2023-04-11.log:log_decorator.py:42 
======================================================
用例标题: 添加商品失败（商品名称包含特殊字符、汉字）
请求路径: http://127.0.0.1:8888/api/private/v1/goods
请求方式: POST
请求头:   {'User-Agent': 'python-requests/2.28.2', 'Accept-Encoding': 'gzip, deflate', 'Accept': '*/*', 'Connection': 'keep-alive', 'Authorization': 'Bearer eyJhbGciOiJIUzI1NiIsInR5cCI6IkpXVCJ9.eyJ1aWQiOjUwMCwicmlkIjowLCJpYXQiOjE2ODEyMjI5OTEsImV4cCI6MTY4MTMwOTM5MX0.UrsAczFySZVEwucRt0QlnrPV9f57Kczg25o1hHkT3kE', 'Content-Length': '205', 'Content-Type': 'application/json'}
请求内容: {'goods_name': '*(&^^cgcrF884', 'goods_cat': '1,2,3', 'goods_price': '19.9', 'goods_number': '200', 'goods_weight': '100', 'goods_introduce': '手机壳', 'pics': '', 'attr': '手机壳'}
接口响应内容: {'data': {'goods_id': 933, 'cat_id': '3', 'goods_name': '*(&^^cgcrF884', 'goods_price': 19.9, 'goods_number': 200, 'goods_weight': 100, 'goods_introduce': '手机壳', 'goods_big_logo': '', 'goods_small_logo': '', 'goods_state': None, 'is_del': '0', 'add_time': 1681222992, 'upd_time': 1681222992, 'delete_time': None, 'hot_mumber': 0, 'is_promote': False, 'cat_one_id': '1', 'cat_two_id': '2', 'cat_three_id': '3', 'goods_cat': '1,2,3', 'pics': [], 'attrs': []}, 'meta': {'msg': '创建商品成功', 'status': 201}}
接口响应时长: 17 ms
Http状态码: 200
断言结果: 200
=====================================================
INFO    2023-04-11 22:23:12,182G:\auto_api1_framework\logs\info-2023-04-11.log:test_add_product.py:29 2023-04-11 22:23:11 >>>>>> 执行结束！
INFO    2023-04-11 22:23:12,184G:\auto_api1_framework\logs\info-2023-04-11.log:test_add_product.py:26 2023-04-11 22:23:11 >>>>>> 开始执行：
INFO    2023-04-11 22:23:12,189G:\auto_api1_framework\logs\info-2023-04-11.log:log_decorator.py:42 
======================================================
用例标题: 添加商品失败（缺少goods_price参数）
请求路径: http://127.0.0.1:8888/api/private/v1/goods
请求方式: POST
请求头:   {'User-Agent': 'python-requests/2.28.2', 'Accept-Encoding': 'gzip, deflate', 'Accept': '*/*', 'Connection': 'keep-alive', 'Authorization': 'Bearer eyJhbGciOiJIUzI1NiIsInR5cCI6IkpXVCJ9.eyJ1aWQiOjUwMCwicmlkIjowLCJpYXQiOjE2ODEyMjI5OTEsImV4cCI6MTY4MTMwOTM5MX0.UrsAczFySZVEwucRt0QlnrPV9f57Kczg25o1hHkT3kE', 'Content-Length': '193', 'Content-Type': 'application/json'}
请求内容: {'goods_name': '手机壳sLNxDe', 'goods_cat': '1,2,3', 'goods_number': '200', 'goods_weight': '100', 'goods_introduce': '手机壳', 'pics': '', 'attr': '手机壳'}
接口响应内容: {'data': None, 'meta': {'msg': '商品价格不能为空', 'status': 400}}
接口响应时长: 2 ms
Http状态码: 200
断言结果: 200
=====================================================
INFO    2023-04-11 22:23:12,198G:\auto_api1_framework\logs\info-2023-04-11.log:test_add_product.py:29 2023-04-11 22:23:11 >>>>>> 执行结束！
INFO    2023-04-11 22:23:12,199G:\auto_api1_framework\logs\info-2023-04-11.log:test_add_product.py:26 2023-04-11 22:23:11 >>>>>> 开始执行：
INFO    2023-04-11 22:23:12,219G:\auto_api1_framework\logs\info-2023-04-11.log:log_decorator.py:42 
======================================================
用例标题: 添加商品失败（多出abc参数）
请求路径: http://127.0.0.1:8888/api/private/v1/goods
请求方式: POST
请求头:   {'User-Agent': 'python-requests/2.28.2', 'Accept-Encoding': 'gzip, deflate', 'Accept': '*/*', 'Connection': 'keep-alive', 'Authorization': 'Bearer eyJhbGciOiJIUzI1NiIsInR5cCI6IkpXVCJ9.eyJ1aWQiOjUwMCwicmlkIjowLCJpYXQiOjE2ODEyMjI5OTEsImV4cCI6MTY4MTMwOTM5MX0.UrsAczFySZVEwucRt0QlnrPV9f57Kczg25o1hHkT3kE', 'Content-Length': '230', 'Content-Type': 'application/json'}
请求内容: {'goods_name': '手机壳yuRzvZ', 'goods_cat': '1,2,3', 'goods_price': '19.9', 'goods_number': '200', 'goods_weight': '100', 'goods_introduce': '手机壳', 'pics': '', 'attr': '手机壳', 'abc': '123'}
接口响应内容: {'data': {'goods_id': 934, 'cat_id': '3', 'goods_name': '手机壳yuRzvZ', 'goods_price': 19.9, 'goods_number': 200, 'goods_weight': 100, 'goods_introduce': '手机壳', 'goods_big_logo': '', 'goods_small_logo': '', 'goods_state': None, 'is_del': '0', 'add_time': 1681222992, 'upd_time': 1681222992, 'delete_time': None, 'hot_mumber': 0, 'is_promote': False, 'cat_one_id': '1', 'cat_two_id': '2', 'cat_three_id': '3', 'goods_cat': '1,2,3', 'pics': [], 'attrs': []}, 'meta': {'msg': '创建商品成功', 'status': 201}}
接口响应时长: 17 ms
Http状态码: 200
断言结果: 200
=====================================================
INFO    2023-04-11 22:23:12,221G:\auto_api1_framework\logs\info-2023-04-11.log:test_add_product.py:29 2023-04-11 22:23:11 >>>>>> 执行结束！
INFO    2023-04-11 22:23:12,222G:\auto_api1_framework\logs\info-2023-04-11.log:test_add_product.py:26 2023-04-11 22:23:11 >>>>>> 开始执行：
INFO    2023-04-11 22:23:12,227G:\auto_api1_framework\logs\info-2023-04-11.log:log_decorator.py:42 
======================================================
用例标题: 添加商品失败（修改goods_name为abc参数）
请求路径: http://127.0.0.1:8888/api/private/v1/goods
请求方式: POST
请求头:   {'User-Agent': 'python-requests/2.28.2', 'Accept-Encoding': 'gzip, deflate', 'Accept': '*/*', 'Connection': 'keep-alive', 'Authorization': 'Bearer eyJhbGciOiJIUzI1NiIsInR5cCI6IkpXVCJ9.eyJ1aWQiOjUwMCwicmlkIjowLCJpYXQiOjE2ODEyMjI5OTEsImV4cCI6MTY4MTMwOTM5MX0.UrsAczFySZVEwucRt0QlnrPV9f57Kczg25o1hHkT3kE', 'Content-Length': '209', 'Content-Type': 'application/json'}
请求内容: {'abc': '手机壳zoVpXX', 'goods_cat': '1,2,3', 'goods_price': '19.9', 'goods_number': '200', 'goods_weight': '100', 'goods_introduce': '手机壳', 'pics': '', 'attr': '手机壳'}
接口响应内容: {'data': None, 'meta': {'msg': '商品名称不能为空', 'status': 400}}
接口响应时长: 2 ms
Http状态码: 200
断言结果: 200
=====================================================
INFO    2023-04-11 22:23:12,235G:\auto_api1_framework\logs\info-2023-04-11.log:test_add_product.py:29 2023-04-11 22:23:11 >>>>>> 执行结束！
INFO    2023-04-11 22:23:12,237G:\auto_api1_framework\logs\info-2023-04-11.log:test_add_product.py:26 2023-04-11 22:23:11 >>>>>> 开始执行：
INFO    2023-04-11 22:23:12,241G:\auto_api1_framework\logs\info-2023-04-11.log:log_decorator.py:42 
======================================================
用例标题: 添加商品失败（没有参数）
请求路径: http://127.0.0.1:8888/api/private/v1/goods
请求方式: POST
请求头:   {'User-Agent': 'python-requests/2.28.2', 'Accept-Encoding': 'gzip, deflate', 'Accept': '*/*', 'Connection': 'keep-alive', 'Authorization': 'Bearer eyJhbGciOiJIUzI1NiIsInR5cCI6IkpXVCJ9.eyJ1aWQiOjUwMCwicmlkIjowLCJpYXQiOjE2ODEyMjI5OTEsImV4cCI6MTY4MTMwOTM5MX0.UrsAczFySZVEwucRt0QlnrPV9f57Kczg25o1hHkT3kE', 'Content-Length': '0'}
请求内容: None
接口响应内容: {'data': None, 'meta': {'msg': '商品名称不能为空', 'status': 400}}
接口响应时长: 2 ms
Http状态码: 200
断言结果: 200
=====================================================
INFO    2023-04-11 22:23:12,249G:\auto_api1_framework\logs\info-2023-04-11.log:test_add_product.py:29 2023-04-11 22:23:11 >>>>>> 执行结束！
INFO    2023-04-11 22:26:53,332G:\auto_api1_framework\logs\info-2023-04-11.log:test_add_product.py:26 2023-04-11 22:26:53 >>>>>> 开始执行：
INFO    2023-04-11 22:26:53,353G:\auto_api1_framework\logs\info-2023-04-11.log:log_decorator.py:42 
======================================================
用例标题: 添加商品成功
请求路径: http://127.0.0.1:8888/api/private/v1/goods
请求方式: POST
请求头:   {'User-Agent': 'python-requests/2.28.2', 'Accept-Encoding': 'gzip, deflate', 'Accept': '*/*', 'Connection': 'keep-alive', 'Authorization': 'Bearer eyJhbGciOiJIUzI1NiIsInR5cCI6IkpXVCJ9.eyJ1aWQiOjUwMCwicmlkIjowLCJpYXQiOjE2ODEyMjMyMTMsImV4cCI6MTY4MTMwOTYxM30.BcDHma0fHpb6OgJhoV4fwCvWT5heG-IuZO1YTq8M_eQ', 'Content-Length': '216', 'Content-Type': 'application/json'}
请求内容: {'goods_name': '手机壳klBaxZ', 'goods_cat': '1,2,3', 'goods_price': '19.9', 'goods_number': '200', 'goods_weight': '100', 'goods_introduce': '手机壳', 'pics': '', 'attr': '手机壳'}
接口响应内容: {'data': {'goods_id': 935, 'cat_id': '3', 'goods_name': '手机壳klBaxZ', 'goods_price': 19.9, 'goods_number': 200, 'goods_weight': 100, 'goods_introduce': '手机壳', 'goods_big_logo': '', 'goods_small_logo': '', 'goods_state': None, 'is_del': '0', 'add_time': 1681223213, 'upd_time': 1681223213, 'delete_time': None, 'hot_mumber': 0, 'is_promote': False, 'cat_one_id': '1', 'cat_two_id': '2', 'cat_three_id': '3', 'goods_cat': '1,2,3', 'pics': [], 'attrs': []}, 'meta': {'msg': '创建商品成功', 'status': 201}}
接口响应时长: 17 ms
Http状态码: 200
断言结果: 200
=====================================================
INFO    2023-04-11 22:26:53,355G:\auto_api1_framework\logs\info-2023-04-11.log:test_add_product.py:29 2023-04-11 22:26:53 >>>>>> 执行结束！
INFO    2023-04-11 22:26:53,357G:\auto_api1_framework\logs\info-2023-04-11.log:test_add_product.py:26 2023-04-11 22:26:53 >>>>>> 开始执行：
INFO    2023-04-11 22:26:53,362G:\auto_api1_framework\logs\info-2023-04-11.log:log_decorator.py:42 
======================================================
用例标题: 添加商品失败（name为空）
请求路径: http://127.0.0.1:8888/api/private/v1/goods
请求方式: POST
请求头:   {'User-Agent': 'python-requests/2.28.2', 'Accept-Encoding': 'gzip, deflate', 'Accept': '*/*', 'Connection': 'keep-alive', 'Authorization': 'Bearer eyJhbGciOiJIUzI1NiIsInR5cCI6IkpXVCJ9.eyJ1aWQiOjUwMCwicmlkIjowLCJpYXQiOjE2ODEyMjMyMTMsImV4cCI6MTY4MTMwOTYxM30.BcDHma0fHpb6OgJhoV4fwCvWT5heG-IuZO1YTq8M_eQ', 'Content-Length': '194', 'Content-Type': 'application/json'}
请求内容: {'goods_name': None, 'goods_cat': '1,2,3', 'goods_price': '19.9', 'goods_number': '200', 'goods_weight': '100', 'goods_introduce': '手机壳', 'pics': '', 'attr': '手机壳'}
接口响应内容: {'data': None, 'meta': {'msg': '商品名称不能为空', 'status': 400}}
接口响应时长: 2 ms
Http状态码: 200
断言结果: 200
=====================================================
INFO    2023-04-11 22:26:53,364G:\auto_api1_framework\logs\info-2023-04-11.log:test_add_product.py:29 2023-04-11 22:26:53 >>>>>> 执行结束！
INFO    2023-04-11 22:26:53,365G:\auto_api1_framework\logs\info-2023-04-11.log:test_add_product.py:26 2023-04-11 22:26:53 >>>>>> 开始执行：
INFO    2023-04-11 22:26:53,369G:\auto_api1_framework\logs\info-2023-04-11.log:log_decorator.py:42 
======================================================
用例标题: 添加商品失败（cat为空）
请求路径: http://127.0.0.1:8888/api/private/v1/goods
请求方式: POST
请求头:   {'User-Agent': 'python-requests/2.28.2', 'Accept-Encoding': 'gzip, deflate', 'Accept': '*/*', 'Connection': 'keep-alive', 'Authorization': 'Bearer eyJhbGciOiJIUzI1NiIsInR5cCI6IkpXVCJ9.eyJ1aWQiOjUwMCwicmlkIjowLCJpYXQiOjE2ODEyMjMyMTMsImV4cCI6MTY4MTMwOTYxM30.BcDHma0fHpb6OgJhoV4fwCvWT5heG-IuZO1YTq8M_eQ', 'Content-Length': '211', 'Content-Type': 'application/json'}
请求内容: {'goods_name': '手机壳bfMwsa', 'goods_cat': '', 'goods_price': '19.9', 'goods_number': '200', 'goods_weight': '100', 'goods_introduce': '手机壳', 'pics': '', 'attr': '手机壳'}
接口响应内容: {'data': None, 'meta': {'msg': '商品没有设置所属分类', 'status': 400}}
接口响应时长: 2 ms
Http状态码: 200
断言结果: 200
=====================================================
INFO    2023-04-11 22:26:53,371G:\auto_api1_framework\logs\info-2023-04-11.log:test_add_product.py:29 2023-04-11 22:26:53 >>>>>> 执行结束！
INFO    2023-04-11 22:26:53,373G:\auto_api1_framework\logs\info-2023-04-11.log:test_add_product.py:26 2023-04-11 22:26:53 >>>>>> 开始执行：
INFO    2023-04-11 22:26:53,377G:\auto_api1_framework\logs\info-2023-04-11.log:log_decorator.py:42 
======================================================
用例标题: 添加商品失败（price为空）
请求路径: http://127.0.0.1:8888/api/private/v1/goods
请求方式: POST
请求头:   {'User-Agent': 'python-requests/2.28.2', 'Accept-Encoding': 'gzip, deflate', 'Accept': '*/*', 'Connection': 'keep-alive', 'Authorization': 'Bearer eyJhbGciOiJIUzI1NiIsInR5cCI6IkpXVCJ9.eyJ1aWQiOjUwMCwicmlkIjowLCJpYXQiOjE2ODEyMjMyMTMsImV4cCI6MTY4MTMwOTYxM30.BcDHma0fHpb6OgJhoV4fwCvWT5heG-IuZO1YTq8M_eQ', 'Content-Length': '212', 'Content-Type': 'application/json'}
请求内容: {'goods_name': '手机壳gDOKTA', 'goods_cat': '1,2,3', 'goods_price': '', 'goods_number': '200', 'goods_weight': '100', 'goods_introduce': '手机壳', 'pics': '', 'attr': '手机壳'}
接口响应内容: {'data': None, 'meta': {'msg': '商品价格不能为空', 'status': 400}}
接口响应时长: 1 ms
Http状态码: 200
断言结果: 200
=====================================================
INFO    2023-04-11 22:26:53,378G:\auto_api1_framework\logs\info-2023-04-11.log:test_add_product.py:29 2023-04-11 22:26:53 >>>>>> 执行结束！
INFO    2023-04-11 22:26:53,381G:\auto_api1_framework\logs\info-2023-04-11.log:test_add_product.py:26 2023-04-11 22:26:53 >>>>>> 开始执行：
INFO    2023-04-11 22:26:53,386G:\auto_api1_framework\logs\info-2023-04-11.log:log_decorator.py:42 
======================================================
用例标题: 添加商品失败（number为空）
请求路径: http://127.0.0.1:8888/api/private/v1/goods
请求方式: POST
请求头:   {'User-Agent': 'python-requests/2.28.2', 'Accept-Encoding': 'gzip, deflate', 'Accept': '*/*', 'Connection': 'keep-alive', 'Authorization': 'Bearer eyJhbGciOiJIUzI1NiIsInR5cCI6IkpXVCJ9.eyJ1aWQiOjUwMCwicmlkIjowLCJpYXQiOjE2ODEyMjMyMTMsImV4cCI6MTY4MTMwOTYxM30.BcDHma0fHpb6OgJhoV4fwCvWT5heG-IuZO1YTq8M_eQ', 'Content-Length': '213', 'Content-Type': 'application/json'}
请求内容: {'goods_name': '手机壳bUPiKM', 'goods_cat': '1,2,3', 'goods_price': '19.9', 'goods_number': '', 'goods_weight': '100', 'goods_introduce': '手机壳', 'pics': '', 'attr': '手机壳'}
接口响应内容: {'data': None, 'meta': {'msg': '商品数量不能为空', 'status': 400}}
接口响应时长: 2 ms
Http状态码: 200
断言结果: 200
=====================================================
INFO    2023-04-11 22:26:53,387G:\auto_api1_framework\logs\info-2023-04-11.log:test_add_product.py:29 2023-04-11 22:26:53 >>>>>> 执行结束！
INFO    2023-04-11 22:26:53,389G:\auto_api1_framework\logs\info-2023-04-11.log:test_add_product.py:26 2023-04-11 22:26:53 >>>>>> 开始执行：
INFO    2023-04-11 22:26:53,409G:\auto_api1_framework\logs\info-2023-04-11.log:log_decorator.py:42 
======================================================
用例标题: 添加商品失败（weight为空）
请求路径: http://127.0.0.1:8888/api/private/v1/goods
请求方式: POST
请求头:   {'User-Agent': 'python-requests/2.28.2', 'Accept-Encoding': 'gzip, deflate', 'Accept': '*/*', 'Connection': 'keep-alive', 'Authorization': 'Bearer eyJhbGciOiJIUzI1NiIsInR5cCI6IkpXVCJ9.eyJ1aWQiOjUwMCwicmlkIjowLCJpYXQiOjE2ODEyMjMyMTMsImV4cCI6MTY4MTMwOTYxM30.BcDHma0fHpb6OgJhoV4fwCvWT5heG-IuZO1YTq8M_eQ', 'Content-Length': '213', 'Content-Type': 'application/json'}
请求内容: {'goods_name': '手机壳oiomqp', 'goods_cat': '1,2,3', 'goods_price': '19.9', 'goods_number': '200', 'goods_weight': '', 'goods_introduce': '手机壳', 'pics': '', 'attr': '手机壳'}
接口响应内容: {'data': {'goods_id': 936, 'cat_id': '3', 'goods_name': '手机壳oiomqp', 'goods_price': 19.9, 'goods_number': 200, 'goods_weight': 0, 'goods_introduce': '手机壳', 'goods_big_logo': '', 'goods_small_logo': '', 'goods_state': None, 'is_del': '0', 'add_time': 1681223213, 'upd_time': 1681223213, 'delete_time': None, 'hot_mumber': 0, 'is_promote': False, 'cat_one_id': '1', 'cat_two_id': '2', 'cat_three_id': '3', 'goods_cat': '1,2,3', 'pics': [], 'attrs': []}, 'meta': {'msg': '创建商品成功', 'status': 201}}
接口响应时长: 17 ms
Http状态码: 200
断言结果: 200
=====================================================
INFO    2023-04-11 22:26:53,490G:\auto_api1_framework\logs\info-2023-04-11.log:test_add_product.py:29 2023-04-11 22:26:53 >>>>>> 执行结束！
INFO    2023-04-11 22:26:53,492G:\auto_api1_framework\logs\info-2023-04-11.log:test_add_product.py:26 2023-04-11 22:26:53 >>>>>> 开始执行：
INFO    2023-04-11 22:26:53,512G:\auto_api1_framework\logs\info-2023-04-11.log:log_decorator.py:42 
======================================================
用例标题: 添加商品失败（introduce为空）
请求路径: http://127.0.0.1:8888/api/private/v1/goods
请求方式: POST
请求头:   {'User-Agent': 'python-requests/2.28.2', 'Accept-Encoding': 'gzip, deflate', 'Accept': '*/*', 'Connection': 'keep-alive', 'Authorization': 'Bearer eyJhbGciOiJIUzI1NiIsInR5cCI6IkpXVCJ9.eyJ1aWQiOjUwMCwicmlkIjowLCJpYXQiOjE2ODEyMjMyMTMsImV4cCI6MTY4MTMwOTYxM30.BcDHma0fHpb6OgJhoV4fwCvWT5heG-IuZO1YTq8M_eQ', 'Content-Length': '198', 'Content-Type': 'application/json'}
请求内容: {'goods_name': '手机壳RqHBqV', 'goods_cat': '1,2,3', 'goods_price': '19.9', 'goods_number': '200', 'goods_weight': '100', 'goods_introduce': '', 'pics': '', 'attr': '手机壳'}
接口响应内容: {'data': {'goods_id': 937, 'cat_id': '3', 'goods_name': '手机壳RqHBqV', 'goods_price': 19.9, 'goods_number': 200, 'goods_weight': 100, 'goods_introduce': None, 'goods_big_logo': '', 'goods_small_logo': '', 'goods_state': None, 'is_del': '0', 'add_time': 1681223213, 'upd_time': 1681223213, 'delete_time': None, 'hot_mumber': 0, 'is_promote': False, 'cat_one_id': '1', 'cat_two_id': '2', 'cat_three_id': '3', 'goods_cat': '1,2,3', 'pics': [], 'attrs': []}, 'meta': {'msg': '创建商品成功', 'status': 201}}
接口响应时长: 16 ms
Http状态码: 200
断言结果: 200
=====================================================
INFO    2023-04-11 22:26:53,513G:\auto_api1_framework\logs\info-2023-04-11.log:test_add_product.py:29 2023-04-11 22:26:53 >>>>>> 执行结束！
INFO    2023-04-11 22:26:53,514G:\auto_api1_framework\logs\info-2023-04-11.log:test_add_product.py:26 2023-04-11 22:26:53 >>>>>> 开始执行：
INFO    2023-04-11 22:26:53,536G:\auto_api1_framework\logs\info-2023-04-11.log:log_decorator.py:42 
======================================================
用例标题: 添加商品成功（商品名称纯数字）
请求路径: http://127.0.0.1:8888/api/private/v1/goods
请求方式: POST
请求头:   {'User-Agent': 'python-requests/2.28.2', 'Accept-Encoding': 'gzip, deflate', 'Accept': '*/*', 'Connection': 'keep-alive', 'Authorization': 'Bearer eyJhbGciOiJIUzI1NiIsInR5cCI6IkpXVCJ9.eyJ1aWQiOjUwMCwicmlkIjowLCJpYXQiOjE2ODEyMjMyMTMsImV4cCI6MTY4MTMwOTYxM30.BcDHma0fHpb6OgJhoV4fwCvWT5heG-IuZO1YTq8M_eQ', 'Content-Length': '198', 'Content-Type': 'application/json'}
请求内容: {'goods_name': '611784', 'goods_cat': '1,2,3', 'goods_price': '19.9', 'goods_number': '200', 'goods_weight': '100', 'goods_introduce': '手机壳', 'pics': '', 'attr': '手机壳'}
接口响应内容: {'data': {'goods_id': 938, 'cat_id': '3', 'goods_name': '611784', 'goods_price': 19.9, 'goods_number': 200, 'goods_weight': 100, 'goods_introduce': '手机壳', 'goods_big_logo': '', 'goods_small_logo': '', 'goods_state': None, 'is_del': '0', 'add_time': 1681223213, 'upd_time': 1681223213, 'delete_time': None, 'hot_mumber': 0, 'is_promote': False, 'cat_one_id': '1', 'cat_two_id': '2', 'cat_three_id': '3', 'goods_cat': '1,2,3', 'pics': [], 'attrs': []}, 'meta': {'msg': '创建商品成功', 'status': 201}}
接口响应时长: 19 ms
Http状态码: 200
断言结果: 200
=====================================================
INFO    2023-04-11 22:26:53,537G:\auto_api1_framework\logs\info-2023-04-11.log:test_add_product.py:29 2023-04-11 22:26:53 >>>>>> 执行结束！
INFO    2023-04-11 22:26:53,539G:\auto_api1_framework\logs\info-2023-04-11.log:test_add_product.py:26 2023-04-11 22:26:53 >>>>>> 开始执行：
INFO    2023-04-11 22:26:53,561G:\auto_api1_framework\logs\info-2023-04-11.log:log_decorator.py:42 
======================================================
用例标题: 添加商品成功（商品名称纯字母）
请求路径: http://127.0.0.1:8888/api/private/v1/goods
请求方式: POST
请求头:   {'User-Agent': 'python-requests/2.28.2', 'Accept-Encoding': 'gzip, deflate', 'Accept': '*/*', 'Connection': 'keep-alive', 'Authorization': 'Bearer eyJhbGciOiJIUzI1NiIsInR5cCI6IkpXVCJ9.eyJ1aWQiOjUwMCwicmlkIjowLCJpYXQiOjE2ODEyMjMyMTMsImV4cCI6MTY4MTMwOTYxM30.BcDHma0fHpb6OgJhoV4fwCvWT5heG-IuZO1YTq8M_eQ', 'Content-Length': '198', 'Content-Type': 'application/json'}
请求内容: {'goods_name': 'BOvixW', 'goods_cat': '1,2,3', 'goods_price': '19.9', 'goods_number': '200', 'goods_weight': '100', 'goods_introduce': '手机壳', 'pics': '', 'attr': '手机壳'}
接口响应内容: {'data': {'goods_id': 939, 'cat_id': '3', 'goods_name': 'BOvixW', 'goods_price': 19.9, 'goods_number': 200, 'goods_weight': 100, 'goods_introduce': '手机壳', 'goods_big_logo': '', 'goods_small_logo': '', 'goods_state': None, 'is_del': '0', 'add_time': 1681223213, 'upd_time': 1681223213, 'delete_time': None, 'hot_mumber': 0, 'is_promote': False, 'cat_one_id': '1', 'cat_two_id': '2', 'cat_three_id': '3', 'goods_cat': '1,2,3', 'pics': [], 'attrs': []}, 'meta': {'msg': '创建商品成功', 'status': 201}}
接口响应时长: 18 ms
Http状态码: 200
断言结果: 200
=====================================================
INFO    2023-04-11 22:26:53,562G:\auto_api1_framework\logs\info-2023-04-11.log:test_add_product.py:29 2023-04-11 22:26:53 >>>>>> 执行结束！
INFO    2023-04-11 22:26:53,564G:\auto_api1_framework\logs\info-2023-04-11.log:test_add_product.py:26 2023-04-11 22:26:53 >>>>>> 开始执行：
INFO    2023-04-11 22:26:53,583G:\auto_api1_framework\logs\info-2023-04-11.log:log_decorator.py:42 
======================================================
用例标题: 添加商品成功（商品名称包含特殊字符、汉字）
请求路径: http://127.0.0.1:8888/api/private/v1/goods
请求方式: POST
请求头:   {'User-Agent': 'python-requests/2.28.2', 'Accept-Encoding': 'gzip, deflate', 'Accept': '*/*', 'Connection': 'keep-alive', 'Authorization': 'Bearer eyJhbGciOiJIUzI1NiIsInR5cCI6IkpXVCJ9.eyJ1aWQiOjUwMCwicmlkIjowLCJpYXQiOjE2ODEyMjMyMTMsImV4cCI6MTY4MTMwOTYxM30.BcDHma0fHpb6OgJhoV4fwCvWT5heG-IuZO1YTq8M_eQ', 'Content-Length': '205', 'Content-Type': 'application/json'}
请求内容: {'goods_name': '@$@_*frpQz040', 'goods_cat': '1,2,3', 'goods_price': '19.9', 'goods_number': '200', 'goods_weight': '100', 'goods_introduce': '手机壳', 'pics': '', 'attr': '手机壳'}
接口响应内容: {'data': {'goods_id': 940, 'cat_id': '3', 'goods_name': '@$@_*frpQz040', 'goods_price': 19.9, 'goods_number': 200, 'goods_weight': 100, 'goods_introduce': '手机壳', 'goods_big_logo': '', 'goods_small_logo': '', 'goods_state': None, 'is_del': '0', 'add_time': 1681223213, 'upd_time': 1681223213, 'delete_time': None, 'hot_mumber': 0, 'is_promote': False, 'cat_one_id': '1', 'cat_two_id': '2', 'cat_three_id': '3', 'goods_cat': '1,2,3', 'pics': [], 'attrs': []}, 'meta': {'msg': '创建商品成功', 'status': 201}}
接口响应时长: 17 ms
Http状态码: 200
断言结果: 200
=====================================================
INFO    2023-04-11 22:26:53,585G:\auto_api1_framework\logs\info-2023-04-11.log:test_add_product.py:29 2023-04-11 22:26:53 >>>>>> 执行结束！
INFO    2023-04-11 22:26:53,586G:\auto_api1_framework\logs\info-2023-04-11.log:test_add_product.py:26 2023-04-11 22:26:53 >>>>>> 开始执行：
INFO    2023-04-11 22:26:53,594G:\auto_api1_framework\logs\info-2023-04-11.log:log_decorator.py:42 
======================================================
用例标题: 添加商品失败（缺少goods_price参数）
请求路径: http://127.0.0.1:8888/api/private/v1/goods
请求方式: POST
请求头:   {'User-Agent': 'python-requests/2.28.2', 'Accept-Encoding': 'gzip, deflate', 'Accept': '*/*', 'Connection': 'keep-alive', 'Authorization': 'Bearer eyJhbGciOiJIUzI1NiIsInR5cCI6IkpXVCJ9.eyJ1aWQiOjUwMCwicmlkIjowLCJpYXQiOjE2ODEyMjMyMTMsImV4cCI6MTY4MTMwOTYxM30.BcDHma0fHpb6OgJhoV4fwCvWT5heG-IuZO1YTq8M_eQ', 'Content-Length': '193', 'Content-Type': 'application/json'}
请求内容: {'goods_name': '手机壳rKSDoq', 'goods_cat': '1,2,3', 'goods_number': '200', 'goods_weight': '100', 'goods_introduce': '手机壳', 'pics': '', 'attr': '手机壳'}
接口响应内容: {'data': None, 'meta': {'msg': '商品价格不能为空', 'status': 400}}
接口响应时长: 2 ms
Http状态码: 200
断言结果: 200
=====================================================
INFO    2023-04-11 22:26:53,595G:\auto_api1_framework\logs\info-2023-04-11.log:test_add_product.py:29 2023-04-11 22:26:53 >>>>>> 执行结束！
INFO    2023-04-11 22:26:53,596G:\auto_api1_framework\logs\info-2023-04-11.log:test_add_product.py:26 2023-04-11 22:26:53 >>>>>> 开始执行：
INFO    2023-04-11 22:26:53,617G:\auto_api1_framework\logs\info-2023-04-11.log:log_decorator.py:42 
======================================================
用例标题: 添加商品成功（多出abc参数）
请求路径: http://127.0.0.1:8888/api/private/v1/goods
请求方式: POST
请求头:   {'User-Agent': 'python-requests/2.28.2', 'Accept-Encoding': 'gzip, deflate', 'Accept': '*/*', 'Connection': 'keep-alive', 'Authorization': 'Bearer eyJhbGciOiJIUzI1NiIsInR5cCI6IkpXVCJ9.eyJ1aWQiOjUwMCwicmlkIjowLCJpYXQiOjE2ODEyMjMyMTMsImV4cCI6MTY4MTMwOTYxM30.BcDHma0fHpb6OgJhoV4fwCvWT5heG-IuZO1YTq8M_eQ', 'Content-Length': '230', 'Content-Type': 'application/json'}
请求内容: {'goods_name': '手机壳zHRBfZ', 'goods_cat': '1,2,3', 'goods_price': '19.9', 'goods_number': '200', 'goods_weight': '100', 'goods_introduce': '手机壳', 'pics': '', 'attr': '手机壳', 'abc': '123'}
接口响应内容: {'data': {'goods_id': 941, 'cat_id': '3', 'goods_name': '手机壳zHRBfZ', 'goods_price': 19.9, 'goods_number': 200, 'goods_weight': 100, 'goods_introduce': '手机壳', 'goods_big_logo': '', 'goods_small_logo': '', 'goods_state': None, 'is_del': '0', 'add_time': 1681223213, 'upd_time': 1681223213, 'delete_time': None, 'hot_mumber': 0, 'is_promote': False, 'cat_one_id': '1', 'cat_two_id': '2', 'cat_three_id': '3', 'goods_cat': '1,2,3', 'pics': [], 'attrs': []}, 'meta': {'msg': '创建商品成功', 'status': 201}}
接口响应时长: 18 ms
Http状态码: 200
断言结果: 200
=====================================================
INFO    2023-04-11 22:26:53,619G:\auto_api1_framework\logs\info-2023-04-11.log:test_add_product.py:29 2023-04-11 22:26:53 >>>>>> 执行结束！
INFO    2023-04-11 22:26:53,620G:\auto_api1_framework\logs\info-2023-04-11.log:test_add_product.py:26 2023-04-11 22:26:53 >>>>>> 开始执行：
INFO    2023-04-11 22:26:53,625G:\auto_api1_framework\logs\info-2023-04-11.log:log_decorator.py:42 
======================================================
用例标题: 添加商品失败（修改goods_name为abc参数）
请求路径: http://127.0.0.1:8888/api/private/v1/goods
请求方式: POST
请求头:   {'User-Agent': 'python-requests/2.28.2', 'Accept-Encoding': 'gzip, deflate', 'Accept': '*/*', 'Connection': 'keep-alive', 'Authorization': 'Bearer eyJhbGciOiJIUzI1NiIsInR5cCI6IkpXVCJ9.eyJ1aWQiOjUwMCwicmlkIjowLCJpYXQiOjE2ODEyMjMyMTMsImV4cCI6MTY4MTMwOTYxM30.BcDHma0fHpb6OgJhoV4fwCvWT5heG-IuZO1YTq8M_eQ', 'Content-Length': '209', 'Content-Type': 'application/json'}
请求内容: {'abc': '手机壳qkzyYf', 'goods_cat': '1,2,3', 'goods_price': '19.9', 'goods_number': '200', 'goods_weight': '100', 'goods_introduce': '手机壳', 'pics': '', 'attr': '手机壳'}
接口响应内容: {'data': None, 'meta': {'msg': '商品名称不能为空', 'status': 400}}
接口响应时长: 2 ms
Http状态码: 200
断言结果: 200
=====================================================
INFO    2023-04-11 22:26:53,627G:\auto_api1_framework\logs\info-2023-04-11.log:test_add_product.py:29 2023-04-11 22:26:53 >>>>>> 执行结束！
INFO    2023-04-11 22:26:53,629G:\auto_api1_framework\logs\info-2023-04-11.log:test_add_product.py:26 2023-04-11 22:26:53 >>>>>> 开始执行：
INFO    2023-04-11 22:26:53,633G:\auto_api1_framework\logs\info-2023-04-11.log:log_decorator.py:42 
======================================================
用例标题: 添加商品失败（没有参数）
请求路径: http://127.0.0.1:8888/api/private/v1/goods
请求方式: POST
请求头:   {'User-Agent': 'python-requests/2.28.2', 'Accept-Encoding': 'gzip, deflate', 'Accept': '*/*', 'Connection': 'keep-alive', 'Authorization': 'Bearer eyJhbGciOiJIUzI1NiIsInR5cCI6IkpXVCJ9.eyJ1aWQiOjUwMCwicmlkIjowLCJpYXQiOjE2ODEyMjMyMTMsImV4cCI6MTY4MTMwOTYxM30.BcDHma0fHpb6OgJhoV4fwCvWT5heG-IuZO1YTq8M_eQ', 'Content-Length': '0'}
请求内容: None
接口响应内容: {'data': None, 'meta': {'msg': '商品名称不能为空', 'status': 400}}
接口响应时长: 2 ms
Http状态码: 200
断言结果: 200
=====================================================
INFO    2023-04-11 22:26:53,635G:\auto_api1_framework\logs\info-2023-04-11.log:test_add_product.py:29 2023-04-11 22:26:53 >>>>>> 执行结束！
INFO    2023-04-11 22:27:20,105G:\auto_api1_framework\logs\info-2023-04-11.log:test_edit_product.py:26 2023-04-11 22:27:19 >>>>>> 开始执行：
INFO    2023-04-11 22:27:20,198G:\auto_api1_framework\logs\info-2023-04-11.log:log_decorator.py:42 
======================================================
用例标题: 添加商品成功
请求路径: http://127.0.0.1:8888/api/private/v1/goods
请求方式: POST
请求头:   {'User-Agent': 'python-requests/2.28.2', 'Accept-Encoding': 'gzip, deflate', 'Accept': '*/*', 'Connection': 'keep-alive', 'Authorization': 'Bearer eyJhbGciOiJIUzI1NiIsInR5cCI6IkpXVCJ9.eyJ1aWQiOjUwMCwicmlkIjowLCJpYXQiOjE2ODEyMjMyNDAsImV4cCI6MTY4MTMwOTY0MH0.ZdGrSm-8HvRLEuFJ-muilawyDwMgRkr1HSyvgQIQaTI', 'Content-Length': '216', 'Content-Type': 'application/json'}
请求内容: {'goods_name': '手机壳Eyjohg', 'goods_cat': '1,2,3', 'goods_price': '19.9', 'goods_number': '200', 'goods_weight': '100', 'goods_introduce': '手机壳', 'pics': '', 'attr': '手机壳'}
接口响应内容: {'data': {'goods_id': 942, 'cat_id': '3', 'goods_name': '手机壳Eyjohg', 'goods_price': 19.9, 'goods_number': 200, 'goods_weight': 100, 'goods_introduce': '手机壳', 'goods_big_logo': '', 'goods_small_logo': '', 'goods_state': None, 'is_del': '0', 'add_time': 1681223240, 'upd_time': 1681223240, 'delete_time': None, 'hot_mumber': 0, 'is_promote': False, 'cat_one_id': '1', 'cat_two_id': '2', 'cat_three_id': '3', 'goods_cat': '1,2,3', 'pics': [], 'attrs': []}, 'meta': {'msg': '创建商品成功', 'status': 201}}
接口响应时长: 17 ms
Http状态码: 200
断言结果: 200
=====================================================
INFO    2023-04-11 22:27:20,219G:\auto_api1_framework\logs\info-2023-04-11.log:log_decorator.py:42 
======================================================
用例标题: 编辑商品成功（全部参数）
请求路径: http://127.0.0.1:8888/api/private/v1/goods/942
请求方式: PUT
请求头:   {'User-Agent': 'python-requests/2.28.2', 'Accept-Encoding': 'gzip, deflate', 'Accept': '*/*', 'Connection': 'keep-alive', 'Authorization': 'Bearer eyJhbGciOiJIUzI1NiIsInR5cCI6IkpXVCJ9.eyJ1aWQiOjUwMCwicmlkIjowLCJpYXQiOjE2ODEyMjMyNDAsImV4cCI6MTY4MTMwOTY0MH0.ZdGrSm-8HvRLEuFJ-muilawyDwMgRkr1HSyvgQIQaTI', 'Content-Length': '220', 'Content-Type': 'application/json'}
请求内容: {'goods_name': 'jlCxRd手机壳', 'goods_cat': '1,2,3', 'goods_price': '59.9', 'goods_number': '300', 'goods_weight': '200', 'goods_introduce': 'test手机壳', 'pics': '', 'attr': '手机壳'}
接口响应内容: {'data': {'goods_id': 942, 'cat_id': '3', 'goods_name': 'jlCxRd手机壳', 'goods_price': 59.9, 'goods_number': 300, 'goods_weight': 200, 'goods_introduce': 'test手机壳', 'goods_big_logo': '', 'goods_small_logo': '', 'goods_state': None, 'is_del': '0', 'add_time': 1681223240, 'upd_time': 1681223240, 'delete_time': None, 'hot_mumber': 0, 'is_promote': False, 'cat_one_id': '1', 'cat_two_id': '2', 'cat_three_id': '3', 'pics': [], 'attrs': []}, 'meta': {'msg': '创建商品成功', 'status': 200}}
接口响应时长: 18 ms
Http状态码: 200
断言结果: 200
=====================================================
INFO    2023-04-11 22:27:20,295G:\auto_api1_framework\logs\info-2023-04-11.log:test_edit_product.py:29 2023-04-11 22:27:19 >>>>>> 执行结束！
INFO    2023-04-11 22:27:20,297G:\auto_api1_framework\logs\info-2023-04-11.log:test_edit_product.py:26 2023-04-11 22:27:19 >>>>>> 开始执行：
INFO    2023-04-11 22:27:20,388G:\auto_api1_framework\logs\info-2023-04-11.log:log_decorator.py:42 
======================================================
用例标题: 添加商品成功
请求路径: http://127.0.0.1:8888/api/private/v1/goods
请求方式: POST
请求头:   {'User-Agent': 'python-requests/2.28.2', 'Accept-Encoding': 'gzip, deflate', 'Accept': '*/*', 'Connection': 'keep-alive', 'Authorization': 'Bearer eyJhbGciOiJIUzI1NiIsInR5cCI6IkpXVCJ9.eyJ1aWQiOjUwMCwicmlkIjowLCJpYXQiOjE2ODEyMjMyNDAsImV4cCI6MTY4MTMwOTY0MH0.ZdGrSm-8HvRLEuFJ-muilawyDwMgRkr1HSyvgQIQaTI', 'Content-Length': '216', 'Content-Type': 'application/json'}
请求内容: {'goods_name': '手机壳zBSQZb', 'goods_cat': '1,2,3', 'goods_price': '19.9', 'goods_number': '200', 'goods_weight': '100', 'goods_introduce': '手机壳', 'pics': '', 'attr': '手机壳'}
接口响应内容: {'data': {'goods_id': 943, 'cat_id': '3', 'goods_name': '手机壳zBSQZb', 'goods_price': 19.9, 'goods_number': 200, 'goods_weight': 100, 'goods_introduce': '手机壳', 'goods_big_logo': '', 'goods_small_logo': '', 'goods_state': None, 'is_del': '0', 'add_time': 1681223240, 'upd_time': 1681223240, 'delete_time': None, 'hot_mumber': 0, 'is_promote': False, 'cat_one_id': '1', 'cat_two_id': '2', 'cat_three_id': '3', 'goods_cat': '1,2,3', 'pics': [], 'attrs': []}, 'meta': {'msg': '创建商品成功', 'status': 201}}
接口响应时长: 17 ms
Http状态码: 200
断言结果: 200
=====================================================
INFO    2023-04-11 22:27:20,411G:\auto_api1_framework\logs\info-2023-04-11.log:log_decorator.py:42 
======================================================
用例标题: 编辑商品成功（必填参数）
请求路径: http://127.0.0.1:8888/api/private/v1/goods/943
请求方式: PUT
请求头:   {'User-Agent': 'python-requests/2.28.2', 'Accept-Encoding': 'gzip, deflate', 'Accept': '*/*', 'Connection': 'keep-alive', 'Authorization': 'Bearer eyJhbGciOiJIUzI1NiIsInR5cCI6IkpXVCJ9.eyJ1aWQiOjUwMCwicmlkIjowLCJpYXQiOjE2ODEyMjMyNDAsImV4cCI6MTY4MTMwOTY0MH0.ZdGrSm-8HvRLEuFJ-muilawyDwMgRkr1HSyvgQIQaTI', 'Content-Length': '133', 'Content-Type': 'application/json'}
请求内容: {'goods_name': '手机壳gKeuDD', 'goods_cat': '1,2,3', 'goods_price': '59.9', 'goods_number': '300', 'goods_weight': '200'}
接口响应内容: {'data': {'goods_id': 943, 'cat_id': '3', 'goods_name': '手机壳gKeuDD', 'goods_price': 59.9, 'goods_number': 300, 'goods_weight': 200, 'goods_introduce': '手机壳', 'goods_big_logo': '', 'goods_small_logo': '', 'goods_state': None, 'is_del': '0', 'add_time': 1681223240, 'upd_time': 1681223240, 'delete_time': None, 'hot_mumber': 0, 'is_promote': False, 'cat_one_id': '1', 'cat_two_id': '2', 'cat_three_id': '3', 'pics': [], 'attrs': []}, 'meta': {'msg': '创建商品成功', 'status': 200}}
接口响应时长: 20 ms
Http状态码: 200
断言结果: 200
=====================================================
INFO    2023-04-11 22:27:20,420G:\auto_api1_framework\logs\info-2023-04-11.log:test_edit_product.py:29 2023-04-11 22:27:19 >>>>>> 执行结束！
INFO    2023-04-11 22:27:20,422G:\auto_api1_framework\logs\info-2023-04-11.log:test_edit_product.py:26 2023-04-11 22:27:19 >>>>>> 开始执行：
INFO    2023-04-11 22:27:20,509G:\auto_api1_framework\logs\info-2023-04-11.log:log_decorator.py:42 
======================================================
用例标题: 添加商品成功
请求路径: http://127.0.0.1:8888/api/private/v1/goods
请求方式: POST
请求头:   {'User-Agent': 'python-requests/2.28.2', 'Accept-Encoding': 'gzip, deflate', 'Accept': '*/*', 'Connection': 'keep-alive', 'Authorization': 'Bearer eyJhbGciOiJIUzI1NiIsInR5cCI6IkpXVCJ9.eyJ1aWQiOjUwMCwicmlkIjowLCJpYXQiOjE2ODEyMjMyNDAsImV4cCI6MTY4MTMwOTY0MH0.ZdGrSm-8HvRLEuFJ-muilawyDwMgRkr1HSyvgQIQaTI', 'Content-Length': '216', 'Content-Type': 'application/json'}
请求内容: {'goods_name': '手机壳CvdFwr', 'goods_cat': '1,2,3', 'goods_price': '19.9', 'goods_number': '200', 'goods_weight': '100', 'goods_introduce': '手机壳', 'pics': '', 'attr': '手机壳'}
接口响应内容: {'data': {'goods_id': 944, 'cat_id': '3', 'goods_name': '手机壳CvdFwr', 'goods_price': 19.9, 'goods_number': 200, 'goods_weight': 100, 'goods_introduce': '手机壳', 'goods_big_logo': '', 'goods_small_logo': '', 'goods_state': None, 'is_del': '0', 'add_time': 1681223240, 'upd_time': 1681223240, 'delete_time': None, 'hot_mumber': 0, 'is_promote': False, 'cat_one_id': '1', 'cat_two_id': '2', 'cat_three_id': '3', 'goods_cat': '1,2,3', 'pics': [], 'attrs': []}, 'meta': {'msg': '创建商品成功', 'status': 201}}
接口响应时长: 16 ms
Http状态码: 200
断言结果: 200
=====================================================
INFO    2023-04-11 22:27:20,530G:\auto_api1_framework\logs\info-2023-04-11.log:log_decorator.py:42 
======================================================
用例标题: 编辑商品成功（必填+选填参数）
请求路径: http://127.0.0.1:8888/api/private/v1/goods/944
请求方式: PUT
请求头:   {'User-Agent': 'python-requests/2.28.2', 'Accept-Encoding': 'gzip, deflate', 'Accept': '*/*', 'Connection': 'keep-alive', 'Authorization': 'Bearer eyJhbGciOiJIUzI1NiIsInR5cCI6IkpXVCJ9.eyJ1aWQiOjUwMCwicmlkIjowLCJpYXQiOjE2ODEyMjMyNDAsImV4cCI6MTY4MTMwOTY0MH0.ZdGrSm-8HvRLEuFJ-muilawyDwMgRkr1HSyvgQIQaTI', 'Content-Length': '163', 'Content-Type': 'application/json'}
请求内容: {'goods_name': '手机壳dVegeX', 'goods_cat': '1,2,3', 'goods_price': '59.9', 'goods_number': '300', 'goods_weight': '200', 'attr': '手机壳'}
接口响应内容: {'data': {'goods_id': 944, 'cat_id': '3', 'goods_name': '手机壳dVegeX', 'goods_price': 59.9, 'goods_number': 300, 'goods_weight': 200, 'goods_introduce': '手机壳', 'goods_big_logo': '', 'goods_small_logo': '', 'goods_state': None, 'is_del': '0', 'add_time': 1681223240, 'upd_time': 1681223240, 'delete_time': None, 'hot_mumber': 0, 'is_promote': False, 'cat_one_id': '1', 'cat_two_id': '2', 'cat_three_id': '3', 'pics': [], 'attrs': []}, 'meta': {'msg': '创建商品成功', 'status': 200}}
接口响应时长: 18 ms
Http状态码: 200
断言结果: 200
=====================================================
INFO    2023-04-11 22:27:20,540G:\auto_api1_framework\logs\info-2023-04-11.log:test_edit_product.py:29 2023-04-11 22:27:19 >>>>>> 执行结束！
INFO    2023-04-11 22:27:20,542G:\auto_api1_framework\logs\info-2023-04-11.log:test_edit_product.py:26 2023-04-11 22:27:19 >>>>>> 开始执行：
INFO    2023-04-11 22:27:20,630G:\auto_api1_framework\logs\info-2023-04-11.log:log_decorator.py:42 
======================================================
用例标题: 添加商品成功
请求路径: http://127.0.0.1:8888/api/private/v1/goods
请求方式: POST
请求头:   {'User-Agent': 'python-requests/2.28.2', 'Accept-Encoding': 'gzip, deflate', 'Accept': '*/*', 'Connection': 'keep-alive', 'Authorization': 'Bearer eyJhbGciOiJIUzI1NiIsInR5cCI6IkpXVCJ9.eyJ1aWQiOjUwMCwicmlkIjowLCJpYXQiOjE2ODEyMjMyNDAsImV4cCI6MTY4MTMwOTY0MH0.ZdGrSm-8HvRLEuFJ-muilawyDwMgRkr1HSyvgQIQaTI', 'Content-Length': '216', 'Content-Type': 'application/json'}
请求内容: {'goods_name': '手机壳lfjkEs', 'goods_cat': '1,2,3', 'goods_price': '19.9', 'goods_number': '200', 'goods_weight': '100', 'goods_introduce': '手机壳', 'pics': '', 'attr': '手机壳'}
接口响应内容: {'data': {'goods_id': 945, 'cat_id': '3', 'goods_name': '手机壳lfjkEs', 'goods_price': 19.9, 'goods_number': 200, 'goods_weight': 100, 'goods_introduce': '手机壳', 'goods_big_logo': '', 'goods_small_logo': '', 'goods_state': None, 'is_del': '0', 'add_time': 1681223240, 'upd_time': 1681223240, 'delete_time': None, 'hot_mumber': 0, 'is_promote': False, 'cat_one_id': '1', 'cat_two_id': '2', 'cat_three_id': '3', 'goods_cat': '1,2,3', 'pics': [], 'attrs': []}, 'meta': {'msg': '创建商品成功', 'status': 201}}
接口响应时长: 17 ms
Http状态码: 200
断言结果: 200
=====================================================
INFO    2023-04-11 22:27:20,650G:\auto_api1_framework\logs\info-2023-04-11.log:log_decorator.py:42 
======================================================
用例标题: 编辑商品失败（商品名称已存在）
请求路径: http://127.0.0.1:8888/api/private/v1/goods/945
请求方式: PUT
请求头:   {'User-Agent': 'python-requests/2.28.2', 'Accept-Encoding': 'gzip, deflate', 'Accept': '*/*', 'Connection': 'keep-alive', 'Authorization': 'Bearer eyJhbGciOiJIUzI1NiIsInR5cCI6IkpXVCJ9.eyJ1aWQiOjUwMCwicmlkIjowLCJpYXQiOjE2ODEyMjMyNDAsImV4cCI6MTY4MTMwOTY0MH0.ZdGrSm-8HvRLEuFJ-muilawyDwMgRkr1HSyvgQIQaTI', 'Content-Length': '214', 'Content-Type': 'application/json'}
请求内容: {'goods_name': '手机壳', 'goods_cat': '1,2,3', 'goods_price': '59.9', 'goods_number': '300', 'goods_weight': '200', 'goods_introduce': 'test手机壳', 'pics': '', 'attr': '手机壳'}
接口响应内容: {'data': {'goods_id': 945, 'cat_id': '3', 'goods_name': '手机壳', 'goods_price': 59.9, 'goods_number': 300, 'goods_weight': 200, 'goods_introduce': 'test手机壳', 'goods_big_logo': '', 'goods_small_logo': '', 'goods_state': None, 'is_del': '0', 'add_time': 1681223240, 'upd_time': 1681223240, 'delete_time': None, 'hot_mumber': 0, 'is_promote': False, 'cat_one_id': '1', 'cat_two_id': '2', 'cat_three_id': '3', 'pics': [], 'attrs': []}, 'meta': {'msg': '创建商品成功', 'status': 200}}
接口响应时长: 17 ms
Http状态码: 200
断言结果: 200
=====================================================
INFO    2023-04-11 22:27:20,661G:\auto_api1_framework\logs\info-2023-04-11.log:test_edit_product.py:29 2023-04-11 22:27:19 >>>>>> 执行结束！
INFO    2023-04-11 22:27:20,663G:\auto_api1_framework\logs\info-2023-04-11.log:test_edit_product.py:26 2023-04-11 22:27:19 >>>>>> 开始执行：
INFO    2023-04-11 22:27:20,750G:\auto_api1_framework\logs\info-2023-04-11.log:log_decorator.py:42 
======================================================
用例标题: 添加商品成功
请求路径: http://127.0.0.1:8888/api/private/v1/goods
请求方式: POST
请求头:   {'User-Agent': 'python-requests/2.28.2', 'Accept-Encoding': 'gzip, deflate', 'Accept': '*/*', 'Connection': 'keep-alive', 'Authorization': 'Bearer eyJhbGciOiJIUzI1NiIsInR5cCI6IkpXVCJ9.eyJ1aWQiOjUwMCwicmlkIjowLCJpYXQiOjE2ODEyMjMyNDAsImV4cCI6MTY4MTMwOTY0MH0.ZdGrSm-8HvRLEuFJ-muilawyDwMgRkr1HSyvgQIQaTI', 'Content-Length': '216', 'Content-Type': 'application/json'}
请求内容: {'goods_name': '手机壳mVXvKy', 'goods_cat': '1,2,3', 'goods_price': '19.9', 'goods_number': '200', 'goods_weight': '100', 'goods_introduce': '手机壳', 'pics': '', 'attr': '手机壳'}
接口响应内容: {'data': {'goods_id': 946, 'cat_id': '3', 'goods_name': '手机壳mVXvKy', 'goods_price': 19.9, 'goods_number': 200, 'goods_weight': 100, 'goods_introduce': '手机壳', 'goods_big_logo': '', 'goods_small_logo': '', 'goods_state': None, 'is_del': '0', 'add_time': 1681223240, 'upd_time': 1681223240, 'delete_time': None, 'hot_mumber': 0, 'is_promote': False, 'cat_one_id': '1', 'cat_two_id': '2', 'cat_three_id': '3', 'goods_cat': '1,2,3', 'pics': [], 'attrs': []}, 'meta': {'msg': '创建商品成功', 'status': 201}}
接口响应时长: 16 ms
Http状态码: 200
断言结果: 200
=====================================================
INFO    2023-04-11 22:27:20,754G:\auto_api1_framework\logs\info-2023-04-11.log:log_decorator.py:42 
======================================================
用例标题: 编辑商品失败（商品名称为空）
请求路径: http://127.0.0.1:8888/api/private/v1/goods/946
请求方式: PUT
请求头:   {'User-Agent': 'python-requests/2.28.2', 'Accept-Encoding': 'gzip, deflate', 'Accept': '*/*', 'Connection': 'keep-alive', 'Authorization': 'Bearer eyJhbGciOiJIUzI1NiIsInR5cCI6IkpXVCJ9.eyJ1aWQiOjUwMCwicmlkIjowLCJpYXQiOjE2ODEyMjMyNDAsImV4cCI6MTY4MTMwOTY0MH0.ZdGrSm-8HvRLEuFJ-muilawyDwMgRkr1HSyvgQIQaTI', 'Content-Length': '196', 'Content-Type': 'application/json'}
请求内容: {'goods_name': '', 'goods_cat': '1,2,3', 'goods_price': '59.9', 'goods_number': '300', 'goods_weight': '200', 'goods_introduce': 'test手机壳', 'pics': '', 'attr': '手机壳'}
接口响应内容: {'data': None, 'meta': {'msg': '商品名称不能为空', 'status': 400}}
接口响应时长: 2 ms
Http状态码: 200
断言结果: 200
=====================================================
INFO    2023-04-11 22:27:20,763G:\auto_api1_framework\logs\info-2023-04-11.log:test_edit_product.py:29 2023-04-11 22:27:19 >>>>>> 执行结束！
INFO    2023-04-11 22:27:20,764G:\auto_api1_framework\logs\info-2023-04-11.log:test_edit_product.py:26 2023-04-11 22:27:19 >>>>>> 开始执行：
INFO    2023-04-11 22:27:20,859G:\auto_api1_framework\logs\info-2023-04-11.log:log_decorator.py:42 
======================================================
用例标题: 添加商品成功
请求路径: http://127.0.0.1:8888/api/private/v1/goods
请求方式: POST
请求头:   {'User-Agent': 'python-requests/2.28.2', 'Accept-Encoding': 'gzip, deflate', 'Accept': '*/*', 'Connection': 'keep-alive', 'Authorization': 'Bearer eyJhbGciOiJIUzI1NiIsInR5cCI6IkpXVCJ9.eyJ1aWQiOjUwMCwicmlkIjowLCJpYXQiOjE2ODEyMjMyNDAsImV4cCI6MTY4MTMwOTY0MH0.ZdGrSm-8HvRLEuFJ-muilawyDwMgRkr1HSyvgQIQaTI', 'Content-Length': '216', 'Content-Type': 'application/json'}
请求内容: {'goods_name': '手机壳kIJHnv', 'goods_cat': '1,2,3', 'goods_price': '19.9', 'goods_number': '200', 'goods_weight': '100', 'goods_introduce': '手机壳', 'pics': '', 'attr': '手机壳'}
接口响应内容: {'data': {'goods_id': 947, 'cat_id': '3', 'goods_name': '手机壳kIJHnv', 'goods_price': 19.9, 'goods_number': 200, 'goods_weight': 100, 'goods_introduce': '手机壳', 'goods_big_logo': '', 'goods_small_logo': '', 'goods_state': None, 'is_del': '0', 'add_time': 1681223240, 'upd_time': 1681223240, 'delete_time': None, 'hot_mumber': 0, 'is_promote': False, 'cat_one_id': '1', 'cat_two_id': '2', 'cat_three_id': '3', 'goods_cat': '1,2,3', 'pics': [], 'attrs': []}, 'meta': {'msg': '创建商品成功', 'status': 201}}
接口响应时长: 19 ms
Http状态码: 200
断言结果: 200
=====================================================
INFO    2023-04-11 22:27:20,882G:\auto_api1_framework\logs\info-2023-04-11.log:log_decorator.py:42 
======================================================
用例标题: 编辑商品失败（商品名称为纯数字）
请求路径: http://127.0.0.1:8888/api/private/v1/goods/947
请求方式: PUT
请求头:   {'User-Agent': 'python-requests/2.28.2', 'Accept-Encoding': 'gzip, deflate', 'Accept': '*/*', 'Connection': 'keep-alive', 'Authorization': 'Bearer eyJhbGciOiJIUzI1NiIsInR5cCI6IkpXVCJ9.eyJ1aWQiOjUwMCwicmlkIjowLCJpYXQiOjE2ODEyMjMyNDAsImV4cCI6MTY4MTMwOTY0MH0.ZdGrSm-8HvRLEuFJ-muilawyDwMgRkr1HSyvgQIQaTI', 'Content-Length': '202', 'Content-Type': 'application/json'}
请求内容: {'goods_name': '402024', 'goods_cat': '1,2,3', 'goods_price': '59.9', 'goods_number': '300', 'goods_weight': '200', 'goods_introduce': 'test手机壳', 'pics': '', 'attr': '手机壳'}
接口响应内容: {'data': {'goods_id': 947, 'cat_id': '3', 'goods_name': '402024', 'goods_price': 59.9, 'goods_number': 300, 'goods_weight': 200, 'goods_introduce': 'test手机壳', 'goods_big_logo': '', 'goods_small_logo': '', 'goods_state': None, 'is_del': '0', 'add_time': 1681223240, 'upd_time': 1681223240, 'delete_time': None, 'hot_mumber': 0, 'is_promote': False, 'cat_one_id': '1', 'cat_two_id': '2', 'cat_three_id': '3', 'pics': [], 'attrs': []}, 'meta': {'msg': '创建商品成功', 'status': 200}}
接口响应时长: 21 ms
Http状态码: 200
断言结果: 200
=====================================================
INFO    2023-04-11 22:27:20,891G:\auto_api1_framework\logs\info-2023-04-11.log:test_edit_product.py:29 2023-04-11 22:27:19 >>>>>> 执行结束！
INFO    2023-04-11 22:27:20,893G:\auto_api1_framework\logs\info-2023-04-11.log:test_edit_product.py:26 2023-04-11 22:27:19 >>>>>> 开始执行：
INFO    2023-04-11 22:27:20,983G:\auto_api1_framework\logs\info-2023-04-11.log:log_decorator.py:42 
======================================================
用例标题: 添加商品成功
请求路径: http://127.0.0.1:8888/api/private/v1/goods
请求方式: POST
请求头:   {'User-Agent': 'python-requests/2.28.2', 'Accept-Encoding': 'gzip, deflate', 'Accept': '*/*', 'Connection': 'keep-alive', 'Authorization': 'Bearer eyJhbGciOiJIUzI1NiIsInR5cCI6IkpXVCJ9.eyJ1aWQiOjUwMCwicmlkIjowLCJpYXQiOjE2ODEyMjMyNDAsImV4cCI6MTY4MTMwOTY0MH0.ZdGrSm-8HvRLEuFJ-muilawyDwMgRkr1HSyvgQIQaTI', 'Content-Length': '216', 'Content-Type': 'application/json'}
请求内容: {'goods_name': '手机壳reeNgo', 'goods_cat': '1,2,3', 'goods_price': '19.9', 'goods_number': '200', 'goods_weight': '100', 'goods_introduce': '手机壳', 'pics': '', 'attr': '手机壳'}
接口响应内容: {'data': {'goods_id': 948, 'cat_id': '3', 'goods_name': '手机壳reeNgo', 'goods_price': 19.9, 'goods_number': 200, 'goods_weight': 100, 'goods_introduce': '手机壳', 'goods_big_logo': '', 'goods_small_logo': '', 'goods_state': None, 'is_del': '0', 'add_time': 1681223240, 'upd_time': 1681223240, 'delete_time': None, 'hot_mumber': 0, 'is_promote': False, 'cat_one_id': '1', 'cat_two_id': '2', 'cat_three_id': '3', 'goods_cat': '1,2,3', 'pics': [], 'attrs': []}, 'meta': {'msg': '创建商品成功', 'status': 201}}
接口响应时长: 17 ms
Http状态码: 200
断言结果: 200
=====================================================
INFO    2023-04-11 22:27:21,002G:\auto_api1_framework\logs\info-2023-04-11.log:log_decorator.py:42 
======================================================
用例标题: 编辑商品失败（商品名称为纯字母）
请求路径: http://127.0.0.1:8888/api/private/v1/goods/948
请求方式: PUT
请求头:   {'User-Agent': 'python-requests/2.28.2', 'Accept-Encoding': 'gzip, deflate', 'Accept': '*/*', 'Connection': 'keep-alive', 'Authorization': 'Bearer eyJhbGciOiJIUzI1NiIsInR5cCI6IkpXVCJ9.eyJ1aWQiOjUwMCwicmlkIjowLCJpYXQiOjE2ODEyMjMyNDAsImV4cCI6MTY4MTMwOTY0MH0.ZdGrSm-8HvRLEuFJ-muilawyDwMgRkr1HSyvgQIQaTI', 'Content-Length': '202', 'Content-Type': 'application/json'}
请求内容: {'goods_name': 'YFXqEW', 'goods_cat': '1,2,3', 'goods_price': '59.9', 'goods_number': '300', 'goods_weight': '200', 'goods_introduce': 'test手机壳', 'pics': '', 'attr': '手机壳'}
接口响应内容: {'data': {'goods_id': 948, 'cat_id': '3', 'goods_name': 'YFXqEW', 'goods_price': 59.9, 'goods_number': 300, 'goods_weight': 200, 'goods_introduce': 'test手机壳', 'goods_big_logo': '', 'goods_small_logo': '', 'goods_state': None, 'is_del': '0', 'add_time': 1681223240, 'upd_time': 1681223240, 'delete_time': None, 'hot_mumber': 0, 'is_promote': False, 'cat_one_id': '1', 'cat_two_id': '2', 'cat_three_id': '3', 'pics': [], 'attrs': []}, 'meta': {'msg': '创建商品成功', 'status': 200}}
接口响应时长: 17 ms
Http状态码: 200
断言结果: 200
=====================================================
INFO    2023-04-11 22:27:21,009G:\auto_api1_framework\logs\info-2023-04-11.log:test_edit_product.py:29 2023-04-11 22:27:19 >>>>>> 执行结束！
INFO    2023-04-11 22:27:21,010G:\auto_api1_framework\logs\info-2023-04-11.log:test_edit_product.py:26 2023-04-11 22:27:19 >>>>>> 开始执行：
INFO    2023-04-11 22:27:21,109G:\auto_api1_framework\logs\info-2023-04-11.log:log_decorator.py:42 
======================================================
用例标题: 添加商品成功
请求路径: http://127.0.0.1:8888/api/private/v1/goods
请求方式: POST
请求头:   {'User-Agent': 'python-requests/2.28.2', 'Accept-Encoding': 'gzip, deflate', 'Accept': '*/*', 'Connection': 'keep-alive', 'Authorization': 'Bearer eyJhbGciOiJIUzI1NiIsInR5cCI6IkpXVCJ9.eyJ1aWQiOjUwMCwicmlkIjowLCJpYXQiOjE2ODEyMjMyNDAsImV4cCI6MTY4MTMwOTY0MH0.ZdGrSm-8HvRLEuFJ-muilawyDwMgRkr1HSyvgQIQaTI', 'Content-Length': '216', 'Content-Type': 'application/json'}
请求内容: {'goods_name': '手机壳GRUqzp', 'goods_cat': '1,2,3', 'goods_price': '19.9', 'goods_number': '200', 'goods_weight': '100', 'goods_introduce': '手机壳', 'pics': '', 'attr': '手机壳'}
接口响应内容: {'data': {'goods_id': 949, 'cat_id': '3', 'goods_name': '手机壳GRUqzp', 'goods_price': 19.9, 'goods_number': 200, 'goods_weight': 100, 'goods_introduce': '手机壳', 'goods_big_logo': '', 'goods_small_logo': '', 'goods_state': None, 'is_del': '0', 'add_time': 1681223241, 'upd_time': 1681223241, 'delete_time': None, 'hot_mumber': 0, 'is_promote': False, 'cat_one_id': '1', 'cat_two_id': '2', 'cat_three_id': '3', 'goods_cat': '1,2,3', 'pics': [], 'attrs': []}, 'meta': {'msg': '创建商品成功', 'status': 201}}
接口响应时长: 21 ms
Http状态码: 200
断言结果: 200
=====================================================
INFO    2023-04-11 22:27:21,130G:\auto_api1_framework\logs\info-2023-04-11.log:log_decorator.py:42 
======================================================
用例标题: 编辑商品失败（商品名称包含特殊字符、汉字）
请求路径: http://127.0.0.1:8888/api/private/v1/goods/949
请求方式: PUT
请求头:   {'User-Agent': 'python-requests/2.28.2', 'Accept-Encoding': 'gzip, deflate', 'Accept': '*/*', 'Connection': 'keep-alive', 'Authorization': 'Bearer eyJhbGciOiJIUzI1NiIsInR5cCI6IkpXVCJ9.eyJ1aWQiOjUwMCwicmlkIjowLCJpYXQiOjE2ODEyMjMyNDAsImV4cCI6MTY4MTMwOTY0MH0.ZdGrSm-8HvRLEuFJ-muilawyDwMgRkr1HSyvgQIQaTI', 'Content-Length': '209', 'Content-Type': 'application/json'}
请求内容: {'goods_name': '$@)+@LPmis981', 'goods_cat': '1,2,3', 'goods_price': '59.9', 'goods_number': '300', 'goods_weight': '200', 'goods_introduce': 'test手机壳', 'pics': '', 'attr': '手机壳'}
接口响应内容: {'data': {'goods_id': 949, 'cat_id': '3', 'goods_name': '$@)+@LPmis981', 'goods_price': 59.9, 'goods_number': 300, 'goods_weight': 200, 'goods_introduce': 'test手机壳', 'goods_big_logo': '', 'goods_small_logo': '', 'goods_state': None, 'is_del': '0', 'add_time': 1681223241, 'upd_time': 1681223241, 'delete_time': None, 'hot_mumber': 0, 'is_promote': False, 'cat_one_id': '1', 'cat_two_id': '2', 'cat_three_id': '3', 'pics': [], 'attrs': []}, 'meta': {'msg': '创建商品成功', 'status': 200}}
接口响应时长: 19 ms
Http状态码: 200
断言结果: 200
=====================================================
INFO    2023-04-11 22:27:21,156G:\auto_api1_framework\logs\info-2023-04-11.log:test_edit_product.py:29 2023-04-11 22:27:19 >>>>>> 执行结束！
INFO    2023-04-11 22:27:21,157G:\auto_api1_framework\logs\info-2023-04-11.log:test_edit_product.py:26 2023-04-11 22:27:19 >>>>>> 开始执行：
INFO    2023-04-11 22:27:21,250G:\auto_api1_framework\logs\info-2023-04-11.log:log_decorator.py:42 
======================================================
用例标题: 添加商品成功
请求路径: http://127.0.0.1:8888/api/private/v1/goods
请求方式: POST
请求头:   {'User-Agent': 'python-requests/2.28.2', 'Accept-Encoding': 'gzip, deflate', 'Accept': '*/*', 'Connection': 'keep-alive', 'Authorization': 'Bearer eyJhbGciOiJIUzI1NiIsInR5cCI6IkpXVCJ9.eyJ1aWQiOjUwMCwicmlkIjowLCJpYXQiOjE2ODEyMjMyNDAsImV4cCI6MTY4MTMwOTY0MH0.ZdGrSm-8HvRLEuFJ-muilawyDwMgRkr1HSyvgQIQaTI', 'Content-Length': '216', 'Content-Type': 'application/json'}
请求内容: {'goods_name': '手机壳BEiKhR', 'goods_cat': '1,2,3', 'goods_price': '19.9', 'goods_number': '200', 'goods_weight': '100', 'goods_introduce': '手机壳', 'pics': '', 'attr': '手机壳'}
接口响应内容: {'data': {'goods_id': 950, 'cat_id': '3', 'goods_name': '手机壳BEiKhR', 'goods_price': 19.9, 'goods_number': 200, 'goods_weight': 100, 'goods_introduce': '手机壳', 'goods_big_logo': '', 'goods_small_logo': '', 'goods_state': None, 'is_del': '0', 'add_time': 1681223241, 'upd_time': 1681223241, 'delete_time': None, 'hot_mumber': 0, 'is_promote': False, 'cat_one_id': '1', 'cat_two_id': '2', 'cat_three_id': '3', 'goods_cat': '1,2,3', 'pics': [], 'attrs': []}, 'meta': {'msg': '创建商品成功', 'status': 201}}
接口响应时长: 19 ms
Http状态码: 200
断言结果: 200
=====================================================
INFO    2023-04-11 22:27:21,254G:\auto_api1_framework\logs\info-2023-04-11.log:log_decorator.py:42 
======================================================
用例标题: 编辑商品失败（缺少goods_price参数）
请求路径: http://127.0.0.1:8888/api/private/v1/goods/950
请求方式: PUT
请求头:   {'User-Agent': 'python-requests/2.28.2', 'Accept-Encoding': 'gzip, deflate', 'Accept': '*/*', 'Connection': 'keep-alive', 'Authorization': 'Bearer eyJhbGciOiJIUzI1NiIsInR5cCI6IkpXVCJ9.eyJ1aWQiOjUwMCwicmlkIjowLCJpYXQiOjE2ODEyMjMyNDAsImV4cCI6MTY4MTMwOTY0MH0.ZdGrSm-8HvRLEuFJ-muilawyDwMgRkr1HSyvgQIQaTI', 'Content-Length': '197', 'Content-Type': 'application/json'}
请求内容: {'goods_name': 'pcIQWj手机壳', 'goods_cat': '1,2,3', 'goods_number': '300', 'goods_weight': '200', 'goods_introduce': 'test手机壳', 'pics': '', 'attr': '手机壳'}
接口响应内容: {'data': None, 'meta': {'msg': '商品价格不能为空', 'status': 400}}
接口响应时长: 2 ms
Http状态码: 200
断言结果: 200
=====================================================
INFO    2023-04-11 22:27:21,266G:\auto_api1_framework\logs\info-2023-04-11.log:test_edit_product.py:29 2023-04-11 22:27:19 >>>>>> 执行结束！
INFO    2023-04-11 22:27:21,269G:\auto_api1_framework\logs\info-2023-04-11.log:test_edit_product.py:26 2023-04-11 22:27:19 >>>>>> 开始执行：
INFO    2023-04-11 22:27:21,360G:\auto_api1_framework\logs\info-2023-04-11.log:log_decorator.py:42 
======================================================
用例标题: 添加商品成功
请求路径: http://127.0.0.1:8888/api/private/v1/goods
请求方式: POST
请求头:   {'User-Agent': 'python-requests/2.28.2', 'Accept-Encoding': 'gzip, deflate', 'Accept': '*/*', 'Connection': 'keep-alive', 'Authorization': 'Bearer eyJhbGciOiJIUzI1NiIsInR5cCI6IkpXVCJ9.eyJ1aWQiOjUwMCwicmlkIjowLCJpYXQiOjE2ODEyMjMyNDAsImV4cCI6MTY4MTMwOTY0MH0.ZdGrSm-8HvRLEuFJ-muilawyDwMgRkr1HSyvgQIQaTI', 'Content-Length': '216', 'Content-Type': 'application/json'}
请求内容: {'goods_name': '手机壳GajDEd', 'goods_cat': '1,2,3', 'goods_price': '19.9', 'goods_number': '200', 'goods_weight': '100', 'goods_introduce': '手机壳', 'pics': '', 'attr': '手机壳'}
接口响应内容: {'data': {'goods_id': 951, 'cat_id': '3', 'goods_name': '手机壳GajDEd', 'goods_price': 19.9, 'goods_number': 200, 'goods_weight': 100, 'goods_introduce': '手机壳', 'goods_big_logo': '', 'goods_small_logo': '', 'goods_state': None, 'is_del': '0', 'add_time': 1681223241, 'upd_time': 1681223241, 'delete_time': None, 'hot_mumber': 0, 'is_promote': False, 'cat_one_id': '1', 'cat_two_id': '2', 'cat_three_id': '3', 'goods_cat': '1,2,3', 'pics': [], 'attrs': []}, 'meta': {'msg': '创建商品成功', 'status': 201}}
接口响应时长: 17 ms
Http状态码: 200
断言结果: 200
=====================================================
INFO    2023-04-11 22:27:21,379G:\auto_api1_framework\logs\info-2023-04-11.log:log_decorator.py:42 
======================================================
用例标题: 编辑商品失败（多出abc参数）
请求路径: http://127.0.0.1:8888/api/private/v1/goods/951
请求方式: PUT
请求头:   {'User-Agent': 'python-requests/2.28.2', 'Accept-Encoding': 'gzip, deflate', 'Accept': '*/*', 'Connection': 'keep-alive', 'Authorization': 'Bearer eyJhbGciOiJIUzI1NiIsInR5cCI6IkpXVCJ9.eyJ1aWQiOjUwMCwicmlkIjowLCJpYXQiOjE2ODEyMjMyNDAsImV4cCI6MTY4MTMwOTY0MH0.ZdGrSm-8HvRLEuFJ-muilawyDwMgRkr1HSyvgQIQaTI', 'Content-Length': '234', 'Content-Type': 'application/json'}
请求内容: {'goods_name': 'iXQxDG手机壳', 'goods_cat': '1,2,3', 'goods_price': '59.9', 'goods_number': '300', 'goods_weight': '200', 'goods_introduce': 'test手机壳', 'pics': '', 'attr': '手机壳', 'abc': '111'}
接口响应内容: {'data': {'goods_id': 951, 'cat_id': '3', 'goods_name': 'iXQxDG手机壳', 'goods_price': 59.9, 'goods_number': 300, 'goods_weight': 200, 'goods_introduce': 'test手机壳', 'goods_big_logo': '', 'goods_small_logo': '', 'goods_state': None, 'is_del': '0', 'add_time': 1681223241, 'upd_time': 1681223241, 'delete_time': None, 'hot_mumber': 0, 'is_promote': False, 'cat_one_id': '1', 'cat_two_id': '2', 'cat_three_id': '3', 'pics': [], 'attrs': []}, 'meta': {'msg': '创建商品成功', 'status': 200}}
接口响应时长: 17 ms
Http状态码: 200
断言结果: 200
=====================================================
INFO    2023-04-11 22:27:21,390G:\auto_api1_framework\logs\info-2023-04-11.log:test_edit_product.py:29 2023-04-11 22:27:19 >>>>>> 执行结束！
INFO    2023-04-11 22:27:21,391G:\auto_api1_framework\logs\info-2023-04-11.log:test_edit_product.py:26 2023-04-11 22:27:19 >>>>>> 开始执行：
INFO    2023-04-11 22:27:21,477G:\auto_api1_framework\logs\info-2023-04-11.log:log_decorator.py:42 
======================================================
用例标题: 添加商品成功
请求路径: http://127.0.0.1:8888/api/private/v1/goods
请求方式: POST
请求头:   {'User-Agent': 'python-requests/2.28.2', 'Accept-Encoding': 'gzip, deflate', 'Accept': '*/*', 'Connection': 'keep-alive', 'Authorization': 'Bearer eyJhbGciOiJIUzI1NiIsInR5cCI6IkpXVCJ9.eyJ1aWQiOjUwMCwicmlkIjowLCJpYXQiOjE2ODEyMjMyNDAsImV4cCI6MTY4MTMwOTY0MH0.ZdGrSm-8HvRLEuFJ-muilawyDwMgRkr1HSyvgQIQaTI', 'Content-Length': '216', 'Content-Type': 'application/json'}
请求内容: {'goods_name': '手机壳GFQWtp', 'goods_cat': '1,2,3', 'goods_price': '19.9', 'goods_number': '200', 'goods_weight': '100', 'goods_introduce': '手机壳', 'pics': '', 'attr': '手机壳'}
接口响应内容: {'data': {'goods_id': 952, 'cat_id': '3', 'goods_name': '手机壳GFQWtp', 'goods_price': 19.9, 'goods_number': 200, 'goods_weight': 100, 'goods_introduce': '手机壳', 'goods_big_logo': '', 'goods_small_logo': '', 'goods_state': None, 'is_del': '0', 'add_time': 1681223241, 'upd_time': 1681223241, 'delete_time': None, 'hot_mumber': 0, 'is_promote': False, 'cat_one_id': '1', 'cat_two_id': '2', 'cat_three_id': '3', 'goods_cat': '1,2,3', 'pics': [], 'attrs': []}, 'meta': {'msg': '创建商品成功', 'status': 201}}
接口响应时长: 15 ms
Http状态码: 200
断言结果: 200
=====================================================
INFO    2023-04-11 22:27:21,480G:\auto_api1_framework\logs\info-2023-04-11.log:log_decorator.py:42 
======================================================
用例标题: 编辑商品失败（修改goods_name为abc参数）
请求路径: http://127.0.0.1:8888/api/private/v1/goods/952
请求方式: PUT
请求头:   {'User-Agent': 'python-requests/2.28.2', 'Accept-Encoding': 'gzip, deflate', 'Accept': '*/*', 'Connection': 'keep-alive', 'Authorization': 'Bearer eyJhbGciOiJIUzI1NiIsInR5cCI6IkpXVCJ9.eyJ1aWQiOjUwMCwicmlkIjowLCJpYXQiOjE2ODEyMjMyNDAsImV4cCI6MTY4MTMwOTY0MH0.ZdGrSm-8HvRLEuFJ-muilawyDwMgRkr1HSyvgQIQaTI', 'Content-Length': '213', 'Content-Type': 'application/json'}
请求内容: {'abc': 'wcUGxu手机壳', 'goods_cat': '1,2,3', 'goods_price': '59.9', 'goods_number': '300', 'goods_weight': '200', 'goods_introduce': 'test手机壳', 'pics': '', 'attr': '手机壳'}
接口响应内容: {'data': None, 'meta': {'msg': '商品名称不能为空', 'status': 400}}
接口响应时长: 2 ms
Http状态码: 200
断言结果: 200
=====================================================
INFO    2023-04-11 22:27:21,489G:\auto_api1_framework\logs\info-2023-04-11.log:test_edit_product.py:29 2023-04-11 22:27:19 >>>>>> 执行结束！
INFO    2023-04-11 22:27:21,490G:\auto_api1_framework\logs\info-2023-04-11.log:test_edit_product.py:26 2023-04-11 22:27:19 >>>>>> 开始执行：
INFO    2023-04-11 22:27:21,570G:\auto_api1_framework\logs\info-2023-04-11.log:log_decorator.py:42 
======================================================
用例标题: 添加商品成功
请求路径: http://127.0.0.1:8888/api/private/v1/goods
请求方式: POST
请求头:   {'User-Agent': 'python-requests/2.28.2', 'Accept-Encoding': 'gzip, deflate', 'Accept': '*/*', 'Connection': 'keep-alive', 'Authorization': 'Bearer eyJhbGciOiJIUzI1NiIsInR5cCI6IkpXVCJ9.eyJ1aWQiOjUwMCwicmlkIjowLCJpYXQiOjE2ODEyMjMyNDAsImV4cCI6MTY4MTMwOTY0MH0.ZdGrSm-8HvRLEuFJ-muilawyDwMgRkr1HSyvgQIQaTI', 'Content-Length': '216', 'Content-Type': 'application/json'}
请求内容: {'goods_name': '手机壳BimdtS', 'goods_cat': '1,2,3', 'goods_price': '19.9', 'goods_number': '200', 'goods_weight': '100', 'goods_introduce': '手机壳', 'pics': '', 'attr': '手机壳'}
接口响应内容: {'data': {'goods_id': 953, 'cat_id': '3', 'goods_name': '手机壳BimdtS', 'goods_price': 19.9, 'goods_number': 200, 'goods_weight': 100, 'goods_introduce': '手机壳', 'goods_big_logo': '', 'goods_small_logo': '', 'goods_state': None, 'is_del': '0', 'add_time': 1681223241, 'upd_time': 1681223241, 'delete_time': None, 'hot_mumber': 0, 'is_promote': False, 'cat_one_id': '1', 'cat_two_id': '2', 'cat_three_id': '3', 'goods_cat': '1,2,3', 'pics': [], 'attrs': []}, 'meta': {'msg': '创建商品成功', 'status': 201}}
接口响应时长: 15 ms
Http状态码: 200
断言结果: 200
=====================================================
INFO    2023-04-11 22:27:21,575G:\auto_api1_framework\logs\info-2023-04-11.log:log_decorator.py:42 
======================================================
用例标题: 编辑商品失败（没有参数）
请求路径: http://127.0.0.1:8888/api/private/v1/goods/953
请求方式: PUT
请求头:   {'User-Agent': 'python-requests/2.28.2', 'Accept-Encoding': 'gzip, deflate', 'Accept': '*/*', 'Connection': 'keep-alive', 'Authorization': 'Bearer eyJhbGciOiJIUzI1NiIsInR5cCI6IkpXVCJ9.eyJ1aWQiOjUwMCwicmlkIjowLCJpYXQiOjE2ODEyMjMyNDAsImV4cCI6MTY4MTMwOTY0MH0.ZdGrSm-8HvRLEuFJ-muilawyDwMgRkr1HSyvgQIQaTI', 'Content-Length': '0'}
请求内容: None
接口响应内容: {'data': None, 'meta': {'msg': '商品名称不能为空', 'status': 400}}
接口响应时长: 2 ms
Http状态码: 200
断言结果: 200
=====================================================
INFO    2023-04-11 22:27:21,587G:\auto_api1_framework\logs\info-2023-04-11.log:test_edit_product.py:29 2023-04-11 22:27:19 >>>>>> 执行结束！
INFO    2023-04-11 22:28:18,208G:\auto_api1_framework\logs\info-2023-04-11.log:test_edit_product.py:26 2023-04-11 22:28:18 >>>>>> 开始执行：
INFO    2023-04-11 22:28:18,302G:\auto_api1_framework\logs\info-2023-04-11.log:log_decorator.py:42 
======================================================
用例标题: 添加商品成功
请求路径: http://127.0.0.1:8888/api/private/v1/goods
请求方式: POST
请求头:   {'User-Agent': 'python-requests/2.28.2', 'Accept-Encoding': 'gzip, deflate', 'Accept': '*/*', 'Connection': 'keep-alive', 'Authorization': 'Bearer eyJhbGciOiJIUzI1NiIsInR5cCI6IkpXVCJ9.eyJ1aWQiOjUwMCwicmlkIjowLCJpYXQiOjE2ODEyMjMyOTgsImV4cCI6MTY4MTMwOTY5OH0.kwwPWEQWQeB2va0dKtaDlX9oAU3wkKpvDmcNgn2ZBd0', 'Content-Length': '216', 'Content-Type': 'application/json'}
请求内容: {'goods_name': '手机壳zVMnio', 'goods_cat': '1,2,3', 'goods_price': '19.9', 'goods_number': '200', 'goods_weight': '100', 'goods_introduce': '手机壳', 'pics': '', 'attr': '手机壳'}
接口响应内容: {'data': {'goods_id': 954, 'cat_id': '3', 'goods_name': '手机壳zVMnio', 'goods_price': 19.9, 'goods_number': 200, 'goods_weight': 100, 'goods_introduce': '手机壳', 'goods_big_logo': '', 'goods_small_logo': '', 'goods_state': None, 'is_del': '0', 'add_time': 1681223298, 'upd_time': 1681223298, 'delete_time': None, 'hot_mumber': 0, 'is_promote': False, 'cat_one_id': '1', 'cat_two_id': '2', 'cat_three_id': '3', 'goods_cat': '1,2,3', 'pics': [], 'attrs': []}, 'meta': {'msg': '创建商品成功', 'status': 201}}
接口响应时长: 20 ms
Http状态码: 200
断言结果: 200
=====================================================
INFO    2023-04-11 22:28:18,322G:\auto_api1_framework\logs\info-2023-04-11.log:log_decorator.py:42 
======================================================
用例标题: 编辑商品成功（全部参数）
请求路径: http://127.0.0.1:8888/api/private/v1/goods/954
请求方式: PUT
请求头:   {'User-Agent': 'python-requests/2.28.2', 'Accept-Encoding': 'gzip, deflate', 'Accept': '*/*', 'Connection': 'keep-alive', 'Authorization': 'Bearer eyJhbGciOiJIUzI1NiIsInR5cCI6IkpXVCJ9.eyJ1aWQiOjUwMCwicmlkIjowLCJpYXQiOjE2ODEyMjMyOTgsImV4cCI6MTY4MTMwOTY5OH0.kwwPWEQWQeB2va0dKtaDlX9oAU3wkKpvDmcNgn2ZBd0', 'Content-Length': '220', 'Content-Type': 'application/json'}
请求内容: {'goods_name': 'fHIHyU手机壳', 'goods_cat': '1,2,3', 'goods_price': '59.9', 'goods_number': '300', 'goods_weight': '200', 'goods_introduce': 'test手机壳', 'pics': '', 'attr': '手机壳'}
接口响应内容: {'data': {'goods_id': 954, 'cat_id': '3', 'goods_name': 'fHIHyU手机壳', 'goods_price': 59.9, 'goods_number': 300, 'goods_weight': 200, 'goods_introduce': 'test手机壳', 'goods_big_logo': '', 'goods_small_logo': '', 'goods_state': None, 'is_del': '0', 'add_time': 1681223298, 'upd_time': 1681223298, 'delete_time': None, 'hot_mumber': 0, 'is_promote': False, 'cat_one_id': '1', 'cat_two_id': '2', 'cat_three_id': '3', 'pics': [], 'attrs': []}, 'meta': {'msg': '创建商品成功', 'status': 200}}
接口响应时长: 19 ms
Http状态码: 200
断言结果: 200
=====================================================
INFO    2023-04-11 22:28:18,324G:\auto_api1_framework\logs\info-2023-04-11.log:test_edit_product.py:29 2023-04-11 22:28:18 >>>>>> 执行结束！
INFO    2023-04-11 22:28:18,328G:\auto_api1_framework\logs\info-2023-04-11.log:test_edit_product.py:26 2023-04-11 22:28:18 >>>>>> 开始执行：
INFO    2023-04-11 22:28:18,416G:\auto_api1_framework\logs\info-2023-04-11.log:log_decorator.py:42 
======================================================
用例标题: 添加商品成功
请求路径: http://127.0.0.1:8888/api/private/v1/goods
请求方式: POST
请求头:   {'User-Agent': 'python-requests/2.28.2', 'Accept-Encoding': 'gzip, deflate', 'Accept': '*/*', 'Connection': 'keep-alive', 'Authorization': 'Bearer eyJhbGciOiJIUzI1NiIsInR5cCI6IkpXVCJ9.eyJ1aWQiOjUwMCwicmlkIjowLCJpYXQiOjE2ODEyMjMyOTgsImV4cCI6MTY4MTMwOTY5OH0.kwwPWEQWQeB2va0dKtaDlX9oAU3wkKpvDmcNgn2ZBd0', 'Content-Length': '216', 'Content-Type': 'application/json'}
请求内容: {'goods_name': '手机壳hQiCVc', 'goods_cat': '1,2,3', 'goods_price': '19.9', 'goods_number': '200', 'goods_weight': '100', 'goods_introduce': '手机壳', 'pics': '', 'attr': '手机壳'}
接口响应内容: {'data': {'goods_id': 955, 'cat_id': '3', 'goods_name': '手机壳hQiCVc', 'goods_price': 19.9, 'goods_number': 200, 'goods_weight': 100, 'goods_introduce': '手机壳', 'goods_big_logo': '', 'goods_small_logo': '', 'goods_state': None, 'is_del': '0', 'add_time': 1681223298, 'upd_time': 1681223298, 'delete_time': None, 'hot_mumber': 0, 'is_promote': False, 'cat_one_id': '1', 'cat_two_id': '2', 'cat_three_id': '3', 'goods_cat': '1,2,3', 'pics': [], 'attrs': []}, 'meta': {'msg': '创建商品成功', 'status': 201}}
接口响应时长: 17 ms
Http状态码: 200
断言结果: 200
=====================================================
INFO    2023-04-11 22:28:18,437G:\auto_api1_framework\logs\info-2023-04-11.log:log_decorator.py:42 
======================================================
用例标题: 编辑商品成功（必填参数）
请求路径: http://127.0.0.1:8888/api/private/v1/goods/955
请求方式: PUT
请求头:   {'User-Agent': 'python-requests/2.28.2', 'Accept-Encoding': 'gzip, deflate', 'Accept': '*/*', 'Connection': 'keep-alive', 'Authorization': 'Bearer eyJhbGciOiJIUzI1NiIsInR5cCI6IkpXVCJ9.eyJ1aWQiOjUwMCwicmlkIjowLCJpYXQiOjE2ODEyMjMyOTgsImV4cCI6MTY4MTMwOTY5OH0.kwwPWEQWQeB2va0dKtaDlX9oAU3wkKpvDmcNgn2ZBd0', 'Content-Length': '133', 'Content-Type': 'application/json'}
请求内容: {'goods_name': '手机壳tRypUF', 'goods_cat': '1,2,3', 'goods_price': '59.9', 'goods_number': '300', 'goods_weight': '200'}
接口响应内容: {'data': {'goods_id': 955, 'cat_id': '3', 'goods_name': '手机壳tRypUF', 'goods_price': 59.9, 'goods_number': 300, 'goods_weight': 200, 'goods_introduce': '手机壳', 'goods_big_logo': '', 'goods_small_logo': '', 'goods_state': None, 'is_del': '0', 'add_time': 1681223298, 'upd_time': 1681223298, 'delete_time': None, 'hot_mumber': 0, 'is_promote': False, 'cat_one_id': '1', 'cat_two_id': '2', 'cat_three_id': '3', 'pics': [], 'attrs': []}, 'meta': {'msg': '创建商品成功', 'status': 200}}
接口响应时长: 19 ms
Http状态码: 200
断言结果: 200
=====================================================
INFO    2023-04-11 22:28:18,439G:\auto_api1_framework\logs\info-2023-04-11.log:test_edit_product.py:29 2023-04-11 22:28:18 >>>>>> 执行结束！
INFO    2023-04-11 22:28:18,440G:\auto_api1_framework\logs\info-2023-04-11.log:test_edit_product.py:26 2023-04-11 22:28:18 >>>>>> 开始执行：
INFO    2023-04-11 22:28:18,531G:\auto_api1_framework\logs\info-2023-04-11.log:log_decorator.py:42 
======================================================
用例标题: 添加商品成功
请求路径: http://127.0.0.1:8888/api/private/v1/goods
请求方式: POST
请求头:   {'User-Agent': 'python-requests/2.28.2', 'Accept-Encoding': 'gzip, deflate', 'Accept': '*/*', 'Connection': 'keep-alive', 'Authorization': 'Bearer eyJhbGciOiJIUzI1NiIsInR5cCI6IkpXVCJ9.eyJ1aWQiOjUwMCwicmlkIjowLCJpYXQiOjE2ODEyMjMyOTgsImV4cCI6MTY4MTMwOTY5OH0.kwwPWEQWQeB2va0dKtaDlX9oAU3wkKpvDmcNgn2ZBd0', 'Content-Length': '216', 'Content-Type': 'application/json'}
请求内容: {'goods_name': '手机壳GYadrG', 'goods_cat': '1,2,3', 'goods_price': '19.9', 'goods_number': '200', 'goods_weight': '100', 'goods_introduce': '手机壳', 'pics': '', 'attr': '手机壳'}
接口响应内容: {'data': {'goods_id': 956, 'cat_id': '3', 'goods_name': '手机壳GYadrG', 'goods_price': 19.9, 'goods_number': 200, 'goods_weight': 100, 'goods_introduce': '手机壳', 'goods_big_logo': '', 'goods_small_logo': '', 'goods_state': None, 'is_del': '0', 'add_time': 1681223298, 'upd_time': 1681223298, 'delete_time': None, 'hot_mumber': 0, 'is_promote': False, 'cat_one_id': '1', 'cat_two_id': '2', 'cat_three_id': '3', 'goods_cat': '1,2,3', 'pics': [], 'attrs': []}, 'meta': {'msg': '创建商品成功', 'status': 201}}
接口响应时长: 18 ms
Http状态码: 200
断言结果: 200
=====================================================
INFO    2023-04-11 22:28:18,552G:\auto_api1_framework\logs\info-2023-04-11.log:log_decorator.py:42 
======================================================
用例标题: 编辑商品成功（必填+选填参数）
请求路径: http://127.0.0.1:8888/api/private/v1/goods/956
请求方式: PUT
请求头:   {'User-Agent': 'python-requests/2.28.2', 'Accept-Encoding': 'gzip, deflate', 'Accept': '*/*', 'Connection': 'keep-alive', 'Authorization': 'Bearer eyJhbGciOiJIUzI1NiIsInR5cCI6IkpXVCJ9.eyJ1aWQiOjUwMCwicmlkIjowLCJpYXQiOjE2ODEyMjMyOTgsImV4cCI6MTY4MTMwOTY5OH0.kwwPWEQWQeB2va0dKtaDlX9oAU3wkKpvDmcNgn2ZBd0', 'Content-Length': '163', 'Content-Type': 'application/json'}
请求内容: {'goods_name': '手机壳OarDYB', 'goods_cat': '1,2,3', 'goods_price': '59.9', 'goods_number': '300', 'goods_weight': '200', 'attr': '手机壳'}
接口响应内容: {'data': {'goods_id': 956, 'cat_id': '3', 'goods_name': '手机壳OarDYB', 'goods_price': 59.9, 'goods_number': 300, 'goods_weight': 200, 'goods_introduce': '手机壳', 'goods_big_logo': '', 'goods_small_logo': '', 'goods_state': None, 'is_del': '0', 'add_time': 1681223298, 'upd_time': 1681223298, 'delete_time': None, 'hot_mumber': 0, 'is_promote': False, 'cat_one_id': '1', 'cat_two_id': '2', 'cat_three_id': '3', 'pics': [], 'attrs': []}, 'meta': {'msg': '创建商品成功', 'status': 200}}
接口响应时长: 18 ms
Http状态码: 200
断言结果: 200
=====================================================
INFO    2023-04-11 22:28:18,554G:\auto_api1_framework\logs\info-2023-04-11.log:test_edit_product.py:29 2023-04-11 22:28:18 >>>>>> 执行结束！
INFO    2023-04-11 22:28:18,559G:\auto_api1_framework\logs\info-2023-04-11.log:test_edit_product.py:26 2023-04-11 22:28:18 >>>>>> 开始执行：
INFO    2023-04-11 22:28:18,649G:\auto_api1_framework\logs\info-2023-04-11.log:log_decorator.py:42 
======================================================
用例标题: 添加商品成功
请求路径: http://127.0.0.1:8888/api/private/v1/goods
请求方式: POST
请求头:   {'User-Agent': 'python-requests/2.28.2', 'Accept-Encoding': 'gzip, deflate', 'Accept': '*/*', 'Connection': 'keep-alive', 'Authorization': 'Bearer eyJhbGciOiJIUzI1NiIsInR5cCI6IkpXVCJ9.eyJ1aWQiOjUwMCwicmlkIjowLCJpYXQiOjE2ODEyMjMyOTgsImV4cCI6MTY4MTMwOTY5OH0.kwwPWEQWQeB2va0dKtaDlX9oAU3wkKpvDmcNgn2ZBd0', 'Content-Length': '216', 'Content-Type': 'application/json'}
请求内容: {'goods_name': '手机壳ldaPRV', 'goods_cat': '1,2,3', 'goods_price': '19.9', 'goods_number': '200', 'goods_weight': '100', 'goods_introduce': '手机壳', 'pics': '', 'attr': '手机壳'}
接口响应内容: {'data': {'goods_id': 957, 'cat_id': '3', 'goods_name': '手机壳ldaPRV', 'goods_price': 19.9, 'goods_number': 200, 'goods_weight': 100, 'goods_introduce': '手机壳', 'goods_big_logo': '', 'goods_small_logo': '', 'goods_state': None, 'is_del': '0', 'add_time': 1681223298, 'upd_time': 1681223298, 'delete_time': None, 'hot_mumber': 0, 'is_promote': False, 'cat_one_id': '1', 'cat_two_id': '2', 'cat_three_id': '3', 'goods_cat': '1,2,3', 'pics': [], 'attrs': []}, 'meta': {'msg': '创建商品成功', 'status': 201}}
接口响应时长: 18 ms
Http状态码: 200
断言结果: 200
=====================================================
INFO    2023-04-11 22:28:18,655G:\auto_api1_framework\logs\info-2023-04-11.log:log_decorator.py:42 
======================================================
用例标题: 编辑商品失败（商品名称已存在）
请求路径: http://127.0.0.1:8888/api/private/v1/goods/957
请求方式: PUT
请求头:   {'User-Agent': 'python-requests/2.28.2', 'Accept-Encoding': 'gzip, deflate', 'Accept': '*/*', 'Connection': 'keep-alive', 'Authorization': 'Bearer eyJhbGciOiJIUzI1NiIsInR5cCI6IkpXVCJ9.eyJ1aWQiOjUwMCwicmlkIjowLCJpYXQiOjE2ODEyMjMyOTgsImV4cCI6MTY4MTMwOTY5OH0.kwwPWEQWQeB2va0dKtaDlX9oAU3wkKpvDmcNgn2ZBd0', 'Content-Length': '214', 'Content-Type': 'application/json'}
请求内容: {'goods_name': '手机壳', 'goods_cat': '1,2,3', 'goods_price': '59.9', 'goods_number': '300', 'goods_weight': '200', 'goods_introduce': 'test手机壳', 'pics': '', 'attr': '手机壳'}
接口响应内容: {'data': None, 'meta': {'msg': '商品名称已存在', 'status': 400}}
接口响应时长: 4 ms
Http状态码: 200
断言结果: 200
=====================================================
INFO    2023-04-11 22:28:18,737G:\auto_api1_framework\logs\info-2023-04-11.log:test_edit_product.py:29 2023-04-11 22:28:18 >>>>>> 执行结束！
INFO    2023-04-11 22:28:18,739G:\auto_api1_framework\logs\info-2023-04-11.log:test_edit_product.py:26 2023-04-11 22:28:18 >>>>>> 开始执行：
INFO    2023-04-11 22:28:18,827G:\auto_api1_framework\logs\info-2023-04-11.log:log_decorator.py:42 
======================================================
用例标题: 添加商品成功
请求路径: http://127.0.0.1:8888/api/private/v1/goods
请求方式: POST
请求头:   {'User-Agent': 'python-requests/2.28.2', 'Accept-Encoding': 'gzip, deflate', 'Accept': '*/*', 'Connection': 'keep-alive', 'Authorization': 'Bearer eyJhbGciOiJIUzI1NiIsInR5cCI6IkpXVCJ9.eyJ1aWQiOjUwMCwicmlkIjowLCJpYXQiOjE2ODEyMjMyOTgsImV4cCI6MTY4MTMwOTY5OH0.kwwPWEQWQeB2va0dKtaDlX9oAU3wkKpvDmcNgn2ZBd0', 'Content-Length': '216', 'Content-Type': 'application/json'}
请求内容: {'goods_name': '手机壳AyDuDb', 'goods_cat': '1,2,3', 'goods_price': '19.9', 'goods_number': '200', 'goods_weight': '100', 'goods_introduce': '手机壳', 'pics': '', 'attr': '手机壳'}
接口响应内容: {'data': {'goods_id': 958, 'cat_id': '3', 'goods_name': '手机壳AyDuDb', 'goods_price': 19.9, 'goods_number': 200, 'goods_weight': 100, 'goods_introduce': '手机壳', 'goods_big_logo': '', 'goods_small_logo': '', 'goods_state': None, 'is_del': '0', 'add_time': 1681223298, 'upd_time': 1681223298, 'delete_time': None, 'hot_mumber': 0, 'is_promote': False, 'cat_one_id': '1', 'cat_two_id': '2', 'cat_three_id': '3', 'goods_cat': '1,2,3', 'pics': [], 'attrs': []}, 'meta': {'msg': '创建商品成功', 'status': 201}}
接口响应时长: 17 ms
Http状态码: 200
断言结果: 200
=====================================================
INFO    2023-04-11 22:28:18,832G:\auto_api1_framework\logs\info-2023-04-11.log:log_decorator.py:42 
======================================================
用例标题: 编辑商品失败（商品名称为空）
请求路径: http://127.0.0.1:8888/api/private/v1/goods/958
请求方式: PUT
请求头:   {'User-Agent': 'python-requests/2.28.2', 'Accept-Encoding': 'gzip, deflate', 'Accept': '*/*', 'Connection': 'keep-alive', 'Authorization': 'Bearer eyJhbGciOiJIUzI1NiIsInR5cCI6IkpXVCJ9.eyJ1aWQiOjUwMCwicmlkIjowLCJpYXQiOjE2ODEyMjMyOTgsImV4cCI6MTY4MTMwOTY5OH0.kwwPWEQWQeB2va0dKtaDlX9oAU3wkKpvDmcNgn2ZBd0', 'Content-Length': '196', 'Content-Type': 'application/json'}
请求内容: {'goods_name': '', 'goods_cat': '1,2,3', 'goods_price': '59.9', 'goods_number': '300', 'goods_weight': '200', 'goods_introduce': 'test手机壳', 'pics': '', 'attr': '手机壳'}
接口响应内容: {'data': None, 'meta': {'msg': '商品名称不能为空', 'status': 400}}
接口响应时长: 2 ms
Http状态码: 200
断言结果: 200
=====================================================
INFO    2023-04-11 22:28:18,843G:\auto_api1_framework\logs\info-2023-04-11.log:test_edit_product.py:29 2023-04-11 22:28:18 >>>>>> 执行结束！
INFO    2023-04-11 22:28:18,845G:\auto_api1_framework\logs\info-2023-04-11.log:test_edit_product.py:26 2023-04-11 22:28:18 >>>>>> 开始执行：
INFO    2023-04-11 22:28:18,935G:\auto_api1_framework\logs\info-2023-04-11.log:log_decorator.py:42 
======================================================
用例标题: 添加商品成功
请求路径: http://127.0.0.1:8888/api/private/v1/goods
请求方式: POST
请求头:   {'User-Agent': 'python-requests/2.28.2', 'Accept-Encoding': 'gzip, deflate', 'Accept': '*/*', 'Connection': 'keep-alive', 'Authorization': 'Bearer eyJhbGciOiJIUzI1NiIsInR5cCI6IkpXVCJ9.eyJ1aWQiOjUwMCwicmlkIjowLCJpYXQiOjE2ODEyMjMyOTgsImV4cCI6MTY4MTMwOTY5OH0.kwwPWEQWQeB2va0dKtaDlX9oAU3wkKpvDmcNgn2ZBd0', 'Content-Length': '216', 'Content-Type': 'application/json'}
请求内容: {'goods_name': '手机壳EamTAQ', 'goods_cat': '1,2,3', 'goods_price': '19.9', 'goods_number': '200', 'goods_weight': '100', 'goods_introduce': '手机壳', 'pics': '', 'attr': '手机壳'}
接口响应内容: {'data': {'goods_id': 959, 'cat_id': '3', 'goods_name': '手机壳EamTAQ', 'goods_price': 19.9, 'goods_number': 200, 'goods_weight': 100, 'goods_introduce': '手机壳', 'goods_big_logo': '', 'goods_small_logo': '', 'goods_state': None, 'is_del': '0', 'add_time': 1681223298, 'upd_time': 1681223298, 'delete_time': None, 'hot_mumber': 0, 'is_promote': False, 'cat_one_id': '1', 'cat_two_id': '2', 'cat_three_id': '3', 'goods_cat': '1,2,3', 'pics': [], 'attrs': []}, 'meta': {'msg': '创建商品成功', 'status': 201}}
接口响应时长: 20 ms
Http状态码: 200
断言结果: 200
=====================================================
INFO    2023-04-11 22:28:18,957G:\auto_api1_framework\logs\info-2023-04-11.log:log_decorator.py:42 
======================================================
用例标题: 编辑商品失败（商品名称为纯数字）
请求路径: http://127.0.0.1:8888/api/private/v1/goods/959
请求方式: PUT
请求头:   {'User-Agent': 'python-requests/2.28.2', 'Accept-Encoding': 'gzip, deflate', 'Accept': '*/*', 'Connection': 'keep-alive', 'Authorization': 'Bearer eyJhbGciOiJIUzI1NiIsInR5cCI6IkpXVCJ9.eyJ1aWQiOjUwMCwicmlkIjowLCJpYXQiOjE2ODEyMjMyOTgsImV4cCI6MTY4MTMwOTY5OH0.kwwPWEQWQeB2va0dKtaDlX9oAU3wkKpvDmcNgn2ZBd0', 'Content-Length': '202', 'Content-Type': 'application/json'}
请求内容: {'goods_name': '423144', 'goods_cat': '1,2,3', 'goods_price': '59.9', 'goods_number': '300', 'goods_weight': '200', 'goods_introduce': 'test手机壳', 'pics': '', 'attr': '手机壳'}
接口响应内容: {'data': {'goods_id': 959, 'cat_id': '3', 'goods_name': '423144', 'goods_price': 59.9, 'goods_number': 300, 'goods_weight': 200, 'goods_introduce': 'test手机壳', 'goods_big_logo': '', 'goods_small_logo': '', 'goods_state': None, 'is_del': '0', 'add_time': 1681223298, 'upd_time': 1681223298, 'delete_time': None, 'hot_mumber': 0, 'is_promote': False, 'cat_one_id': '1', 'cat_two_id': '2', 'cat_three_id': '3', 'pics': [], 'attrs': []}, 'meta': {'msg': '创建商品成功', 'status': 200}}
接口响应时长: 20 ms
Http状态码: 200
断言结果: 200
=====================================================
INFO    2023-04-11 22:28:18,966G:\auto_api1_framework\logs\info-2023-04-11.log:test_edit_product.py:29 2023-04-11 22:28:18 >>>>>> 执行结束！
INFO    2023-04-11 22:28:18,967G:\auto_api1_framework\logs\info-2023-04-11.log:test_edit_product.py:26 2023-04-11 22:28:18 >>>>>> 开始执行：
INFO    2023-04-11 22:28:19,052G:\auto_api1_framework\logs\info-2023-04-11.log:log_decorator.py:42 
======================================================
用例标题: 添加商品成功
请求路径: http://127.0.0.1:8888/api/private/v1/goods
请求方式: POST
请求头:   {'User-Agent': 'python-requests/2.28.2', 'Accept-Encoding': 'gzip, deflate', 'Accept': '*/*', 'Connection': 'keep-alive', 'Authorization': 'Bearer eyJhbGciOiJIUzI1NiIsInR5cCI6IkpXVCJ9.eyJ1aWQiOjUwMCwicmlkIjowLCJpYXQiOjE2ODEyMjMyOTgsImV4cCI6MTY4MTMwOTY5OH0.kwwPWEQWQeB2va0dKtaDlX9oAU3wkKpvDmcNgn2ZBd0', 'Content-Length': '216', 'Content-Type': 'application/json'}
请求内容: {'goods_name': '手机壳XOXmVh', 'goods_cat': '1,2,3', 'goods_price': '19.9', 'goods_number': '200', 'goods_weight': '100', 'goods_introduce': '手机壳', 'pics': '', 'attr': '手机壳'}
接口响应内容: {'data': {'goods_id': 960, 'cat_id': '3', 'goods_name': '手机壳XOXmVh', 'goods_price': 19.9, 'goods_number': 200, 'goods_weight': 100, 'goods_introduce': '手机壳', 'goods_big_logo': '', 'goods_small_logo': '', 'goods_state': None, 'is_del': '0', 'add_time': 1681223299, 'upd_time': 1681223299, 'delete_time': None, 'hot_mumber': 0, 'is_promote': False, 'cat_one_id': '1', 'cat_two_id': '2', 'cat_three_id': '3', 'goods_cat': '1,2,3', 'pics': [], 'attrs': []}, 'meta': {'msg': '创建商品成功', 'status': 201}}
接口响应时长: 18 ms
Http状态码: 200
断言结果: 200
=====================================================
INFO    2023-04-11 22:28:19,074G:\auto_api1_framework\logs\info-2023-04-11.log:log_decorator.py:42 
======================================================
用例标题: 编辑商品失败（商品名称为纯字母）
请求路径: http://127.0.0.1:8888/api/private/v1/goods/960
请求方式: PUT
请求头:   {'User-Agent': 'python-requests/2.28.2', 'Accept-Encoding': 'gzip, deflate', 'Accept': '*/*', 'Connection': 'keep-alive', 'Authorization': 'Bearer eyJhbGciOiJIUzI1NiIsInR5cCI6IkpXVCJ9.eyJ1aWQiOjUwMCwicmlkIjowLCJpYXQiOjE2ODEyMjMyOTgsImV4cCI6MTY4MTMwOTY5OH0.kwwPWEQWQeB2va0dKtaDlX9oAU3wkKpvDmcNgn2ZBd0', 'Content-Length': '202', 'Content-Type': 'application/json'}
请求内容: {'goods_name': 'uDDXix', 'goods_cat': '1,2,3', 'goods_price': '59.9', 'goods_number': '300', 'goods_weight': '200', 'goods_introduce': 'test手机壳', 'pics': '', 'attr': '手机壳'}
接口响应内容: {'data': {'goods_id': 960, 'cat_id': '3', 'goods_name': 'uDDXix', 'goods_price': 59.9, 'goods_number': 300, 'goods_weight': 200, 'goods_introduce': 'test手机壳', 'goods_big_logo': '', 'goods_small_logo': '', 'goods_state': None, 'is_del': '0', 'add_time': 1681223299, 'upd_time': 1681223299, 'delete_time': None, 'hot_mumber': 0, 'is_promote': False, 'cat_one_id': '1', 'cat_two_id': '2', 'cat_three_id': '3', 'pics': [], 'attrs': []}, 'meta': {'msg': '创建商品成功', 'status': 200}}
接口响应时长: 20 ms
Http状态码: 200
断言结果: 200
=====================================================
INFO    2023-04-11 22:28:19,081G:\auto_api1_framework\logs\info-2023-04-11.log:test_edit_product.py:29 2023-04-11 22:28:18 >>>>>> 执行结束！
INFO    2023-04-11 22:28:19,082G:\auto_api1_framework\logs\info-2023-04-11.log:test_edit_product.py:26 2023-04-11 22:28:18 >>>>>> 开始执行：
INFO    2023-04-11 22:28:19,163G:\auto_api1_framework\logs\info-2023-04-11.log:log_decorator.py:42 
======================================================
用例标题: 添加商品成功
请求路径: http://127.0.0.1:8888/api/private/v1/goods
请求方式: POST
请求头:   {'User-Agent': 'python-requests/2.28.2', 'Accept-Encoding': 'gzip, deflate', 'Accept': '*/*', 'Connection': 'keep-alive', 'Authorization': 'Bearer eyJhbGciOiJIUzI1NiIsInR5cCI6IkpXVCJ9.eyJ1aWQiOjUwMCwicmlkIjowLCJpYXQiOjE2ODEyMjMyOTgsImV4cCI6MTY4MTMwOTY5OH0.kwwPWEQWQeB2va0dKtaDlX9oAU3wkKpvDmcNgn2ZBd0', 'Content-Length': '216', 'Content-Type': 'application/json'}
请求内容: {'goods_name': '手机壳GCWytk', 'goods_cat': '1,2,3', 'goods_price': '19.9', 'goods_number': '200', 'goods_weight': '100', 'goods_introduce': '手机壳', 'pics': '', 'attr': '手机壳'}
接口响应内容: {'data': {'goods_id': 961, 'cat_id': '3', 'goods_name': '手机壳GCWytk', 'goods_price': 19.9, 'goods_number': 200, 'goods_weight': 100, 'goods_introduce': '手机壳', 'goods_big_logo': '', 'goods_small_logo': '', 'goods_state': None, 'is_del': '0', 'add_time': 1681223299, 'upd_time': 1681223299, 'delete_time': None, 'hot_mumber': 0, 'is_promote': False, 'cat_one_id': '1', 'cat_two_id': '2', 'cat_three_id': '3', 'goods_cat': '1,2,3', 'pics': [], 'attrs': []}, 'meta': {'msg': '创建商品成功', 'status': 201}}
接口响应时长: 18 ms
Http状态码: 200
断言结果: 200
=====================================================
INFO    2023-04-11 22:28:19,183G:\auto_api1_framework\logs\info-2023-04-11.log:log_decorator.py:42 
======================================================
用例标题: 编辑商品失败（商品名称包含特殊字符、汉字）
请求路径: http://127.0.0.1:8888/api/private/v1/goods/961
请求方式: PUT
请求头:   {'User-Agent': 'python-requests/2.28.2', 'Accept-Encoding': 'gzip, deflate', 'Accept': '*/*', 'Connection': 'keep-alive', 'Authorization': 'Bearer eyJhbGciOiJIUzI1NiIsInR5cCI6IkpXVCJ9.eyJ1aWQiOjUwMCwicmlkIjowLCJpYXQiOjE2ODEyMjMyOTgsImV4cCI6MTY4MTMwOTY5OH0.kwwPWEQWQeB2va0dKtaDlX9oAU3wkKpvDmcNgn2ZBd0', 'Content-Length': '209', 'Content-Type': 'application/json'}
请求内容: {'goods_name': '!__($QmYgY234', 'goods_cat': '1,2,3', 'goods_price': '59.9', 'goods_number': '300', 'goods_weight': '200', 'goods_introduce': 'test手机壳', 'pics': '', 'attr': '手机壳'}
接口响应内容: {'data': {'goods_id': 961, 'cat_id': '3', 'goods_name': '!__($QmYgY234', 'goods_price': 59.9, 'goods_number': 300, 'goods_weight': 200, 'goods_introduce': 'test手机壳', 'goods_big_logo': '', 'goods_small_logo': '', 'goods_state': None, 'is_del': '0', 'add_time': 1681223299, 'upd_time': 1681223299, 'delete_time': None, 'hot_mumber': 0, 'is_promote': False, 'cat_one_id': '1', 'cat_two_id': '2', 'cat_three_id': '3', 'pics': [], 'attrs': []}, 'meta': {'msg': '创建商品成功', 'status': 200}}
接口响应时长: 18 ms
Http状态码: 200
断言结果: 200
=====================================================
INFO    2023-04-11 22:28:19,195G:\auto_api1_framework\logs\info-2023-04-11.log:test_edit_product.py:29 2023-04-11 22:28:18 >>>>>> 执行结束！
INFO    2023-04-11 22:28:19,196G:\auto_api1_framework\logs\info-2023-04-11.log:test_edit_product.py:26 2023-04-11 22:28:18 >>>>>> 开始执行：
INFO    2023-04-11 22:28:19,280G:\auto_api1_framework\logs\info-2023-04-11.log:log_decorator.py:42 
======================================================
用例标题: 添加商品成功
请求路径: http://127.0.0.1:8888/api/private/v1/goods
请求方式: POST
请求头:   {'User-Agent': 'python-requests/2.28.2', 'Accept-Encoding': 'gzip, deflate', 'Accept': '*/*', 'Connection': 'keep-alive', 'Authorization': 'Bearer eyJhbGciOiJIUzI1NiIsInR5cCI6IkpXVCJ9.eyJ1aWQiOjUwMCwicmlkIjowLCJpYXQiOjE2ODEyMjMyOTgsImV4cCI6MTY4MTMwOTY5OH0.kwwPWEQWQeB2va0dKtaDlX9oAU3wkKpvDmcNgn2ZBd0', 'Content-Length': '216', 'Content-Type': 'application/json'}
请求内容: {'goods_name': '手机壳dqnePx', 'goods_cat': '1,2,3', 'goods_price': '19.9', 'goods_number': '200', 'goods_weight': '100', 'goods_introduce': '手机壳', 'pics': '', 'attr': '手机壳'}
接口响应内容: {'data': {'goods_id': 962, 'cat_id': '3', 'goods_name': '手机壳dqnePx', 'goods_price': 19.9, 'goods_number': 200, 'goods_weight': 100, 'goods_introduce': '手机壳', 'goods_big_logo': '', 'goods_small_logo': '', 'goods_state': None, 'is_del': '0', 'add_time': 1681223299, 'upd_time': 1681223299, 'delete_time': None, 'hot_mumber': 0, 'is_promote': False, 'cat_one_id': '1', 'cat_two_id': '2', 'cat_three_id': '3', 'goods_cat': '1,2,3', 'pics': [], 'attrs': []}, 'meta': {'msg': '创建商品成功', 'status': 201}}
接口响应时长: 18 ms
Http状态码: 200
断言结果: 200
=====================================================
INFO    2023-04-11 22:28:19,284G:\auto_api1_framework\logs\info-2023-04-11.log:log_decorator.py:42 
======================================================
用例标题: 编辑商品失败（缺少goods_price参数）
请求路径: http://127.0.0.1:8888/api/private/v1/goods/962
请求方式: PUT
请求头:   {'User-Agent': 'python-requests/2.28.2', 'Accept-Encoding': 'gzip, deflate', 'Accept': '*/*', 'Connection': 'keep-alive', 'Authorization': 'Bearer eyJhbGciOiJIUzI1NiIsInR5cCI6IkpXVCJ9.eyJ1aWQiOjUwMCwicmlkIjowLCJpYXQiOjE2ODEyMjMyOTgsImV4cCI6MTY4MTMwOTY5OH0.kwwPWEQWQeB2va0dKtaDlX9oAU3wkKpvDmcNgn2ZBd0', 'Content-Length': '197', 'Content-Type': 'application/json'}
请求内容: {'goods_name': 'Bzdpyz手机壳', 'goods_cat': '1,2,3', 'goods_number': '300', 'goods_weight': '200', 'goods_introduce': 'test手机壳', 'pics': '', 'attr': '手机壳'}
接口响应内容: {'data': None, 'meta': {'msg': '商品价格不能为空', 'status': 400}}
接口响应时长: 2 ms
Http状态码: 200
断言结果: 200
=====================================================
INFO    2023-04-11 22:28:19,293G:\auto_api1_framework\logs\info-2023-04-11.log:test_edit_product.py:29 2023-04-11 22:28:18 >>>>>> 执行结束！
INFO    2023-04-11 22:28:19,294G:\auto_api1_framework\logs\info-2023-04-11.log:test_edit_product.py:26 2023-04-11 22:28:18 >>>>>> 开始执行：
INFO    2023-04-11 22:28:19,374G:\auto_api1_framework\logs\info-2023-04-11.log:log_decorator.py:42 
======================================================
用例标题: 添加商品成功
请求路径: http://127.0.0.1:8888/api/private/v1/goods
请求方式: POST
请求头:   {'User-Agent': 'python-requests/2.28.2', 'Accept-Encoding': 'gzip, deflate', 'Accept': '*/*', 'Connection': 'keep-alive', 'Authorization': 'Bearer eyJhbGciOiJIUzI1NiIsInR5cCI6IkpXVCJ9.eyJ1aWQiOjUwMCwicmlkIjowLCJpYXQiOjE2ODEyMjMyOTgsImV4cCI6MTY4MTMwOTY5OH0.kwwPWEQWQeB2va0dKtaDlX9oAU3wkKpvDmcNgn2ZBd0', 'Content-Length': '216', 'Content-Type': 'application/json'}
请求内容: {'goods_name': '手机壳SwtkJo', 'goods_cat': '1,2,3', 'goods_price': '19.9', 'goods_number': '200', 'goods_weight': '100', 'goods_introduce': '手机壳', 'pics': '', 'attr': '手机壳'}
接口响应内容: {'data': {'goods_id': 963, 'cat_id': '3', 'goods_name': '手机壳SwtkJo', 'goods_price': 19.9, 'goods_number': 200, 'goods_weight': 100, 'goods_introduce': '手机壳', 'goods_big_logo': '', 'goods_small_logo': '', 'goods_state': None, 'is_del': '0', 'add_time': 1681223299, 'upd_time': 1681223299, 'delete_time': None, 'hot_mumber': 0, 'is_promote': False, 'cat_one_id': '1', 'cat_two_id': '2', 'cat_three_id': '3', 'goods_cat': '1,2,3', 'pics': [], 'attrs': []}, 'meta': {'msg': '创建商品成功', 'status': 201}}
接口响应时长: 18 ms
Http状态码: 200
断言结果: 200
=====================================================
INFO    2023-04-11 22:28:19,394G:\auto_api1_framework\logs\info-2023-04-11.log:log_decorator.py:42 
======================================================
用例标题: 编辑商品失败（多出abc参数）
请求路径: http://127.0.0.1:8888/api/private/v1/goods/963
请求方式: PUT
请求头:   {'User-Agent': 'python-requests/2.28.2', 'Accept-Encoding': 'gzip, deflate', 'Accept': '*/*', 'Connection': 'keep-alive', 'Authorization': 'Bearer eyJhbGciOiJIUzI1NiIsInR5cCI6IkpXVCJ9.eyJ1aWQiOjUwMCwicmlkIjowLCJpYXQiOjE2ODEyMjMyOTgsImV4cCI6MTY4MTMwOTY5OH0.kwwPWEQWQeB2va0dKtaDlX9oAU3wkKpvDmcNgn2ZBd0', 'Content-Length': '234', 'Content-Type': 'application/json'}
请求内容: {'goods_name': 'MjVzVt手机壳', 'goods_cat': '1,2,3', 'goods_price': '59.9', 'goods_number': '300', 'goods_weight': '200', 'goods_introduce': 'test手机壳', 'pics': '', 'attr': '手机壳', 'abc': '111'}
接口响应内容: {'data': {'goods_id': 963, 'cat_id': '3', 'goods_name': 'MjVzVt手机壳', 'goods_price': 59.9, 'goods_number': 300, 'goods_weight': 200, 'goods_introduce': 'test手机壳', 'goods_big_logo': '', 'goods_small_logo': '', 'goods_state': None, 'is_del': '0', 'add_time': 1681223299, 'upd_time': 1681223299, 'delete_time': None, 'hot_mumber': 0, 'is_promote': False, 'cat_one_id': '1', 'cat_two_id': '2', 'cat_three_id': '3', 'pics': [], 'attrs': []}, 'meta': {'msg': '创建商品成功', 'status': 200}}
接口响应时长: 18 ms
Http状态码: 200
断言结果: 200
=====================================================
INFO    2023-04-11 22:28:19,421G:\auto_api1_framework\logs\info-2023-04-11.log:test_edit_product.py:29 2023-04-11 22:28:18 >>>>>> 执行结束！
INFO    2023-04-11 22:28:19,422G:\auto_api1_framework\logs\info-2023-04-11.log:test_edit_product.py:26 2023-04-11 22:28:18 >>>>>> 开始执行：
INFO    2023-04-11 22:28:19,501G:\auto_api1_framework\logs\info-2023-04-11.log:log_decorator.py:42 
======================================================
用例标题: 添加商品成功
请求路径: http://127.0.0.1:8888/api/private/v1/goods
请求方式: POST
请求头:   {'User-Agent': 'python-requests/2.28.2', 'Accept-Encoding': 'gzip, deflate', 'Accept': '*/*', 'Connection': 'keep-alive', 'Authorization': 'Bearer eyJhbGciOiJIUzI1NiIsInR5cCI6IkpXVCJ9.eyJ1aWQiOjUwMCwicmlkIjowLCJpYXQiOjE2ODEyMjMyOTgsImV4cCI6MTY4MTMwOTY5OH0.kwwPWEQWQeB2va0dKtaDlX9oAU3wkKpvDmcNgn2ZBd0', 'Content-Length': '216', 'Content-Type': 'application/json'}
请求内容: {'goods_name': '手机壳VOqUfX', 'goods_cat': '1,2,3', 'goods_price': '19.9', 'goods_number': '200', 'goods_weight': '100', 'goods_introduce': '手机壳', 'pics': '', 'attr': '手机壳'}
接口响应内容: {'data': {'goods_id': 964, 'cat_id': '3', 'goods_name': '手机壳VOqUfX', 'goods_price': 19.9, 'goods_number': 200, 'goods_weight': 100, 'goods_introduce': '手机壳', 'goods_big_logo': '', 'goods_small_logo': '', 'goods_state': None, 'is_del': '0', 'add_time': 1681223299, 'upd_time': 1681223299, 'delete_time': None, 'hot_mumber': 0, 'is_promote': False, 'cat_one_id': '1', 'cat_two_id': '2', 'cat_three_id': '3', 'goods_cat': '1,2,3', 'pics': [], 'attrs': []}, 'meta': {'msg': '创建商品成功', 'status': 201}}
接口响应时长: 17 ms
Http状态码: 200
断言结果: 200
=====================================================
INFO    2023-04-11 22:28:19,505G:\auto_api1_framework\logs\info-2023-04-11.log:log_decorator.py:42 
======================================================
用例标题: 编辑商品失败（修改goods_name为abc参数）
请求路径: http://127.0.0.1:8888/api/private/v1/goods/964
请求方式: PUT
请求头:   {'User-Agent': 'python-requests/2.28.2', 'Accept-Encoding': 'gzip, deflate', 'Accept': '*/*', 'Connection': 'keep-alive', 'Authorization': 'Bearer eyJhbGciOiJIUzI1NiIsInR5cCI6IkpXVCJ9.eyJ1aWQiOjUwMCwicmlkIjowLCJpYXQiOjE2ODEyMjMyOTgsImV4cCI6MTY4MTMwOTY5OH0.kwwPWEQWQeB2va0dKtaDlX9oAU3wkKpvDmcNgn2ZBd0', 'Content-Length': '213', 'Content-Type': 'application/json'}
请求内容: {'abc': 'eStfvj手机壳', 'goods_cat': '1,2,3', 'goods_price': '59.9', 'goods_number': '300', 'goods_weight': '200', 'goods_introduce': 'test手机壳', 'pics': '', 'attr': '手机壳'}
接口响应内容: {'data': None, 'meta': {'msg': '商品名称不能为空', 'status': 400}}
接口响应时长: 2 ms
Http状态码: 200
断言结果: 200
=====================================================
INFO    2023-04-11 22:28:19,516G:\auto_api1_framework\logs\info-2023-04-11.log:test_edit_product.py:29 2023-04-11 22:28:18 >>>>>> 执行结束！
INFO    2023-04-11 22:28:19,518G:\auto_api1_framework\logs\info-2023-04-11.log:test_edit_product.py:26 2023-04-11 22:28:18 >>>>>> 开始执行：
INFO    2023-04-11 22:28:19,599G:\auto_api1_framework\logs\info-2023-04-11.log:log_decorator.py:42 
======================================================
用例标题: 添加商品成功
请求路径: http://127.0.0.1:8888/api/private/v1/goods
请求方式: POST
请求头:   {'User-Agent': 'python-requests/2.28.2', 'Accept-Encoding': 'gzip, deflate', 'Accept': '*/*', 'Connection': 'keep-alive', 'Authorization': 'Bearer eyJhbGciOiJIUzI1NiIsInR5cCI6IkpXVCJ9.eyJ1aWQiOjUwMCwicmlkIjowLCJpYXQiOjE2ODEyMjMyOTgsImV4cCI6MTY4MTMwOTY5OH0.kwwPWEQWQeB2va0dKtaDlX9oAU3wkKpvDmcNgn2ZBd0', 'Content-Length': '216', 'Content-Type': 'application/json'}
请求内容: {'goods_name': '手机壳FTOgPe', 'goods_cat': '1,2,3', 'goods_price': '19.9', 'goods_number': '200', 'goods_weight': '100', 'goods_introduce': '手机壳', 'pics': '', 'attr': '手机壳'}
接口响应内容: {'data': {'goods_id': 965, 'cat_id': '3', 'goods_name': '手机壳FTOgPe', 'goods_price': 19.9, 'goods_number': 200, 'goods_weight': 100, 'goods_introduce': '手机壳', 'goods_big_logo': '', 'goods_small_logo': '', 'goods_state': None, 'is_del': '0', 'add_time': 1681223299, 'upd_time': 1681223299, 'delete_time': None, 'hot_mumber': 0, 'is_promote': False, 'cat_one_id': '1', 'cat_two_id': '2', 'cat_three_id': '3', 'goods_cat': '1,2,3', 'pics': [], 'attrs': []}, 'meta': {'msg': '创建商品成功', 'status': 201}}
接口响应时长: 19 ms
Http状态码: 200
断言结果: 200
=====================================================
INFO    2023-04-11 22:28:19,602G:\auto_api1_framework\logs\info-2023-04-11.log:log_decorator.py:42 
======================================================
用例标题: 编辑商品失败（没有参数）
请求路径: http://127.0.0.1:8888/api/private/v1/goods/965
请求方式: PUT
请求头:   {'User-Agent': 'python-requests/2.28.2', 'Accept-Encoding': 'gzip, deflate', 'Accept': '*/*', 'Connection': 'keep-alive', 'Authorization': 'Bearer eyJhbGciOiJIUzI1NiIsInR5cCI6IkpXVCJ9.eyJ1aWQiOjUwMCwicmlkIjowLCJpYXQiOjE2ODEyMjMyOTgsImV4cCI6MTY4MTMwOTY5OH0.kwwPWEQWQeB2va0dKtaDlX9oAU3wkKpvDmcNgn2ZBd0', 'Content-Length': '0'}
请求内容: None
接口响应内容: {'data': None, 'meta': {'msg': '商品名称不能为空', 'status': 400}}
接口响应时长: 1 ms
Http状态码: 200
断言结果: 200
=====================================================
INFO    2023-04-11 22:28:19,614G:\auto_api1_framework\logs\info-2023-04-11.log:test_edit_product.py:29 2023-04-11 22:28:18 >>>>>> 执行结束！
INFO    2023-04-11 22:30:16,048G:\auto_api1_framework\logs\info-2023-04-11.log:test_edit_product.py:26 2023-04-11 22:30:15 >>>>>> 开始执行：
INFO    2023-04-11 22:30:16,137G:\auto_api1_framework\logs\info-2023-04-11.log:log_decorator.py:42 
======================================================
用例标题: 添加商品成功
请求路径: http://127.0.0.1:8888/api/private/v1/goods
请求方式: POST
请求头:   {'User-Agent': 'python-requests/2.28.2', 'Accept-Encoding': 'gzip, deflate', 'Accept': '*/*', 'Connection': 'keep-alive', 'Authorization': 'Bearer eyJhbGciOiJIUzI1NiIsInR5cCI6IkpXVCJ9.eyJ1aWQiOjUwMCwicmlkIjowLCJpYXQiOjE2ODEyMjM0MTYsImV4cCI6MTY4MTMwOTgxNn0.qF7yC2HrjBMnerNkhKoD5wrevLEa5nCPOnCgegXn3oc', 'Content-Length': '216', 'Content-Type': 'application/json'}
请求内容: {'goods_name': '手机壳vZxRPo', 'goods_cat': '1,2,3', 'goods_price': '19.9', 'goods_number': '200', 'goods_weight': '100', 'goods_introduce': '手机壳', 'pics': '', 'attr': '手机壳'}
接口响应内容: {'data': {'goods_id': 966, 'cat_id': '3', 'goods_name': '手机壳vZxRPo', 'goods_price': 19.9, 'goods_number': 200, 'goods_weight': 100, 'goods_introduce': '手机壳', 'goods_big_logo': '', 'goods_small_logo': '', 'goods_state': None, 'is_del': '0', 'add_time': 1681223416, 'upd_time': 1681223416, 'delete_time': None, 'hot_mumber': 0, 'is_promote': False, 'cat_one_id': '1', 'cat_two_id': '2', 'cat_three_id': '3', 'goods_cat': '1,2,3', 'pics': [], 'attrs': []}, 'meta': {'msg': '创建商品成功', 'status': 201}}
接口响应时长: 18 ms
Http状态码: 200
断言结果: 200
=====================================================
INFO    2023-04-11 22:30:16,158G:\auto_api1_framework\logs\info-2023-04-11.log:log_decorator.py:42 
======================================================
用例标题: 编辑商品成功（全部参数）
请求路径: http://127.0.0.1:8888/api/private/v1/goods/966
请求方式: PUT
请求头:   {'User-Agent': 'python-requests/2.28.2', 'Accept-Encoding': 'gzip, deflate', 'Accept': '*/*', 'Connection': 'keep-alive', 'Authorization': 'Bearer eyJhbGciOiJIUzI1NiIsInR5cCI6IkpXVCJ9.eyJ1aWQiOjUwMCwicmlkIjowLCJpYXQiOjE2ODEyMjM0MTYsImV4cCI6MTY4MTMwOTgxNn0.qF7yC2HrjBMnerNkhKoD5wrevLEa5nCPOnCgegXn3oc', 'Content-Length': '220', 'Content-Type': 'application/json'}
请求内容: {'goods_name': 'yBWtmQ手机壳', 'goods_cat': '1,2,3', 'goods_price': '59.9', 'goods_number': '300', 'goods_weight': '200', 'goods_introduce': 'test手机壳', 'pics': '', 'attr': '手机壳'}
接口响应内容: {'data': {'goods_id': 966, 'cat_id': '3', 'goods_name': 'yBWtmQ手机壳', 'goods_price': 59.9, 'goods_number': 300, 'goods_weight': 200, 'goods_introduce': 'test手机壳', 'goods_big_logo': '', 'goods_small_logo': '', 'goods_state': None, 'is_del': '0', 'add_time': 1681223416, 'upd_time': 1681223416, 'delete_time': None, 'hot_mumber': 0, 'is_promote': False, 'cat_one_id': '1', 'cat_two_id': '2', 'cat_three_id': '3', 'pics': [], 'attrs': []}, 'meta': {'msg': '创建商品成功', 'status': 200}}
接口响应时长: 18 ms
Http状态码: 200
断言结果: 200
=====================================================
INFO    2023-04-11 22:30:16,160G:\auto_api1_framework\logs\info-2023-04-11.log:test_edit_product.py:29 2023-04-11 22:30:15 >>>>>> 执行结束！
INFO    2023-04-11 22:30:16,162G:\auto_api1_framework\logs\info-2023-04-11.log:test_edit_product.py:26 2023-04-11 22:30:15 >>>>>> 开始执行：
INFO    2023-04-11 22:30:16,250G:\auto_api1_framework\logs\info-2023-04-11.log:log_decorator.py:42 
======================================================
用例标题: 添加商品成功
请求路径: http://127.0.0.1:8888/api/private/v1/goods
请求方式: POST
请求头:   {'User-Agent': 'python-requests/2.28.2', 'Accept-Encoding': 'gzip, deflate', 'Accept': '*/*', 'Connection': 'keep-alive', 'Authorization': 'Bearer eyJhbGciOiJIUzI1NiIsInR5cCI6IkpXVCJ9.eyJ1aWQiOjUwMCwicmlkIjowLCJpYXQiOjE2ODEyMjM0MTYsImV4cCI6MTY4MTMwOTgxNn0.qF7yC2HrjBMnerNkhKoD5wrevLEa5nCPOnCgegXn3oc', 'Content-Length': '216', 'Content-Type': 'application/json'}
请求内容: {'goods_name': '手机壳OnJZxB', 'goods_cat': '1,2,3', 'goods_price': '19.9', 'goods_number': '200', 'goods_weight': '100', 'goods_introduce': '手机壳', 'pics': '', 'attr': '手机壳'}
接口响应内容: {'data': {'goods_id': 967, 'cat_id': '3', 'goods_name': '手机壳OnJZxB', 'goods_price': 19.9, 'goods_number': 200, 'goods_weight': 100, 'goods_introduce': '手机壳', 'goods_big_logo': '', 'goods_small_logo': '', 'goods_state': None, 'is_del': '0', 'add_time': 1681223416, 'upd_time': 1681223416, 'delete_time': None, 'hot_mumber': 0, 'is_promote': False, 'cat_one_id': '1', 'cat_two_id': '2', 'cat_three_id': '3', 'goods_cat': '1,2,3', 'pics': [], 'attrs': []}, 'meta': {'msg': '创建商品成功', 'status': 201}}
接口响应时长: 17 ms
Http状态码: 200
断言结果: 200
=====================================================
INFO    2023-04-11 22:30:16,271G:\auto_api1_framework\logs\info-2023-04-11.log:log_decorator.py:42 
======================================================
用例标题: 编辑商品成功（必填参数）
请求路径: http://127.0.0.1:8888/api/private/v1/goods/967
请求方式: PUT
请求头:   {'User-Agent': 'python-requests/2.28.2', 'Accept-Encoding': 'gzip, deflate', 'Accept': '*/*', 'Connection': 'keep-alive', 'Authorization': 'Bearer eyJhbGciOiJIUzI1NiIsInR5cCI6IkpXVCJ9.eyJ1aWQiOjUwMCwicmlkIjowLCJpYXQiOjE2ODEyMjM0MTYsImV4cCI6MTY4MTMwOTgxNn0.qF7yC2HrjBMnerNkhKoD5wrevLEa5nCPOnCgegXn3oc', 'Content-Length': '133', 'Content-Type': 'application/json'}
请求内容: {'goods_name': '手机壳bXoYJm', 'goods_cat': '1,2,3', 'goods_price': '59.9', 'goods_number': '300', 'goods_weight': '200'}
接口响应内容: {'data': {'goods_id': 967, 'cat_id': '3', 'goods_name': '手机壳bXoYJm', 'goods_price': 59.9, 'goods_number': 300, 'goods_weight': 200, 'goods_introduce': '手机壳', 'goods_big_logo': '', 'goods_small_logo': '', 'goods_state': None, 'is_del': '0', 'add_time': 1681223416, 'upd_time': 1681223416, 'delete_time': None, 'hot_mumber': 0, 'is_promote': False, 'cat_one_id': '1', 'cat_two_id': '2', 'cat_three_id': '3', 'pics': [], 'attrs': []}, 'meta': {'msg': '创建商品成功', 'status': 200}}
接口响应时长: 19 ms
Http状态码: 200
断言结果: 200
=====================================================
INFO    2023-04-11 22:30:16,273G:\auto_api1_framework\logs\info-2023-04-11.log:test_edit_product.py:29 2023-04-11 22:30:15 >>>>>> 执行结束！
INFO    2023-04-11 22:30:16,276G:\auto_api1_framework\logs\info-2023-04-11.log:test_edit_product.py:26 2023-04-11 22:30:15 >>>>>> 开始执行：
INFO    2023-04-11 22:30:16,367G:\auto_api1_framework\logs\info-2023-04-11.log:log_decorator.py:42 
======================================================
用例标题: 添加商品成功
请求路径: http://127.0.0.1:8888/api/private/v1/goods
请求方式: POST
请求头:   {'User-Agent': 'python-requests/2.28.2', 'Accept-Encoding': 'gzip, deflate', 'Accept': '*/*', 'Connection': 'keep-alive', 'Authorization': 'Bearer eyJhbGciOiJIUzI1NiIsInR5cCI6IkpXVCJ9.eyJ1aWQiOjUwMCwicmlkIjowLCJpYXQiOjE2ODEyMjM0MTYsImV4cCI6MTY4MTMwOTgxNn0.qF7yC2HrjBMnerNkhKoD5wrevLEa5nCPOnCgegXn3oc', 'Content-Length': '216', 'Content-Type': 'application/json'}
请求内容: {'goods_name': '手机壳pgopqK', 'goods_cat': '1,2,3', 'goods_price': '19.9', 'goods_number': '200', 'goods_weight': '100', 'goods_introduce': '手机壳', 'pics': '', 'attr': '手机壳'}
接口响应内容: {'data': {'goods_id': 968, 'cat_id': '3', 'goods_name': '手机壳pgopqK', 'goods_price': 19.9, 'goods_number': 200, 'goods_weight': 100, 'goods_introduce': '手机壳', 'goods_big_logo': '', 'goods_small_logo': '', 'goods_state': None, 'is_del': '0', 'add_time': 1681223416, 'upd_time': 1681223416, 'delete_time': None, 'hot_mumber': 0, 'is_promote': False, 'cat_one_id': '1', 'cat_two_id': '2', 'cat_three_id': '3', 'goods_cat': '1,2,3', 'pics': [], 'attrs': []}, 'meta': {'msg': '创建商品成功', 'status': 201}}
接口响应时长: 18 ms
Http状态码: 200
断言结果: 200
=====================================================
INFO    2023-04-11 22:30:16,391G:\auto_api1_framework\logs\info-2023-04-11.log:log_decorator.py:42 
======================================================
用例标题: 编辑商品成功（必填+选填参数）
请求路径: http://127.0.0.1:8888/api/private/v1/goods/968
请求方式: PUT
请求头:   {'User-Agent': 'python-requests/2.28.2', 'Accept-Encoding': 'gzip, deflate', 'Accept': '*/*', 'Connection': 'keep-alive', 'Authorization': 'Bearer eyJhbGciOiJIUzI1NiIsInR5cCI6IkpXVCJ9.eyJ1aWQiOjUwMCwicmlkIjowLCJpYXQiOjE2ODEyMjM0MTYsImV4cCI6MTY4MTMwOTgxNn0.qF7yC2HrjBMnerNkhKoD5wrevLEa5nCPOnCgegXn3oc', 'Content-Length': '163', 'Content-Type': 'application/json'}
请求内容: {'goods_name': '手机壳oTvKvG', 'goods_cat': '1,2,3', 'goods_price': '59.9', 'goods_number': '300', 'goods_weight': '200', 'attr': '手机壳'}
接口响应内容: {'data': {'goods_id': 968, 'cat_id': '3', 'goods_name': '手机壳oTvKvG', 'goods_price': 59.9, 'goods_number': 300, 'goods_weight': 200, 'goods_introduce': '手机壳', 'goods_big_logo': '', 'goods_small_logo': '', 'goods_state': None, 'is_del': '0', 'add_time': 1681223416, 'upd_time': 1681223416, 'delete_time': None, 'hot_mumber': 0, 'is_promote': False, 'cat_one_id': '1', 'cat_two_id': '2', 'cat_three_id': '3', 'pics': [], 'attrs': []}, 'meta': {'msg': '创建商品成功', 'status': 200}}
接口响应时长: 22 ms
Http状态码: 200
断言结果: 200
=====================================================
INFO    2023-04-11 22:30:16,392G:\auto_api1_framework\logs\info-2023-04-11.log:test_edit_product.py:29 2023-04-11 22:30:15 >>>>>> 执行结束！
INFO    2023-04-11 22:30:16,396G:\auto_api1_framework\logs\info-2023-04-11.log:test_edit_product.py:26 2023-04-11 22:30:15 >>>>>> 开始执行：
INFO    2023-04-11 22:30:16,485G:\auto_api1_framework\logs\info-2023-04-11.log:log_decorator.py:42 
======================================================
用例标题: 添加商品成功
请求路径: http://127.0.0.1:8888/api/private/v1/goods
请求方式: POST
请求头:   {'User-Agent': 'python-requests/2.28.2', 'Accept-Encoding': 'gzip, deflate', 'Accept': '*/*', 'Connection': 'keep-alive', 'Authorization': 'Bearer eyJhbGciOiJIUzI1NiIsInR5cCI6IkpXVCJ9.eyJ1aWQiOjUwMCwicmlkIjowLCJpYXQiOjE2ODEyMjM0MTYsImV4cCI6MTY4MTMwOTgxNn0.qF7yC2HrjBMnerNkhKoD5wrevLEa5nCPOnCgegXn3oc', 'Content-Length': '216', 'Content-Type': 'application/json'}
请求内容: {'goods_name': '手机壳qkitkA', 'goods_cat': '1,2,3', 'goods_price': '19.9', 'goods_number': '200', 'goods_weight': '100', 'goods_introduce': '手机壳', 'pics': '', 'attr': '手机壳'}
接口响应内容: {'data': {'goods_id': 969, 'cat_id': '3', 'goods_name': '手机壳qkitkA', 'goods_price': 19.9, 'goods_number': 200, 'goods_weight': 100, 'goods_introduce': '手机壳', 'goods_big_logo': '', 'goods_small_logo': '', 'goods_state': None, 'is_del': '0', 'add_time': 1681223416, 'upd_time': 1681223416, 'delete_time': None, 'hot_mumber': 0, 'is_promote': False, 'cat_one_id': '1', 'cat_two_id': '2', 'cat_three_id': '3', 'goods_cat': '1,2,3', 'pics': [], 'attrs': []}, 'meta': {'msg': '创建商品成功', 'status': 201}}
接口响应时长: 16 ms
Http状态码: 200
断言结果: 200
=====================================================
INFO    2023-04-11 22:30:16,490G:\auto_api1_framework\logs\info-2023-04-11.log:log_decorator.py:42 
======================================================
用例标题: 编辑商品失败（商品名称已存在）
请求路径: http://127.0.0.1:8888/api/private/v1/goods/969
请求方式: PUT
请求头:   {'User-Agent': 'python-requests/2.28.2', 'Accept-Encoding': 'gzip, deflate', 'Accept': '*/*', 'Connection': 'keep-alive', 'Authorization': 'Bearer eyJhbGciOiJIUzI1NiIsInR5cCI6IkpXVCJ9.eyJ1aWQiOjUwMCwicmlkIjowLCJpYXQiOjE2ODEyMjM0MTYsImV4cCI6MTY4MTMwOTgxNn0.qF7yC2HrjBMnerNkhKoD5wrevLEa5nCPOnCgegXn3oc', 'Content-Length': '214', 'Content-Type': 'application/json'}
请求内容: {'goods_name': '手机壳', 'goods_cat': '1,2,3', 'goods_price': '59.9', 'goods_number': '300', 'goods_weight': '200', 'goods_introduce': 'test手机壳', 'pics': '', 'attr': '手机壳'}
接口响应内容: {'data': None, 'meta': {'msg': '商品名称已存在', 'status': 400}}
接口响应时长: 3 ms
Http状态码: 200
断言结果: 200
=====================================================
INFO    2023-04-11 22:30:16,491G:\auto_api1_framework\logs\info-2023-04-11.log:test_edit_product.py:29 2023-04-11 22:30:15 >>>>>> 执行结束！
INFO    2023-04-11 22:30:16,496G:\auto_api1_framework\logs\info-2023-04-11.log:test_edit_product.py:26 2023-04-11 22:30:15 >>>>>> 开始执行：
INFO    2023-04-11 22:30:16,585G:\auto_api1_framework\logs\info-2023-04-11.log:log_decorator.py:42 
======================================================
用例标题: 添加商品成功
请求路径: http://127.0.0.1:8888/api/private/v1/goods
请求方式: POST
请求头:   {'User-Agent': 'python-requests/2.28.2', 'Accept-Encoding': 'gzip, deflate', 'Accept': '*/*', 'Connection': 'keep-alive', 'Authorization': 'Bearer eyJhbGciOiJIUzI1NiIsInR5cCI6IkpXVCJ9.eyJ1aWQiOjUwMCwicmlkIjowLCJpYXQiOjE2ODEyMjM0MTYsImV4cCI6MTY4MTMwOTgxNn0.qF7yC2HrjBMnerNkhKoD5wrevLEa5nCPOnCgegXn3oc', 'Content-Length': '216', 'Content-Type': 'application/json'}
请求内容: {'goods_name': '手机壳XEXdPP', 'goods_cat': '1,2,3', 'goods_price': '19.9', 'goods_number': '200', 'goods_weight': '100', 'goods_introduce': '手机壳', 'pics': '', 'attr': '手机壳'}
接口响应内容: {'data': {'goods_id': 970, 'cat_id': '3', 'goods_name': '手机壳XEXdPP', 'goods_price': 19.9, 'goods_number': 200, 'goods_weight': 100, 'goods_introduce': '手机壳', 'goods_big_logo': '', 'goods_small_logo': '', 'goods_state': None, 'is_del': '0', 'add_time': 1681223416, 'upd_time': 1681223416, 'delete_time': None, 'hot_mumber': 0, 'is_promote': False, 'cat_one_id': '1', 'cat_two_id': '2', 'cat_three_id': '3', 'goods_cat': '1,2,3', 'pics': [], 'attrs': []}, 'meta': {'msg': '创建商品成功', 'status': 201}}
接口响应时长: 16 ms
Http状态码: 200
断言结果: 200
=====================================================
INFO    2023-04-11 22:30:16,590G:\auto_api1_framework\logs\info-2023-04-11.log:log_decorator.py:42 
======================================================
用例标题: 编辑商品失败（商品名称为空）
请求路径: http://127.0.0.1:8888/api/private/v1/goods/970
请求方式: PUT
请求头:   {'User-Agent': 'python-requests/2.28.2', 'Accept-Encoding': 'gzip, deflate', 'Accept': '*/*', 'Connection': 'keep-alive', 'Authorization': 'Bearer eyJhbGciOiJIUzI1NiIsInR5cCI6IkpXVCJ9.eyJ1aWQiOjUwMCwicmlkIjowLCJpYXQiOjE2ODEyMjM0MTYsImV4cCI6MTY4MTMwOTgxNn0.qF7yC2HrjBMnerNkhKoD5wrevLEa5nCPOnCgegXn3oc', 'Content-Length': '196', 'Content-Type': 'application/json'}
请求内容: {'goods_name': '', 'goods_cat': '1,2,3', 'goods_price': '59.9', 'goods_number': '300', 'goods_weight': '200', 'goods_introduce': 'test手机壳', 'pics': '', 'attr': '手机壳'}
接口响应内容: {'data': None, 'meta': {'msg': '商品名称不能为空', 'status': 400}}
接口响应时长: 2 ms
Http状态码: 200
断言结果: 200
=====================================================
INFO    2023-04-11 22:30:16,591G:\auto_api1_framework\logs\info-2023-04-11.log:test_edit_product.py:29 2023-04-11 22:30:15 >>>>>> 执行结束！
INFO    2023-04-11 22:30:16,594G:\auto_api1_framework\logs\info-2023-04-11.log:test_edit_product.py:26 2023-04-11 22:30:15 >>>>>> 开始执行：
INFO    2023-04-11 22:30:16,684G:\auto_api1_framework\logs\info-2023-04-11.log:log_decorator.py:42 
======================================================
用例标题: 添加商品成功
请求路径: http://127.0.0.1:8888/api/private/v1/goods
请求方式: POST
请求头:   {'User-Agent': 'python-requests/2.28.2', 'Accept-Encoding': 'gzip, deflate', 'Accept': '*/*', 'Connection': 'keep-alive', 'Authorization': 'Bearer eyJhbGciOiJIUzI1NiIsInR5cCI6IkpXVCJ9.eyJ1aWQiOjUwMCwicmlkIjowLCJpYXQiOjE2ODEyMjM0MTYsImV4cCI6MTY4MTMwOTgxNn0.qF7yC2HrjBMnerNkhKoD5wrevLEa5nCPOnCgegXn3oc', 'Content-Length': '216', 'Content-Type': 'application/json'}
请求内容: {'goods_name': '手机壳cQRdkk', 'goods_cat': '1,2,3', 'goods_price': '19.9', 'goods_number': '200', 'goods_weight': '100', 'goods_introduce': '手机壳', 'pics': '', 'attr': '手机壳'}
接口响应内容: {'data': {'goods_id': 971, 'cat_id': '3', 'goods_name': '手机壳cQRdkk', 'goods_price': 19.9, 'goods_number': 200, 'goods_weight': 100, 'goods_introduce': '手机壳', 'goods_big_logo': '', 'goods_small_logo': '', 'goods_state': None, 'is_del': '0', 'add_time': 1681223416, 'upd_time': 1681223416, 'delete_time': None, 'hot_mumber': 0, 'is_promote': False, 'cat_one_id': '1', 'cat_two_id': '2', 'cat_three_id': '3', 'goods_cat': '1,2,3', 'pics': [], 'attrs': []}, 'meta': {'msg': '创建商品成功', 'status': 201}}
接口响应时长: 16 ms
Http状态码: 200
断言结果: 200
=====================================================
INFO    2023-04-11 22:30:16,703G:\auto_api1_framework\logs\info-2023-04-11.log:log_decorator.py:42 
======================================================
用例标题: 编辑商品成功（商品名称为纯数字）
请求路径: http://127.0.0.1:8888/api/private/v1/goods/971
请求方式: PUT
请求头:   {'User-Agent': 'python-requests/2.28.2', 'Accept-Encoding': 'gzip, deflate', 'Accept': '*/*', 'Connection': 'keep-alive', 'Authorization': 'Bearer eyJhbGciOiJIUzI1NiIsInR5cCI6IkpXVCJ9.eyJ1aWQiOjUwMCwicmlkIjowLCJpYXQiOjE2ODEyMjM0MTYsImV4cCI6MTY4MTMwOTgxNn0.qF7yC2HrjBMnerNkhKoD5wrevLEa5nCPOnCgegXn3oc', 'Content-Length': '202', 'Content-Type': 'application/json'}
请求内容: {'goods_name': '461198', 'goods_cat': '1,2,3', 'goods_price': '59.9', 'goods_number': '300', 'goods_weight': '200', 'goods_introduce': 'test手机壳', 'pics': '', 'attr': '手机壳'}
接口响应内容: {'data': {'goods_id': 971, 'cat_id': '3', 'goods_name': '461198', 'goods_price': 59.9, 'goods_number': 300, 'goods_weight': 200, 'goods_introduce': 'test手机壳', 'goods_big_logo': '', 'goods_small_logo': '', 'goods_state': None, 'is_del': '0', 'add_time': 1681223416, 'upd_time': 1681223416, 'delete_time': None, 'hot_mumber': 0, 'is_promote': False, 'cat_one_id': '1', 'cat_two_id': '2', 'cat_three_id': '3', 'pics': [], 'attrs': []}, 'meta': {'msg': '创建商品成功', 'status': 200}}
接口响应时长: 18 ms
Http状态码: 200
断言结果: 200
=====================================================
INFO    2023-04-11 22:30:16,705G:\auto_api1_framework\logs\info-2023-04-11.log:test_edit_product.py:29 2023-04-11 22:30:15 >>>>>> 执行结束！
INFO    2023-04-11 22:30:16,707G:\auto_api1_framework\logs\info-2023-04-11.log:test_edit_product.py:26 2023-04-11 22:30:15 >>>>>> 开始执行：
INFO    2023-04-11 22:30:16,797G:\auto_api1_framework\logs\info-2023-04-11.log:log_decorator.py:42 
======================================================
用例标题: 添加商品成功
请求路径: http://127.0.0.1:8888/api/private/v1/goods
请求方式: POST
请求头:   {'User-Agent': 'python-requests/2.28.2', 'Accept-Encoding': 'gzip, deflate', 'Accept': '*/*', 'Connection': 'keep-alive', 'Authorization': 'Bearer eyJhbGciOiJIUzI1NiIsInR5cCI6IkpXVCJ9.eyJ1aWQiOjUwMCwicmlkIjowLCJpYXQiOjE2ODEyMjM0MTYsImV4cCI6MTY4MTMwOTgxNn0.qF7yC2HrjBMnerNkhKoD5wrevLEa5nCPOnCgegXn3oc', 'Content-Length': '216', 'Content-Type': 'application/json'}
请求内容: {'goods_name': '手机壳QwFmzl', 'goods_cat': '1,2,3', 'goods_price': '19.9', 'goods_number': '200', 'goods_weight': '100', 'goods_introduce': '手机壳', 'pics': '', 'attr': '手机壳'}
接口响应内容: {'data': {'goods_id': 972, 'cat_id': '3', 'goods_name': '手机壳QwFmzl', 'goods_price': 19.9, 'goods_number': 200, 'goods_weight': 100, 'goods_introduce': '手机壳', 'goods_big_logo': '', 'goods_small_logo': '', 'goods_state': None, 'is_del': '0', 'add_time': 1681223416, 'upd_time': 1681223416, 'delete_time': None, 'hot_mumber': 0, 'is_promote': False, 'cat_one_id': '1', 'cat_two_id': '2', 'cat_three_id': '3', 'goods_cat': '1,2,3', 'pics': [], 'attrs': []}, 'meta': {'msg': '创建商品成功', 'status': 201}}
接口响应时长: 17 ms
Http状态码: 200
断言结果: 200
=====================================================
INFO    2023-04-11 22:30:16,817G:\auto_api1_framework\logs\info-2023-04-11.log:log_decorator.py:42 
======================================================
用例标题: 编辑商品成功（商品名称为纯字母）
请求路径: http://127.0.0.1:8888/api/private/v1/goods/972
请求方式: PUT
请求头:   {'User-Agent': 'python-requests/2.28.2', 'Accept-Encoding': 'gzip, deflate', 'Accept': '*/*', 'Connection': 'keep-alive', 'Authorization': 'Bearer eyJhbGciOiJIUzI1NiIsInR5cCI6IkpXVCJ9.eyJ1aWQiOjUwMCwicmlkIjowLCJpYXQiOjE2ODEyMjM0MTYsImV4cCI6MTY4MTMwOTgxNn0.qF7yC2HrjBMnerNkhKoD5wrevLEa5nCPOnCgegXn3oc', 'Content-Length': '202', 'Content-Type': 'application/json'}
请求内容: {'goods_name': 'IDcvsT', 'goods_cat': '1,2,3', 'goods_price': '59.9', 'goods_number': '300', 'goods_weight': '200', 'goods_introduce': 'test手机壳', 'pics': '', 'attr': '手机壳'}
接口响应内容: {'data': {'goods_id': 972, 'cat_id': '3', 'goods_name': 'IDcvsT', 'goods_price': 59.9, 'goods_number': 300, 'goods_weight': 200, 'goods_introduce': 'test手机壳', 'goods_big_logo': '', 'goods_small_logo': '', 'goods_state': None, 'is_del': '0', 'add_time': 1681223416, 'upd_time': 1681223416, 'delete_time': None, 'hot_mumber': 0, 'is_promote': False, 'cat_one_id': '1', 'cat_two_id': '2', 'cat_three_id': '3', 'pics': [], 'attrs': []}, 'meta': {'msg': '创建商品成功', 'status': 200}}
接口响应时长: 18 ms
Http状态码: 200
断言结果: 200
=====================================================
INFO    2023-04-11 22:30:16,819G:\auto_api1_framework\logs\info-2023-04-11.log:test_edit_product.py:29 2023-04-11 22:30:15 >>>>>> 执行结束！
INFO    2023-04-11 22:30:16,822G:\auto_api1_framework\logs\info-2023-04-11.log:test_edit_product.py:26 2023-04-11 22:30:15 >>>>>> 开始执行：
INFO    2023-04-11 22:30:16,911G:\auto_api1_framework\logs\info-2023-04-11.log:log_decorator.py:42 
======================================================
用例标题: 添加商品成功
请求路径: http://127.0.0.1:8888/api/private/v1/goods
请求方式: POST
请求头:   {'User-Agent': 'python-requests/2.28.2', 'Accept-Encoding': 'gzip, deflate', 'Accept': '*/*', 'Connection': 'keep-alive', 'Authorization': 'Bearer eyJhbGciOiJIUzI1NiIsInR5cCI6IkpXVCJ9.eyJ1aWQiOjUwMCwicmlkIjowLCJpYXQiOjE2ODEyMjM0MTYsImV4cCI6MTY4MTMwOTgxNn0.qF7yC2HrjBMnerNkhKoD5wrevLEa5nCPOnCgegXn3oc', 'Content-Length': '216', 'Content-Type': 'application/json'}
请求内容: {'goods_name': '手机壳jCgJRx', 'goods_cat': '1,2,3', 'goods_price': '19.9', 'goods_number': '200', 'goods_weight': '100', 'goods_introduce': '手机壳', 'pics': '', 'attr': '手机壳'}
接口响应内容: {'data': {'goods_id': 973, 'cat_id': '3', 'goods_name': '手机壳jCgJRx', 'goods_price': 19.9, 'goods_number': 200, 'goods_weight': 100, 'goods_introduce': '手机壳', 'goods_big_logo': '', 'goods_small_logo': '', 'goods_state': None, 'is_del': '0', 'add_time': 1681223416, 'upd_time': 1681223416, 'delete_time': None, 'hot_mumber': 0, 'is_promote': False, 'cat_one_id': '1', 'cat_two_id': '2', 'cat_three_id': '3', 'goods_cat': '1,2,3', 'pics': [], 'attrs': []}, 'meta': {'msg': '创建商品成功', 'status': 201}}
接口响应时长: 17 ms
Http状态码: 200
断言结果: 200
=====================================================
INFO    2023-04-11 22:30:16,931G:\auto_api1_framework\logs\info-2023-04-11.log:log_decorator.py:42 
======================================================
用例标题: 编辑商品成功（商品名称包含特殊字符、汉字）
请求路径: http://127.0.0.1:8888/api/private/v1/goods/973
请求方式: PUT
请求头:   {'User-Agent': 'python-requests/2.28.2', 'Accept-Encoding': 'gzip, deflate', 'Accept': '*/*', 'Connection': 'keep-alive', 'Authorization': 'Bearer eyJhbGciOiJIUzI1NiIsInR5cCI6IkpXVCJ9.eyJ1aWQiOjUwMCwicmlkIjowLCJpYXQiOjE2ODEyMjM0MTYsImV4cCI6MTY4MTMwOTgxNn0.qF7yC2HrjBMnerNkhKoD5wrevLEa5nCPOnCgegXn3oc', 'Content-Length': '209', 'Content-Type': 'application/json'}
请求内容: {'goods_name': '^_+*$Bepqt348', 'goods_cat': '1,2,3', 'goods_price': '59.9', 'goods_number': '300', 'goods_weight': '200', 'goods_introduce': 'test手机壳', 'pics': '', 'attr': '手机壳'}
接口响应内容: {'data': {'goods_id': 973, 'cat_id': '3', 'goods_name': '^_+*$Bepqt348', 'goods_price': 59.9, 'goods_number': 300, 'goods_weight': 200, 'goods_introduce': 'test手机壳', 'goods_big_logo': '', 'goods_small_logo': '', 'goods_state': None, 'is_del': '0', 'add_time': 1681223416, 'upd_time': 1681223416, 'delete_time': None, 'hot_mumber': 0, 'is_promote': False, 'cat_one_id': '1', 'cat_two_id': '2', 'cat_three_id': '3', 'pics': [], 'attrs': []}, 'meta': {'msg': '创建商品成功', 'status': 200}}
接口响应时长: 18 ms
Http状态码: 200
断言结果: 200
=====================================================
INFO    2023-04-11 22:30:16,934G:\auto_api1_framework\logs\info-2023-04-11.log:test_edit_product.py:29 2023-04-11 22:30:15 >>>>>> 执行结束！
INFO    2023-04-11 22:30:16,936G:\auto_api1_framework\logs\info-2023-04-11.log:test_edit_product.py:26 2023-04-11 22:30:15 >>>>>> 开始执行：
INFO    2023-04-11 22:30:17,025G:\auto_api1_framework\logs\info-2023-04-11.log:log_decorator.py:42 
======================================================
用例标题: 添加商品成功
请求路径: http://127.0.0.1:8888/api/private/v1/goods
请求方式: POST
请求头:   {'User-Agent': 'python-requests/2.28.2', 'Accept-Encoding': 'gzip, deflate', 'Accept': '*/*', 'Connection': 'keep-alive', 'Authorization': 'Bearer eyJhbGciOiJIUzI1NiIsInR5cCI6IkpXVCJ9.eyJ1aWQiOjUwMCwicmlkIjowLCJpYXQiOjE2ODEyMjM0MTYsImV4cCI6MTY4MTMwOTgxNn0.qF7yC2HrjBMnerNkhKoD5wrevLEa5nCPOnCgegXn3oc', 'Content-Length': '216', 'Content-Type': 'application/json'}
请求内容: {'goods_name': '手机壳ynfNAw', 'goods_cat': '1,2,3', 'goods_price': '19.9', 'goods_number': '200', 'goods_weight': '100', 'goods_introduce': '手机壳', 'pics': '', 'attr': '手机壳'}
接口响应内容: {'data': {'goods_id': 974, 'cat_id': '3', 'goods_name': '手机壳ynfNAw', 'goods_price': 19.9, 'goods_number': 200, 'goods_weight': 100, 'goods_introduce': '手机壳', 'goods_big_logo': '', 'goods_small_logo': '', 'goods_state': None, 'is_del': '0', 'add_time': 1681223417, 'upd_time': 1681223417, 'delete_time': None, 'hot_mumber': 0, 'is_promote': False, 'cat_one_id': '1', 'cat_two_id': '2', 'cat_three_id': '3', 'goods_cat': '1,2,3', 'pics': [], 'attrs': []}, 'meta': {'msg': '创建商品成功', 'status': 201}}
接口响应时长: 18 ms
Http状态码: 200
断言结果: 200
=====================================================
INFO    2023-04-11 22:30:17,030G:\auto_api1_framework\logs\info-2023-04-11.log:log_decorator.py:42 
======================================================
用例标题: 编辑商品失败（缺少goods_price参数）
请求路径: http://127.0.0.1:8888/api/private/v1/goods/974
请求方式: PUT
请求头:   {'User-Agent': 'python-requests/2.28.2', 'Accept-Encoding': 'gzip, deflate', 'Accept': '*/*', 'Connection': 'keep-alive', 'Authorization': 'Bearer eyJhbGciOiJIUzI1NiIsInR5cCI6IkpXVCJ9.eyJ1aWQiOjUwMCwicmlkIjowLCJpYXQiOjE2ODEyMjM0MTYsImV4cCI6MTY4MTMwOTgxNn0.qF7yC2HrjBMnerNkhKoD5wrevLEa5nCPOnCgegXn3oc', 'Content-Length': '197', 'Content-Type': 'application/json'}
请求内容: {'goods_name': 'wKATnm手机壳', 'goods_cat': '1,2,3', 'goods_number': '300', 'goods_weight': '200', 'goods_introduce': 'test手机壳', 'pics': '', 'attr': '手机壳'}
接口响应内容: {'data': None, 'meta': {'msg': '商品价格不能为空', 'status': 400}}
接口响应时长: 2 ms
Http状态码: 200
断言结果: 200
=====================================================
INFO    2023-04-11 22:30:17,032G:\auto_api1_framework\logs\info-2023-04-11.log:test_edit_product.py:29 2023-04-11 22:30:15 >>>>>> 执行结束！
INFO    2023-04-11 22:30:17,036G:\auto_api1_framework\logs\info-2023-04-11.log:test_edit_product.py:26 2023-04-11 22:30:15 >>>>>> 开始执行：
INFO    2023-04-11 22:30:17,120G:\auto_api1_framework\logs\info-2023-04-11.log:log_decorator.py:42 
======================================================
用例标题: 添加商品成功
请求路径: http://127.0.0.1:8888/api/private/v1/goods
请求方式: POST
请求头:   {'User-Agent': 'python-requests/2.28.2', 'Accept-Encoding': 'gzip, deflate', 'Accept': '*/*', 'Connection': 'keep-alive', 'Authorization': 'Bearer eyJhbGciOiJIUzI1NiIsInR5cCI6IkpXVCJ9.eyJ1aWQiOjUwMCwicmlkIjowLCJpYXQiOjE2ODEyMjM0MTYsImV4cCI6MTY4MTMwOTgxNn0.qF7yC2HrjBMnerNkhKoD5wrevLEa5nCPOnCgegXn3oc', 'Content-Length': '216', 'Content-Type': 'application/json'}
请求内容: {'goods_name': '手机壳pmUOyT', 'goods_cat': '1,2,3', 'goods_price': '19.9', 'goods_number': '200', 'goods_weight': '100', 'goods_introduce': '手机壳', 'pics': '', 'attr': '手机壳'}
接口响应内容: {'data': {'goods_id': 975, 'cat_id': '3', 'goods_name': '手机壳pmUOyT', 'goods_price': 19.9, 'goods_number': 200, 'goods_weight': 100, 'goods_introduce': '手机壳', 'goods_big_logo': '', 'goods_small_logo': '', 'goods_state': None, 'is_del': '0', 'add_time': 1681223417, 'upd_time': 1681223417, 'delete_time': None, 'hot_mumber': 0, 'is_promote': False, 'cat_one_id': '1', 'cat_two_id': '2', 'cat_three_id': '3', 'goods_cat': '1,2,3', 'pics': [], 'attrs': []}, 'meta': {'msg': '创建商品成功', 'status': 201}}
接口响应时长: 17 ms
Http状态码: 200
断言结果: 200
=====================================================
INFO    2023-04-11 22:30:17,142G:\auto_api1_framework\logs\info-2023-04-11.log:log_decorator.py:42 
======================================================
用例标题: 编辑商品失败（多出abc参数）
请求路径: http://127.0.0.1:8888/api/private/v1/goods/975
请求方式: PUT
请求头:   {'User-Agent': 'python-requests/2.28.2', 'Accept-Encoding': 'gzip, deflate', 'Accept': '*/*', 'Connection': 'keep-alive', 'Authorization': 'Bearer eyJhbGciOiJIUzI1NiIsInR5cCI6IkpXVCJ9.eyJ1aWQiOjUwMCwicmlkIjowLCJpYXQiOjE2ODEyMjM0MTYsImV4cCI6MTY4MTMwOTgxNn0.qF7yC2HrjBMnerNkhKoD5wrevLEa5nCPOnCgegXn3oc', 'Content-Length': '234', 'Content-Type': 'application/json'}
请求内容: {'goods_name': 'YHCZkB手机壳', 'goods_cat': '1,2,3', 'goods_price': '59.9', 'goods_number': '300', 'goods_weight': '200', 'goods_introduce': 'test手机壳', 'pics': '', 'attr': '手机壳', 'abc': '111'}
接口响应内容: {'data': {'goods_id': 975, 'cat_id': '3', 'goods_name': 'YHCZkB手机壳', 'goods_price': 59.9, 'goods_number': 300, 'goods_weight': 200, 'goods_introduce': 'test手机壳', 'goods_big_logo': '', 'goods_small_logo': '', 'goods_state': None, 'is_del': '0', 'add_time': 1681223417, 'upd_time': 1681223417, 'delete_time': None, 'hot_mumber': 0, 'is_promote': False, 'cat_one_id': '1', 'cat_two_id': '2', 'cat_three_id': '3', 'pics': [], 'attrs': []}, 'meta': {'msg': '创建商品成功', 'status': 200}}
接口响应时长: 18 ms
Http状态码: 200
断言结果: 200
=====================================================
INFO    2023-04-11 22:30:17,143G:\auto_api1_framework\logs\info-2023-04-11.log:test_edit_product.py:29 2023-04-11 22:30:15 >>>>>> 执行结束！
INFO    2023-04-11 22:30:17,148G:\auto_api1_framework\logs\info-2023-04-11.log:test_edit_product.py:26 2023-04-11 22:30:15 >>>>>> 开始执行：
INFO    2023-04-11 22:30:17,230G:\auto_api1_framework\logs\info-2023-04-11.log:log_decorator.py:42 
======================================================
用例标题: 添加商品成功
请求路径: http://127.0.0.1:8888/api/private/v1/goods
请求方式: POST
请求头:   {'User-Agent': 'python-requests/2.28.2', 'Accept-Encoding': 'gzip, deflate', 'Accept': '*/*', 'Connection': 'keep-alive', 'Authorization': 'Bearer eyJhbGciOiJIUzI1NiIsInR5cCI6IkpXVCJ9.eyJ1aWQiOjUwMCwicmlkIjowLCJpYXQiOjE2ODEyMjM0MTYsImV4cCI6MTY4MTMwOTgxNn0.qF7yC2HrjBMnerNkhKoD5wrevLEa5nCPOnCgegXn3oc', 'Content-Length': '216', 'Content-Type': 'application/json'}
请求内容: {'goods_name': '手机壳xzesbw', 'goods_cat': '1,2,3', 'goods_price': '19.9', 'goods_number': '200', 'goods_weight': '100', 'goods_introduce': '手机壳', 'pics': '', 'attr': '手机壳'}
接口响应内容: {'data': {'goods_id': 976, 'cat_id': '3', 'goods_name': '手机壳xzesbw', 'goods_price': 19.9, 'goods_number': 200, 'goods_weight': 100, 'goods_introduce': '手机壳', 'goods_big_logo': '', 'goods_small_logo': '', 'goods_state': None, 'is_del': '0', 'add_time': 1681223417, 'upd_time': 1681223417, 'delete_time': None, 'hot_mumber': 0, 'is_promote': False, 'cat_one_id': '1', 'cat_two_id': '2', 'cat_three_id': '3', 'goods_cat': '1,2,3', 'pics': [], 'attrs': []}, 'meta': {'msg': '创建商品成功', 'status': 201}}
接口响应时长: 15 ms
Http状态码: 200
断言结果: 200
=====================================================
INFO    2023-04-11 22:30:17,234G:\auto_api1_framework\logs\info-2023-04-11.log:log_decorator.py:42 
======================================================
用例标题: 编辑商品失败（修改goods_name为abc参数）
请求路径: http://127.0.0.1:8888/api/private/v1/goods/976
请求方式: PUT
请求头:   {'User-Agent': 'python-requests/2.28.2', 'Accept-Encoding': 'gzip, deflate', 'Accept': '*/*', 'Connection': 'keep-alive', 'Authorization': 'Bearer eyJhbGciOiJIUzI1NiIsInR5cCI6IkpXVCJ9.eyJ1aWQiOjUwMCwicmlkIjowLCJpYXQiOjE2ODEyMjM0MTYsImV4cCI6MTY4MTMwOTgxNn0.qF7yC2HrjBMnerNkhKoD5wrevLEa5nCPOnCgegXn3oc', 'Content-Length': '213', 'Content-Type': 'application/json'}
请求内容: {'abc': 'pdmLGm手机壳', 'goods_cat': '1,2,3', 'goods_price': '59.9', 'goods_number': '300', 'goods_weight': '200', 'goods_introduce': 'test手机壳', 'pics': '', 'attr': '手机壳'}
接口响应内容: {'data': None, 'meta': {'msg': '商品名称不能为空', 'status': 400}}
接口响应时长: 2 ms
Http状态码: 200
断言结果: 200
=====================================================
INFO    2023-04-11 22:30:17,235G:\auto_api1_framework\logs\info-2023-04-11.log:test_edit_product.py:29 2023-04-11 22:30:15 >>>>>> 执行结束！
INFO    2023-04-11 22:30:17,237G:\auto_api1_framework\logs\info-2023-04-11.log:test_edit_product.py:26 2023-04-11 22:30:15 >>>>>> 开始执行：
INFO    2023-04-11 22:30:17,322G:\auto_api1_framework\logs\info-2023-04-11.log:log_decorator.py:42 
======================================================
用例标题: 添加商品成功
请求路径: http://127.0.0.1:8888/api/private/v1/goods
请求方式: POST
请求头:   {'User-Agent': 'python-requests/2.28.2', 'Accept-Encoding': 'gzip, deflate', 'Accept': '*/*', 'Connection': 'keep-alive', 'Authorization': 'Bearer eyJhbGciOiJIUzI1NiIsInR5cCI6IkpXVCJ9.eyJ1aWQiOjUwMCwicmlkIjowLCJpYXQiOjE2ODEyMjM0MTYsImV4cCI6MTY4MTMwOTgxNn0.qF7yC2HrjBMnerNkhKoD5wrevLEa5nCPOnCgegXn3oc', 'Content-Length': '216', 'Content-Type': 'application/json'}
请求内容: {'goods_name': '手机壳hrigYK', 'goods_cat': '1,2,3', 'goods_price': '19.9', 'goods_number': '200', 'goods_weight': '100', 'goods_introduce': '手机壳', 'pics': '', 'attr': '手机壳'}
接口响应内容: {'data': {'goods_id': 977, 'cat_id': '3', 'goods_name': '手机壳hrigYK', 'goods_price': 19.9, 'goods_number': 200, 'goods_weight': 100, 'goods_introduce': '手机壳', 'goods_big_logo': '', 'goods_small_logo': '', 'goods_state': None, 'is_del': '0', 'add_time': 1681223417, 'upd_time': 1681223417, 'delete_time': None, 'hot_mumber': 0, 'is_promote': False, 'cat_one_id': '1', 'cat_two_id': '2', 'cat_three_id': '3', 'goods_cat': '1,2,3', 'pics': [], 'attrs': []}, 'meta': {'msg': '创建商品成功', 'status': 201}}
接口响应时长: 18 ms
Http状态码: 200
断言结果: 200
=====================================================
INFO    2023-04-11 22:30:17,326G:\auto_api1_framework\logs\info-2023-04-11.log:log_decorator.py:42 
======================================================
用例标题: 编辑商品失败（没有参数）
请求路径: http://127.0.0.1:8888/api/private/v1/goods/977
请求方式: PUT
请求头:   {'User-Agent': 'python-requests/2.28.2', 'Accept-Encoding': 'gzip, deflate', 'Accept': '*/*', 'Connection': 'keep-alive', 'Authorization': 'Bearer eyJhbGciOiJIUzI1NiIsInR5cCI6IkpXVCJ9.eyJ1aWQiOjUwMCwicmlkIjowLCJpYXQiOjE2ODEyMjM0MTYsImV4cCI6MTY4MTMwOTgxNn0.qF7yC2HrjBMnerNkhKoD5wrevLEa5nCPOnCgegXn3oc', 'Content-Length': '0'}
请求内容: None
接口响应内容: {'data': None, 'meta': {'msg': '商品名称不能为空', 'status': 400}}
接口响应时长: 2 ms
Http状态码: 200
断言结果: 200
=====================================================
INFO    2023-04-11 22:30:17,328G:\auto_api1_framework\logs\info-2023-04-11.log:test_edit_product.py:29 2023-04-11 22:30:15 >>>>>> 执行结束！
