INFO    2023-04-23 20:59:04,003G:\auto_api1_framework\logs\info-2023-04-23.log:log_decorator.py:42 
======================================================
用例标题: 创建用户成功（全部参数）
请求路径: http://127.0.0.1:8888/api/private/v1/users
请求方式: POST
请求头:   {'User-Agent': 'python-requests/2.28.2', 'Accept-Encoding': 'gzip, deflate', 'Accept': '*/*', 'Connection': 'keep-alive', 'Content-Type': 'application/json', 'Authorization': 'Bearer eyJhbGciOiJIUzI1NiIsInR5cCI6IkpXVCJ9.eyJ1aWQiOjUwMCwicmlkIjowLCJpYXQiOjE2ODIyNTQ3NDMsImV4cCI6MTY4MjM0MTE0M30.rXb8k2l_io6gIpKxOjgT2zxctwRnNJ0p7QHOuVsnhys', 'Content-Length': '100'}
请求内容: {'username': 'vYTyP188', 'password': 'l@1CwAJn', 'email': 'iwei@yahoo.com', 'mobile': '18062476066'}
接口响应内容: {'data': {'id': 1061, 'username': 'vYTyP188', 'mobile': '18062476066', 'email': 'iwei@yahoo.com', 'role_id': -1, 'create_time': 1682254743}, 'meta': {'msg': '创建成功', 'status': 201}}
接口响应时长: 104 ms
Http状态码: 200
断言结果: 200
=====================================================
INFO    2023-04-23 20:59:04,019G:\auto_api1_framework\logs\info-2023-04-23.log:log_decorator.py:42 
======================================================
用例标题: 修改用户状态成功
请求路径: http://127.0.0.1:8888/api/private/v1/users/1061/state/true
请求方式: PUT
请求头:   {'User-Agent': 'python-requests/2.28.2', 'Accept-Encoding': 'gzip, deflate', 'Accept': '*/*', 'Connection': 'keep-alive', 'Authorization': 'Bearer eyJhbGciOiJIUzI1NiIsInR5cCI6IkpXVCJ9.eyJ1aWQiOjUwMCwicmlkIjowLCJpYXQiOjE2ODIyNTQ3NDMsImV4cCI6MTY4MjM0MTE0M30.rXb8k2l_io6gIpKxOjgT2zxctwRnNJ0p7QHOuVsnhys', 'Content-Length': '0'}
请求内容: None
接口响应内容: {'data': {'id': 1061, 'rid': -1, 'username': 'vYTyP188', 'mobile': '18062476066', 'email': 'iwei@yahoo.com', 'mg_state': 1}, 'meta': {'msg': '设置状态成功', 'status': 200}}
接口响应时长: 14 ms
Http状态码: 200
断言结果: 200
=====================================================
INFO    2023-04-23 20:59:04,028G:\auto_api1_framework\logs\info-2023-04-23.log:log_decorator.py:42 
======================================================
用例标题: 修改用户状态失败（id为字符串）
请求路径: http://127.0.0.1:8888/api/private/v1/users/haafqe/state/false
请求方式: PUT
请求头:   {'User-Agent': 'python-requests/2.28.2', 'Accept-Encoding': 'gzip, deflate', 'Accept': '*/*', 'Connection': 'keep-alive', 'Authorization': 'Bearer eyJhbGciOiJIUzI1NiIsInR5cCI6IkpXVCJ9.eyJ1aWQiOjUwMCwicmlkIjowLCJpYXQiOjE2ODIyNTQ3NDMsImV4cCI6MTY4MjM0MTE0M30.rXb8k2l_io6gIpKxOjgT2zxctwRnNJ0p7QHOuVsnhys', 'Content-Length': '0'}
请求内容: None
接口响应内容: {'data': None, 'meta': {'msg': '用户ID必须是数字', 'status': 400}}
接口响应时长: 3 ms
Http状态码: 200
断言结果: 200
=====================================================
INFO    2023-04-23 20:59:04,033G:\auto_api1_framework\logs\info-2023-04-23.log:log_decorator.py:42 
======================================================
用例标题: 修改用户状态失败（id包含特殊字符）
请求路径: http://127.0.0.1:8888/api/private/v1/users/*#**%5E/state/false
请求方式: PUT
请求头:   {'User-Agent': 'python-requests/2.28.2', 'Accept-Encoding': 'gzip, deflate', 'Accept': '*/*', 'Connection': 'keep-alive', 'Authorization': 'Bearer eyJhbGciOiJIUzI1NiIsInR5cCI6IkpXVCJ9.eyJ1aWQiOjUwMCwicmlkIjowLCJpYXQiOjE2ODIyNTQ3NDMsImV4cCI6MTY4MjM0MTE0M30.rXb8k2l_io6gIpKxOjgT2zxctwRnNJ0p7QHOuVsnhys', 'Content-Length': '0'}
请求内容: None
接口响应内容: {'data': None, 'meta': {'msg': '用户ID必须是数字', 'status': 400}}
接口响应时长: 2 ms
Http状态码: 200
断言结果: 200
=====================================================
INFO    2023-04-23 20:59:04,040G:\auto_api1_framework\logs\info-2023-04-23.log:log_decorator.py:42 
======================================================
用例标题: 修改用户状态失败（id不存在）
请求路径: http://127.0.0.1:8888/api/private/v1/users/state/false
请求方式: PUT
请求头:   {'User-Agent': 'python-requests/2.28.2', 'Accept-Encoding': 'gzip, deflate', 'Accept': '*/*', 'Connection': 'keep-alive', 'Authorization': 'Bearer eyJhbGciOiJIUzI1NiIsInR5cCI6IkpXVCJ9.eyJ1aWQiOjUwMCwicmlkIjowLCJpYXQiOjE2ODIyNTQ3NDMsImV4cCI6MTY4MjM0MTE0M30.rXb8k2l_io6gIpKxOjgT2zxctwRnNJ0p7QHOuVsnhys', 'Content-Length': '0'}
请求内容: None
接口响应内容: {'data': None, 'meta': {'msg': 'Not Found', 'status': 404}}
接口响应时长: 3 ms
Http状态码: 200
断言结果: 200
=====================================================
INFO    2023-04-23 20:59:04,310G:\auto_api1_framework\logs\info-2023-04-23.log:log_decorator.py:42 
======================================================
用例标题: 创建用户成功（全部参数）
请求路径: http://127.0.0.1:8888/api/private/v1/users
请求方式: POST
请求头:   {'User-Agent': 'python-requests/2.28.2', 'Accept-Encoding': 'gzip, deflate', 'Accept': '*/*', 'Connection': 'keep-alive', 'Content-Type': 'application/json', 'Authorization': 'Bearer eyJhbGciOiJIUzI1NiIsInR5cCI6IkpXVCJ9.eyJ1aWQiOjUwMCwicmlkIjowLCJpYXQiOjE2ODIyNTQ3NDMsImV4cCI6MTY4MjM0MTE0M30.rXb8k2l_io6gIpKxOjgT2zxctwRnNJ0p7QHOuVsnhys', 'Content-Length': '108'}
请求内容: {'username': 'QGqMW860', 'password': 'T&6U_nG+', 'email': 'pengxiulan@hotmail.com', 'mobile': '13898628234'}
接口响应内容: {'data': {'id': 1062, 'username': 'QGqMW860', 'mobile': '13898628234', 'email': 'pengxiulan@hotmail.com', 'role_id': -1, 'create_time': 1682254744}, 'meta': {'msg': '创建成功', 'status': 201}}
接口响应时长: 91 ms
Http状态码: 200
断言结果: 200
=====================================================
INFO    2023-04-23 20:59:04,315G:\auto_api1_framework\logs\info-2023-04-23.log:log_decorator.py:42 
======================================================
用例标题: 修改用户状态失败（state为空）
请求路径: http://127.0.0.1:8888/api/private/v1/users/1062/state
请求方式: PUT
请求头:   {'User-Agent': 'python-requests/2.28.2', 'Accept-Encoding': 'gzip, deflate', 'Accept': '*/*', 'Connection': 'keep-alive', 'Authorization': 'Bearer eyJhbGciOiJIUzI1NiIsInR5cCI6IkpXVCJ9.eyJ1aWQiOjUwMCwicmlkIjowLCJpYXQiOjE2ODIyNTQ3NDMsImV4cCI6MTY4MjM0MTE0M30.rXb8k2l_io6gIpKxOjgT2zxctwRnNJ0p7QHOuVsnhys', 'Content-Length': '0'}
请求内容: None
接口响应内容: {'data': None, 'meta': {'msg': 'Not Found', 'status': 404}}
接口响应时长: 3 ms
Http状态码: 200
断言结果: 200
=====================================================
INFO    2023-04-23 20:59:04,644G:\auto_api1_framework\logs\info-2023-04-23.log:log_decorator.py:42 
======================================================
用例标题: 创建用户成功（全部参数）
请求路径: http://127.0.0.1:8888/api/private/v1/users
请求方式: POST
请求头:   {'User-Agent': 'python-requests/2.28.2', 'Accept-Encoding': 'gzip, deflate', 'Accept': '*/*', 'Connection': 'keep-alive', 'Content-Type': 'application/json', 'Authorization': 'Bearer eyJhbGciOiJIUzI1NiIsInR5cCI6IkpXVCJ9.eyJ1aWQiOjUwMCwicmlkIjowLCJpYXQiOjE2ODIyNTQ3NDMsImV4cCI6MTY4MjM0MTE0M30.rXb8k2l_io6gIpKxOjgT2zxctwRnNJ0p7QHOuVsnhys', 'Content-Length': '102'}
请求内容: {'username': 'Hlave881', 'password': 's$7bKzkO', 'email': 'leixia@yahoo.com', 'mobile': '15321313667'}
接口响应内容: {'data': {'id': 1063, 'username': 'Hlave881', 'mobile': '15321313667', 'email': 'leixia@yahoo.com', 'role_id': -1, 'create_time': 1682254744}, 'meta': {'msg': '创建成功', 'status': 201}}
接口响应时长: 83 ms
Http状态码: 200
断言结果: 200
=====================================================
INFO    2023-04-23 20:59:04,654G:\auto_api1_framework\logs\info-2023-04-23.log:log_decorator.py:42 
======================================================
用例标题: 修改用户状态成功（state为纯数字）
请求路径: http://127.0.0.1:8888/api/private/v1/users/1063/state/269043
请求方式: PUT
请求头:   {'User-Agent': 'python-requests/2.28.2', 'Accept-Encoding': 'gzip, deflate', 'Accept': '*/*', 'Connection': 'keep-alive', 'Authorization': 'Bearer eyJhbGciOiJIUzI1NiIsInR5cCI6IkpXVCJ9.eyJ1aWQiOjUwMCwicmlkIjowLCJpYXQiOjE2ODIyNTQ3NDMsImV4cCI6MTY4MjM0MTE0M30.rXb8k2l_io6gIpKxOjgT2zxctwRnNJ0p7QHOuVsnhys', 'Content-Length': '0'}
请求内容: None
接口响应内容: {'data': {'id': 1063, 'rid': -1, 'username': 'Hlave881', 'mobile': '15321313667', 'email': 'leixia@yahoo.com', 'mg_state': 0}, 'meta': {'msg': '设置状态成功', 'status': 200}}
接口响应时长: 8 ms
Http状态码: 200
断言结果: 200
=====================================================
INFO    2023-04-23 20:59:04,918G:\auto_api1_framework\logs\info-2023-04-23.log:log_decorator.py:42 
======================================================
用例标题: 创建用户成功（全部参数）
请求路径: http://127.0.0.1:8888/api/private/v1/users
请求方式: POST
请求头:   {'User-Agent': 'python-requests/2.28.2', 'Accept-Encoding': 'gzip, deflate', 'Accept': '*/*', 'Connection': 'keep-alive', 'Content-Type': 'application/json', 'Authorization': 'Bearer eyJhbGciOiJIUzI1NiIsInR5cCI6IkpXVCJ9.eyJ1aWQiOjUwMCwicmlkIjowLCJpYXQiOjE2ODIyNTQ3NDMsImV4cCI6MTY4MjM0MTE0M30.rXb8k2l_io6gIpKxOjgT2zxctwRnNJ0p7QHOuVsnhys', 'Content-Length': '106'}
请求内容: {'username': 'hPILO972', 'password': 'U!60QaFC', 'email': 'xiangqiang@gmail.com', 'mobile': '13442420505'}
接口响应内容: {'data': {'id': 1064, 'username': 'hPILO972', 'mobile': '13442420505', 'email': 'xiangqiang@gmail.com', 'role_id': -1, 'create_time': 1682254744}, 'meta': {'msg': '创建成功', 'status': 201}}
接口响应时长: 82 ms
Http状态码: 200
断言结果: 200
=====================================================
INFO    2023-04-23 20:59:04,927G:\auto_api1_framework\logs\info-2023-04-23.log:log_decorator.py:42 
======================================================
用例标题: 修改用户状态成功（state为纯字母）
请求路径: http://127.0.0.1:8888/api/private/v1/users/1064/state/yviYUk
请求方式: PUT
请求头:   {'User-Agent': 'python-requests/2.28.2', 'Accept-Encoding': 'gzip, deflate', 'Accept': '*/*', 'Connection': 'keep-alive', 'Authorization': 'Bearer eyJhbGciOiJIUzI1NiIsInR5cCI6IkpXVCJ9.eyJ1aWQiOjUwMCwicmlkIjowLCJpYXQiOjE2ODIyNTQ3NDMsImV4cCI6MTY4MjM0MTE0M30.rXb8k2l_io6gIpKxOjgT2zxctwRnNJ0p7QHOuVsnhys', 'Content-Length': '0'}
请求内容: None
接口响应内容: {'data': {'id': 1064, 'rid': -1, 'username': 'hPILO972', 'mobile': '13442420505', 'email': 'xiangqiang@gmail.com', 'mg_state': 0}, 'meta': {'msg': '设置状态成功', 'status': 200}}
接口响应时长: 6 ms
Http状态码: 200
断言结果: 200
=====================================================
INFO    2023-04-23 20:59:05,188G:\auto_api1_framework\logs\info-2023-04-23.log:log_decorator.py:42 
======================================================
用例标题: 创建用户成功（全部参数）
请求路径: http://127.0.0.1:8888/api/private/v1/users
请求方式: POST
请求头:   {'User-Agent': 'python-requests/2.28.2', 'Accept-Encoding': 'gzip, deflate', 'Accept': '*/*', 'Connection': 'keep-alive', 'Content-Type': 'application/json', 'Authorization': 'Bearer eyJhbGciOiJIUzI1NiIsInR5cCI6IkpXVCJ9.eyJ1aWQiOjUwMCwicmlkIjowLCJpYXQiOjE2ODIyNTQ3NDMsImV4cCI6MTY4MjM0MTE0M30.rXb8k2l_io6gIpKxOjgT2zxctwRnNJ0p7QHOuVsnhys', 'Content-Length': '103'}
请求内容: {'username': 'caHBq493', 'password': '_R3aiIwm', 'email': 'yongxue@gmail.com', 'mobile': '18607164543'}
接口响应内容: {'data': {'id': 1065, 'username': 'caHBq493', 'mobile': '18607164543', 'email': 'yongxue@gmail.com', 'role_id': -1, 'create_time': 1682254745}, 'meta': {'msg': '创建成功', 'status': 201}}
接口响应时长: 82 ms
Http状态码: 200
断言结果: 200
=====================================================
INFO    2023-04-23 20:59:05,196G:\auto_api1_framework\logs\info-2023-04-23.log:log_decorator.py:42 
======================================================
用例标题: 修改用户状态成功（state包含特殊字符）
请求路径: http://127.0.0.1:8888/api/private/v1/users/1065/state/$&#@)
请求方式: PUT
请求头:   {'User-Agent': 'python-requests/2.28.2', 'Accept-Encoding': 'gzip, deflate', 'Accept': '*/*', 'Connection': 'keep-alive', 'Authorization': 'Bearer eyJhbGciOiJIUzI1NiIsInR5cCI6IkpXVCJ9.eyJ1aWQiOjUwMCwicmlkIjowLCJpYXQiOjE2ODIyNTQ3NDMsImV4cCI6MTY4MjM0MTE0M30.rXb8k2l_io6gIpKxOjgT2zxctwRnNJ0p7QHOuVsnhys', 'Content-Length': '0'}
请求内容: None
接口响应内容: {'data': {'id': 1065, 'rid': -1, 'username': 'caHBq493', 'mobile': '18607164543', 'email': 'yongxue@gmail.com', 'mg_state': 0}, 'meta': {'msg': '设置状态成功', 'status': 200}}
接口响应时长: 6 ms
Http状态码: 200
断言结果: 200
=====================================================
INFO    2023-04-23 21:20:56,283G:\auto_api1_framework\logs\info-2023-04-23.log:log_decorator.py:42 
======================================================
用例标题: 创建用户成功（全部参数）
请求路径: http://127.0.0.1:8888/api/private/v1/users
请求方式: POST
请求头:   {'User-Agent': 'python-requests/2.28.2', 'Accept-Encoding': 'gzip, deflate', 'Accept': '*/*', 'Connection': 'keep-alive', 'Content-Type': 'application/json', 'Authorization': 'Bearer eyJhbGciOiJIUzI1NiIsInR5cCI6IkpXVCJ9.eyJ1aWQiOjUwMCwicmlkIjowLCJpYXQiOjE2ODIyNTYwNTYsImV4cCI6MTY4MjM0MjQ1Nn0.VMK-vibNIcjmOHLZbRFsIg8ALzBF3u3KJM8lKd5FCfw', 'Content-Length': '101'}
请求内容: {'username': 'PAuUz213', 'password': '&JC3Qh#o', 'email': 'wei83@gmail.com', 'mobile': '13408919180'}
接口响应内容: {'data': {'id': 1066, 'username': 'PAuUz213', 'mobile': '13408919180', 'email': 'wei83@gmail.com', 'role_id': -1, 'create_time': 1682256056}, 'meta': {'msg': '创建成功', 'status': 201}}
接口响应时长: 85 ms
Http状态码: 200
断言结果: 200
=====================================================
INFO    2023-04-23 21:20:56,291G:\auto_api1_framework\logs\info-2023-04-23.log:log_decorator.py:42 
======================================================
用例标题: 修改用户信息成功
请求路径: http://127.0.0.1:8888/api/private/v1/users/1066
请求方式: PUT
请求头:   {'User-Agent': 'python-requests/2.28.2', 'Accept-Encoding': 'gzip, deflate', 'Accept': '*/*', 'Connection': 'keep-alive', 'Authorization': 'Bearer eyJhbGciOiJIUzI1NiIsInR5cCI6IkpXVCJ9.eyJ1aWQiOjUwMCwicmlkIjowLCJpYXQiOjE2ODIyNTYwNTYsImV4cCI6MTY4MjM0MjQ1Nn0.VMK-vibNIcjmOHLZbRFsIg8ALzBF3u3KJM8lKd5FCfw', 'Content-Length': '0'}
请求内容: None
接口响应内容: {'data': {'id': 1066, 'username': 'PAuUz213', 'role_id': -1}, 'meta': {'msg': '更新成功', 'status': 200}}
接口响应时长: 7 ms
Http状态码: 200
断言结果: 200
=====================================================
INFO    2023-04-23 21:20:56,299G:\auto_api1_framework\logs\info-2023-04-23.log:log_decorator.py:42 
======================================================
用例标题: 修改用户信息失败（不存在用户）
请求路径: http://127.0.0.1:8888/api/private/v1/users/1682256055
请求方式: PUT
请求头:   {'User-Agent': 'python-requests/2.28.2', 'Accept-Encoding': 'gzip, deflate', 'Accept': '*/*', 'Connection': 'keep-alive', 'Authorization': 'Bearer eyJhbGciOiJIUzI1NiIsInR5cCI6IkpXVCJ9.eyJ1aWQiOjUwMCwicmlkIjowLCJpYXQiOjE2ODIyNTYwNTYsImV4cCI6MTY4MjM0MjQ1Nn0.VMK-vibNIcjmOHLZbRFsIg8ALzBF3u3KJM8lKd5FCfw', 'Content-Length': '0'}
请求内容: None
接口响应内容: {'data': None, 'meta': {'msg': '更新失败', 'status': 400}}
接口响应时长: 3 ms
Http状态码: 200
断言结果: 200
=====================================================
INFO    2023-04-23 21:21:15,914G:\auto_api1_framework\logs\info-2023-04-23.log:log_decorator.py:42 
======================================================
用例标题: 创建用户成功（全部参数）
请求路径: http://127.0.0.1:8888/api/private/v1/users
请求方式: POST
请求头:   {'User-Agent': 'python-requests/2.28.2', 'Accept-Encoding': 'gzip, deflate', 'Accept': '*/*', 'Connection': 'keep-alive', 'Content-Type': 'application/json', 'Authorization': 'Bearer eyJhbGciOiJIUzI1NiIsInR5cCI6IkpXVCJ9.eyJ1aWQiOjUwMCwicmlkIjowLCJpYXQiOjE2ODIyNTYwNzUsImV4cCI6MTY4MjM0MjQ3NX0.m64jx1Jj9HTsXMx0BCitBCz-ee9ea-gxRV_onkIoxQE', 'Content-Length': '103'}
请求内容: {'username': 'UZInm333', 'password': '+EO0TsAl', 'email': 'jie37@hotmail.com', 'mobile': '18098676561'}
接口响应内容: {'data': {'id': 1067, 'username': 'UZInm333', 'mobile': '18098676561', 'email': 'jie37@hotmail.com', 'role_id': -1, 'create_time': 1682256075}, 'meta': {'msg': '创建成功', 'status': 201}}
接口响应时长: 83 ms
Http状态码: 200
断言结果: 200
=====================================================
INFO    2023-04-23 21:21:15,922G:\auto_api1_framework\logs\info-2023-04-23.log:log_decorator.py:42 
======================================================
用例标题: 修改用户状态成功
请求路径: http://127.0.0.1:8888/api/private/v1/users/1067/state/true
请求方式: PUT
请求头:   {'User-Agent': 'python-requests/2.28.2', 'Accept-Encoding': 'gzip, deflate', 'Accept': '*/*', 'Connection': 'keep-alive', 'Authorization': 'Bearer eyJhbGciOiJIUzI1NiIsInR5cCI6IkpXVCJ9.eyJ1aWQiOjUwMCwicmlkIjowLCJpYXQiOjE2ODIyNTYwNzUsImV4cCI6MTY4MjM0MjQ3NX0.m64jx1Jj9HTsXMx0BCitBCz-ee9ea-gxRV_onkIoxQE', 'Content-Length': '0'}
请求内容: None
接口响应内容: {'data': {'id': 1067, 'rid': -1, 'username': 'UZInm333', 'mobile': '18098676561', 'email': 'jie37@hotmail.com', 'mg_state': 1}, 'meta': {'msg': '设置状态成功', 'status': 200}}
接口响应时长: 5 ms
Http状态码: 200
断言结果: 200
=====================================================
INFO    2023-04-23 21:21:15,931G:\auto_api1_framework\logs\info-2023-04-23.log:log_decorator.py:42 
======================================================
用例标题: 修改用户状态失败（id为字符串）
请求路径: http://127.0.0.1:8888/api/private/v1/users/bJQYQU/state/false
请求方式: PUT
请求头:   {'User-Agent': 'python-requests/2.28.2', 'Accept-Encoding': 'gzip, deflate', 'Accept': '*/*', 'Connection': 'keep-alive', 'Authorization': 'Bearer eyJhbGciOiJIUzI1NiIsInR5cCI6IkpXVCJ9.eyJ1aWQiOjUwMCwicmlkIjowLCJpYXQiOjE2ODIyNTYwNzUsImV4cCI6MTY4MjM0MjQ3NX0.m64jx1Jj9HTsXMx0BCitBCz-ee9ea-gxRV_onkIoxQE', 'Content-Length': '0'}
请求内容: None
接口响应内容: {'data': None, 'meta': {'msg': '用户ID必须是数字', 'status': 400}}
接口响应时长: 1 ms
Http状态码: 200
断言结果: 200
=====================================================
INFO    2023-04-23 21:21:15,938G:\auto_api1_framework\logs\info-2023-04-23.log:log_decorator.py:42 
======================================================
用例标题: 修改用户状态失败（id包含特殊字符）
请求路径: http://127.0.0.1:8888/api/private/v1/users/!$$#)/state/false
请求方式: PUT
请求头:   {'User-Agent': 'python-requests/2.28.2', 'Accept-Encoding': 'gzip, deflate', 'Accept': '*/*', 'Connection': 'keep-alive', 'Authorization': 'Bearer eyJhbGciOiJIUzI1NiIsInR5cCI6IkpXVCJ9.eyJ1aWQiOjUwMCwicmlkIjowLCJpYXQiOjE2ODIyNTYwNzUsImV4cCI6MTY4MjM0MjQ3NX0.m64jx1Jj9HTsXMx0BCitBCz-ee9ea-gxRV_onkIoxQE', 'Content-Length': '0'}
请求内容: None
接口响应内容: {'data': None, 'meta': {'msg': '用户ID必须是数字', 'status': 400}}
接口响应时长: 2 ms
Http状态码: 200
断言结果: 200
=====================================================
INFO    2023-04-23 21:21:15,944G:\auto_api1_framework\logs\info-2023-04-23.log:log_decorator.py:42 
======================================================
用例标题: 修改用户状态失败（id不存在）
请求路径: http://127.0.0.1:8888/api/private/v1/users/state/false
请求方式: PUT
请求头:   {'User-Agent': 'python-requests/2.28.2', 'Accept-Encoding': 'gzip, deflate', 'Accept': '*/*', 'Connection': 'keep-alive', 'Authorization': 'Bearer eyJhbGciOiJIUzI1NiIsInR5cCI6IkpXVCJ9.eyJ1aWQiOjUwMCwicmlkIjowLCJpYXQiOjE2ODIyNTYwNzUsImV4cCI6MTY4MjM0MjQ3NX0.m64jx1Jj9HTsXMx0BCitBCz-ee9ea-gxRV_onkIoxQE', 'Content-Length': '0'}
请求内容: None
接口响应内容: {'data': None, 'meta': {'msg': 'Not Found', 'status': 404}}
接口响应时长: 2 ms
Http状态码: 200
断言结果: 200
=====================================================
INFO    2023-04-23 21:21:16,211G:\auto_api1_framework\logs\info-2023-04-23.log:log_decorator.py:42 
======================================================
用例标题: 创建用户成功（全部参数）
请求路径: http://127.0.0.1:8888/api/private/v1/users
请求方式: POST
请求头:   {'User-Agent': 'python-requests/2.28.2', 'Accept-Encoding': 'gzip, deflate', 'Accept': '*/*', 'Connection': 'keep-alive', 'Content-Type': 'application/json', 'Authorization': 'Bearer eyJhbGciOiJIUzI1NiIsInR5cCI6IkpXVCJ9.eyJ1aWQiOjUwMCwicmlkIjowLCJpYXQiOjE2ODIyNTYwNzUsImV4cCI6MTY4MjM0MjQ3NX0.m64jx1Jj9HTsXMx0BCitBCz-ee9ea-gxRV_onkIoxQE', 'Content-Length': '104'}
请求内容: {'username': 'lHctO432', 'password': '+)2Oi(Jo', 'email': 'fzhong@hotmail.com', 'mobile': '15288059711'}
接口响应内容: {'data': {'id': 1068, 'username': 'lHctO432', 'mobile': '15288059711', 'email': 'fzhong@hotmail.com', 'role_id': -1, 'create_time': 1682256076}, 'meta': {'msg': '创建成功', 'status': 201}}
接口响应时长: 86 ms
Http状态码: 200
断言结果: 200
=====================================================
INFO    2023-04-23 21:21:16,214G:\auto_api1_framework\logs\info-2023-04-23.log:log_decorator.py:42 
======================================================
用例标题: 修改用户状态失败（state为空）
请求路径: http://127.0.0.1:8888/api/private/v1/users/1068/state
请求方式: PUT
请求头:   {'User-Agent': 'python-requests/2.28.2', 'Accept-Encoding': 'gzip, deflate', 'Accept': '*/*', 'Connection': 'keep-alive', 'Authorization': 'Bearer eyJhbGciOiJIUzI1NiIsInR5cCI6IkpXVCJ9.eyJ1aWQiOjUwMCwicmlkIjowLCJpYXQiOjE2ODIyNTYwNzUsImV4cCI6MTY4MjM0MjQ3NX0.m64jx1Jj9HTsXMx0BCitBCz-ee9ea-gxRV_onkIoxQE', 'Content-Length': '0'}
请求内容: None
接口响应内容: {'data': None, 'meta': {'msg': 'Not Found', 'status': 404}}
接口响应时长: 1 ms
Http状态码: 200
断言结果: 200
=====================================================
INFO    2023-04-23 21:21:16,548G:\auto_api1_framework\logs\info-2023-04-23.log:log_decorator.py:42 
======================================================
用例标题: 创建用户成功（全部参数）
请求路径: http://127.0.0.1:8888/api/private/v1/users
请求方式: POST
请求头:   {'User-Agent': 'python-requests/2.28.2', 'Accept-Encoding': 'gzip, deflate', 'Accept': '*/*', 'Connection': 'keep-alive', 'Content-Type': 'application/json', 'Authorization': 'Bearer eyJhbGciOiJIUzI1NiIsInR5cCI6IkpXVCJ9.eyJ1aWQiOjUwMCwicmlkIjowLCJpYXQiOjE2ODIyNTYwNzUsImV4cCI6MTY4MjM0MjQ3NX0.m64jx1Jj9HTsXMx0BCitBCz-ee9ea-gxRV_onkIoxQE', 'Content-Length': '101'}
请求内容: {'username': 'aZUVm570', 'password': 'Kzk##2Ud', 'email': 'dgong@yahoo.com', 'mobile': '18245230282'}
接口响应内容: {'data': {'id': 1069, 'username': 'aZUVm570', 'mobile': '18245230282', 'email': 'dgong@yahoo.com', 'role_id': -1, 'create_time': 1682256076}, 'meta': {'msg': '创建成功', 'status': 201}}
接口响应时长: 86 ms
Http状态码: 200
断言结果: 200
=====================================================
INFO    2023-04-23 21:21:16,555G:\auto_api1_framework\logs\info-2023-04-23.log:log_decorator.py:42 
======================================================
用例标题: 修改用户状态成功（state为纯数字）
请求路径: http://127.0.0.1:8888/api/private/v1/users/1069/state/766120
请求方式: PUT
请求头:   {'User-Agent': 'python-requests/2.28.2', 'Accept-Encoding': 'gzip, deflate', 'Accept': '*/*', 'Connection': 'keep-alive', 'Authorization': 'Bearer eyJhbGciOiJIUzI1NiIsInR5cCI6IkpXVCJ9.eyJ1aWQiOjUwMCwicmlkIjowLCJpYXQiOjE2ODIyNTYwNzUsImV4cCI6MTY4MjM0MjQ3NX0.m64jx1Jj9HTsXMx0BCitBCz-ee9ea-gxRV_onkIoxQE', 'Content-Length': '0'}
请求内容: None
接口响应内容: {'data': {'id': 1069, 'rid': -1, 'username': 'aZUVm570', 'mobile': '18245230282', 'email': 'dgong@yahoo.com', 'mg_state': 0}, 'meta': {'msg': '设置状态成功', 'status': 200}}
接口响应时长: 5 ms
Http状态码: 200
断言结果: 200
=====================================================
INFO    2023-04-23 21:21:16,810G:\auto_api1_framework\logs\info-2023-04-23.log:log_decorator.py:42 
======================================================
用例标题: 创建用户成功（全部参数）
请求路径: http://127.0.0.1:8888/api/private/v1/users
请求方式: POST
请求头:   {'User-Agent': 'python-requests/2.28.2', 'Accept-Encoding': 'gzip, deflate', 'Accept': '*/*', 'Connection': 'keep-alive', 'Content-Type': 'application/json', 'Authorization': 'Bearer eyJhbGciOiJIUzI1NiIsInR5cCI6IkpXVCJ9.eyJ1aWQiOjUwMCwicmlkIjowLCJpYXQiOjE2ODIyNTYwNzUsImV4cCI6MTY4MjM0MjQ3NX0.m64jx1Jj9HTsXMx0BCitBCz-ee9ea-gxRV_onkIoxQE', 'Content-Length': '102'}
请求内容: {'username': 'FhsZy892', 'password': '$4ww+vNj', 'email': 'nadeng@yahoo.com', 'mobile': '13426440032'}
接口响应内容: {'data': {'id': 1070, 'username': 'FhsZy892', 'mobile': '13426440032', 'email': 'nadeng@yahoo.com', 'role_id': -1, 'create_time': 1682256076}, 'meta': {'msg': '创建成功', 'status': 201}}
接口响应时长: 84 ms
Http状态码: 200
断言结果: 200
=====================================================
INFO    2023-04-23 21:21:16,820G:\auto_api1_framework\logs\info-2023-04-23.log:log_decorator.py:42 
======================================================
用例标题: 修改用户状态成功（state为纯字母）
请求路径: http://127.0.0.1:8888/api/private/v1/users/1070/state/xxEbDM
请求方式: PUT
请求头:   {'User-Agent': 'python-requests/2.28.2', 'Accept-Encoding': 'gzip, deflate', 'Accept': '*/*', 'Connection': 'keep-alive', 'Authorization': 'Bearer eyJhbGciOiJIUzI1NiIsInR5cCI6IkpXVCJ9.eyJ1aWQiOjUwMCwicmlkIjowLCJpYXQiOjE2ODIyNTYwNzUsImV4cCI6MTY4MjM0MjQ3NX0.m64jx1Jj9HTsXMx0BCitBCz-ee9ea-gxRV_onkIoxQE', 'Content-Length': '0'}
请求内容: None
接口响应内容: {'data': {'id': 1070, 'rid': -1, 'username': 'FhsZy892', 'mobile': '13426440032', 'email': 'nadeng@yahoo.com', 'mg_state': 0}, 'meta': {'msg': '设置状态成功', 'status': 200}}
接口响应时长: 7 ms
Http状态码: 200
断言结果: 200
=====================================================
INFO    2023-04-23 21:21:17,066G:\auto_api1_framework\logs\info-2023-04-23.log:log_decorator.py:42 
======================================================
用例标题: 创建用户成功（全部参数）
请求路径: http://127.0.0.1:8888/api/private/v1/users
请求方式: POST
请求头:   {'User-Agent': 'python-requests/2.28.2', 'Accept-Encoding': 'gzip, deflate', 'Accept': '*/*', 'Connection': 'keep-alive', 'Content-Type': 'application/json', 'Authorization': 'Bearer eyJhbGciOiJIUzI1NiIsInR5cCI6IkpXVCJ9.eyJ1aWQiOjUwMCwicmlkIjowLCJpYXQiOjE2ODIyNTYwNzUsImV4cCI6MTY4MjM0MjQ3NX0.m64jx1Jj9HTsXMx0BCitBCz-ee9ea-gxRV_onkIoxQE', 'Content-Length': '101'}
请求内容: {'username': 'EZUUA946', 'password': 't!4K@t4x', 'email': 'lei09@yahoo.com', 'mobile': '18869522347'}
接口响应内容: {'data': {'id': 1071, 'username': 'EZUUA946', 'mobile': '18869522347', 'email': 'lei09@yahoo.com', 'role_id': -1, 'create_time': 1682256077}, 'meta': {'msg': '创建成功', 'status': 201}}
接口响应时长: 85 ms
Http状态码: 200
断言结果: 200
=====================================================
INFO    2023-04-23 21:21:17,077G:\auto_api1_framework\logs\info-2023-04-23.log:log_decorator.py:42 
======================================================
用例标题: 修改用户状态成功（state包含特殊字符）
请求路径: http://127.0.0.1:8888/api/private/v1/users/1071/state/)_%25_&
请求方式: PUT
请求头:   {'User-Agent': 'python-requests/2.28.2', 'Accept-Encoding': 'gzip, deflate', 'Accept': '*/*', 'Connection': 'keep-alive', 'Authorization': 'Bearer eyJhbGciOiJIUzI1NiIsInR5cCI6IkpXVCJ9.eyJ1aWQiOjUwMCwicmlkIjowLCJpYXQiOjE2ODIyNTYwNzUsImV4cCI6MTY4MjM0MjQ3NX0.m64jx1Jj9HTsXMx0BCitBCz-ee9ea-gxRV_onkIoxQE', 'Content-Length': '0'}
请求内容: None
接口响应内容: {'data': {'id': 1071, 'rid': -1, 'username': 'EZUUA946', 'mobile': '18869522347', 'email': 'lei09@yahoo.com', 'mg_state': 0}, 'meta': {'msg': '设置状态成功', 'status': 200}}
接口响应时长: 8 ms
Http状态码: 200
断言结果: 200
=====================================================
INFO    2023-04-23 21:28:00,963G:\auto_api1_framework\logs\info-2023-04-23.log:log_decorator.py:42 
======================================================
用例标题: 创建用户成功（必填参数）
请求路径: http://127.0.0.1:8888/api/private/v1/users
请求方式: POST
请求头:   {'User-Agent': 'python-requests/2.28.2', 'Accept-Encoding': 'gzip, deflate', 'Accept': '*/*', 'Connection': 'keep-alive', 'Content-Type': 'application/json', 'Authorization': 'Bearer eyJhbGciOiJIUzI1NiIsInR5cCI6IkpXVCJ9.eyJ1aWQiOjUwMCwicmlkIjowLCJpYXQiOjE2ODIyNTY0ODAsImV4cCI6MTY4MjM0Mjg4MH0.3hQ7Cx7y6ghBdDz2EXZhy6ocTjK3DO81xibP4VBgWZ8', 'Content-Length': '48'}
请求内容: {'username': 'NTUug521', 'password': 'W^20XxT1'}
接口响应内容: {'data': {'id': 1072, 'username': 'NTUug521', 'role_id': -1, 'create_time': 1682256480}, 'meta': {'msg': '创建成功', 'status': 201}}
接口响应时长: 81 ms
Http状态码: 200
断言结果: 200
=====================================================
INFO    2023-04-23 21:28:01,046G:\auto_api1_framework\logs\info-2023-04-23.log:log_decorator.py:42 
======================================================
用例标题: 创建用户成功（必填+选填参数）
请求路径: http://127.0.0.1:8888/api/private/v1/users
请求方式: POST
请求头:   {'User-Agent': 'python-requests/2.28.2', 'Accept-Encoding': 'gzip, deflate', 'Accept': '*/*', 'Connection': 'keep-alive', 'Content-Type': 'application/json', 'Authorization': 'Bearer eyJhbGciOiJIUzI1NiIsInR5cCI6IkpXVCJ9.eyJ1aWQiOjUwMCwicmlkIjowLCJpYXQiOjE2ODIyNTY0ODAsImV4cCI6MTY4MjM0Mjg4MH0.3hQ7Cx7y6ghBdDz2EXZhy6ocTjK3DO81xibP4VBgWZ8', 'Content-Length': '78'}
请求内容: {'username': 'KyYSU524', 'password': 'admin123@!', 'email': 'lizhu@yahoo.com'}
接口响应内容: {'data': {'id': 1073, 'username': 'KyYSU524', 'email': 'lizhu@yahoo.com', 'role_id': -1, 'create_time': 1682256481}, 'meta': {'msg': '创建成功', 'status': 201}}
接口响应时长: 77 ms
Http状态码: 200
断言结果: 200
=====================================================
INFO    2023-04-23 21:28:01,135G:\auto_api1_framework\logs\info-2023-04-23.log:log_decorator.py:42 
======================================================
用例标题: 创建用户成功（全部参数）
请求路径: http://127.0.0.1:8888/api/private/v1/users
请求方式: POST
请求头:   {'User-Agent': 'python-requests/2.28.2', 'Accept-Encoding': 'gzip, deflate', 'Accept': '*/*', 'Connection': 'keep-alive', 'Content-Type': 'application/json', 'Authorization': 'Bearer eyJhbGciOiJIUzI1NiIsInR5cCI6IkpXVCJ9.eyJ1aWQiOjUwMCwicmlkIjowLCJpYXQiOjE2ODIyNTY0ODAsImV4cCI6MTY4MjM0Mjg4MH0.3hQ7Cx7y6ghBdDz2EXZhy6ocTjK3DO81xibP4VBgWZ8', 'Content-Length': '101'}
请求内容: {'username': 'Wtabs816', 'password': 'pj)%c4Yl', 'email': 'yan66@gmail.com', 'mobile': '15835444532'}
接口响应内容: {'data': {'id': 1074, 'username': 'Wtabs816', 'mobile': '15835444532', 'email': 'yan66@gmail.com', 'role_id': -1, 'create_time': 1682256481}, 'meta': {'msg': '创建成功', 'status': 201}}
接口响应时长: 85 ms
Http状态码: 200
断言结果: 200
=====================================================
INFO    2023-04-23 21:28:01,142G:\auto_api1_framework\logs\info-2023-04-23.log:log_decorator.py:42 
======================================================
用例标题: 创建已存在用户
请求路径: http://127.0.0.1:8888/api/private/v1/users
请求方式: POST
请求头:   {'User-Agent': 'python-requests/2.28.2', 'Accept-Encoding': 'gzip, deflate', 'Accept': '*/*', 'Connection': 'keep-alive', 'Content-Type': 'application/json', 'Authorization': 'Bearer eyJhbGciOiJIUzI1NiIsInR5cCI6IkpXVCJ9.eyJ1aWQiOjUwMCwicmlkIjowLCJpYXQiOjE2ODIyNTY0ODAsImV4cCI6MTY4MjM0Mjg4MH0.3hQ7Cx7y6ghBdDz2EXZhy6ocTjK3DO81xibP4VBgWZ8', 'Content-Length': '43'}
请求内容: {'username': 'admin', 'password': '123456'}
接口响应内容: {'data': None, 'meta': {'msg': '用户名已存在', 'status': 400}}
接口响应时长: 3 ms
Http状态码: 200
断言结果: 200
=====================================================
INFO    2023-04-23 21:28:01,147G:\auto_api1_framework\logs\info-2023-04-23.log:log_decorator.py:42 
======================================================
用例标题: 用户名为空
请求路径: http://127.0.0.1:8888/api/private/v1/users
请求方式: POST
请求头:   {'User-Agent': 'python-requests/2.28.2', 'Accept-Encoding': 'gzip, deflate', 'Accept': '*/*', 'Connection': 'keep-alive', 'Content-Type': 'application/json', 'Authorization': 'Bearer eyJhbGciOiJIUzI1NiIsInR5cCI6IkpXVCJ9.eyJ1aWQiOjUwMCwicmlkIjowLCJpYXQiOjE2ODIyNTY0ODAsImV4cCI6MTY4MjM0Mjg4MH0.3hQ7Cx7y6ghBdDz2EXZhy6ocTjK3DO81xibP4VBgWZ8', 'Content-Length': '38'}
请求内容: {'username': '', 'password': '123456'}
接口响应内容: {'data': None, 'meta': {'msg': '用户名不能为空', 'status': 400}}
接口响应时长: 1 ms
Http状态码: 200
断言结果: 200
=====================================================
INFO    2023-04-23 21:28:01,235G:\auto_api1_framework\logs\info-2023-04-23.log:log_decorator.py:42 
======================================================
用例标题: 用户名纯数字
请求路径: http://127.0.0.1:8888/api/private/v1/users
请求方式: POST
请求头:   {'User-Agent': 'python-requests/2.28.2', 'Accept-Encoding': 'gzip, deflate', 'Accept': '*/*', 'Connection': 'keep-alive', 'Content-Type': 'application/json', 'Authorization': 'Bearer eyJhbGciOiJIUzI1NiIsInR5cCI6IkpXVCJ9.eyJ1aWQiOjUwMCwicmlkIjowLCJpYXQiOjE2ODIyNTY0ODAsImV4cCI6MTY4MjM0Mjg4MH0.3hQ7Cx7y6ghBdDz2EXZhy6ocTjK3DO81xibP4VBgWZ8', 'Content-Length': '44'}
请求内容: {'username': '435154', 'password': '123456'}
接口响应内容: {'data': {'id': 1075, 'username': '435154', 'role_id': -1, 'create_time': 1682256481}, 'meta': {'msg': '创建成功', 'status': 201}}
接口响应时长: 83 ms
Http状态码: 200
断言结果: 200
=====================================================
INFO    2023-04-23 21:28:01,320G:\auto_api1_framework\logs\info-2023-04-23.log:log_decorator.py:42 
======================================================
用例标题: 用户名纯字母
请求路径: http://127.0.0.1:8888/api/private/v1/users
请求方式: POST
请求头:   {'User-Agent': 'python-requests/2.28.2', 'Accept-Encoding': 'gzip, deflate', 'Accept': '*/*', 'Connection': 'keep-alive', 'Content-Type': 'application/json', 'Authorization': 'Bearer eyJhbGciOiJIUzI1NiIsInR5cCI6IkpXVCJ9.eyJ1aWQiOjUwMCwicmlkIjowLCJpYXQiOjE2ODIyNTY0ODAsImV4cCI6MTY4MjM0Mjg4MH0.3hQ7Cx7y6ghBdDz2EXZhy6ocTjK3DO81xibP4VBgWZ8', 'Content-Length': '44'}
请求内容: {'username': 'ElmXJR', 'password': '123456'}
接口响应内容: {'data': {'id': 1076, 'username': 'ElmXJR', 'role_id': -1, 'create_time': 1682256481}, 'meta': {'msg': '创建成功', 'status': 201}}
接口响应时长: 82 ms
Http状态码: 200
断言结果: 200
=====================================================
INFO    2023-04-23 21:28:01,407G:\auto_api1_framework\logs\info-2023-04-23.log:log_decorator.py:42 
======================================================
用例标题: 用户名包含中文、特殊字符
请求路径: http://127.0.0.1:8888/api/private/v1/users
请求方式: POST
请求头:   {'User-Agent': 'python-requests/2.28.2', 'Accept-Encoding': 'gzip, deflate', 'Accept': '*/*', 'Connection': 'keep-alive', 'Content-Type': 'application/json', 'Authorization': 'Bearer eyJhbGciOiJIUzI1NiIsInR5cCI6IkpXVCJ9.eyJ1aWQiOjUwMCwicmlkIjowLCJpYXQiOjE2ODIyNTY0ODAsImV4cCI6MTY4MjM0Mjg4MH0.3hQ7Cx7y6ghBdDz2EXZhy6ocTjK3DO81xibP4VBgWZ8', 'Content-Length': '62'}
请求内容: {'username': '林建国ePqQFh', 'password': '123456'}
接口响应内容: {'data': {'id': 1077, 'username': '林建国ePqQFh', 'role_id': -1, 'create_time': 1682256481}, 'meta': {'msg': '创建成功', 'status': 201}}
接口响应时长: 83 ms
Http状态码: 200
断言结果: 200
=====================================================
INFO    2023-04-23 21:28:01,414G:\auto_api1_framework\logs\info-2023-04-23.log:log_decorator.py:42 
======================================================
用例标题: 密码为空
请求路径: http://127.0.0.1:8888/api/private/v1/users
请求方式: POST
请求头:   {'User-Agent': 'python-requests/2.28.2', 'Accept-Encoding': 'gzip, deflate', 'Accept': '*/*', 'Connection': 'keep-alive', 'Content-Type': 'application/json', 'Authorization': 'Bearer eyJhbGciOiJIUzI1NiIsInR5cCI6IkpXVCJ9.eyJ1aWQiOjUwMCwicmlkIjowLCJpYXQiOjE2ODIyNTY0ODAsImV4cCI6MTY4MjM0Mjg4MH0.3hQ7Cx7y6ghBdDz2EXZhy6ocTjK3DO81xibP4VBgWZ8', 'Content-Length': '40'}
请求内容: {'username': 'OqOwH737', 'password': ''}
接口响应内容: {'data': None, 'meta': {'msg': '密码不能为空', 'status': 400}}
接口响应时长: 2 ms
Http状态码: 200
断言结果: 200
=====================================================
INFO    2023-04-23 21:28:01,499G:\auto_api1_framework\logs\info-2023-04-23.log:log_decorator.py:42 
======================================================
用例标题: 密码为纯数字
请求路径: http://127.0.0.1:8888/api/private/v1/users
请求方式: POST
请求头:   {'User-Agent': 'python-requests/2.28.2', 'Accept-Encoding': 'gzip, deflate', 'Accept': '*/*', 'Connection': 'keep-alive', 'Content-Type': 'application/json', 'Authorization': 'Bearer eyJhbGciOiJIUzI1NiIsInR5cCI6IkpXVCJ9.eyJ1aWQiOjUwMCwicmlkIjowLCJpYXQiOjE2ODIyNTY0ODAsImV4cCI6MTY4MjM0Mjg4MH0.3hQ7Cx7y6ghBdDz2EXZhy6ocTjK3DO81xibP4VBgWZ8', 'Content-Length': '46'}
请求内容: {'username': 'sjDYF419', 'password': '552553'}
接口响应内容: {'data': {'id': 1078, 'username': 'sjDYF419', 'role_id': -1, 'create_time': 1682256481}, 'meta': {'msg': '创建成功', 'status': 201}}
接口响应时长: 82 ms
Http状态码: 200
断言结果: 200
=====================================================
INFO    2023-04-23 21:28:01,586G:\auto_api1_framework\logs\info-2023-04-23.log:log_decorator.py:42 
======================================================
用例标题: 密码为纯字母
请求路径: http://127.0.0.1:8888/api/private/v1/users
请求方式: POST
请求头:   {'User-Agent': 'python-requests/2.28.2', 'Accept-Encoding': 'gzip, deflate', 'Accept': '*/*', 'Connection': 'keep-alive', 'Content-Type': 'application/json', 'Authorization': 'Bearer eyJhbGciOiJIUzI1NiIsInR5cCI6IkpXVCJ9.eyJ1aWQiOjUwMCwicmlkIjowLCJpYXQiOjE2ODIyNTY0ODAsImV4cCI6MTY4MjM0Mjg4MH0.3hQ7Cx7y6ghBdDz2EXZhy6ocTjK3DO81xibP4VBgWZ8', 'Content-Length': '46'}
请求内容: {'username': 'vhSJE588', 'password': 'wfkdIH'}
接口响应内容: {'data': {'id': 1079, 'username': 'vhSJE588', 'role_id': -1, 'create_time': 1682256481}, 'meta': {'msg': '创建成功', 'status': 201}}
接口响应时长: 81 ms
Http状态码: 200
断言结果: 200
=====================================================
INFO    2023-04-23 21:28:01,670G:\auto_api1_framework\logs\info-2023-04-23.log:log_decorator.py:42 
======================================================
用例标题: 100位密码
请求路径: http://127.0.0.1:8888/api/private/v1/users
请求方式: POST
请求头:   {'User-Agent': 'python-requests/2.28.2', 'Accept-Encoding': 'gzip, deflate', 'Accept': '*/*', 'Connection': 'keep-alive', 'Content-Type': 'application/json', 'Authorization': 'Bearer eyJhbGciOiJIUzI1NiIsInR5cCI6IkpXVCJ9.eyJ1aWQiOjUwMCwicmlkIjowLCJpYXQiOjE2ODIyNTY0ODAsImV4cCI6MTY4MjM0Mjg4MH0.3hQ7Cx7y6ghBdDz2EXZhy6ocTjK3DO81xibP4VBgWZ8', 'Content-Length': '141'}
请求内容: {'username': 'XqMLc471', 'password': '_UfB^hQ+knf4w!&425E40Wr6a_ht74A*hQ1n0Pg#4pBSPNu8U!uVaWgE1E%!iw1gnplkWk8R4F^4*V1fz0&VbRAdE6Z*7vHcJK8n)'}
接口响应内容: {'data': {'id': 1080, 'username': 'XqMLc471', 'role_id': -1, 'create_time': 1682256481}, 'meta': {'msg': '创建成功', 'status': 201}}
接口响应时长: 81 ms
Http状态码: 200
断言结果: 200
=====================================================
INFO    2023-04-23 21:28:01,757G:\auto_api1_framework\logs\info-2023-04-23.log:log_decorator.py:42 
======================================================
用例标题: 多参：多abc
请求路径: http://127.0.0.1:8888/api/private/v1/users
请求方式: POST
请求头:   {'User-Agent': 'python-requests/2.28.2', 'Accept-Encoding': 'gzip, deflate', 'Accept': '*/*', 'Connection': 'keep-alive', 'Content-Type': 'application/json', 'Authorization': 'Bearer eyJhbGciOiJIUzI1NiIsInR5cCI6IkpXVCJ9.eyJ1aWQiOjUwMCwicmlkIjowLCJpYXQiOjE2ODIyNTY0ODAsImV4cCI6MTY4MjM0Mjg4MH0.3hQ7Cx7y6ghBdDz2EXZhy6ocTjK3DO81xibP4VBgWZ8', 'Content-Length': '65'}
请求内容: {'username': 'Gkwgh725', 'password': 'vEG%5rUl', 'abc': '901817'}
接口响应内容: {'data': {'id': 1081, 'username': 'Gkwgh725', 'role_id': -1, 'create_time': 1682256481}, 'meta': {'msg': '创建成功', 'status': 201}}
接口响应时长: 82 ms
Http状态码: 200
断言结果: 200
=====================================================
INFO    2023-04-23 21:28:01,764G:\auto_api1_framework\logs\info-2023-04-23.log:log_decorator.py:42 
======================================================
用例标题: 少参：缺少username
请求路径: http://127.0.0.1:8888/api/private/v1/users
请求方式: POST
请求头:   {'User-Agent': 'python-requests/2.28.2', 'Accept-Encoding': 'gzip, deflate', 'Accept': '*/*', 'Connection': 'keep-alive', 'Content-Type': 'application/json', 'Authorization': 'Bearer eyJhbGciOiJIUzI1NiIsInR5cCI6IkpXVCJ9.eyJ1aWQiOjUwMCwicmlkIjowLCJpYXQiOjE2ODIyNTY0ODAsImV4cCI6MTY4MjM0Mjg4MH0.3hQ7Cx7y6ghBdDz2EXZhy6ocTjK3DO81xibP4VBgWZ8', 'Content-Length': '24'}
请求内容: {'password': '%6Qb3msN'}
接口响应内容: {'data': None, 'meta': {'msg': '用户名不能为空', 'status': 400}}
接口响应时长: 2 ms
Http状态码: 200
断言结果: 200
=====================================================
INFO    2023-04-23 21:28:01,769G:\auto_api1_framework\logs\info-2023-04-23.log:log_decorator.py:42 
======================================================
用例标题: 没有参数
请求路径: http://127.0.0.1:8888/api/private/v1/users
请求方式: POST
请求头:   {'User-Agent': 'python-requests/2.28.2', 'Accept-Encoding': 'gzip, deflate', 'Accept': '*/*', 'Connection': 'keep-alive', 'Content-Type': 'application/json', 'Authorization': 'Bearer eyJhbGciOiJIUzI1NiIsInR5cCI6IkpXVCJ9.eyJ1aWQiOjUwMCwicmlkIjowLCJpYXQiOjE2ODIyNTY0ODAsImV4cCI6MTY4MjM0Mjg4MH0.3hQ7Cx7y6ghBdDz2EXZhy6ocTjK3DO81xibP4VBgWZ8', 'Content-Length': '0'}
请求内容: None
接口响应内容: {'data': None, 'meta': {'msg': '用户名不能为空', 'status': 400}}
接口响应时长: 2 ms
Http状态码: 200
断言结果: 200
=====================================================
INFO    2023-04-23 21:28:01,775G:\auto_api1_framework\logs\info-2023-04-23.log:log_decorator.py:42 
======================================================
用例标题: 错误参数：修改username为test
请求路径: http://127.0.0.1:8888/api/private/v1/users
请求方式: POST
请求头:   {'User-Agent': 'python-requests/2.28.2', 'Accept-Encoding': 'gzip, deflate', 'Accept': '*/*', 'Connection': 'keep-alive', 'Content-Type': 'application/json', 'Authorization': 'Bearer eyJhbGciOiJIUzI1NiIsInR5cCI6IkpXVCJ9.eyJ1aWQiOjUwMCwicmlkIjowLCJpYXQiOjE2ODIyNTY0ODAsImV4cCI6MTY4MjM0Mjg4MH0.3hQ7Cx7y6ghBdDz2EXZhy6ocTjK3DO81xibP4VBgWZ8', 'Content-Length': '44'}
请求内容: {'test': 'xKrZs773', 'password': '#8Ld8Wsd'}
接口响应内容: {'data': None, 'meta': {'msg': '用户名不能为空', 'status': 400}}
接口响应时长: 2 ms
Http状态码: 200
断言结果: 200
=====================================================
INFO    2023-04-23 21:40:53,259G:\auto_api1_framework\logs\info-2023-04-23.log:log_decorator.py:42 
======================================================
用例标题: 添加商品成功
请求路径: http://127.0.0.1:8888/api/private/v1/goods
请求方式: POST
请求头:   {'User-Agent': 'python-requests/2.28.2', 'Accept-Encoding': 'gzip, deflate', 'Accept': '*/*', 'Connection': 'keep-alive', 'Authorization': 'Bearer eyJhbGciOiJIUzI1NiIsInR5cCI6IkpXVCJ9.eyJ1aWQiOjUwMCwicmlkIjowLCJpYXQiOjE2ODIyNTcyNTMsImV4cCI6MTY4MjM0MzY1M30.6LmmMTcTZGlu8f6vQhJHZJ4zKRy-DqcQimrOtVlw2qY', 'Content-Length': '216', 'Content-Type': 'application/json'}
请求内容: {'goods_name': '手机壳rWPXoz', 'goods_cat': '1,2,3', 'goods_price': '19.9', 'goods_number': '200', 'goods_weight': '100', 'goods_introduce': '手机壳', 'pics': '', 'attr': '手机壳'}
接口响应内容: {'data': {'goods_id': 978, 'cat_id': '3', 'goods_name': '手机壳rWPXoz', 'goods_price': 19.9, 'goods_number': 200, 'goods_weight': 100, 'goods_introduce': '手机壳', 'goods_big_logo': '', 'goods_small_logo': '', 'goods_state': None, 'is_del': '0', 'add_time': 1682257253, 'upd_time': 1682257253, 'delete_time': None, 'hot_mumber': 0, 'is_promote': False, 'cat_one_id': '1', 'cat_two_id': '2', 'cat_three_id': '3', 'goods_cat': '1,2,3', 'pics': [], 'attrs': []}, 'meta': {'msg': '创建商品成功', 'status': 201}}
接口响应时长: 31 ms
Http状态码: 200
断言结果: 200
=====================================================
INFO    2023-04-23 21:40:53,271G:\auto_api1_framework\logs\info-2023-04-23.log:log_decorator.py:42 
======================================================
用例标题: 添加商品失败（name为空）
请求路径: http://127.0.0.1:8888/api/private/v1/goods
请求方式: POST
请求头:   {'User-Agent': 'python-requests/2.28.2', 'Accept-Encoding': 'gzip, deflate', 'Accept': '*/*', 'Connection': 'keep-alive', 'Authorization': 'Bearer eyJhbGciOiJIUzI1NiIsInR5cCI6IkpXVCJ9.eyJ1aWQiOjUwMCwicmlkIjowLCJpYXQiOjE2ODIyNTcyNTMsImV4cCI6MTY4MjM0MzY1M30.6LmmMTcTZGlu8f6vQhJHZJ4zKRy-DqcQimrOtVlw2qY', 'Content-Length': '194', 'Content-Type': 'application/json'}
请求内容: {'goods_name': None, 'goods_cat': '1,2,3', 'goods_price': '19.9', 'goods_number': '200', 'goods_weight': '100', 'goods_introduce': '手机壳', 'pics': '', 'attr': '手机壳'}
接口响应内容: {'data': None, 'meta': {'msg': '商品名称不能为空', 'status': 400}}
接口响应时长: 2 ms
Http状态码: 200
断言结果: 200
=====================================================
INFO    2023-04-23 21:40:53,278G:\auto_api1_framework\logs\info-2023-04-23.log:log_decorator.py:42 
======================================================
用例标题: 添加商品失败（cat为空）
请求路径: http://127.0.0.1:8888/api/private/v1/goods
请求方式: POST
请求头:   {'User-Agent': 'python-requests/2.28.2', 'Accept-Encoding': 'gzip, deflate', 'Accept': '*/*', 'Connection': 'keep-alive', 'Authorization': 'Bearer eyJhbGciOiJIUzI1NiIsInR5cCI6IkpXVCJ9.eyJ1aWQiOjUwMCwicmlkIjowLCJpYXQiOjE2ODIyNTcyNTMsImV4cCI6MTY4MjM0MzY1M30.6LmmMTcTZGlu8f6vQhJHZJ4zKRy-DqcQimrOtVlw2qY', 'Content-Length': '211', 'Content-Type': 'application/json'}
请求内容: {'goods_name': '手机壳mVfwJo', 'goods_cat': '', 'goods_price': '19.9', 'goods_number': '200', 'goods_weight': '100', 'goods_introduce': '手机壳', 'pics': '', 'attr': '手机壳'}
接口响应内容: {'data': None, 'meta': {'msg': '商品没有设置所属分类', 'status': 400}}
接口响应时长: 3 ms
Http状态码: 200
断言结果: 200
=====================================================
INFO    2023-04-23 21:40:53,285G:\auto_api1_framework\logs\info-2023-04-23.log:log_decorator.py:42 
======================================================
用例标题: 添加商品失败（price为空）
请求路径: http://127.0.0.1:8888/api/private/v1/goods
请求方式: POST
请求头:   {'User-Agent': 'python-requests/2.28.2', 'Accept-Encoding': 'gzip, deflate', 'Accept': '*/*', 'Connection': 'keep-alive', 'Authorization': 'Bearer eyJhbGciOiJIUzI1NiIsInR5cCI6IkpXVCJ9.eyJ1aWQiOjUwMCwicmlkIjowLCJpYXQiOjE2ODIyNTcyNTMsImV4cCI6MTY4MjM0MzY1M30.6LmmMTcTZGlu8f6vQhJHZJ4zKRy-DqcQimrOtVlw2qY', 'Content-Length': '212', 'Content-Type': 'application/json'}
请求内容: {'goods_name': '手机壳twJtfi', 'goods_cat': '1,2,3', 'goods_price': '', 'goods_number': '200', 'goods_weight': '100', 'goods_introduce': '手机壳', 'pics': '', 'attr': '手机壳'}
接口响应内容: {'data': None, 'meta': {'msg': '商品价格不能为空', 'status': 400}}
接口响应时长: 2 ms
Http状态码: 200
断言结果: 200
=====================================================
INFO    2023-04-23 21:40:53,291G:\auto_api1_framework\logs\info-2023-04-23.log:log_decorator.py:42 
======================================================
用例标题: 添加商品失败（number为空）
请求路径: http://127.0.0.1:8888/api/private/v1/goods
请求方式: POST
请求头:   {'User-Agent': 'python-requests/2.28.2', 'Accept-Encoding': 'gzip, deflate', 'Accept': '*/*', 'Connection': 'keep-alive', 'Authorization': 'Bearer eyJhbGciOiJIUzI1NiIsInR5cCI6IkpXVCJ9.eyJ1aWQiOjUwMCwicmlkIjowLCJpYXQiOjE2ODIyNTcyNTMsImV4cCI6MTY4MjM0MzY1M30.6LmmMTcTZGlu8f6vQhJHZJ4zKRy-DqcQimrOtVlw2qY', 'Content-Length': '213', 'Content-Type': 'application/json'}
请求内容: {'goods_name': '手机壳BORdlc', 'goods_cat': '1,2,3', 'goods_price': '19.9', 'goods_number': '', 'goods_weight': '100', 'goods_introduce': '手机壳', 'pics': '', 'attr': '手机壳'}
接口响应内容: {'data': None, 'meta': {'msg': '商品数量不能为空', 'status': 400}}
接口响应时长: 2 ms
Http状态码: 200
断言结果: 200
=====================================================
INFO    2023-04-23 21:40:53,314G:\auto_api1_framework\logs\info-2023-04-23.log:log_decorator.py:42 
======================================================
用例标题: 添加商品失败（weight为空）
请求路径: http://127.0.0.1:8888/api/private/v1/goods
请求方式: POST
请求头:   {'User-Agent': 'python-requests/2.28.2', 'Accept-Encoding': 'gzip, deflate', 'Accept': '*/*', 'Connection': 'keep-alive', 'Authorization': 'Bearer eyJhbGciOiJIUzI1NiIsInR5cCI6IkpXVCJ9.eyJ1aWQiOjUwMCwicmlkIjowLCJpYXQiOjE2ODIyNTcyNTMsImV4cCI6MTY4MjM0MzY1M30.6LmmMTcTZGlu8f6vQhJHZJ4zKRy-DqcQimrOtVlw2qY', 'Content-Length': '213', 'Content-Type': 'application/json'}
请求内容: {'goods_name': '手机壳wJNkxa', 'goods_cat': '1,2,3', 'goods_price': '19.9', 'goods_number': '200', 'goods_weight': '', 'goods_introduce': '手机壳', 'pics': '', 'attr': '手机壳'}
接口响应内容: {'data': {'goods_id': 979, 'cat_id': '3', 'goods_name': '手机壳wJNkxa', 'goods_price': 19.9, 'goods_number': 200, 'goods_weight': 0, 'goods_introduce': '手机壳', 'goods_big_logo': '', 'goods_small_logo': '', 'goods_state': None, 'is_del': '0', 'add_time': 1682257253, 'upd_time': 1682257253, 'delete_time': None, 'hot_mumber': 0, 'is_promote': False, 'cat_one_id': '1', 'cat_two_id': '2', 'cat_three_id': '3', 'goods_cat': '1,2,3', 'pics': [], 'attrs': []}, 'meta': {'msg': '创建商品成功', 'status': 201}}
接口响应时长: 17 ms
Http状态码: 200
断言结果: 200
=====================================================
INFO    2023-04-23 21:40:53,419G:\auto_api1_framework\logs\info-2023-04-23.log:log_decorator.py:42 
======================================================
用例标题: 添加商品失败（introduce为空）
请求路径: http://127.0.0.1:8888/api/private/v1/goods
请求方式: POST
请求头:   {'User-Agent': 'python-requests/2.28.2', 'Accept-Encoding': 'gzip, deflate', 'Accept': '*/*', 'Connection': 'keep-alive', 'Authorization': 'Bearer eyJhbGciOiJIUzI1NiIsInR5cCI6IkpXVCJ9.eyJ1aWQiOjUwMCwicmlkIjowLCJpYXQiOjE2ODIyNTcyNTMsImV4cCI6MTY4MjM0MzY1M30.6LmmMTcTZGlu8f6vQhJHZJ4zKRy-DqcQimrOtVlw2qY', 'Content-Length': '198', 'Content-Type': 'application/json'}
请求内容: {'goods_name': '手机壳iqKCTi', 'goods_cat': '1,2,3', 'goods_price': '19.9', 'goods_number': '200', 'goods_weight': '100', 'goods_introduce': '', 'pics': '', 'attr': '手机壳'}
接口响应内容: {'data': {'goods_id': 980, 'cat_id': '3', 'goods_name': '手机壳iqKCTi', 'goods_price': 19.9, 'goods_number': 200, 'goods_weight': 100, 'goods_introduce': None, 'goods_big_logo': '', 'goods_small_logo': '', 'goods_state': None, 'is_del': '0', 'add_time': 1682257253, 'upd_time': 1682257253, 'delete_time': None, 'hot_mumber': 0, 'is_promote': False, 'cat_one_id': '1', 'cat_two_id': '2', 'cat_three_id': '3', 'goods_cat': '1,2,3', 'pics': [], 'attrs': []}, 'meta': {'msg': '创建商品成功', 'status': 201}}
接口响应时长: 17 ms
Http状态码: 200
断言结果: 200
=====================================================
INFO    2023-04-23 21:40:53,446G:\auto_api1_framework\logs\info-2023-04-23.log:log_decorator.py:42 
======================================================
用例标题: 添加商品成功（商品名称纯数字）
请求路径: http://127.0.0.1:8888/api/private/v1/goods
请求方式: POST
请求头:   {'User-Agent': 'python-requests/2.28.2', 'Accept-Encoding': 'gzip, deflate', 'Accept': '*/*', 'Connection': 'keep-alive', 'Authorization': 'Bearer eyJhbGciOiJIUzI1NiIsInR5cCI6IkpXVCJ9.eyJ1aWQiOjUwMCwicmlkIjowLCJpYXQiOjE2ODIyNTcyNTMsImV4cCI6MTY4MjM0MzY1M30.6LmmMTcTZGlu8f6vQhJHZJ4zKRy-DqcQimrOtVlw2qY', 'Content-Length': '198', 'Content-Type': 'application/json'}
请求内容: {'goods_name': '894063', 'goods_cat': '1,2,3', 'goods_price': '19.9', 'goods_number': '200', 'goods_weight': '100', 'goods_introduce': '手机壳', 'pics': '', 'attr': '手机壳'}
接口响应内容: {'data': {'goods_id': 981, 'cat_id': '3', 'goods_name': '894063', 'goods_price': 19.9, 'goods_number': 200, 'goods_weight': 100, 'goods_introduce': '手机壳', 'goods_big_logo': '', 'goods_small_logo': '', 'goods_state': None, 'is_del': '0', 'add_time': 1682257253, 'upd_time': 1682257253, 'delete_time': None, 'hot_mumber': 0, 'is_promote': False, 'cat_one_id': '1', 'cat_two_id': '2', 'cat_three_id': '3', 'goods_cat': '1,2,3', 'pics': [], 'attrs': []}, 'meta': {'msg': '创建商品成功', 'status': 201}}
接口响应时长: 19 ms
Http状态码: 200
断言结果: 200
=====================================================
INFO    2023-04-23 21:40:53,467G:\auto_api1_framework\logs\info-2023-04-23.log:log_decorator.py:42 
======================================================
用例标题: 添加商品成功（商品名称纯字母）
请求路径: http://127.0.0.1:8888/api/private/v1/goods
请求方式: POST
请求头:   {'User-Agent': 'python-requests/2.28.2', 'Accept-Encoding': 'gzip, deflate', 'Accept': '*/*', 'Connection': 'keep-alive', 'Authorization': 'Bearer eyJhbGciOiJIUzI1NiIsInR5cCI6IkpXVCJ9.eyJ1aWQiOjUwMCwicmlkIjowLCJpYXQiOjE2ODIyNTcyNTMsImV4cCI6MTY4MjM0MzY1M30.6LmmMTcTZGlu8f6vQhJHZJ4zKRy-DqcQimrOtVlw2qY', 'Content-Length': '198', 'Content-Type': 'application/json'}
请求内容: {'goods_name': 'GGgszT', 'goods_cat': '1,2,3', 'goods_price': '19.9', 'goods_number': '200', 'goods_weight': '100', 'goods_introduce': '手机壳', 'pics': '', 'attr': '手机壳'}
接口响应内容: {'data': {'goods_id': 982, 'cat_id': '3', 'goods_name': 'GGgszT', 'goods_price': 19.9, 'goods_number': 200, 'goods_weight': 100, 'goods_introduce': '手机壳', 'goods_big_logo': '', 'goods_small_logo': '', 'goods_state': None, 'is_del': '0', 'add_time': 1682257253, 'upd_time': 1682257253, 'delete_time': None, 'hot_mumber': 0, 'is_promote': False, 'cat_one_id': '1', 'cat_two_id': '2', 'cat_three_id': '3', 'goods_cat': '1,2,3', 'pics': [], 'attrs': []}, 'meta': {'msg': '创建商品成功', 'status': 201}}
接口响应时长: 16 ms
Http状态码: 200
断言结果: 200
=====================================================
INFO    2023-04-23 21:40:53,493G:\auto_api1_framework\logs\info-2023-04-23.log:log_decorator.py:42 
======================================================
用例标题: 添加商品成功（商品名称包含特殊字符、汉字）
请求路径: http://127.0.0.1:8888/api/private/v1/goods
请求方式: POST
请求头:   {'User-Agent': 'python-requests/2.28.2', 'Accept-Encoding': 'gzip, deflate', 'Accept': '*/*', 'Connection': 'keep-alive', 'Authorization': 'Bearer eyJhbGciOiJIUzI1NiIsInR5cCI6IkpXVCJ9.eyJ1aWQiOjUwMCwicmlkIjowLCJpYXQiOjE2ODIyNTcyNTMsImV4cCI6MTY4MjM0MzY1M30.6LmmMTcTZGlu8f6vQhJHZJ4zKRy-DqcQimrOtVlw2qY', 'Content-Length': '205', 'Content-Type': 'application/json'}
请求内容: {'goods_name': '_%%!@OhTzi139', 'goods_cat': '1,2,3', 'goods_price': '19.9', 'goods_number': '200', 'goods_weight': '100', 'goods_introduce': '手机壳', 'pics': '', 'attr': '手机壳'}
接口响应内容: {'data': {'goods_id': 983, 'cat_id': '3', 'goods_name': '_%%!@OhTzi139', 'goods_price': 19.9, 'goods_number': 200, 'goods_weight': 100, 'goods_introduce': '手机壳', 'goods_big_logo': '', 'goods_small_logo': '', 'goods_state': None, 'is_del': '0', 'add_time': 1682257253, 'upd_time': 1682257253, 'delete_time': None, 'hot_mumber': 0, 'is_promote': False, 'cat_one_id': '1', 'cat_two_id': '2', 'cat_three_id': '3', 'goods_cat': '1,2,3', 'pics': [], 'attrs': []}, 'meta': {'msg': '创建商品成功', 'status': 201}}
接口响应时长: 17 ms
Http状态码: 200
断言结果: 200
=====================================================
INFO    2023-04-23 21:40:53,503G:\auto_api1_framework\logs\info-2023-04-23.log:log_decorator.py:42 
======================================================
用例标题: 添加商品失败（缺少goods_price参数）
请求路径: http://127.0.0.1:8888/api/private/v1/goods
请求方式: POST
请求头:   {'User-Agent': 'python-requests/2.28.2', 'Accept-Encoding': 'gzip, deflate', 'Accept': '*/*', 'Connection': 'keep-alive', 'Authorization': 'Bearer eyJhbGciOiJIUzI1NiIsInR5cCI6IkpXVCJ9.eyJ1aWQiOjUwMCwicmlkIjowLCJpYXQiOjE2ODIyNTcyNTMsImV4cCI6MTY4MjM0MzY1M30.6LmmMTcTZGlu8f6vQhJHZJ4zKRy-DqcQimrOtVlw2qY', 'Content-Length': '193', 'Content-Type': 'application/json'}
请求内容: {'goods_name': '手机壳qPqzbn', 'goods_cat': '1,2,3', 'goods_number': '200', 'goods_weight': '100', 'goods_introduce': '手机壳', 'pics': '', 'attr': '手机壳'}
接口响应内容: {'data': None, 'meta': {'msg': '商品价格不能为空', 'status': 400}}
接口响应时长: 2 ms
Http状态码: 200
断言结果: 200
=====================================================
INFO    2023-04-23 21:40:53,524G:\auto_api1_framework\logs\info-2023-04-23.log:log_decorator.py:42 
======================================================
用例标题: 添加商品成功（多出abc参数）
请求路径: http://127.0.0.1:8888/api/private/v1/goods
请求方式: POST
请求头:   {'User-Agent': 'python-requests/2.28.2', 'Accept-Encoding': 'gzip, deflate', 'Accept': '*/*', 'Connection': 'keep-alive', 'Authorization': 'Bearer eyJhbGciOiJIUzI1NiIsInR5cCI6IkpXVCJ9.eyJ1aWQiOjUwMCwicmlkIjowLCJpYXQiOjE2ODIyNTcyNTMsImV4cCI6MTY4MjM0MzY1M30.6LmmMTcTZGlu8f6vQhJHZJ4zKRy-DqcQimrOtVlw2qY', 'Content-Length': '230', 'Content-Type': 'application/json'}
请求内容: {'goods_name': '手机壳IiAaLj', 'goods_cat': '1,2,3', 'goods_price': '19.9', 'goods_number': '200', 'goods_weight': '100', 'goods_introduce': '手机壳', 'pics': '', 'attr': '手机壳', 'abc': '123'}
接口响应内容: {'data': {'goods_id': 984, 'cat_id': '3', 'goods_name': '手机壳IiAaLj', 'goods_price': 19.9, 'goods_number': 200, 'goods_weight': 100, 'goods_introduce': '手机壳', 'goods_big_logo': '', 'goods_small_logo': '', 'goods_state': None, 'is_del': '0', 'add_time': 1682257253, 'upd_time': 1682257253, 'delete_time': None, 'hot_mumber': 0, 'is_promote': False, 'cat_one_id': '1', 'cat_two_id': '2', 'cat_three_id': '3', 'goods_cat': '1,2,3', 'pics': [], 'attrs': []}, 'meta': {'msg': '创建商品成功', 'status': 201}}
接口响应时长: 16 ms
Http状态码: 200
断言结果: 200
=====================================================
INFO    2023-04-23 21:40:53,533G:\auto_api1_framework\logs\info-2023-04-23.log:log_decorator.py:42 
======================================================
用例标题: 添加商品失败（修改goods_name为abc参数）
请求路径: http://127.0.0.1:8888/api/private/v1/goods
请求方式: POST
请求头:   {'User-Agent': 'python-requests/2.28.2', 'Accept-Encoding': 'gzip, deflate', 'Accept': '*/*', 'Connection': 'keep-alive', 'Authorization': 'Bearer eyJhbGciOiJIUzI1NiIsInR5cCI6IkpXVCJ9.eyJ1aWQiOjUwMCwicmlkIjowLCJpYXQiOjE2ODIyNTcyNTMsImV4cCI6MTY4MjM0MzY1M30.6LmmMTcTZGlu8f6vQhJHZJ4zKRy-DqcQimrOtVlw2qY', 'Content-Length': '209', 'Content-Type': 'application/json'}
请求内容: {'abc': '手机壳OWDekX', 'goods_cat': '1,2,3', 'goods_price': '19.9', 'goods_number': '200', 'goods_weight': '100', 'goods_introduce': '手机壳', 'pics': '', 'attr': '手机壳'}
接口响应内容: {'data': None, 'meta': {'msg': '商品名称不能为空', 'status': 400}}
接口响应时长: 2 ms
Http状态码: 200
断言结果: 200
=====================================================
INFO    2023-04-23 21:40:53,542G:\auto_api1_framework\logs\info-2023-04-23.log:log_decorator.py:42 
======================================================
用例标题: 添加商品失败（没有参数）
请求路径: http://127.0.0.1:8888/api/private/v1/goods
请求方式: POST
请求头:   {'User-Agent': 'python-requests/2.28.2', 'Accept-Encoding': 'gzip, deflate', 'Accept': '*/*', 'Connection': 'keep-alive', 'Authorization': 'Bearer eyJhbGciOiJIUzI1NiIsInR5cCI6IkpXVCJ9.eyJ1aWQiOjUwMCwicmlkIjowLCJpYXQiOjE2ODIyNTcyNTMsImV4cCI6MTY4MjM0MzY1M30.6LmmMTcTZGlu8f6vQhJHZJ4zKRy-DqcQimrOtVlw2qY', 'Content-Length': '0'}
请求内容: None
接口响应内容: {'data': None, 'meta': {'msg': '商品名称不能为空', 'status': 400}}
接口响应时长: 3 ms
Http状态码: 200
断言结果: 200
=====================================================
INFO    2023-04-23 21:42:14,514G:\auto_api1_framework\logs\info-2023-04-23.log:log_decorator.py:42 
======================================================
用例标题: 添加商品成功
请求路径: http://127.0.0.1:8888/api/private/v1/goods
请求方式: POST
请求头:   {'User-Agent': 'python-requests/2.28.2', 'Accept-Encoding': 'gzip, deflate', 'Accept': '*/*', 'Connection': 'keep-alive', 'Authorization': 'Bearer eyJhbGciOiJIUzI1NiIsInR5cCI6IkpXVCJ9.eyJ1aWQiOjUwMCwicmlkIjowLCJpYXQiOjE2ODIyNTczMzQsImV4cCI6MTY4MjM0MzczNH0.jdW-G0Pk0b_lGnqLKMKbil1AZoNprgazqZuKF0hLyLQ', 'Content-Length': '216', 'Content-Type': 'application/json'}
请求内容: {'goods_name': '手机壳TATigM', 'goods_cat': '1,2,3', 'goods_price': '19.9', 'goods_number': '200', 'goods_weight': '100', 'goods_introduce': '手机壳', 'pics': '', 'attr': '手机壳'}
接口响应内容: {'data': {'goods_id': 985, 'cat_id': '3', 'goods_name': '手机壳TATigM', 'goods_price': 19.9, 'goods_number': 200, 'goods_weight': 100, 'goods_introduce': '手机壳', 'goods_big_logo': '', 'goods_small_logo': '', 'goods_state': None, 'is_del': '0', 'add_time': 1682257334, 'upd_time': 1682257334, 'delete_time': None, 'hot_mumber': 0, 'is_promote': False, 'cat_one_id': '1', 'cat_two_id': '2', 'cat_three_id': '3', 'goods_cat': '1,2,3', 'pics': [], 'attrs': []}, 'meta': {'msg': '创建商品成功', 'status': 201}}
接口响应时长: 18 ms
Http状态码: 200
断言结果: 200
=====================================================
INFO    2023-04-23 21:42:14,524G:\auto_api1_framework\logs\info-2023-04-23.log:log_decorator.py:42 
======================================================
用例标题: 添加商品失败（name为空）
请求路径: http://127.0.0.1:8888/api/private/v1/goods
请求方式: POST
请求头:   {'User-Agent': 'python-requests/2.28.2', 'Accept-Encoding': 'gzip, deflate', 'Accept': '*/*', 'Connection': 'keep-alive', 'Authorization': 'Bearer eyJhbGciOiJIUzI1NiIsInR5cCI6IkpXVCJ9.eyJ1aWQiOjUwMCwicmlkIjowLCJpYXQiOjE2ODIyNTczMzQsImV4cCI6MTY4MjM0MzczNH0.jdW-G0Pk0b_lGnqLKMKbil1AZoNprgazqZuKF0hLyLQ', 'Content-Length': '194', 'Content-Type': 'application/json'}
请求内容: {'goods_name': None, 'goods_cat': '1,2,3', 'goods_price': '19.9', 'goods_number': '200', 'goods_weight': '100', 'goods_introduce': '手机壳', 'pics': '', 'attr': '手机壳'}
接口响应内容: {'data': None, 'meta': {'msg': '商品名称不能为空', 'status': 400}}
接口响应时长: 2 ms
Http状态码: 200
断言结果: 200
=====================================================
INFO    2023-04-23 21:42:14,531G:\auto_api1_framework\logs\info-2023-04-23.log:log_decorator.py:42 
======================================================
用例标题: 添加商品失败（cat为空）
请求路径: http://127.0.0.1:8888/api/private/v1/goods
请求方式: POST
请求头:   {'User-Agent': 'python-requests/2.28.2', 'Accept-Encoding': 'gzip, deflate', 'Accept': '*/*', 'Connection': 'keep-alive', 'Authorization': 'Bearer eyJhbGciOiJIUzI1NiIsInR5cCI6IkpXVCJ9.eyJ1aWQiOjUwMCwicmlkIjowLCJpYXQiOjE2ODIyNTczMzQsImV4cCI6MTY4MjM0MzczNH0.jdW-G0Pk0b_lGnqLKMKbil1AZoNprgazqZuKF0hLyLQ', 'Content-Length': '211', 'Content-Type': 'application/json'}
请求内容: {'goods_name': '手机壳IkGBlC', 'goods_cat': '', 'goods_price': '19.9', 'goods_number': '200', 'goods_weight': '100', 'goods_introduce': '手机壳', 'pics': '', 'attr': '手机壳'}
接口响应内容: {'data': None, 'meta': {'msg': '商品没有设置所属分类', 'status': 400}}
接口响应时长: 2 ms
Http状态码: 200
断言结果: 200
=====================================================
INFO    2023-04-23 21:42:14,539G:\auto_api1_framework\logs\info-2023-04-23.log:log_decorator.py:42 
======================================================
用例标题: 添加商品失败（price为空）
请求路径: http://127.0.0.1:8888/api/private/v1/goods
请求方式: POST
请求头:   {'User-Agent': 'python-requests/2.28.2', 'Accept-Encoding': 'gzip, deflate', 'Accept': '*/*', 'Connection': 'keep-alive', 'Authorization': 'Bearer eyJhbGciOiJIUzI1NiIsInR5cCI6IkpXVCJ9.eyJ1aWQiOjUwMCwicmlkIjowLCJpYXQiOjE2ODIyNTczMzQsImV4cCI6MTY4MjM0MzczNH0.jdW-G0Pk0b_lGnqLKMKbil1AZoNprgazqZuKF0hLyLQ', 'Content-Length': '212', 'Content-Type': 'application/json'}
请求内容: {'goods_name': '手机壳EbgTXS', 'goods_cat': '1,2,3', 'goods_price': '', 'goods_number': '200', 'goods_weight': '100', 'goods_introduce': '手机壳', 'pics': '', 'attr': '手机壳'}
接口响应内容: {'data': None, 'meta': {'msg': '商品价格不能为空', 'status': 400}}
接口响应时长: 2 ms
Http状态码: 200
断言结果: 200
=====================================================
INFO    2023-04-23 21:42:14,547G:\auto_api1_framework\logs\info-2023-04-23.log:log_decorator.py:42 
======================================================
用例标题: 添加商品失败（number为空）
请求路径: http://127.0.0.1:8888/api/private/v1/goods
请求方式: POST
请求头:   {'User-Agent': 'python-requests/2.28.2', 'Accept-Encoding': 'gzip, deflate', 'Accept': '*/*', 'Connection': 'keep-alive', 'Authorization': 'Bearer eyJhbGciOiJIUzI1NiIsInR5cCI6IkpXVCJ9.eyJ1aWQiOjUwMCwicmlkIjowLCJpYXQiOjE2ODIyNTczMzQsImV4cCI6MTY4MjM0MzczNH0.jdW-G0Pk0b_lGnqLKMKbil1AZoNprgazqZuKF0hLyLQ', 'Content-Length': '213', 'Content-Type': 'application/json'}
请求内容: {'goods_name': '手机壳OMWnnG', 'goods_cat': '1,2,3', 'goods_price': '19.9', 'goods_number': '', 'goods_weight': '100', 'goods_introduce': '手机壳', 'pics': '', 'attr': '手机壳'}
接口响应内容: {'data': None, 'meta': {'msg': '商品数量不能为空', 'status': 400}}
接口响应时长: 2 ms
Http状态码: 200
断言结果: 200
=====================================================
INFO    2023-04-23 21:42:14,571G:\auto_api1_framework\logs\info-2023-04-23.log:log_decorator.py:42 
======================================================
用例标题: 添加商品失败（weight为空）
请求路径: http://127.0.0.1:8888/api/private/v1/goods
请求方式: POST
请求头:   {'User-Agent': 'python-requests/2.28.2', 'Accept-Encoding': 'gzip, deflate', 'Accept': '*/*', 'Connection': 'keep-alive', 'Authorization': 'Bearer eyJhbGciOiJIUzI1NiIsInR5cCI6IkpXVCJ9.eyJ1aWQiOjUwMCwicmlkIjowLCJpYXQiOjE2ODIyNTczMzQsImV4cCI6MTY4MjM0MzczNH0.jdW-G0Pk0b_lGnqLKMKbil1AZoNprgazqZuKF0hLyLQ', 'Content-Length': '213', 'Content-Type': 'application/json'}
请求内容: {'goods_name': '手机壳bhQBLq', 'goods_cat': '1,2,3', 'goods_price': '19.9', 'goods_number': '200', 'goods_weight': '', 'goods_introduce': '手机壳', 'pics': '', 'attr': '手机壳'}
接口响应内容: {'data': {'goods_id': 986, 'cat_id': '3', 'goods_name': '手机壳bhQBLq', 'goods_price': 19.9, 'goods_number': 200, 'goods_weight': 0, 'goods_introduce': '手机壳', 'goods_big_logo': '', 'goods_small_logo': '', 'goods_state': None, 'is_del': '0', 'add_time': 1682257334, 'upd_time': 1682257334, 'delete_time': None, 'hot_mumber': 0, 'is_promote': False, 'cat_one_id': '1', 'cat_two_id': '2', 'cat_three_id': '3', 'goods_cat': '1,2,3', 'pics': [], 'attrs': []}, 'meta': {'msg': '创建商品成功', 'status': 201}}
接口响应时长: 18 ms
Http状态码: 200
断言结果: 200
=====================================================
INFO    2023-04-23 21:42:14,664G:\auto_api1_framework\logs\info-2023-04-23.log:log_decorator.py:42 
======================================================
用例标题: 添加商品失败（introduce为空）
请求路径: http://127.0.0.1:8888/api/private/v1/goods
请求方式: POST
请求头:   {'User-Agent': 'python-requests/2.28.2', 'Accept-Encoding': 'gzip, deflate', 'Accept': '*/*', 'Connection': 'keep-alive', 'Authorization': 'Bearer eyJhbGciOiJIUzI1NiIsInR5cCI6IkpXVCJ9.eyJ1aWQiOjUwMCwicmlkIjowLCJpYXQiOjE2ODIyNTczMzQsImV4cCI6MTY4MjM0MzczNH0.jdW-G0Pk0b_lGnqLKMKbil1AZoNprgazqZuKF0hLyLQ', 'Content-Length': '198', 'Content-Type': 'application/json'}
请求内容: {'goods_name': '手机壳vnyEfQ', 'goods_cat': '1,2,3', 'goods_price': '19.9', 'goods_number': '200', 'goods_weight': '100', 'goods_introduce': '', 'pics': '', 'attr': '手机壳'}
接口响应内容: {'data': {'goods_id': 987, 'cat_id': '3', 'goods_name': '手机壳vnyEfQ', 'goods_price': 19.9, 'goods_number': 200, 'goods_weight': 100, 'goods_introduce': None, 'goods_big_logo': '', 'goods_small_logo': '', 'goods_state': None, 'is_del': '0', 'add_time': 1682257334, 'upd_time': 1682257334, 'delete_time': None, 'hot_mumber': 0, 'is_promote': False, 'cat_one_id': '1', 'cat_two_id': '2', 'cat_three_id': '3', 'goods_cat': '1,2,3', 'pics': [], 'attrs': []}, 'meta': {'msg': '创建商品成功', 'status': 201}}
接口响应时长: 17 ms
Http状态码: 200
断言结果: 200
=====================================================
INFO    2023-04-23 21:42:14,687G:\auto_api1_framework\logs\info-2023-04-23.log:log_decorator.py:42 
======================================================
用例标题: 添加商品成功（商品名称纯数字）
请求路径: http://127.0.0.1:8888/api/private/v1/goods
请求方式: POST
请求头:   {'User-Agent': 'python-requests/2.28.2', 'Accept-Encoding': 'gzip, deflate', 'Accept': '*/*', 'Connection': 'keep-alive', 'Authorization': 'Bearer eyJhbGciOiJIUzI1NiIsInR5cCI6IkpXVCJ9.eyJ1aWQiOjUwMCwicmlkIjowLCJpYXQiOjE2ODIyNTczMzQsImV4cCI6MTY4MjM0MzczNH0.jdW-G0Pk0b_lGnqLKMKbil1AZoNprgazqZuKF0hLyLQ', 'Content-Length': '198', 'Content-Type': 'application/json'}
请求内容: {'goods_name': '160286', 'goods_cat': '1,2,3', 'goods_price': '19.9', 'goods_number': '200', 'goods_weight': '100', 'goods_introduce': '手机壳', 'pics': '', 'attr': '手机壳'}
接口响应内容: {'data': {'goods_id': 988, 'cat_id': '3', 'goods_name': '160286', 'goods_price': 19.9, 'goods_number': 200, 'goods_weight': 100, 'goods_introduce': '手机壳', 'goods_big_logo': '', 'goods_small_logo': '', 'goods_state': None, 'is_del': '0', 'add_time': 1682257334, 'upd_time': 1682257334, 'delete_time': None, 'hot_mumber': 0, 'is_promote': False, 'cat_one_id': '1', 'cat_two_id': '2', 'cat_three_id': '3', 'goods_cat': '1,2,3', 'pics': [], 'attrs': []}, 'meta': {'msg': '创建商品成功', 'status': 201}}
接口响应时长: 18 ms
Http状态码: 200
断言结果: 200
=====================================================
INFO    2023-04-23 21:42:14,710G:\auto_api1_framework\logs\info-2023-04-23.log:log_decorator.py:42 
======================================================
用例标题: 添加商品成功（商品名称纯字母）
请求路径: http://127.0.0.1:8888/api/private/v1/goods
请求方式: POST
请求头:   {'User-Agent': 'python-requests/2.28.2', 'Accept-Encoding': 'gzip, deflate', 'Accept': '*/*', 'Connection': 'keep-alive', 'Authorization': 'Bearer eyJhbGciOiJIUzI1NiIsInR5cCI6IkpXVCJ9.eyJ1aWQiOjUwMCwicmlkIjowLCJpYXQiOjE2ODIyNTczMzQsImV4cCI6MTY4MjM0MzczNH0.jdW-G0Pk0b_lGnqLKMKbil1AZoNprgazqZuKF0hLyLQ', 'Content-Length': '198', 'Content-Type': 'application/json'}
请求内容: {'goods_name': 'awFttO', 'goods_cat': '1,2,3', 'goods_price': '19.9', 'goods_number': '200', 'goods_weight': '100', 'goods_introduce': '手机壳', 'pics': '', 'attr': '手机壳'}
接口响应内容: {'data': {'goods_id': 989, 'cat_id': '3', 'goods_name': 'awFttO', 'goods_price': 19.9, 'goods_number': 200, 'goods_weight': 100, 'goods_introduce': '手机壳', 'goods_big_logo': '', 'goods_small_logo': '', 'goods_state': None, 'is_del': '0', 'add_time': 1682257334, 'upd_time': 1682257334, 'delete_time': None, 'hot_mumber': 0, 'is_promote': False, 'cat_one_id': '1', 'cat_two_id': '2', 'cat_three_id': '3', 'goods_cat': '1,2,3', 'pics': [], 'attrs': []}, 'meta': {'msg': '创建商品成功', 'status': 201}}
接口响应时长: 16 ms
Http状态码: 200
断言结果: 200
=====================================================
INFO    2023-04-23 21:42:14,735G:\auto_api1_framework\logs\info-2023-04-23.log:log_decorator.py:42 
======================================================
用例标题: 添加商品成功（商品名称包含特殊字符、汉字）
请求路径: http://127.0.0.1:8888/api/private/v1/goods
请求方式: POST
请求头:   {'User-Agent': 'python-requests/2.28.2', 'Accept-Encoding': 'gzip, deflate', 'Accept': '*/*', 'Connection': 'keep-alive', 'Authorization': 'Bearer eyJhbGciOiJIUzI1NiIsInR5cCI6IkpXVCJ9.eyJ1aWQiOjUwMCwicmlkIjowLCJpYXQiOjE2ODIyNTczMzQsImV4cCI6MTY4MjM0MzczNH0.jdW-G0Pk0b_lGnqLKMKbil1AZoNprgazqZuKF0hLyLQ', 'Content-Length': '205', 'Content-Type': 'application/json'}
请求内容: {'goods_name': '+(#@!PCMTH263', 'goods_cat': '1,2,3', 'goods_price': '19.9', 'goods_number': '200', 'goods_weight': '100', 'goods_introduce': '手机壳', 'pics': '', 'attr': '手机壳'}
接口响应内容: {'data': {'goods_id': 990, 'cat_id': '3', 'goods_name': '+(#@!PCMTH263', 'goods_price': 19.9, 'goods_number': 200, 'goods_weight': 100, 'goods_introduce': '手机壳', 'goods_big_logo': '', 'goods_small_logo': '', 'goods_state': None, 'is_del': '0', 'add_time': 1682257334, 'upd_time': 1682257334, 'delete_time': None, 'hot_mumber': 0, 'is_promote': False, 'cat_one_id': '1', 'cat_two_id': '2', 'cat_three_id': '3', 'goods_cat': '1,2,3', 'pics': [], 'attrs': []}, 'meta': {'msg': '创建商品成功', 'status': 201}}
接口响应时长: 17 ms
Http状态码: 200
断言结果: 200
=====================================================
INFO    2023-04-23 21:42:14,747G:\auto_api1_framework\logs\info-2023-04-23.log:log_decorator.py:42 
======================================================
用例标题: 添加商品失败（缺少goods_price参数）
请求路径: http://127.0.0.1:8888/api/private/v1/goods
请求方式: POST
请求头:   {'User-Agent': 'python-requests/2.28.2', 'Accept-Encoding': 'gzip, deflate', 'Accept': '*/*', 'Connection': 'keep-alive', 'Authorization': 'Bearer eyJhbGciOiJIUzI1NiIsInR5cCI6IkpXVCJ9.eyJ1aWQiOjUwMCwicmlkIjowLCJpYXQiOjE2ODIyNTczMzQsImV4cCI6MTY4MjM0MzczNH0.jdW-G0Pk0b_lGnqLKMKbil1AZoNprgazqZuKF0hLyLQ', 'Content-Length': '193', 'Content-Type': 'application/json'}
请求内容: {'goods_name': '手机壳UfOInu', 'goods_cat': '1,2,3', 'goods_number': '200', 'goods_weight': '100', 'goods_introduce': '手机壳', 'pics': '', 'attr': '手机壳'}
接口响应内容: {'data': None, 'meta': {'msg': '商品价格不能为空', 'status': 400}}
接口响应时长: 2 ms
Http状态码: 200
断言结果: 200
=====================================================
INFO    2023-04-23 21:42:14,768G:\auto_api1_framework\logs\info-2023-04-23.log:log_decorator.py:42 
======================================================
用例标题: 添加商品成功（多出abc参数）
请求路径: http://127.0.0.1:8888/api/private/v1/goods
请求方式: POST
请求头:   {'User-Agent': 'python-requests/2.28.2', 'Accept-Encoding': 'gzip, deflate', 'Accept': '*/*', 'Connection': 'keep-alive', 'Authorization': 'Bearer eyJhbGciOiJIUzI1NiIsInR5cCI6IkpXVCJ9.eyJ1aWQiOjUwMCwicmlkIjowLCJpYXQiOjE2ODIyNTczMzQsImV4cCI6MTY4MjM0MzczNH0.jdW-G0Pk0b_lGnqLKMKbil1AZoNprgazqZuKF0hLyLQ', 'Content-Length': '230', 'Content-Type': 'application/json'}
请求内容: {'goods_name': '手机壳dbScjs', 'goods_cat': '1,2,3', 'goods_price': '19.9', 'goods_number': '200', 'goods_weight': '100', 'goods_introduce': '手机壳', 'pics': '', 'attr': '手机壳', 'abc': '123'}
接口响应内容: {'data': {'goods_id': 991, 'cat_id': '3', 'goods_name': '手机壳dbScjs', 'goods_price': 19.9, 'goods_number': 200, 'goods_weight': 100, 'goods_introduce': '手机壳', 'goods_big_logo': '', 'goods_small_logo': '', 'goods_state': None, 'is_del': '0', 'add_time': 1682257334, 'upd_time': 1682257334, 'delete_time': None, 'hot_mumber': 0, 'is_promote': False, 'cat_one_id': '1', 'cat_two_id': '2', 'cat_three_id': '3', 'goods_cat': '1,2,3', 'pics': [], 'attrs': []}, 'meta': {'msg': '创建商品成功', 'status': 201}}
接口响应时长: 17 ms
Http状态码: 200
断言结果: 200
=====================================================
INFO    2023-04-23 21:42:14,777G:\auto_api1_framework\logs\info-2023-04-23.log:log_decorator.py:42 
======================================================
用例标题: 添加商品失败（修改goods_name为abc参数）
请求路径: http://127.0.0.1:8888/api/private/v1/goods
请求方式: POST
请求头:   {'User-Agent': 'python-requests/2.28.2', 'Accept-Encoding': 'gzip, deflate', 'Accept': '*/*', 'Connection': 'keep-alive', 'Authorization': 'Bearer eyJhbGciOiJIUzI1NiIsInR5cCI6IkpXVCJ9.eyJ1aWQiOjUwMCwicmlkIjowLCJpYXQiOjE2ODIyNTczMzQsImV4cCI6MTY4MjM0MzczNH0.jdW-G0Pk0b_lGnqLKMKbil1AZoNprgazqZuKF0hLyLQ', 'Content-Length': '209', 'Content-Type': 'application/json'}
请求内容: {'abc': '手机壳mTozHz', 'goods_cat': '1,2,3', 'goods_price': '19.9', 'goods_number': '200', 'goods_weight': '100', 'goods_introduce': '手机壳', 'pics': '', 'attr': '手机壳'}
接口响应内容: {'data': None, 'meta': {'msg': '商品名称不能为空', 'status': 400}}
接口响应时长: 2 ms
Http状态码: 200
断言结果: 200
=====================================================
INFO    2023-04-23 21:42:14,784G:\auto_api1_framework\logs\info-2023-04-23.log:log_decorator.py:42 
======================================================
用例标题: 添加商品失败（没有参数）
请求路径: http://127.0.0.1:8888/api/private/v1/goods
请求方式: POST
请求头:   {'User-Agent': 'python-requests/2.28.2', 'Accept-Encoding': 'gzip, deflate', 'Accept': '*/*', 'Connection': 'keep-alive', 'Authorization': 'Bearer eyJhbGciOiJIUzI1NiIsInR5cCI6IkpXVCJ9.eyJ1aWQiOjUwMCwicmlkIjowLCJpYXQiOjE2ODIyNTczMzQsImV4cCI6MTY4MjM0MzczNH0.jdW-G0Pk0b_lGnqLKMKbil1AZoNprgazqZuKF0hLyLQ', 'Content-Length': '0'}
请求内容: None
接口响应内容: {'data': None, 'meta': {'msg': '商品名称不能为空', 'status': 400}}
接口响应时长: 2 ms
Http状态码: 200
断言结果: 200
=====================================================
INFO    2023-04-23 21:43:30,160G:\auto_api1_framework\logs\info-2023-04-23.log:log_decorator.py:42 
======================================================
用例标题: 添加商品成功
请求路径: http://127.0.0.1:8888/api/private/v1/goods
请求方式: POST
请求头:   {'User-Agent': 'python-requests/2.28.2', 'Accept-Encoding': 'gzip, deflate', 'Accept': '*/*', 'Connection': 'keep-alive', 'Authorization': 'Bearer eyJhbGciOiJIUzI1NiIsInR5cCI6IkpXVCJ9.eyJ1aWQiOjUwMCwicmlkIjowLCJpYXQiOjE2ODIyNTc0MTAsImV4cCI6MTY4MjM0MzgxMH0.1c4496o7JAhIcRpi2s7OJt_zXJSRYXVT0bKI5XLwUpU', 'Content-Length': '216', 'Content-Type': 'application/json'}
请求内容: {'goods_name': '手机壳jZWaRy', 'goods_cat': '1,2,3', 'goods_price': '19.9', 'goods_number': '200', 'goods_weight': '100', 'goods_introduce': '手机壳', 'pics': '', 'attr': '手机壳'}
接口响应内容: {'data': {'goods_id': 992, 'cat_id': '3', 'goods_name': '手机壳jZWaRy', 'goods_price': 19.9, 'goods_number': 200, 'goods_weight': 100, 'goods_introduce': '手机壳', 'goods_big_logo': '', 'goods_small_logo': '', 'goods_state': None, 'is_del': '0', 'add_time': 1682257410, 'upd_time': 1682257410, 'delete_time': None, 'hot_mumber': 0, 'is_promote': False, 'cat_one_id': '1', 'cat_two_id': '2', 'cat_three_id': '3', 'goods_cat': '1,2,3', 'pics': [], 'attrs': []}, 'meta': {'msg': '创建商品成功', 'status': 201}}
接口响应时长: 25 ms
Http状态码: 200
断言结果: 200
=====================================================
INFO    2023-04-23 21:43:30,170G:\auto_api1_framework\logs\info-2023-04-23.log:log_decorator.py:42 
======================================================
用例标题: 添加商品失败（name为空）
请求路径: http://127.0.0.1:8888/api/private/v1/goods
请求方式: POST
请求头:   {'User-Agent': 'python-requests/2.28.2', 'Accept-Encoding': 'gzip, deflate', 'Accept': '*/*', 'Connection': 'keep-alive', 'Authorization': 'Bearer eyJhbGciOiJIUzI1NiIsInR5cCI6IkpXVCJ9.eyJ1aWQiOjUwMCwicmlkIjowLCJpYXQiOjE2ODIyNTc0MTAsImV4cCI6MTY4MjM0MzgxMH0.1c4496o7JAhIcRpi2s7OJt_zXJSRYXVT0bKI5XLwUpU', 'Content-Length': '194', 'Content-Type': 'application/json'}
请求内容: {'goods_name': None, 'goods_cat': '1,2,3', 'goods_price': '19.9', 'goods_number': '200', 'goods_weight': '100', 'goods_introduce': '手机壳', 'pics': '', 'attr': '手机壳'}
接口响应内容: {'data': None, 'meta': {'msg': '商品名称不能为空', 'status': 400}}
接口响应时长: 2 ms
Http状态码: 200
断言结果: 200
=====================================================
INFO    2023-04-23 21:43:30,175G:\auto_api1_framework\logs\info-2023-04-23.log:log_decorator.py:42 
======================================================
用例标题: 添加商品失败（cat为空）
请求路径: http://127.0.0.1:8888/api/private/v1/goods
请求方式: POST
请求头:   {'User-Agent': 'python-requests/2.28.2', 'Accept-Encoding': 'gzip, deflate', 'Accept': '*/*', 'Connection': 'keep-alive', 'Authorization': 'Bearer eyJhbGciOiJIUzI1NiIsInR5cCI6IkpXVCJ9.eyJ1aWQiOjUwMCwicmlkIjowLCJpYXQiOjE2ODIyNTc0MTAsImV4cCI6MTY4MjM0MzgxMH0.1c4496o7JAhIcRpi2s7OJt_zXJSRYXVT0bKI5XLwUpU', 'Content-Length': '211', 'Content-Type': 'application/json'}
请求内容: {'goods_name': '手机壳vRqywF', 'goods_cat': '', 'goods_price': '19.9', 'goods_number': '200', 'goods_weight': '100', 'goods_introduce': '手机壳', 'pics': '', 'attr': '手机壳'}
接口响应内容: {'data': None, 'meta': {'msg': '商品没有设置所属分类', 'status': 400}}
接口响应时长: 2 ms
Http状态码: 200
断言结果: 200
=====================================================
INFO    2023-04-23 21:43:30,183G:\auto_api1_framework\logs\info-2023-04-23.log:log_decorator.py:42 
======================================================
用例标题: 添加商品失败（price为空）
请求路径: http://127.0.0.1:8888/api/private/v1/goods
请求方式: POST
请求头:   {'User-Agent': 'python-requests/2.28.2', 'Accept-Encoding': 'gzip, deflate', 'Accept': '*/*', 'Connection': 'keep-alive', 'Authorization': 'Bearer eyJhbGciOiJIUzI1NiIsInR5cCI6IkpXVCJ9.eyJ1aWQiOjUwMCwicmlkIjowLCJpYXQiOjE2ODIyNTc0MTAsImV4cCI6MTY4MjM0MzgxMH0.1c4496o7JAhIcRpi2s7OJt_zXJSRYXVT0bKI5XLwUpU', 'Content-Length': '212', 'Content-Type': 'application/json'}
请求内容: {'goods_name': '手机壳mDmEBE', 'goods_cat': '1,2,3', 'goods_price': '', 'goods_number': '200', 'goods_weight': '100', 'goods_introduce': '手机壳', 'pics': '', 'attr': '手机壳'}
接口响应内容: {'data': None, 'meta': {'msg': '商品价格不能为空', 'status': 400}}
接口响应时长: 3 ms
Http状态码: 200
断言结果: 200
=====================================================
INFO    2023-04-23 21:43:30,190G:\auto_api1_framework\logs\info-2023-04-23.log:log_decorator.py:42 
======================================================
用例标题: 添加商品失败（number为空）
请求路径: http://127.0.0.1:8888/api/private/v1/goods
请求方式: POST
请求头:   {'User-Agent': 'python-requests/2.28.2', 'Accept-Encoding': 'gzip, deflate', 'Accept': '*/*', 'Connection': 'keep-alive', 'Authorization': 'Bearer eyJhbGciOiJIUzI1NiIsInR5cCI6IkpXVCJ9.eyJ1aWQiOjUwMCwicmlkIjowLCJpYXQiOjE2ODIyNTc0MTAsImV4cCI6MTY4MjM0MzgxMH0.1c4496o7JAhIcRpi2s7OJt_zXJSRYXVT0bKI5XLwUpU', 'Content-Length': '213', 'Content-Type': 'application/json'}
请求内容: {'goods_name': '手机壳EBAInL', 'goods_cat': '1,2,3', 'goods_price': '19.9', 'goods_number': '', 'goods_weight': '100', 'goods_introduce': '手机壳', 'pics': '', 'attr': '手机壳'}
接口响应内容: {'data': None, 'meta': {'msg': '商品数量不能为空', 'status': 400}}
接口响应时长: 2 ms
Http状态码: 200
断言结果: 200
=====================================================
INFO    2023-04-23 21:43:30,210G:\auto_api1_framework\logs\info-2023-04-23.log:log_decorator.py:42 
======================================================
用例标题: 添加商品失败（weight为空）
请求路径: http://127.0.0.1:8888/api/private/v1/goods
请求方式: POST
请求头:   {'User-Agent': 'python-requests/2.28.2', 'Accept-Encoding': 'gzip, deflate', 'Accept': '*/*', 'Connection': 'keep-alive', 'Authorization': 'Bearer eyJhbGciOiJIUzI1NiIsInR5cCI6IkpXVCJ9.eyJ1aWQiOjUwMCwicmlkIjowLCJpYXQiOjE2ODIyNTc0MTAsImV4cCI6MTY4MjM0MzgxMH0.1c4496o7JAhIcRpi2s7OJt_zXJSRYXVT0bKI5XLwUpU', 'Content-Length': '213', 'Content-Type': 'application/json'}
请求内容: {'goods_name': '手机壳hoaRaO', 'goods_cat': '1,2,3', 'goods_price': '19.9', 'goods_number': '200', 'goods_weight': '', 'goods_introduce': '手机壳', 'pics': '', 'attr': '手机壳'}
接口响应内容: {'data': {'goods_id': 993, 'cat_id': '3', 'goods_name': '手机壳hoaRaO', 'goods_price': 19.9, 'goods_number': 200, 'goods_weight': 0, 'goods_introduce': '手机壳', 'goods_big_logo': '', 'goods_small_logo': '', 'goods_state': None, 'is_del': '0', 'add_time': 1682257410, 'upd_time': 1682257410, 'delete_time': None, 'hot_mumber': 0, 'is_promote': False, 'cat_one_id': '1', 'cat_two_id': '2', 'cat_three_id': '3', 'goods_cat': '1,2,3', 'pics': [], 'attrs': []}, 'meta': {'msg': '创建商品成功', 'status': 201}}
接口响应时长: 16 ms
Http状态码: 200
断言结果: 200
=====================================================
INFO    2023-04-23 21:43:30,311G:\auto_api1_framework\logs\info-2023-04-23.log:log_decorator.py:42 
======================================================
用例标题: 添加商品失败（introduce为空）
请求路径: http://127.0.0.1:8888/api/private/v1/goods
请求方式: POST
请求头:   {'User-Agent': 'python-requests/2.28.2', 'Accept-Encoding': 'gzip, deflate', 'Accept': '*/*', 'Connection': 'keep-alive', 'Authorization': 'Bearer eyJhbGciOiJIUzI1NiIsInR5cCI6IkpXVCJ9.eyJ1aWQiOjUwMCwicmlkIjowLCJpYXQiOjE2ODIyNTc0MTAsImV4cCI6MTY4MjM0MzgxMH0.1c4496o7JAhIcRpi2s7OJt_zXJSRYXVT0bKI5XLwUpU', 'Content-Length': '198', 'Content-Type': 'application/json'}
请求内容: {'goods_name': '手机壳INzQMo', 'goods_cat': '1,2,3', 'goods_price': '19.9', 'goods_number': '200', 'goods_weight': '100', 'goods_introduce': '', 'pics': '', 'attr': '手机壳'}
接口响应内容: {'data': {'goods_id': 994, 'cat_id': '3', 'goods_name': '手机壳INzQMo', 'goods_price': 19.9, 'goods_number': 200, 'goods_weight': 100, 'goods_introduce': None, 'goods_big_logo': '', 'goods_small_logo': '', 'goods_state': None, 'is_del': '0', 'add_time': 1682257410, 'upd_time': 1682257410, 'delete_time': None, 'hot_mumber': 0, 'is_promote': False, 'cat_one_id': '1', 'cat_two_id': '2', 'cat_three_id': '3', 'goods_cat': '1,2,3', 'pics': [], 'attrs': []}, 'meta': {'msg': '创建商品成功', 'status': 201}}
接口响应时长: 17 ms
Http状态码: 200
断言结果: 200
=====================================================
INFO    2023-04-23 21:43:30,338G:\auto_api1_framework\logs\info-2023-04-23.log:log_decorator.py:42 
======================================================
用例标题: 添加商品成功（商品名称纯数字）
请求路径: http://127.0.0.1:8888/api/private/v1/goods
请求方式: POST
请求头:   {'User-Agent': 'python-requests/2.28.2', 'Accept-Encoding': 'gzip, deflate', 'Accept': '*/*', 'Connection': 'keep-alive', 'Authorization': 'Bearer eyJhbGciOiJIUzI1NiIsInR5cCI6IkpXVCJ9.eyJ1aWQiOjUwMCwicmlkIjowLCJpYXQiOjE2ODIyNTc0MTAsImV4cCI6MTY4MjM0MzgxMH0.1c4496o7JAhIcRpi2s7OJt_zXJSRYXVT0bKI5XLwUpU', 'Content-Length': '198', 'Content-Type': 'application/json'}
请求内容: {'goods_name': '352484', 'goods_cat': '1,2,3', 'goods_price': '19.9', 'goods_number': '200', 'goods_weight': '100', 'goods_introduce': '手机壳', 'pics': '', 'attr': '手机壳'}
接口响应内容: {'data': {'goods_id': 995, 'cat_id': '3', 'goods_name': '352484', 'goods_price': 19.9, 'goods_number': 200, 'goods_weight': 100, 'goods_introduce': '手机壳', 'goods_big_logo': '', 'goods_small_logo': '', 'goods_state': None, 'is_del': '0', 'add_time': 1682257410, 'upd_time': 1682257410, 'delete_time': None, 'hot_mumber': 0, 'is_promote': False, 'cat_one_id': '1', 'cat_two_id': '2', 'cat_three_id': '3', 'goods_cat': '1,2,3', 'pics': [], 'attrs': []}, 'meta': {'msg': '创建商品成功', 'status': 201}}
接口响应时长: 20 ms
Http状态码: 200
断言结果: 200
=====================================================
INFO    2023-04-23 21:43:30,359G:\auto_api1_framework\logs\info-2023-04-23.log:log_decorator.py:42 
======================================================
用例标题: 添加商品成功（商品名称纯字母）
请求路径: http://127.0.0.1:8888/api/private/v1/goods
请求方式: POST
请求头:   {'User-Agent': 'python-requests/2.28.2', 'Accept-Encoding': 'gzip, deflate', 'Accept': '*/*', 'Connection': 'keep-alive', 'Authorization': 'Bearer eyJhbGciOiJIUzI1NiIsInR5cCI6IkpXVCJ9.eyJ1aWQiOjUwMCwicmlkIjowLCJpYXQiOjE2ODIyNTc0MTAsImV4cCI6MTY4MjM0MzgxMH0.1c4496o7JAhIcRpi2s7OJt_zXJSRYXVT0bKI5XLwUpU', 'Content-Length': '198', 'Content-Type': 'application/json'}
请求内容: {'goods_name': 'ElYIex', 'goods_cat': '1,2,3', 'goods_price': '19.9', 'goods_number': '200', 'goods_weight': '100', 'goods_introduce': '手机壳', 'pics': '', 'attr': '手机壳'}
接口响应内容: {'data': {'goods_id': 996, 'cat_id': '3', 'goods_name': 'ElYIex', 'goods_price': 19.9, 'goods_number': 200, 'goods_weight': 100, 'goods_introduce': '手机壳', 'goods_big_logo': '', 'goods_small_logo': '', 'goods_state': None, 'is_del': '0', 'add_time': 1682257410, 'upd_time': 1682257410, 'delete_time': None, 'hot_mumber': 0, 'is_promote': False, 'cat_one_id': '1', 'cat_two_id': '2', 'cat_three_id': '3', 'goods_cat': '1,2,3', 'pics': [], 'attrs': []}, 'meta': {'msg': '创建商品成功', 'status': 201}}
接口响应时长: 17 ms
Http状态码: 200
断言结果: 200
=====================================================
INFO    2023-04-23 21:43:30,385G:\auto_api1_framework\logs\info-2023-04-23.log:log_decorator.py:42 
======================================================
用例标题: 添加商品成功（商品名称包含特殊字符、汉字）
请求路径: http://127.0.0.1:8888/api/private/v1/goods
请求方式: POST
请求头:   {'User-Agent': 'python-requests/2.28.2', 'Accept-Encoding': 'gzip, deflate', 'Accept': '*/*', 'Connection': 'keep-alive', 'Authorization': 'Bearer eyJhbGciOiJIUzI1NiIsInR5cCI6IkpXVCJ9.eyJ1aWQiOjUwMCwicmlkIjowLCJpYXQiOjE2ODIyNTc0MTAsImV4cCI6MTY4MjM0MzgxMH0.1c4496o7JAhIcRpi2s7OJt_zXJSRYXVT0bKI5XLwUpU', 'Content-Length': '205', 'Content-Type': 'application/json'}
请求内容: {'goods_name': '#$_!#mziwQ511', 'goods_cat': '1,2,3', 'goods_price': '19.9', 'goods_number': '200', 'goods_weight': '100', 'goods_introduce': '手机壳', 'pics': '', 'attr': '手机壳'}
接口响应内容: {'data': {'goods_id': 997, 'cat_id': '3', 'goods_name': '#$_!#mziwQ511', 'goods_price': 19.9, 'goods_number': 200, 'goods_weight': 100, 'goods_introduce': '手机壳', 'goods_big_logo': '', 'goods_small_logo': '', 'goods_state': None, 'is_del': '0', 'add_time': 1682257410, 'upd_time': 1682257410, 'delete_time': None, 'hot_mumber': 0, 'is_promote': False, 'cat_one_id': '1', 'cat_two_id': '2', 'cat_three_id': '3', 'goods_cat': '1,2,3', 'pics': [], 'attrs': []}, 'meta': {'msg': '创建商品成功', 'status': 201}}
接口响应时长: 18 ms
Http状态码: 200
断言结果: 200
=====================================================
INFO    2023-04-23 21:43:30,394G:\auto_api1_framework\logs\info-2023-04-23.log:log_decorator.py:42 
======================================================
用例标题: 添加商品失败（缺少goods_price参数）
请求路径: http://127.0.0.1:8888/api/private/v1/goods
请求方式: POST
请求头:   {'User-Agent': 'python-requests/2.28.2', 'Accept-Encoding': 'gzip, deflate', 'Accept': '*/*', 'Connection': 'keep-alive', 'Authorization': 'Bearer eyJhbGciOiJIUzI1NiIsInR5cCI6IkpXVCJ9.eyJ1aWQiOjUwMCwicmlkIjowLCJpYXQiOjE2ODIyNTc0MTAsImV4cCI6MTY4MjM0MzgxMH0.1c4496o7JAhIcRpi2s7OJt_zXJSRYXVT0bKI5XLwUpU', 'Content-Length': '193', 'Content-Type': 'application/json'}
请求内容: {'goods_name': '手机壳lEXnFp', 'goods_cat': '1,2,3', 'goods_number': '200', 'goods_weight': '100', 'goods_introduce': '手机壳', 'pics': '', 'attr': '手机壳'}
接口响应内容: {'data': None, 'meta': {'msg': '商品价格不能为空', 'status': 400}}
接口响应时长: 2 ms
Http状态码: 200
断言结果: 200
=====================================================
INFO    2023-04-23 21:43:30,415G:\auto_api1_framework\logs\info-2023-04-23.log:log_decorator.py:42 
======================================================
用例标题: 添加商品成功（多出abc参数）
请求路径: http://127.0.0.1:8888/api/private/v1/goods
请求方式: POST
请求头:   {'User-Agent': 'python-requests/2.28.2', 'Accept-Encoding': 'gzip, deflate', 'Accept': '*/*', 'Connection': 'keep-alive', 'Authorization': 'Bearer eyJhbGciOiJIUzI1NiIsInR5cCI6IkpXVCJ9.eyJ1aWQiOjUwMCwicmlkIjowLCJpYXQiOjE2ODIyNTc0MTAsImV4cCI6MTY4MjM0MzgxMH0.1c4496o7JAhIcRpi2s7OJt_zXJSRYXVT0bKI5XLwUpU', 'Content-Length': '230', 'Content-Type': 'application/json'}
请求内容: {'goods_name': '手机壳KExXry', 'goods_cat': '1,2,3', 'goods_price': '19.9', 'goods_number': '200', 'goods_weight': '100', 'goods_introduce': '手机壳', 'pics': '', 'attr': '手机壳', 'abc': '123'}
接口响应内容: {'data': {'goods_id': 998, 'cat_id': '3', 'goods_name': '手机壳KExXry', 'goods_price': 19.9, 'goods_number': 200, 'goods_weight': 100, 'goods_introduce': '手机壳', 'goods_big_logo': '', 'goods_small_logo': '', 'goods_state': None, 'is_del': '0', 'add_time': 1682257410, 'upd_time': 1682257410, 'delete_time': None, 'hot_mumber': 0, 'is_promote': False, 'cat_one_id': '1', 'cat_two_id': '2', 'cat_three_id': '3', 'goods_cat': '1,2,3', 'pics': [], 'attrs': []}, 'meta': {'msg': '创建商品成功', 'status': 201}}
接口响应时长: 17 ms
Http状态码: 200
断言结果: 200
=====================================================
INFO    2023-04-23 21:43:30,424G:\auto_api1_framework\logs\info-2023-04-23.log:log_decorator.py:42 
======================================================
用例标题: 添加商品失败（修改goods_name为abc参数）
请求路径: http://127.0.0.1:8888/api/private/v1/goods
请求方式: POST
请求头:   {'User-Agent': 'python-requests/2.28.2', 'Accept-Encoding': 'gzip, deflate', 'Accept': '*/*', 'Connection': 'keep-alive', 'Authorization': 'Bearer eyJhbGciOiJIUzI1NiIsInR5cCI6IkpXVCJ9.eyJ1aWQiOjUwMCwicmlkIjowLCJpYXQiOjE2ODIyNTc0MTAsImV4cCI6MTY4MjM0MzgxMH0.1c4496o7JAhIcRpi2s7OJt_zXJSRYXVT0bKI5XLwUpU', 'Content-Length': '209', 'Content-Type': 'application/json'}
请求内容: {'abc': '手机壳AMVKAJ', 'goods_cat': '1,2,3', 'goods_price': '19.9', 'goods_number': '200', 'goods_weight': '100', 'goods_introduce': '手机壳', 'pics': '', 'attr': '手机壳'}
接口响应内容: {'data': None, 'meta': {'msg': '商品名称不能为空', 'status': 400}}
接口响应时长: 2 ms
Http状态码: 200
断言结果: 200
=====================================================
INFO    2023-04-23 21:43:30,431G:\auto_api1_framework\logs\info-2023-04-23.log:log_decorator.py:42 
======================================================
用例标题: 添加商品失败（没有参数）
请求路径: http://127.0.0.1:8888/api/private/v1/goods
请求方式: POST
请求头:   {'User-Agent': 'python-requests/2.28.2', 'Accept-Encoding': 'gzip, deflate', 'Accept': '*/*', 'Connection': 'keep-alive', 'Authorization': 'Bearer eyJhbGciOiJIUzI1NiIsInR5cCI6IkpXVCJ9.eyJ1aWQiOjUwMCwicmlkIjowLCJpYXQiOjE2ODIyNTc0MTAsImV4cCI6MTY4MjM0MzgxMH0.1c4496o7JAhIcRpi2s7OJt_zXJSRYXVT0bKI5XLwUpU', 'Content-Length': '0'}
请求内容: None
接口响应内容: {'data': None, 'meta': {'msg': '商品名称不能为空', 'status': 400}}
接口响应时长: 2 ms
Http状态码: 200
断言结果: 200
=====================================================
INFO    2023-04-23 21:53:12,687G:\auto_api1_framework\logs\info-2023-04-23.log:log_decorator.py:42 
======================================================
用例标题: 添加商品成功
请求路径: http://127.0.0.1:8888/api/private/v1/goods
请求方式: POST
请求头:   {'User-Agent': 'python-requests/2.28.2', 'Accept-Encoding': 'gzip, deflate', 'Accept': '*/*', 'Connection': 'keep-alive', 'Authorization': 'Bearer eyJhbGciOiJIUzI1NiIsInR5cCI6IkpXVCJ9.eyJ1aWQiOjUwMCwicmlkIjowLCJpYXQiOjE2ODIyNTc5OTIsImV4cCI6MTY4MjM0NDM5Mn0.X6n5cm252h4NcxzgABsQvTmndeHGS5lp5t9gHR38cAw', 'Content-Length': '216', 'Content-Type': 'application/json'}
请求内容: {'goods_name': '手机壳piZjsE', 'goods_cat': '1,2,3', 'goods_price': '19.9', 'goods_number': '200', 'goods_weight': '100', 'goods_introduce': '手机壳', 'pics': '', 'attr': '手机壳'}
接口响应内容: {'data': {'goods_id': 999, 'cat_id': '3', 'goods_name': '手机壳piZjsE', 'goods_price': 19.9, 'goods_number': 200, 'goods_weight': 100, 'goods_introduce': '手机壳', 'goods_big_logo': '', 'goods_small_logo': '', 'goods_state': None, 'is_del': '0', 'add_time': 1682257992, 'upd_time': 1682257992, 'delete_time': None, 'hot_mumber': 0, 'is_promote': False, 'cat_one_id': '1', 'cat_two_id': '2', 'cat_three_id': '3', 'goods_cat': '1,2,3', 'pics': [], 'attrs': []}, 'meta': {'msg': '创建商品成功', 'status': 201}}
接口响应时长: 21 ms
Http状态码: 200
断言结果: 200
=====================================================
INFO    2023-04-23 21:53:12,694G:\auto_api1_framework\logs\info-2023-04-23.log:log_decorator.py:42 
======================================================
用例标题: 添加商品失败（name为空）
请求路径: http://127.0.0.1:8888/api/private/v1/goods
请求方式: POST
请求头:   {'User-Agent': 'python-requests/2.28.2', 'Accept-Encoding': 'gzip, deflate', 'Accept': '*/*', 'Connection': 'keep-alive', 'Authorization': 'Bearer eyJhbGciOiJIUzI1NiIsInR5cCI6IkpXVCJ9.eyJ1aWQiOjUwMCwicmlkIjowLCJpYXQiOjE2ODIyNTc5OTIsImV4cCI6MTY4MjM0NDM5Mn0.X6n5cm252h4NcxzgABsQvTmndeHGS5lp5t9gHR38cAw', 'Content-Length': '194', 'Content-Type': 'application/json'}
请求内容: {'goods_name': None, 'goods_cat': '1,2,3', 'goods_price': '19.9', 'goods_number': '200', 'goods_weight': '100', 'goods_introduce': '手机壳', 'pics': '', 'attr': '手机壳'}
接口响应内容: {'data': None, 'meta': {'msg': '商品名称不能为空', 'status': 400}}
接口响应时长: 2 ms
Http状态码: 200
断言结果: 200
=====================================================
INFO    2023-04-23 21:53:12,700G:\auto_api1_framework\logs\info-2023-04-23.log:log_decorator.py:42 
======================================================
用例标题: 添加商品失败（cat为空）
请求路径: http://127.0.0.1:8888/api/private/v1/goods
请求方式: POST
请求头:   {'User-Agent': 'python-requests/2.28.2', 'Accept-Encoding': 'gzip, deflate', 'Accept': '*/*', 'Connection': 'keep-alive', 'Authorization': 'Bearer eyJhbGciOiJIUzI1NiIsInR5cCI6IkpXVCJ9.eyJ1aWQiOjUwMCwicmlkIjowLCJpYXQiOjE2ODIyNTc5OTIsImV4cCI6MTY4MjM0NDM5Mn0.X6n5cm252h4NcxzgABsQvTmndeHGS5lp5t9gHR38cAw', 'Content-Length': '211', 'Content-Type': 'application/json'}
请求内容: {'goods_name': '手机壳KOEOEi', 'goods_cat': '', 'goods_price': '19.9', 'goods_number': '200', 'goods_weight': '100', 'goods_introduce': '手机壳', 'pics': '', 'attr': '手机壳'}
接口响应内容: {'data': None, 'meta': {'msg': '商品没有设置所属分类', 'status': 400}}
接口响应时长: 2 ms
Http状态码: 200
断言结果: 200
=====================================================
INFO    2023-04-23 21:53:12,706G:\auto_api1_framework\logs\info-2023-04-23.log:log_decorator.py:42 
======================================================
用例标题: 添加商品失败（price为空）
请求路径: http://127.0.0.1:8888/api/private/v1/goods
请求方式: POST
请求头:   {'User-Agent': 'python-requests/2.28.2', 'Accept-Encoding': 'gzip, deflate', 'Accept': '*/*', 'Connection': 'keep-alive', 'Authorization': 'Bearer eyJhbGciOiJIUzI1NiIsInR5cCI6IkpXVCJ9.eyJ1aWQiOjUwMCwicmlkIjowLCJpYXQiOjE2ODIyNTc5OTIsImV4cCI6MTY4MjM0NDM5Mn0.X6n5cm252h4NcxzgABsQvTmndeHGS5lp5t9gHR38cAw', 'Content-Length': '212', 'Content-Type': 'application/json'}
请求内容: {'goods_name': '手机壳GKfPDV', 'goods_cat': '1,2,3', 'goods_price': '', 'goods_number': '200', 'goods_weight': '100', 'goods_introduce': '手机壳', 'pics': '', 'attr': '手机壳'}
接口响应内容: {'data': None, 'meta': {'msg': '商品价格不能为空', 'status': 400}}
接口响应时长: 2 ms
Http状态码: 200
断言结果: 200
=====================================================
INFO    2023-04-23 21:53:12,712G:\auto_api1_framework\logs\info-2023-04-23.log:log_decorator.py:42 
======================================================
用例标题: 添加商品失败（number为空）
请求路径: http://127.0.0.1:8888/api/private/v1/goods
请求方式: POST
请求头:   {'User-Agent': 'python-requests/2.28.2', 'Accept-Encoding': 'gzip, deflate', 'Accept': '*/*', 'Connection': 'keep-alive', 'Authorization': 'Bearer eyJhbGciOiJIUzI1NiIsInR5cCI6IkpXVCJ9.eyJ1aWQiOjUwMCwicmlkIjowLCJpYXQiOjE2ODIyNTc5OTIsImV4cCI6MTY4MjM0NDM5Mn0.X6n5cm252h4NcxzgABsQvTmndeHGS5lp5t9gHR38cAw', 'Content-Length': '213', 'Content-Type': 'application/json'}
请求内容: {'goods_name': '手机壳WVbqwh', 'goods_cat': '1,2,3', 'goods_price': '19.9', 'goods_number': '', 'goods_weight': '100', 'goods_introduce': '手机壳', 'pics': '', 'attr': '手机壳'}
接口响应内容: {'data': None, 'meta': {'msg': '商品数量不能为空', 'status': 400}}
接口响应时长: 1 ms
Http状态码: 200
断言结果: 200
=====================================================
INFO    2023-04-23 21:53:12,731G:\auto_api1_framework\logs\info-2023-04-23.log:log_decorator.py:42 
======================================================
用例标题: 添加商品失败（weight为空）
请求路径: http://127.0.0.1:8888/api/private/v1/goods
请求方式: POST
请求头:   {'User-Agent': 'python-requests/2.28.2', 'Accept-Encoding': 'gzip, deflate', 'Accept': '*/*', 'Connection': 'keep-alive', 'Authorization': 'Bearer eyJhbGciOiJIUzI1NiIsInR5cCI6IkpXVCJ9.eyJ1aWQiOjUwMCwicmlkIjowLCJpYXQiOjE2ODIyNTc5OTIsImV4cCI6MTY4MjM0NDM5Mn0.X6n5cm252h4NcxzgABsQvTmndeHGS5lp5t9gHR38cAw', 'Content-Length': '213', 'Content-Type': 'application/json'}
请求内容: {'goods_name': '手机壳xNTnar', 'goods_cat': '1,2,3', 'goods_price': '19.9', 'goods_number': '200', 'goods_weight': '', 'goods_introduce': '手机壳', 'pics': '', 'attr': '手机壳'}
接口响应内容: {'data': {'goods_id': 1000, 'cat_id': '3', 'goods_name': '手机壳xNTnar', 'goods_price': 19.9, 'goods_number': 200, 'goods_weight': 0, 'goods_introduce': '手机壳', 'goods_big_logo': '', 'goods_small_logo': '', 'goods_state': None, 'is_del': '0', 'add_time': 1682257992, 'upd_time': 1682257992, 'delete_time': None, 'hot_mumber': 0, 'is_promote': False, 'cat_one_id': '1', 'cat_two_id': '2', 'cat_three_id': '3', 'goods_cat': '1,2,3', 'pics': [], 'attrs': []}, 'meta': {'msg': '创建商品成功', 'status': 201}}
接口响应时长: 15 ms
Http状态码: 200
断言结果: 200
=====================================================
INFO    2023-04-23 21:53:12,823G:\auto_api1_framework\logs\info-2023-04-23.log:log_decorator.py:42 
======================================================
用例标题: 添加商品失败（introduce为空）
请求路径: http://127.0.0.1:8888/api/private/v1/goods
请求方式: POST
请求头:   {'User-Agent': 'python-requests/2.28.2', 'Accept-Encoding': 'gzip, deflate', 'Accept': '*/*', 'Connection': 'keep-alive', 'Authorization': 'Bearer eyJhbGciOiJIUzI1NiIsInR5cCI6IkpXVCJ9.eyJ1aWQiOjUwMCwicmlkIjowLCJpYXQiOjE2ODIyNTc5OTIsImV4cCI6MTY4MjM0NDM5Mn0.X6n5cm252h4NcxzgABsQvTmndeHGS5lp5t9gHR38cAw', 'Content-Length': '198', 'Content-Type': 'application/json'}
请求内容: {'goods_name': '手机壳OgDMop', 'goods_cat': '1,2,3', 'goods_price': '19.9', 'goods_number': '200', 'goods_weight': '100', 'goods_introduce': '', 'pics': '', 'attr': '手机壳'}
接口响应内容: {'data': {'goods_id': 1001, 'cat_id': '3', 'goods_name': '手机壳OgDMop', 'goods_price': 19.9, 'goods_number': 200, 'goods_weight': 100, 'goods_introduce': None, 'goods_big_logo': '', 'goods_small_logo': '', 'goods_state': None, 'is_del': '0', 'add_time': 1682257992, 'upd_time': 1682257992, 'delete_time': None, 'hot_mumber': 0, 'is_promote': False, 'cat_one_id': '1', 'cat_two_id': '2', 'cat_three_id': '3', 'goods_cat': '1,2,3', 'pics': [], 'attrs': []}, 'meta': {'msg': '创建商品成功', 'status': 201}}
接口响应时长: 15 ms
Http状态码: 200
断言结果: 200
=====================================================
INFO    2023-04-23 21:53:12,844G:\auto_api1_framework\logs\info-2023-04-23.log:log_decorator.py:42 
======================================================
用例标题: 添加商品成功（商品名称纯数字）
请求路径: http://127.0.0.1:8888/api/private/v1/goods
请求方式: POST
请求头:   {'User-Agent': 'python-requests/2.28.2', 'Accept-Encoding': 'gzip, deflate', 'Accept': '*/*', 'Connection': 'keep-alive', 'Authorization': 'Bearer eyJhbGciOiJIUzI1NiIsInR5cCI6IkpXVCJ9.eyJ1aWQiOjUwMCwicmlkIjowLCJpYXQiOjE2ODIyNTc5OTIsImV4cCI6MTY4MjM0NDM5Mn0.X6n5cm252h4NcxzgABsQvTmndeHGS5lp5t9gHR38cAw', 'Content-Length': '198', 'Content-Type': 'application/json'}
请求内容: {'goods_name': '201518', 'goods_cat': '1,2,3', 'goods_price': '19.9', 'goods_number': '200', 'goods_weight': '100', 'goods_introduce': '手机壳', 'pics': '', 'attr': '手机壳'}
接口响应内容: {'data': {'goods_id': 1002, 'cat_id': '3', 'goods_name': '201518', 'goods_price': 19.9, 'goods_number': 200, 'goods_weight': 100, 'goods_introduce': '手机壳', 'goods_big_logo': '', 'goods_small_logo': '', 'goods_state': None, 'is_del': '0', 'add_time': 1682257992, 'upd_time': 1682257992, 'delete_time': None, 'hot_mumber': 0, 'is_promote': False, 'cat_one_id': '1', 'cat_two_id': '2', 'cat_three_id': '3', 'goods_cat': '1,2,3', 'pics': [], 'attrs': []}, 'meta': {'msg': '创建商品成功', 'status': 201}}
接口响应时长: 16 ms
Http状态码: 200
断言结果: 200
=====================================================
INFO    2023-04-23 21:53:12,863G:\auto_api1_framework\logs\info-2023-04-23.log:log_decorator.py:42 
======================================================
用例标题: 添加商品成功（商品名称纯字母）
请求路径: http://127.0.0.1:8888/api/private/v1/goods
请求方式: POST
请求头:   {'User-Agent': 'python-requests/2.28.2', 'Accept-Encoding': 'gzip, deflate', 'Accept': '*/*', 'Connection': 'keep-alive', 'Authorization': 'Bearer eyJhbGciOiJIUzI1NiIsInR5cCI6IkpXVCJ9.eyJ1aWQiOjUwMCwicmlkIjowLCJpYXQiOjE2ODIyNTc5OTIsImV4cCI6MTY4MjM0NDM5Mn0.X6n5cm252h4NcxzgABsQvTmndeHGS5lp5t9gHR38cAw', 'Content-Length': '198', 'Content-Type': 'application/json'}
请求内容: {'goods_name': 'hPBayU', 'goods_cat': '1,2,3', 'goods_price': '19.9', 'goods_number': '200', 'goods_weight': '100', 'goods_introduce': '手机壳', 'pics': '', 'attr': '手机壳'}
接口响应内容: {'data': {'goods_id': 1003, 'cat_id': '3', 'goods_name': 'hPBayU', 'goods_price': 19.9, 'goods_number': 200, 'goods_weight': 100, 'goods_introduce': '手机壳', 'goods_big_logo': '', 'goods_small_logo': '', 'goods_state': None, 'is_del': '0', 'add_time': 1682257992, 'upd_time': 1682257992, 'delete_time': None, 'hot_mumber': 0, 'is_promote': False, 'cat_one_id': '1', 'cat_two_id': '2', 'cat_three_id': '3', 'goods_cat': '1,2,3', 'pics': [], 'attrs': []}, 'meta': {'msg': '创建商品成功', 'status': 201}}
接口响应时长: 16 ms
Http状态码: 200
断言结果: 200
=====================================================
INFO    2023-04-23 21:53:12,885G:\auto_api1_framework\logs\info-2023-04-23.log:log_decorator.py:42 
======================================================
用例标题: 添加商品成功（商品名称包含特殊字符、汉字）
请求路径: http://127.0.0.1:8888/api/private/v1/goods
请求方式: POST
请求头:   {'User-Agent': 'python-requests/2.28.2', 'Accept-Encoding': 'gzip, deflate', 'Accept': '*/*', 'Connection': 'keep-alive', 'Authorization': 'Bearer eyJhbGciOiJIUzI1NiIsInR5cCI6IkpXVCJ9.eyJ1aWQiOjUwMCwicmlkIjowLCJpYXQiOjE2ODIyNTc5OTIsImV4cCI6MTY4MjM0NDM5Mn0.X6n5cm252h4NcxzgABsQvTmndeHGS5lp5t9gHR38cAw', 'Content-Length': '205', 'Content-Type': 'application/json'}
请求内容: {'goods_name': '!%#%_gvGCC711', 'goods_cat': '1,2,3', 'goods_price': '19.9', 'goods_number': '200', 'goods_weight': '100', 'goods_introduce': '手机壳', 'pics': '', 'attr': '手机壳'}
接口响应内容: {'data': {'goods_id': 1004, 'cat_id': '3', 'goods_name': '!%#%_gvGCC711', 'goods_price': 19.9, 'goods_number': 200, 'goods_weight': 100, 'goods_introduce': '手机壳', 'goods_big_logo': '', 'goods_small_logo': '', 'goods_state': None, 'is_del': '0', 'add_time': 1682257992, 'upd_time': 1682257992, 'delete_time': None, 'hot_mumber': 0, 'is_promote': False, 'cat_one_id': '1', 'cat_two_id': '2', 'cat_three_id': '3', 'goods_cat': '1,2,3', 'pics': [], 'attrs': []}, 'meta': {'msg': '创建商品成功', 'status': 201}}
接口响应时长: 16 ms
Http状态码: 200
断言结果: 200
=====================================================
INFO    2023-04-23 21:53:12,895G:\auto_api1_framework\logs\info-2023-04-23.log:log_decorator.py:42 
======================================================
用例标题: 添加商品失败（缺少goods_price参数）
请求路径: http://127.0.0.1:8888/api/private/v1/goods
请求方式: POST
请求头:   {'User-Agent': 'python-requests/2.28.2', 'Accept-Encoding': 'gzip, deflate', 'Accept': '*/*', 'Connection': 'keep-alive', 'Authorization': 'Bearer eyJhbGciOiJIUzI1NiIsInR5cCI6IkpXVCJ9.eyJ1aWQiOjUwMCwicmlkIjowLCJpYXQiOjE2ODIyNTc5OTIsImV4cCI6MTY4MjM0NDM5Mn0.X6n5cm252h4NcxzgABsQvTmndeHGS5lp5t9gHR38cAw', 'Content-Length': '193', 'Content-Type': 'application/json'}
请求内容: {'goods_name': '手机壳qlbjKv', 'goods_cat': '1,2,3', 'goods_number': '200', 'goods_weight': '100', 'goods_introduce': '手机壳', 'pics': '', 'attr': '手机壳'}
接口响应内容: {'data': None, 'meta': {'msg': '商品价格不能为空', 'status': 400}}
接口响应时长: 2 ms
Http状态码: 200
断言结果: 200
=====================================================
INFO    2023-04-23 21:53:12,917G:\auto_api1_framework\logs\info-2023-04-23.log:log_decorator.py:42 
======================================================
用例标题: 添加商品成功（多出abc参数）
请求路径: http://127.0.0.1:8888/api/private/v1/goods
请求方式: POST
请求头:   {'User-Agent': 'python-requests/2.28.2', 'Accept-Encoding': 'gzip, deflate', 'Accept': '*/*', 'Connection': 'keep-alive', 'Authorization': 'Bearer eyJhbGciOiJIUzI1NiIsInR5cCI6IkpXVCJ9.eyJ1aWQiOjUwMCwicmlkIjowLCJpYXQiOjE2ODIyNTc5OTIsImV4cCI6MTY4MjM0NDM5Mn0.X6n5cm252h4NcxzgABsQvTmndeHGS5lp5t9gHR38cAw', 'Content-Length': '230', 'Content-Type': 'application/json'}
请求内容: {'goods_name': '手机壳DBPpQY', 'goods_cat': '1,2,3', 'goods_price': '19.9', 'goods_number': '200', 'goods_weight': '100', 'goods_introduce': '手机壳', 'pics': '', 'attr': '手机壳', 'abc': '123'}
接口响应内容: {'data': {'goods_id': 1005, 'cat_id': '3', 'goods_name': '手机壳DBPpQY', 'goods_price': 19.9, 'goods_number': 200, 'goods_weight': 100, 'goods_introduce': '手机壳', 'goods_big_logo': '', 'goods_small_logo': '', 'goods_state': None, 'is_del': '0', 'add_time': 1682257992, 'upd_time': 1682257992, 'delete_time': None, 'hot_mumber': 0, 'is_promote': False, 'cat_one_id': '1', 'cat_two_id': '2', 'cat_three_id': '3', 'goods_cat': '1,2,3', 'pics': [], 'attrs': []}, 'meta': {'msg': '创建商品成功', 'status': 201}}
接口响应时长: 18 ms
Http状态码: 200
断言结果: 200
=====================================================
INFO    2023-04-23 21:53:12,924G:\auto_api1_framework\logs\info-2023-04-23.log:log_decorator.py:42 
======================================================
用例标题: 添加商品失败（修改goods_name为abc参数）
请求路径: http://127.0.0.1:8888/api/private/v1/goods
请求方式: POST
请求头:   {'User-Agent': 'python-requests/2.28.2', 'Accept-Encoding': 'gzip, deflate', 'Accept': '*/*', 'Connection': 'keep-alive', 'Authorization': 'Bearer eyJhbGciOiJIUzI1NiIsInR5cCI6IkpXVCJ9.eyJ1aWQiOjUwMCwicmlkIjowLCJpYXQiOjE2ODIyNTc5OTIsImV4cCI6MTY4MjM0NDM5Mn0.X6n5cm252h4NcxzgABsQvTmndeHGS5lp5t9gHR38cAw', 'Content-Length': '209', 'Content-Type': 'application/json'}
请求内容: {'abc': '手机壳uODcjj', 'goods_cat': '1,2,3', 'goods_price': '19.9', 'goods_number': '200', 'goods_weight': '100', 'goods_introduce': '手机壳', 'pics': '', 'attr': '手机壳'}
接口响应内容: {'data': None, 'meta': {'msg': '商品名称不能为空', 'status': 400}}
接口响应时长: 2 ms
Http状态码: 200
断言结果: 200
=====================================================
INFO    2023-04-23 21:53:12,930G:\auto_api1_framework\logs\info-2023-04-23.log:log_decorator.py:42 
======================================================
用例标题: 添加商品失败（没有参数）
请求路径: http://127.0.0.1:8888/api/private/v1/goods
请求方式: POST
请求头:   {'User-Agent': 'python-requests/2.28.2', 'Accept-Encoding': 'gzip, deflate', 'Accept': '*/*', 'Connection': 'keep-alive', 'Authorization': 'Bearer eyJhbGciOiJIUzI1NiIsInR5cCI6IkpXVCJ9.eyJ1aWQiOjUwMCwicmlkIjowLCJpYXQiOjE2ODIyNTc5OTIsImV4cCI6MTY4MjM0NDM5Mn0.X6n5cm252h4NcxzgABsQvTmndeHGS5lp5t9gHR38cAw', 'Content-Length': '0'}
请求内容: None
接口响应内容: {'data': None, 'meta': {'msg': '商品名称不能为空', 'status': 400}}
接口响应时长: 2 ms
Http状态码: 200
断言结果: 200
=====================================================
