INFO    2023-04-08 19:46:01,671G:\auto_api1_framework\logs\info-2023-04-08.log:test_get_user_data_list.py:26 2023-04-08 19:46:01 >>>>>> 开始执行：
INFO    2023-04-08 19:46:01,681G:\auto_api1_framework\logs\info-2023-04-08.log:log_decorator.py:42 
======================================================
用例标题: 获取用户数据列表成功
请求路径: http://127.0.0.1:8888/api/private/v1/users?pagenum=1&pagesize=20
请求方式: GET
请求头:   {'User-Agent': 'python-requests/2.28.2', 'Accept-Encoding': 'gzip, deflate', 'Accept': '*/*', 'Connection': 'keep-alive', 'Authorization': '$cache{token}'}
请求内容: None
接口响应内容: {'data': None, 'meta': {'msg': '无效token', 'status': 400}}
接口响应时长: 2 ms
Http状态码: 200
断言结果: 200
=====================================================
INFO    2023-04-08 19:46:01,759G:\auto_api1_framework\logs\info-2023-04-08.log:test_get_user_data_list.py:29 2023-04-08 19:46:01 >>>>>> 执行结束！
INFO    2023-04-08 19:48:40,346G:\auto_api1_framework\logs\info-2023-04-08.log:test_create_user.py:26 2023-04-08 19:48:40 >>>>>> 开始执行：
INFO    2023-04-08 19:48:40,429G:\auto_api1_framework\logs\info-2023-04-08.log:log_decorator.py:42 
======================================================
用例标题: 创建用户成功（必填参数）
请求路径: http://127.0.0.1:8888/api/private/v1/users
请求方式: POST
请求头:   {'User-Agent': 'python-requests/2.28.2', 'Accept-Encoding': 'gzip, deflate', 'Accept': '*/*', 'Connection': 'keep-alive', 'Content-Type': 'application/json', 'Authorization': 'Bearer eyJhbGciOiJIUzI1NiIsInR5cCI6IkpXVCJ9.eyJ1aWQiOjUwMCwicmlkIjowLCJpYXQiOjE2ODA5NTQ1MjAsImV4cCI6MTY4MTA0MDkyMH0.5oT4DwILFXg2CRVt33xNq7lpFPR44Sqvezdgitd2xU8', 'Content-Length': '48'}
请求内容: {'username': 'rYBri188', 'password': 'admin123'}
接口响应内容: {'data': {'id': 618, 'username': 'rYBri188', 'role_id': -1, 'create_time': 1680954520}, 'meta': {'msg': '创建成功', 'status': 201}}
接口响应时长: 79 ms
Http状态码: 200
断言结果: 200
=====================================================
INFO    2023-04-08 19:48:40,494G:\auto_api1_framework\logs\info-2023-04-08.log:test_create_user.py:29 2023-04-08 19:48:40 >>>>>> 执行结束！
INFO    2023-04-08 19:48:40,497G:\auto_api1_framework\logs\info-2023-04-08.log:test_create_user.py:26 2023-04-08 19:48:40 >>>>>> 开始执行：
INFO    2023-04-08 19:48:40,587G:\auto_api1_framework\logs\info-2023-04-08.log:log_decorator.py:42 
======================================================
用例标题: 创建用户成功（必填+选填参数）
请求路径: http://127.0.0.1:8888/api/private/v1/users
请求方式: POST
请求头:   {'User-Agent': 'python-requests/2.28.2', 'Accept-Encoding': 'gzip, deflate', 'Accept': '*/*', 'Connection': 'keep-alive', 'Content-Type': 'application/json', 'Authorization': 'Bearer eyJhbGciOiJIUzI1NiIsInR5cCI6IkpXVCJ9.eyJ1aWQiOjUwMCwicmlkIjowLCJpYXQiOjE2ODA5NTQ1MjAsImV4cCI6MTY4MTA0MDkyMH0.5oT4DwILFXg2CRVt33xNq7lpFPR44Sqvezdgitd2xU8', 'Content-Length': '76'}
请求内容: {'username': 'wSyoF771', 'password': 'admin123@!', 'email': 'hmo@gmail.com'}
接口响应内容: {'data': {'id': 619, 'username': 'wSyoF771', 'email': 'hmo@gmail.com', 'role_id': -1, 'create_time': 1680954520}, 'meta': {'msg': '创建成功', 'status': 201}}
接口响应时长: 87 ms
Http状态码: 200
断言结果: 200
=====================================================
INFO    2023-04-08 19:48:40,589G:\auto_api1_framework\logs\info-2023-04-08.log:test_create_user.py:29 2023-04-08 19:48:40 >>>>>> 执行结束！
INFO    2023-04-08 19:48:40,590G:\auto_api1_framework\logs\info-2023-04-08.log:test_create_user.py:26 2023-04-08 19:48:40 >>>>>> 开始执行：
INFO    2023-04-08 19:48:40,676G:\auto_api1_framework\logs\info-2023-04-08.log:log_decorator.py:42 
======================================================
用例标题: 创建用户成功（全部参数）
请求路径: http://127.0.0.1:8888/api/private/v1/users
请求方式: POST
请求头:   {'User-Agent': 'python-requests/2.28.2', 'Accept-Encoding': 'gzip, deflate', 'Accept': '*/*', 'Connection': 'keep-alive', 'Content-Type': 'application/json', 'Authorization': 'Bearer eyJhbGciOiJIUzI1NiIsInR5cCI6IkpXVCJ9.eyJ1aWQiOjUwMCwicmlkIjowLCJpYXQiOjE2ODA5NTQ1MjAsImV4cCI6MTY4MTA0MDkyMH0.5oT4DwILFXg2CRVt33xNq7lpFPR44Sqvezdgitd2xU8', 'Content-Length': '102'}
请求内容: {'username': 'rDhoH557', 'password': '_5oiA*fJ', 'email': 'juan09@gmail.com', 'mobile': '13049506646'}
接口响应内容: {'data': {'id': 620, 'username': 'rDhoH557', 'mobile': '13049506646', 'email': 'juan09@gmail.com', 'role_id': -1, 'create_time': 1680954520}, 'meta': {'msg': '创建成功', 'status': 201}}
接口响应时长: 83 ms
Http状态码: 200
断言结果: 200
=====================================================
INFO    2023-04-08 19:48:40,677G:\auto_api1_framework\logs\info-2023-04-08.log:test_create_user.py:29 2023-04-08 19:48:40 >>>>>> 执行结束！
INFO    2023-04-08 19:48:40,678G:\auto_api1_framework\logs\info-2023-04-08.log:test_create_user.py:26 2023-04-08 19:48:40 >>>>>> 开始执行：
INFO    2023-04-08 19:48:40,684G:\auto_api1_framework\logs\info-2023-04-08.log:log_decorator.py:42 
======================================================
用例标题: 创建已存在用户
请求路径: http://127.0.0.1:8888/api/private/v1/users
请求方式: POST
请求头:   {'User-Agent': 'python-requests/2.28.2', 'Accept-Encoding': 'gzip, deflate', 'Accept': '*/*', 'Connection': 'keep-alive', 'Content-Type': 'application/json', 'Authorization': 'Bearer eyJhbGciOiJIUzI1NiIsInR5cCI6IkpXVCJ9.eyJ1aWQiOjUwMCwicmlkIjowLCJpYXQiOjE2ODA5NTQ1MjAsImV4cCI6MTY4MTA0MDkyMH0.5oT4DwILFXg2CRVt33xNq7lpFPR44Sqvezdgitd2xU8', 'Content-Length': '43'}
请求内容: {'username': 'admin', 'password': '123456'}
接口响应内容: {'data': None, 'meta': {'msg': '用户名已存在', 'status': 400}}
接口响应时长: 4 ms
Http状态码: 200
断言结果: 200
=====================================================
INFO    2023-04-08 19:48:40,687G:\auto_api1_framework\logs\info-2023-04-08.log:test_create_user.py:29 2023-04-08 19:48:40 >>>>>> 执行结束！
INFO    2023-04-08 19:48:40,688G:\auto_api1_framework\logs\info-2023-04-08.log:test_create_user.py:26 2023-04-08 19:48:40 >>>>>> 开始执行：
INFO    2023-04-08 19:48:40,693G:\auto_api1_framework\logs\info-2023-04-08.log:log_decorator.py:42 
======================================================
用例标题: 用户名为空
请求路径: http://127.0.0.1:8888/api/private/v1/users
请求方式: POST
请求头:   {'User-Agent': 'python-requests/2.28.2', 'Accept-Encoding': 'gzip, deflate', 'Accept': '*/*', 'Connection': 'keep-alive', 'Content-Type': 'application/json', 'Authorization': 'Bearer eyJhbGciOiJIUzI1NiIsInR5cCI6IkpXVCJ9.eyJ1aWQiOjUwMCwicmlkIjowLCJpYXQiOjE2ODA5NTQ1MjAsImV4cCI6MTY4MTA0MDkyMH0.5oT4DwILFXg2CRVt33xNq7lpFPR44Sqvezdgitd2xU8', 'Content-Length': '38'}
请求内容: {'username': '', 'password': '123456'}
接口响应内容: {'data': None, 'meta': {'msg': '用户名不能为空', 'status': 400}}
接口响应时长: 3 ms
Http状态码: 200
断言结果: 200
=====================================================
INFO    2023-04-08 19:48:40,694G:\auto_api1_framework\logs\info-2023-04-08.log:test_create_user.py:29 2023-04-08 19:48:40 >>>>>> 执行结束！
INFO    2023-04-08 19:48:40,695G:\auto_api1_framework\logs\info-2023-04-08.log:test_create_user.py:26 2023-04-08 19:48:40 >>>>>> 开始执行：
INFO    2023-04-08 19:48:40,778G:\auto_api1_framework\logs\info-2023-04-08.log:log_decorator.py:42 
======================================================
用例标题: 用户名纯数字
请求路径: http://127.0.0.1:8888/api/private/v1/users
请求方式: POST
请求头:   {'User-Agent': 'python-requests/2.28.2', 'Accept-Encoding': 'gzip, deflate', 'Accept': '*/*', 'Connection': 'keep-alive', 'Content-Type': 'application/json', 'Authorization': 'Bearer eyJhbGciOiJIUzI1NiIsInR5cCI6IkpXVCJ9.eyJ1aWQiOjUwMCwicmlkIjowLCJpYXQiOjE2ODA5NTQ1MjAsImV4cCI6MTY4MTA0MDkyMH0.5oT4DwILFXg2CRVt33xNq7lpFPR44Sqvezdgitd2xU8', 'Content-Length': '44'}
请求内容: {'username': '706105', 'password': '123456'}
接口响应内容: {'data': {'id': 621, 'username': '706105', 'role_id': -1, 'create_time': 1680954520}, 'meta': {'msg': '创建成功', 'status': 201}}
接口响应时长: 80 ms
Http状态码: 200
断言结果: 200
=====================================================
INFO    2023-04-08 19:48:40,785G:\auto_api1_framework\logs\info-2023-04-08.log:test_create_user.py:29 2023-04-08 19:48:40 >>>>>> 执行结束！
INFO    2023-04-08 19:48:40,787G:\auto_api1_framework\logs\info-2023-04-08.log:test_create_user.py:26 2023-04-08 19:48:40 >>>>>> 开始执行：
INFO    2023-04-08 19:48:40,863G:\auto_api1_framework\logs\info-2023-04-08.log:log_decorator.py:42 
======================================================
用例标题: 用户名纯字母
请求路径: http://127.0.0.1:8888/api/private/v1/users
请求方式: POST
请求头:   {'User-Agent': 'python-requests/2.28.2', 'Accept-Encoding': 'gzip, deflate', 'Accept': '*/*', 'Connection': 'keep-alive', 'Content-Type': 'application/json', 'Authorization': 'Bearer eyJhbGciOiJIUzI1NiIsInR5cCI6IkpXVCJ9.eyJ1aWQiOjUwMCwicmlkIjowLCJpYXQiOjE2ODA5NTQ1MjAsImV4cCI6MTY4MTA0MDkyMH0.5oT4DwILFXg2CRVt33xNq7lpFPR44Sqvezdgitd2xU8', 'Content-Length': '44'}
请求内容: {'username': 'PIFXFM', 'password': '123456'}
接口响应内容: {'data': {'id': 622, 'username': 'PIFXFM', 'role_id': -1, 'create_time': 1680954520}, 'meta': {'msg': '创建成功', 'status': 201}}
接口响应时长: 74 ms
Http状态码: 200
断言结果: 200
=====================================================
INFO    2023-04-08 19:48:40,870G:\auto_api1_framework\logs\info-2023-04-08.log:test_create_user.py:29 2023-04-08 19:48:40 >>>>>> 执行结束！
INFO    2023-04-08 19:48:40,874G:\auto_api1_framework\logs\info-2023-04-08.log:test_create_user.py:26 2023-04-08 19:48:40 >>>>>> 开始执行：
INFO    2023-04-08 19:48:40,956G:\auto_api1_framework\logs\info-2023-04-08.log:log_decorator.py:42 
======================================================
用例标题: 用户名包含汉字
请求路径: http://127.0.0.1:8888/api/private/v1/users
请求方式: POST
请求头:   {'User-Agent': 'python-requests/2.28.2', 'Accept-Encoding': 'gzip, deflate', 'Accept': '*/*', 'Connection': 'keep-alive', 'Content-Type': 'application/json', 'Authorization': 'Bearer eyJhbGciOiJIUzI1NiIsInR5cCI6IkpXVCJ9.eyJ1aWQiOjUwMCwicmlkIjowLCJpYXQiOjE2ODA5NTQ1MjAsImV4cCI6MTY4MTA0MDkyMH0.5oT4DwILFXg2CRVt33xNq7lpFPR44Sqvezdgitd2xU8', 'Content-Length': '56'}
请求内容: {'username': '李梅bjokke', 'password': '123456'}
接口响应内容: {'data': {'id': 623, 'username': '李梅bjokke', 'role_id': -1, 'create_time': 1680954520}, 'meta': {'msg': '创建成功', 'status': 201}}
接口响应时长: 80 ms
Http状态码: 200
断言结果: 200
=====================================================
INFO    2023-04-08 19:48:40,966G:\auto_api1_framework\logs\info-2023-04-08.log:test_create_user.py:29 2023-04-08 19:48:40 >>>>>> 执行结束！
INFO    2023-04-08 19:48:40,970G:\auto_api1_framework\logs\info-2023-04-08.log:test_create_user.py:26 2023-04-08 19:48:40 >>>>>> 开始执行：
INFO    2023-04-08 19:48:40,975G:\auto_api1_framework\logs\info-2023-04-08.log:log_decorator.py:42 
======================================================
用例标题: 密码为空
请求路径: http://127.0.0.1:8888/api/private/v1/users
请求方式: POST
请求头:   {'User-Agent': 'python-requests/2.28.2', 'Accept-Encoding': 'gzip, deflate', 'Accept': '*/*', 'Connection': 'keep-alive', 'Content-Type': 'application/json', 'Authorization': 'Bearer eyJhbGciOiJIUzI1NiIsInR5cCI6IkpXVCJ9.eyJ1aWQiOjUwMCwicmlkIjowLCJpYXQiOjE2ODA5NTQ1MjAsImV4cCI6MTY4MTA0MDkyMH0.5oT4DwILFXg2CRVt33xNq7lpFPR44Sqvezdgitd2xU8', 'Content-Length': '40'}
请求内容: {'username': 'vXQZa277', 'password': ''}
接口响应内容: {'data': None, 'meta': {'msg': '密码不能为空', 'status': 400}}
接口响应时长: 2 ms
Http状态码: 200
断言结果: 200
=====================================================
INFO    2023-04-08 19:48:40,984G:\auto_api1_framework\logs\info-2023-04-08.log:test_create_user.py:29 2023-04-08 19:48:40 >>>>>> 执行结束！
INFO    2023-04-08 19:48:40,986G:\auto_api1_framework\logs\info-2023-04-08.log:test_create_user.py:26 2023-04-08 19:48:40 >>>>>> 开始执行：
INFO    2023-04-08 19:48:41,072G:\auto_api1_framework\logs\info-2023-04-08.log:log_decorator.py:42 
======================================================
用例标题: 密码为纯数字
请求路径: http://127.0.0.1:8888/api/private/v1/users
请求方式: POST
请求头:   {'User-Agent': 'python-requests/2.28.2', 'Accept-Encoding': 'gzip, deflate', 'Accept': '*/*', 'Connection': 'keep-alive', 'Content-Type': 'application/json', 'Authorization': 'Bearer eyJhbGciOiJIUzI1NiIsInR5cCI6IkpXVCJ9.eyJ1aWQiOjUwMCwicmlkIjowLCJpYXQiOjE2ODA5NTQ1MjAsImV4cCI6MTY4MTA0MDkyMH0.5oT4DwILFXg2CRVt33xNq7lpFPR44Sqvezdgitd2xU8', 'Content-Length': '46'}
请求内容: {'username': 'ERsAv011', 'password': '142504'}
接口响应内容: {'data': {'id': 624, 'username': 'ERsAv011', 'role_id': -1, 'create_time': 1680954521}, 'meta': {'msg': '创建成功', 'status': 201}}
接口响应时长: 83 ms
Http状态码: 200
断言结果: 200
=====================================================
INFO    2023-04-08 19:48:41,080G:\auto_api1_framework\logs\info-2023-04-08.log:test_create_user.py:29 2023-04-08 19:48:40 >>>>>> 执行结束！
INFO    2023-04-08 19:48:41,082G:\auto_api1_framework\logs\info-2023-04-08.log:test_create_user.py:26 2023-04-08 19:48:40 >>>>>> 开始执行：
INFO    2023-04-08 19:48:41,166G:\auto_api1_framework\logs\info-2023-04-08.log:log_decorator.py:42 
======================================================
用例标题: 密码为纯字母
请求路径: http://127.0.0.1:8888/api/private/v1/users
请求方式: POST
请求头:   {'User-Agent': 'python-requests/2.28.2', 'Accept-Encoding': 'gzip, deflate', 'Accept': '*/*', 'Connection': 'keep-alive', 'Content-Type': 'application/json', 'Authorization': 'Bearer eyJhbGciOiJIUzI1NiIsInR5cCI6IkpXVCJ9.eyJ1aWQiOjUwMCwicmlkIjowLCJpYXQiOjE2ODA5NTQ1MjAsImV4cCI6MTY4MTA0MDkyMH0.5oT4DwILFXg2CRVt33xNq7lpFPR44Sqvezdgitd2xU8', 'Content-Length': '46'}
请求内容: {'username': 'AedCC167', 'password': 'qynzhj'}
接口响应内容: {'data': {'id': 625, 'username': 'AedCC167', 'role_id': -1, 'create_time': 1680954521}, 'meta': {'msg': '创建成功', 'status': 201}}
接口响应时长: 81 ms
Http状态码: 200
断言结果: 200
=====================================================
INFO    2023-04-08 19:48:41,172G:\auto_api1_framework\logs\info-2023-04-08.log:test_create_user.py:29 2023-04-08 19:48:40 >>>>>> 执行结束！
INFO    2023-04-08 19:48:41,176G:\auto_api1_framework\logs\info-2023-04-08.log:test_create_user.py:26 2023-04-08 19:48:40 >>>>>> 开始执行：
INFO    2023-04-08 19:48:41,255G:\auto_api1_framework\logs\info-2023-04-08.log:log_decorator.py:42 
======================================================
用例标题: 100位密码
请求路径: http://127.0.0.1:8888/api/private/v1/users
请求方式: POST
请求头:   {'User-Agent': 'python-requests/2.28.2', 'Accept-Encoding': 'gzip, deflate', 'Accept': '*/*', 'Connection': 'keep-alive', 'Content-Type': 'application/json', 'Authorization': 'Bearer eyJhbGciOiJIUzI1NiIsInR5cCI6IkpXVCJ9.eyJ1aWQiOjUwMCwicmlkIjowLCJpYXQiOjE2ODA5NTQ1MjAsImV4cCI6MTY4MTA0MDkyMH0.5oT4DwILFXg2CRVt33xNq7lpFPR44Sqvezdgitd2xU8', 'Content-Length': '46'}
请求内容: {'username': 'XHYYM048', 'password': '123456'}
接口响应内容: {'data': {'id': 626, 'username': 'XHYYM048', 'role_id': -1, 'create_time': 1680954521}, 'meta': {'msg': '创建成功', 'status': 201}}
接口响应时长: 77 ms
Http状态码: 200
断言结果: 200
=====================================================
INFO    2023-04-08 19:48:41,262G:\auto_api1_framework\logs\info-2023-04-08.log:test_create_user.py:29 2023-04-08 19:48:40 >>>>>> 执行结束！
INFO    2023-04-08 19:48:41,266G:\auto_api1_framework\logs\info-2023-04-08.log:test_create_user.py:26 2023-04-08 19:48:40 >>>>>> 开始执行：
INFO    2023-04-08 19:48:41,347G:\auto_api1_framework\logs\info-2023-04-08.log:log_decorator.py:42 
======================================================
用例标题: 多参：多abc
请求路径: http://127.0.0.1:8888/api/private/v1/users
请求方式: POST
请求头:   {'User-Agent': 'python-requests/2.28.2', 'Accept-Encoding': 'gzip, deflate', 'Accept': '*/*', 'Connection': 'keep-alive', 'Content-Type': 'application/json', 'Authorization': 'Bearer eyJhbGciOiJIUzI1NiIsInR5cCI6IkpXVCJ9.eyJ1aWQiOjUwMCwicmlkIjowLCJpYXQiOjE2ODA5NTQ1MjAsImV4cCI6MTY4MTA0MDkyMH0.5oT4DwILFXg2CRVt33xNq7lpFPR44Sqvezdgitd2xU8', 'Content-Length': '65'}
请求内容: {'username': 'UzSEj698', 'password': 'uht^4C_f', 'abc': '607908'}
接口响应内容: {'data': {'id': 627, 'username': 'UzSEj698', 'role_id': -1, 'create_time': 1680954521}, 'meta': {'msg': '创建成功', 'status': 201}}
接口响应时长: 79 ms
Http状态码: 200
断言结果: 200
=====================================================
INFO    2023-04-08 19:48:41,355G:\auto_api1_framework\logs\info-2023-04-08.log:test_create_user.py:29 2023-04-08 19:48:40 >>>>>> 执行结束！
INFO    2023-04-08 19:48:41,356G:\auto_api1_framework\logs\info-2023-04-08.log:test_create_user.py:26 2023-04-08 19:48:40 >>>>>> 开始执行：
INFO    2023-04-08 19:48:41,361G:\auto_api1_framework\logs\info-2023-04-08.log:log_decorator.py:42 
======================================================
用例标题: 少参：缺少username
请求路径: http://127.0.0.1:8888/api/private/v1/users
请求方式: POST
请求头:   {'User-Agent': 'python-requests/2.28.2', 'Accept-Encoding': 'gzip, deflate', 'Accept': '*/*', 'Connection': 'keep-alive', 'Content-Type': 'application/json', 'Authorization': 'Bearer eyJhbGciOiJIUzI1NiIsInR5cCI6IkpXVCJ9.eyJ1aWQiOjUwMCwicmlkIjowLCJpYXQiOjE2ODA5NTQ1MjAsImV4cCI6MTY4MTA0MDkyMH0.5oT4DwILFXg2CRVt33xNq7lpFPR44Sqvezdgitd2xU8', 'Content-Length': '24'}
请求内容: {'password': 'Q(g8USCn'}
接口响应内容: {'data': None, 'meta': {'msg': '用户名不能为空', 'status': 400}}
接口响应时长: 2 ms
Http状态码: 200
断言结果: 200
=====================================================
INFO    2023-04-08 19:48:41,363G:\auto_api1_framework\logs\info-2023-04-08.log:test_create_user.py:29 2023-04-08 19:48:40 >>>>>> 执行结束！
INFO    2023-04-08 19:48:41,364G:\auto_api1_framework\logs\info-2023-04-08.log:test_create_user.py:26 2023-04-08 19:48:40 >>>>>> 开始执行：
INFO    2023-04-08 19:48:41,369G:\auto_api1_framework\logs\info-2023-04-08.log:log_decorator.py:42 
======================================================
用例标题: 没有参数
请求路径: http://127.0.0.1:8888/api/private/v1/users
请求方式: POST
请求头:   {'User-Agent': 'python-requests/2.28.2', 'Accept-Encoding': 'gzip, deflate', 'Accept': '*/*', 'Connection': 'keep-alive', 'Content-Type': 'application/json', 'Authorization': 'Bearer eyJhbGciOiJIUzI1NiIsInR5cCI6IkpXVCJ9.eyJ1aWQiOjUwMCwicmlkIjowLCJpYXQiOjE2ODA5NTQ1MjAsImV4cCI6MTY4MTA0MDkyMH0.5oT4DwILFXg2CRVt33xNq7lpFPR44Sqvezdgitd2xU8', 'Content-Length': '0'}
请求内容: None
接口响应内容: {'data': None, 'meta': {'msg': '用户名不能为空', 'status': 400}}
接口响应时长: 2 ms
Http状态码: 200
断言结果: 200
=====================================================
INFO    2023-04-08 19:48:41,370G:\auto_api1_framework\logs\info-2023-04-08.log:test_create_user.py:29 2023-04-08 19:48:40 >>>>>> 执行结束！
INFO    2023-04-08 19:48:41,371G:\auto_api1_framework\logs\info-2023-04-08.log:test_create_user.py:26 2023-04-08 19:48:40 >>>>>> 开始执行：
INFO    2023-04-08 19:48:41,377G:\auto_api1_framework\logs\info-2023-04-08.log:log_decorator.py:42 
======================================================
用例标题: 错误参数：修改username为test
请求路径: http://127.0.0.1:8888/api/private/v1/users
请求方式: POST
请求头:   {'User-Agent': 'python-requests/2.28.2', 'Accept-Encoding': 'gzip, deflate', 'Accept': '*/*', 'Connection': 'keep-alive', 'Content-Type': 'application/json', 'Authorization': 'Bearer eyJhbGciOiJIUzI1NiIsInR5cCI6IkpXVCJ9.eyJ1aWQiOjUwMCwicmlkIjowLCJpYXQiOjE2ODA5NTQ1MjAsImV4cCI6MTY4MTA0MDkyMH0.5oT4DwILFXg2CRVt33xNq7lpFPR44Sqvezdgitd2xU8', 'Content-Length': '44'}
请求内容: {'test': 'jREBO631', 'password': 'qD$1uGRd'}
接口响应内容: {'data': None, 'meta': {'msg': '用户名不能为空', 'status': 400}}
接口响应时长: 3 ms
Http状态码: 200
断言结果: 200
=====================================================
INFO    2023-04-08 19:48:41,378G:\auto_api1_framework\logs\info-2023-04-08.log:test_create_user.py:29 2023-04-08 19:48:40 >>>>>> 执行结束！
INFO    2023-04-08 19:49:17,649G:\auto_api1_framework\logs\info-2023-04-08.log:test_create_user.py:26 2023-04-08 19:49:17 >>>>>> 开始执行：
INFO    2023-04-08 19:49:17,734G:\auto_api1_framework\logs\info-2023-04-08.log:log_decorator.py:42 
======================================================
用例标题: 创建用户成功（必填参数）
请求路径: http://127.0.0.1:8888/api/private/v1/users
请求方式: POST
请求头:   {'User-Agent': 'python-requests/2.28.2', 'Accept-Encoding': 'gzip, deflate', 'Accept': '*/*', 'Connection': 'keep-alive', 'Content-Type': 'application/json', 'Authorization': 'Bearer eyJhbGciOiJIUzI1NiIsInR5cCI6IkpXVCJ9.eyJ1aWQiOjUwMCwicmlkIjowLCJpYXQiOjE2ODA5NTQ1NTcsImV4cCI6MTY4MTA0MDk1N30.XnR0htDfOuEaecju-Dskst6BuPAUzjYPbg_Htb6ItNw', 'Content-Length': '48'}
请求内容: {'username': 'AXZBw635', 'password': 'admin123'}
接口响应内容: {'data': {'id': 628, 'username': 'AXZBw635', 'role_id': -1, 'create_time': 1680954557}, 'meta': {'msg': '创建成功', 'status': 201}}
接口响应时长: 81 ms
Http状态码: 200
断言结果: 200
=====================================================
INFO    2023-04-08 19:49:17,735G:\auto_api1_framework\logs\info-2023-04-08.log:test_create_user.py:29 2023-04-08 19:49:17 >>>>>> 执行结束！
INFO    2023-04-08 19:49:17,737G:\auto_api1_framework\logs\info-2023-04-08.log:test_create_user.py:26 2023-04-08 19:49:17 >>>>>> 开始执行：
INFO    2023-04-08 19:49:17,818G:\auto_api1_framework\logs\info-2023-04-08.log:log_decorator.py:42 
======================================================
用例标题: 创建用户成功（必填+选填参数）
请求路径: http://127.0.0.1:8888/api/private/v1/users
请求方式: POST
请求头:   {'User-Agent': 'python-requests/2.28.2', 'Accept-Encoding': 'gzip, deflate', 'Accept': '*/*', 'Connection': 'keep-alive', 'Content-Type': 'application/json', 'Authorization': 'Bearer eyJhbGciOiJIUzI1NiIsInR5cCI6IkpXVCJ9.eyJ1aWQiOjUwMCwicmlkIjowLCJpYXQiOjE2ODA5NTQ1NTcsImV4cCI6MTY4MTA0MDk1N30.XnR0htDfOuEaecju-Dskst6BuPAUzjYPbg_Htb6ItNw', 'Content-Length': '82'}
请求内容: {'username': 'MmHtM141', 'password': 'admin123@!', 'email': 'pingjin@hotmail.com'}
接口响应内容: {'data': {'id': 629, 'username': 'MmHtM141', 'email': 'pingjin@hotmail.com', 'role_id': -1, 'create_time': 1680954557}, 'meta': {'msg': '创建成功', 'status': 201}}
接口响应时长: 79 ms
Http状态码: 200
断言结果: 200
=====================================================
INFO    2023-04-08 19:49:17,820G:\auto_api1_framework\logs\info-2023-04-08.log:test_create_user.py:29 2023-04-08 19:49:17 >>>>>> 执行结束！
INFO    2023-04-08 19:49:17,820G:\auto_api1_framework\logs\info-2023-04-08.log:test_create_user.py:26 2023-04-08 19:49:17 >>>>>> 开始执行：
INFO    2023-04-08 19:49:17,904G:\auto_api1_framework\logs\info-2023-04-08.log:log_decorator.py:42 
======================================================
用例标题: 创建用户成功（全部参数）
请求路径: http://127.0.0.1:8888/api/private/v1/users
请求方式: POST
请求头:   {'User-Agent': 'python-requests/2.28.2', 'Accept-Encoding': 'gzip, deflate', 'Accept': '*/*', 'Connection': 'keep-alive', 'Content-Type': 'application/json', 'Authorization': 'Bearer eyJhbGciOiJIUzI1NiIsInR5cCI6IkpXVCJ9.eyJ1aWQiOjUwMCwicmlkIjowLCJpYXQiOjE2ODA5NTQ1NTcsImV4cCI6MTY4MTA0MDk1N30.XnR0htDfOuEaecju-Dskst6BuPAUzjYPbg_Htb6ItNw', 'Content-Length': '102'}
请求内容: {'username': 'HKBec005', 'password': '#(R%1+Ub', 'email': 'leicai@gmail.com', 'mobile': '15787808523'}
接口响应内容: {'data': {'id': 630, 'username': 'HKBec005', 'mobile': '15787808523', 'email': 'leicai@gmail.com', 'role_id': -1, 'create_time': 1680954557}, 'meta': {'msg': '创建成功', 'status': 201}}
接口响应时长: 80 ms
Http状态码: 200
断言结果: 200
=====================================================
INFO    2023-04-08 19:49:17,905G:\auto_api1_framework\logs\info-2023-04-08.log:test_create_user.py:29 2023-04-08 19:49:17 >>>>>> 执行结束！
INFO    2023-04-08 19:49:17,906G:\auto_api1_framework\logs\info-2023-04-08.log:test_create_user.py:26 2023-04-08 19:49:17 >>>>>> 开始执行：
INFO    2023-04-08 19:49:17,912G:\auto_api1_framework\logs\info-2023-04-08.log:log_decorator.py:42 
======================================================
用例标题: 创建已存在用户
请求路径: http://127.0.0.1:8888/api/private/v1/users
请求方式: POST
请求头:   {'User-Agent': 'python-requests/2.28.2', 'Accept-Encoding': 'gzip, deflate', 'Accept': '*/*', 'Connection': 'keep-alive', 'Content-Type': 'application/json', 'Authorization': 'Bearer eyJhbGciOiJIUzI1NiIsInR5cCI6IkpXVCJ9.eyJ1aWQiOjUwMCwicmlkIjowLCJpYXQiOjE2ODA5NTQ1NTcsImV4cCI6MTY4MTA0MDk1N30.XnR0htDfOuEaecju-Dskst6BuPAUzjYPbg_Htb6ItNw', 'Content-Length': '43'}
请求内容: {'username': 'admin', 'password': '123456'}
接口响应内容: {'data': None, 'meta': {'msg': '用户名已存在', 'status': 400}}
接口响应时长: 3 ms
Http状态码: 200
断言结果: 200
=====================================================
INFO    2023-04-08 19:49:17,913G:\auto_api1_framework\logs\info-2023-04-08.log:test_create_user.py:29 2023-04-08 19:49:17 >>>>>> 执行结束！
INFO    2023-04-08 19:49:17,914G:\auto_api1_framework\logs\info-2023-04-08.log:test_create_user.py:26 2023-04-08 19:49:17 >>>>>> 开始执行：
INFO    2023-04-08 19:49:17,919G:\auto_api1_framework\logs\info-2023-04-08.log:log_decorator.py:42 
======================================================
用例标题: 用户名为空
请求路径: http://127.0.0.1:8888/api/private/v1/users
请求方式: POST
请求头:   {'User-Agent': 'python-requests/2.28.2', 'Accept-Encoding': 'gzip, deflate', 'Accept': '*/*', 'Connection': 'keep-alive', 'Content-Type': 'application/json', 'Authorization': 'Bearer eyJhbGciOiJIUzI1NiIsInR5cCI6IkpXVCJ9.eyJ1aWQiOjUwMCwicmlkIjowLCJpYXQiOjE2ODA5NTQ1NTcsImV4cCI6MTY4MTA0MDk1N30.XnR0htDfOuEaecju-Dskst6BuPAUzjYPbg_Htb6ItNw', 'Content-Length': '38'}
请求内容: {'username': '', 'password': '123456'}
接口响应内容: {'data': None, 'meta': {'msg': '用户名不能为空', 'status': 400}}
接口响应时长: 2 ms
Http状态码: 200
断言结果: 200
=====================================================
INFO    2023-04-08 19:49:17,920G:\auto_api1_framework\logs\info-2023-04-08.log:test_create_user.py:29 2023-04-08 19:49:17 >>>>>> 执行结束！
INFO    2023-04-08 19:49:17,921G:\auto_api1_framework\logs\info-2023-04-08.log:test_create_user.py:26 2023-04-08 19:49:17 >>>>>> 开始执行：
INFO    2023-04-08 19:49:18,012G:\auto_api1_framework\logs\info-2023-04-08.log:log_decorator.py:42 
======================================================
用例标题: 用户名纯数字
请求路径: http://127.0.0.1:8888/api/private/v1/users
请求方式: POST
请求头:   {'User-Agent': 'python-requests/2.28.2', 'Accept-Encoding': 'gzip, deflate', 'Accept': '*/*', 'Connection': 'keep-alive', 'Content-Type': 'application/json', 'Authorization': 'Bearer eyJhbGciOiJIUzI1NiIsInR5cCI6IkpXVCJ9.eyJ1aWQiOjUwMCwicmlkIjowLCJpYXQiOjE2ODA5NTQ1NTcsImV4cCI6MTY4MTA0MDk1N30.XnR0htDfOuEaecju-Dskst6BuPAUzjYPbg_Htb6ItNw', 'Content-Length': '44'}
请求内容: {'username': '203189', 'password': '123456'}
接口响应内容: {'data': {'id': 631, 'username': '203189', 'role_id': -1, 'create_time': 1680954558}, 'meta': {'msg': '创建成功', 'status': 201}}
接口响应时长: 87 ms
Http状态码: 200
断言结果: 200
=====================================================
INFO    2023-04-08 19:49:18,079G:\auto_api1_framework\logs\info-2023-04-08.log:test_create_user.py:29 2023-04-08 19:49:17 >>>>>> 执行结束！
INFO    2023-04-08 19:49:18,080G:\auto_api1_framework\logs\info-2023-04-08.log:test_create_user.py:26 2023-04-08 19:49:17 >>>>>> 开始执行：
INFO    2023-04-08 19:49:18,165G:\auto_api1_framework\logs\info-2023-04-08.log:log_decorator.py:42 
======================================================
用例标题: 用户名纯字母
请求路径: http://127.0.0.1:8888/api/private/v1/users
请求方式: POST
请求头:   {'User-Agent': 'python-requests/2.28.2', 'Accept-Encoding': 'gzip, deflate', 'Accept': '*/*', 'Connection': 'keep-alive', 'Content-Type': 'application/json', 'Authorization': 'Bearer eyJhbGciOiJIUzI1NiIsInR5cCI6IkpXVCJ9.eyJ1aWQiOjUwMCwicmlkIjowLCJpYXQiOjE2ODA5NTQ1NTcsImV4cCI6MTY4MTA0MDk1N30.XnR0htDfOuEaecju-Dskst6BuPAUzjYPbg_Htb6ItNw', 'Content-Length': '44'}
请求内容: {'username': 'LkkbAr', 'password': '123456'}
接口响应内容: {'data': {'id': 632, 'username': 'LkkbAr', 'role_id': -1, 'create_time': 1680954558}, 'meta': {'msg': '创建成功', 'status': 201}}
接口响应时长: 82 ms
Http状态码: 200
断言结果: 200
=====================================================
INFO    2023-04-08 19:49:18,172G:\auto_api1_framework\logs\info-2023-04-08.log:test_create_user.py:29 2023-04-08 19:49:17 >>>>>> 执行结束！
INFO    2023-04-08 19:49:18,177G:\auto_api1_framework\logs\info-2023-04-08.log:test_create_user.py:26 2023-04-08 19:49:17 >>>>>> 开始执行：
INFO    2023-04-08 19:49:18,261G:\auto_api1_framework\logs\info-2023-04-08.log:log_decorator.py:42 
======================================================
用例标题: 用户名包含汉字
请求路径: http://127.0.0.1:8888/api/private/v1/users
请求方式: POST
请求头:   {'User-Agent': 'python-requests/2.28.2', 'Accept-Encoding': 'gzip, deflate', 'Accept': '*/*', 'Connection': 'keep-alive', 'Content-Type': 'application/json', 'Authorization': 'Bearer eyJhbGciOiJIUzI1NiIsInR5cCI6IkpXVCJ9.eyJ1aWQiOjUwMCwicmlkIjowLCJpYXQiOjE2ODA5NTQ1NTcsImV4cCI6MTY4MTA0MDk1N30.XnR0htDfOuEaecju-Dskst6BuPAUzjYPbg_Htb6ItNw', 'Content-Length': '56'}
请求内容: {'username': '林娟iBhfaB', 'password': '123456'}
接口响应内容: {'data': {'id': 633, 'username': '林娟iBhfaB', 'role_id': -1, 'create_time': 1680954558}, 'meta': {'msg': '创建成功', 'status': 201}}
接口响应时长: 81 ms
Http状态码: 200
断言结果: 200
=====================================================
INFO    2023-04-08 19:49:18,267G:\auto_api1_framework\logs\info-2023-04-08.log:test_create_user.py:29 2023-04-08 19:49:17 >>>>>> 执行结束！
INFO    2023-04-08 19:49:18,273G:\auto_api1_framework\logs\info-2023-04-08.log:test_create_user.py:26 2023-04-08 19:49:17 >>>>>> 开始执行：
INFO    2023-04-08 19:49:18,278G:\auto_api1_framework\logs\info-2023-04-08.log:log_decorator.py:42 
======================================================
用例标题: 密码为空
请求路径: http://127.0.0.1:8888/api/private/v1/users
请求方式: POST
请求头:   {'User-Agent': 'python-requests/2.28.2', 'Accept-Encoding': 'gzip, deflate', 'Accept': '*/*', 'Connection': 'keep-alive', 'Content-Type': 'application/json', 'Authorization': 'Bearer eyJhbGciOiJIUzI1NiIsInR5cCI6IkpXVCJ9.eyJ1aWQiOjUwMCwicmlkIjowLCJpYXQiOjE2ODA5NTQ1NTcsImV4cCI6MTY4MTA0MDk1N30.XnR0htDfOuEaecju-Dskst6BuPAUzjYPbg_Htb6ItNw', 'Content-Length': '40'}
请求内容: {'username': 'QvspR456', 'password': ''}
接口响应内容: {'data': None, 'meta': {'msg': '密码不能为空', 'status': 400}}
接口响应时长: 2 ms
Http状态码: 200
断言结果: 200
=====================================================
INFO    2023-04-08 19:49:18,285G:\auto_api1_framework\logs\info-2023-04-08.log:test_create_user.py:29 2023-04-08 19:49:17 >>>>>> 执行结束！
INFO    2023-04-08 19:49:18,287G:\auto_api1_framework\logs\info-2023-04-08.log:test_create_user.py:26 2023-04-08 19:49:17 >>>>>> 开始执行：
INFO    2023-04-08 19:49:18,375G:\auto_api1_framework\logs\info-2023-04-08.log:log_decorator.py:42 
======================================================
用例标题: 密码为纯数字
请求路径: http://127.0.0.1:8888/api/private/v1/users
请求方式: POST
请求头:   {'User-Agent': 'python-requests/2.28.2', 'Accept-Encoding': 'gzip, deflate', 'Accept': '*/*', 'Connection': 'keep-alive', 'Content-Type': 'application/json', 'Authorization': 'Bearer eyJhbGciOiJIUzI1NiIsInR5cCI6IkpXVCJ9.eyJ1aWQiOjUwMCwicmlkIjowLCJpYXQiOjE2ODA5NTQ1NTcsImV4cCI6MTY4MTA0MDk1N30.XnR0htDfOuEaecju-Dskst6BuPAUzjYPbg_Htb6ItNw', 'Content-Length': '46'}
请求内容: {'username': 'LCghd394', 'password': '113191'}
接口响应内容: {'data': {'id': 634, 'username': 'LCghd394', 'role_id': -1, 'create_time': 1680954558}, 'meta': {'msg': '创建成功', 'status': 201}}
接口响应时长: 85 ms
Http状态码: 200
断言结果: 200
=====================================================
INFO    2023-04-08 19:49:18,381G:\auto_api1_framework\logs\info-2023-04-08.log:test_create_user.py:29 2023-04-08 19:49:17 >>>>>> 执行结束！
INFO    2023-04-08 19:49:18,383G:\auto_api1_framework\logs\info-2023-04-08.log:test_create_user.py:26 2023-04-08 19:49:17 >>>>>> 开始执行：
INFO    2023-04-08 19:49:18,470G:\auto_api1_framework\logs\info-2023-04-08.log:log_decorator.py:42 
======================================================
用例标题: 密码为纯字母
请求路径: http://127.0.0.1:8888/api/private/v1/users
请求方式: POST
请求头:   {'User-Agent': 'python-requests/2.28.2', 'Accept-Encoding': 'gzip, deflate', 'Accept': '*/*', 'Connection': 'keep-alive', 'Content-Type': 'application/json', 'Authorization': 'Bearer eyJhbGciOiJIUzI1NiIsInR5cCI6IkpXVCJ9.eyJ1aWQiOjUwMCwicmlkIjowLCJpYXQiOjE2ODA5NTQ1NTcsImV4cCI6MTY4MTA0MDk1N30.XnR0htDfOuEaecju-Dskst6BuPAUzjYPbg_Htb6ItNw', 'Content-Length': '46'}
请求内容: {'username': 'lQhIe923', 'password': 'iIGISO'}
接口响应内容: {'data': {'id': 635, 'username': 'lQhIe923', 'role_id': -1, 'create_time': 1680954558}, 'meta': {'msg': '创建成功', 'status': 201}}
接口响应时长: 84 ms
Http状态码: 200
断言结果: 200
=====================================================
INFO    2023-04-08 19:49:18,477G:\auto_api1_framework\logs\info-2023-04-08.log:test_create_user.py:29 2023-04-08 19:49:17 >>>>>> 执行结束！
INFO    2023-04-08 19:49:18,481G:\auto_api1_framework\logs\info-2023-04-08.log:test_create_user.py:26 2023-04-08 19:49:17 >>>>>> 开始执行：
INFO    2023-04-08 19:49:18,566G:\auto_api1_framework\logs\info-2023-04-08.log:log_decorator.py:42 
======================================================
用例标题: 100位密码
请求路径: http://127.0.0.1:8888/api/private/v1/users
请求方式: POST
请求头:   {'User-Agent': 'python-requests/2.28.2', 'Accept-Encoding': 'gzip, deflate', 'Accept': '*/*', 'Connection': 'keep-alive', 'Content-Type': 'application/json', 'Authorization': 'Bearer eyJhbGciOiJIUzI1NiIsInR5cCI6IkpXVCJ9.eyJ1aWQiOjUwMCwicmlkIjowLCJpYXQiOjE2ODA5NTQ1NTcsImV4cCI6MTY4MTA0MDk1N30.XnR0htDfOuEaecju-Dskst6BuPAUzjYPbg_Htb6ItNw', 'Content-Length': '46'}
请求内容: {'username': 'RszNY902', 'password': '123456'}
接口响应内容: {'data': {'id': 636, 'username': 'RszNY902', 'role_id': -1, 'create_time': 1680954558}, 'meta': {'msg': '创建成功', 'status': 201}}
接口响应时长: 82 ms
Http状态码: 200
断言结果: 200
=====================================================
INFO    2023-04-08 19:49:18,572G:\auto_api1_framework\logs\info-2023-04-08.log:test_create_user.py:29 2023-04-08 19:49:17 >>>>>> 执行结束！
INFO    2023-04-08 19:49:18,574G:\auto_api1_framework\logs\info-2023-04-08.log:test_create_user.py:26 2023-04-08 19:49:17 >>>>>> 开始执行：
INFO    2023-04-08 19:49:18,661G:\auto_api1_framework\logs\info-2023-04-08.log:log_decorator.py:42 
======================================================
用例标题: 多参：多abc
请求路径: http://127.0.0.1:8888/api/private/v1/users
请求方式: POST
请求头:   {'User-Agent': 'python-requests/2.28.2', 'Accept-Encoding': 'gzip, deflate', 'Accept': '*/*', 'Connection': 'keep-alive', 'Content-Type': 'application/json', 'Authorization': 'Bearer eyJhbGciOiJIUzI1NiIsInR5cCI6IkpXVCJ9.eyJ1aWQiOjUwMCwicmlkIjowLCJpYXQiOjE2ODA5NTQ1NTcsImV4cCI6MTY4MTA0MDk1N30.XnR0htDfOuEaecju-Dskst6BuPAUzjYPbg_Htb6ItNw', 'Content-Length': '65'}
请求内容: {'username': 'vWeIw529', 'password': '@n6XDUvU', 'abc': '756159'}
接口响应内容: {'data': {'id': 637, 'username': 'vWeIw529', 'role_id': -1, 'create_time': 1680954558}, 'meta': {'msg': '创建成功', 'status': 201}}
接口响应时长: 85 ms
Http状态码: 200
断言结果: 200
=====================================================
INFO    2023-04-08 19:49:18,668G:\auto_api1_framework\logs\info-2023-04-08.log:test_create_user.py:29 2023-04-08 19:49:17 >>>>>> 执行结束！
INFO    2023-04-08 19:49:18,669G:\auto_api1_framework\logs\info-2023-04-08.log:test_create_user.py:26 2023-04-08 19:49:17 >>>>>> 开始执行：
INFO    2023-04-08 19:49:18,674G:\auto_api1_framework\logs\info-2023-04-08.log:log_decorator.py:42 
======================================================
用例标题: 少参：缺少username
请求路径: http://127.0.0.1:8888/api/private/v1/users
请求方式: POST
请求头:   {'User-Agent': 'python-requests/2.28.2', 'Accept-Encoding': 'gzip, deflate', 'Accept': '*/*', 'Connection': 'keep-alive', 'Content-Type': 'application/json', 'Authorization': 'Bearer eyJhbGciOiJIUzI1NiIsInR5cCI6IkpXVCJ9.eyJ1aWQiOjUwMCwicmlkIjowLCJpYXQiOjE2ODA5NTQ1NTcsImV4cCI6MTY4MTA0MDk1N30.XnR0htDfOuEaecju-Dskst6BuPAUzjYPbg_Htb6ItNw', 'Content-Length': '24'}
请求内容: {'password': '(@%6FOc*'}
接口响应内容: {'data': None, 'meta': {'msg': '用户名不能为空', 'status': 400}}
接口响应时长: 2 ms
Http状态码: 200
断言结果: 200
=====================================================
INFO    2023-04-08 19:49:18,676G:\auto_api1_framework\logs\info-2023-04-08.log:test_create_user.py:29 2023-04-08 19:49:17 >>>>>> 执行结束！
INFO    2023-04-08 19:49:18,676G:\auto_api1_framework\logs\info-2023-04-08.log:test_create_user.py:26 2023-04-08 19:49:17 >>>>>> 开始执行：
INFO    2023-04-08 19:49:18,680G:\auto_api1_framework\logs\info-2023-04-08.log:log_decorator.py:42 
======================================================
用例标题: 没有参数
请求路径: http://127.0.0.1:8888/api/private/v1/users
请求方式: POST
请求头:   {'User-Agent': 'python-requests/2.28.2', 'Accept-Encoding': 'gzip, deflate', 'Accept': '*/*', 'Connection': 'keep-alive', 'Content-Type': 'application/json', 'Authorization': 'Bearer eyJhbGciOiJIUzI1NiIsInR5cCI6IkpXVCJ9.eyJ1aWQiOjUwMCwicmlkIjowLCJpYXQiOjE2ODA5NTQ1NTcsImV4cCI6MTY4MTA0MDk1N30.XnR0htDfOuEaecju-Dskst6BuPAUzjYPbg_Htb6ItNw', 'Content-Length': '0'}
请求内容: None
接口响应内容: {'data': None, 'meta': {'msg': '用户名不能为空', 'status': 400}}
接口响应时长: 2 ms
Http状态码: 200
断言结果: 200
=====================================================
INFO    2023-04-08 19:49:18,681G:\auto_api1_framework\logs\info-2023-04-08.log:test_create_user.py:29 2023-04-08 19:49:17 >>>>>> 执行结束！
INFO    2023-04-08 19:49:18,683G:\auto_api1_framework\logs\info-2023-04-08.log:test_create_user.py:26 2023-04-08 19:49:17 >>>>>> 开始执行：
INFO    2023-04-08 19:49:18,688G:\auto_api1_framework\logs\info-2023-04-08.log:log_decorator.py:42 
======================================================
用例标题: 错误参数：修改username为test
请求路径: http://127.0.0.1:8888/api/private/v1/users
请求方式: POST
请求头:   {'User-Agent': 'python-requests/2.28.2', 'Accept-Encoding': 'gzip, deflate', 'Accept': '*/*', 'Connection': 'keep-alive', 'Content-Type': 'application/json', 'Authorization': 'Bearer eyJhbGciOiJIUzI1NiIsInR5cCI6IkpXVCJ9.eyJ1aWQiOjUwMCwicmlkIjowLCJpYXQiOjE2ODA5NTQ1NTcsImV4cCI6MTY4MTA0MDk1N30.XnR0htDfOuEaecju-Dskst6BuPAUzjYPbg_Htb6ItNw', 'Content-Length': '44'}
请求内容: {'test': 'bAaWe600', 'password': '+6MCtfx0'}
接口响应内容: {'data': None, 'meta': {'msg': '用户名不能为空', 'status': 400}}
接口响应时长: 2 ms
Http状态码: 200
断言结果: 200
=====================================================
INFO    2023-04-08 19:49:18,689G:\auto_api1_framework\logs\info-2023-04-08.log:test_create_user.py:29 2023-04-08 19:49:17 >>>>>> 执行结束！
INFO    2023-04-08 19:52:06,126G:\auto_api1_framework\logs\info-2023-04-08.log:test_create_user.py:26 2023-04-08 19:52:05 >>>>>> 开始执行：
INFO    2023-04-08 19:52:06,204G:\auto_api1_framework\logs\info-2023-04-08.log:log_decorator.py:42 
======================================================
用例标题: 创建用户成功（必填参数）
请求路径: http://127.0.0.1:8888/api/private/v1/users
请求方式: POST
请求头:   {'User-Agent': 'python-requests/2.28.2', 'Accept-Encoding': 'gzip, deflate', 'Accept': '*/*', 'Connection': 'keep-alive', 'Content-Type': 'application/json', 'Authorization': 'Bearer eyJhbGciOiJIUzI1NiIsInR5cCI6IkpXVCJ9.eyJ1aWQiOjUwMCwicmlkIjowLCJpYXQiOjE2ODA5NTQ3MjYsImV4cCI6MTY4MTA0MTEyNn0.2PCm6qGxLybYa5lg-Xiki-6N7HJozMoKvYbSP8kKiH4', 'Content-Length': '48'}
请求内容: {'username': 'PaZEJ347', 'password': 'admin123'}
接口响应内容: {'data': {'id': 638, 'username': 'PaZEJ347', 'role_id': -1, 'create_time': 1680954726}, 'meta': {'msg': '创建成功', 'status': 201}}
接口响应时长: 75 ms
Http状态码: 200
断言结果: 200
=====================================================
INFO    2023-04-08 19:52:06,206G:\auto_api1_framework\logs\info-2023-04-08.log:test_create_user.py:29 2023-04-08 19:52:05 >>>>>> 执行结束！
INFO    2023-04-08 19:52:06,208G:\auto_api1_framework\logs\info-2023-04-08.log:test_create_user.py:26 2023-04-08 19:52:05 >>>>>> 开始执行：
INFO    2023-04-08 19:52:06,283G:\auto_api1_framework\logs\info-2023-04-08.log:log_decorator.py:42 
======================================================
用例标题: 创建用户成功（必填+选填参数）
请求路径: http://127.0.0.1:8888/api/private/v1/users
请求方式: POST
请求头:   {'User-Agent': 'python-requests/2.28.2', 'Accept-Encoding': 'gzip, deflate', 'Accept': '*/*', 'Connection': 'keep-alive', 'Content-Type': 'application/json', 'Authorization': 'Bearer eyJhbGciOiJIUzI1NiIsInR5cCI6IkpXVCJ9.eyJ1aWQiOjUwMCwicmlkIjowLCJpYXQiOjE2ODA5NTQ3MjYsImV4cCI6MTY4MTA0MTEyNn0.2PCm6qGxLybYa5lg-Xiki-6N7HJozMoKvYbSP8kKiH4', 'Content-Length': '78'}
请求内容: {'username': 'WiApE995', 'password': 'admin123@!', 'email': 'kqiao@gmail.com'}
接口响应内容: {'data': {'id': 639, 'username': 'WiApE995', 'email': 'kqiao@gmail.com', 'role_id': -1, 'create_time': 1680954726}, 'meta': {'msg': '创建成功', 'status': 201}}
接口响应时长: 73 ms
Http状态码: 200
断言结果: 200
=====================================================
INFO    2023-04-08 19:52:06,284G:\auto_api1_framework\logs\info-2023-04-08.log:test_create_user.py:29 2023-04-08 19:52:05 >>>>>> 执行结束！
INFO    2023-04-08 19:52:06,287G:\auto_api1_framework\logs\info-2023-04-08.log:test_create_user.py:26 2023-04-08 19:52:05 >>>>>> 开始执行：
INFO    2023-04-08 19:52:06,379G:\auto_api1_framework\logs\info-2023-04-08.log:log_decorator.py:42 
======================================================
用例标题: 创建用户成功（全部参数）
请求路径: http://127.0.0.1:8888/api/private/v1/users
请求方式: POST
请求头:   {'User-Agent': 'python-requests/2.28.2', 'Accept-Encoding': 'gzip, deflate', 'Accept': '*/*', 'Connection': 'keep-alive', 'Content-Type': 'application/json', 'Authorization': 'Bearer eyJhbGciOiJIUzI1NiIsInR5cCI6IkpXVCJ9.eyJ1aWQiOjUwMCwicmlkIjowLCJpYXQiOjE2ODA5NTQ3MjYsImV4cCI6MTY4MTA0MTEyNn0.2PCm6qGxLybYa5lg-Xiki-6N7HJozMoKvYbSP8kKiH4', 'Content-Length': '101'}
请求内容: {'username': 'gHkRW967', 'password': ')Zu4NR3a', 'email': 'jun32@yahoo.com', 'mobile': '14739539128'}
接口响应内容: {'data': {'id': 640, 'username': 'gHkRW967', 'mobile': '14739539128', 'email': 'jun32@yahoo.com', 'role_id': -1, 'create_time': 1680954726}, 'meta': {'msg': '创建成功', 'status': 201}}
接口响应时长: 90 ms
Http状态码: 200
断言结果: 200
=====================================================
INFO    2023-04-08 19:52:06,380G:\auto_api1_framework\logs\info-2023-04-08.log:test_create_user.py:29 2023-04-08 19:52:05 >>>>>> 执行结束！
INFO    2023-04-08 19:52:06,381G:\auto_api1_framework\logs\info-2023-04-08.log:test_create_user.py:26 2023-04-08 19:52:05 >>>>>> 开始执行：
INFO    2023-04-08 19:52:06,386G:\auto_api1_framework\logs\info-2023-04-08.log:log_decorator.py:42 
======================================================
用例标题: 创建已存在用户
请求路径: http://127.0.0.1:8888/api/private/v1/users
请求方式: POST
请求头:   {'User-Agent': 'python-requests/2.28.2', 'Accept-Encoding': 'gzip, deflate', 'Accept': '*/*', 'Connection': 'keep-alive', 'Content-Type': 'application/json', 'Authorization': 'Bearer eyJhbGciOiJIUzI1NiIsInR5cCI6IkpXVCJ9.eyJ1aWQiOjUwMCwicmlkIjowLCJpYXQiOjE2ODA5NTQ3MjYsImV4cCI6MTY4MTA0MTEyNn0.2PCm6qGxLybYa5lg-Xiki-6N7HJozMoKvYbSP8kKiH4', 'Content-Length': '43'}
请求内容: {'username': 'admin', 'password': '123456'}
接口响应内容: {'data': None, 'meta': {'msg': '用户名已存在', 'status': 400}}
接口响应时长: 3 ms
Http状态码: 200
断言结果: 200
=====================================================
INFO    2023-04-08 19:52:06,388G:\auto_api1_framework\logs\info-2023-04-08.log:test_create_user.py:29 2023-04-08 19:52:05 >>>>>> 执行结束！
INFO    2023-04-08 19:52:06,388G:\auto_api1_framework\logs\info-2023-04-08.log:test_create_user.py:26 2023-04-08 19:52:05 >>>>>> 开始执行：
INFO    2023-04-08 19:52:06,393G:\auto_api1_framework\logs\info-2023-04-08.log:log_decorator.py:42 
======================================================
用例标题: 用户名为空
请求路径: http://127.0.0.1:8888/api/private/v1/users
请求方式: POST
请求头:   {'User-Agent': 'python-requests/2.28.2', 'Accept-Encoding': 'gzip, deflate', 'Accept': '*/*', 'Connection': 'keep-alive', 'Content-Type': 'application/json', 'Authorization': 'Bearer eyJhbGciOiJIUzI1NiIsInR5cCI6IkpXVCJ9.eyJ1aWQiOjUwMCwicmlkIjowLCJpYXQiOjE2ODA5NTQ3MjYsImV4cCI6MTY4MTA0MTEyNn0.2PCm6qGxLybYa5lg-Xiki-6N7HJozMoKvYbSP8kKiH4', 'Content-Length': '38'}
请求内容: {'username': '', 'password': '123456'}
接口响应内容: {'data': None, 'meta': {'msg': '用户名不能为空', 'status': 400}}
接口响应时长: 2 ms
Http状态码: 200
断言结果: 200
=====================================================
INFO    2023-04-08 19:52:06,394G:\auto_api1_framework\logs\info-2023-04-08.log:test_create_user.py:29 2023-04-08 19:52:05 >>>>>> 执行结束！
INFO    2023-04-08 19:52:06,396G:\auto_api1_framework\logs\info-2023-04-08.log:test_create_user.py:26 2023-04-08 19:52:05 >>>>>> 开始执行：
INFO    2023-04-08 19:52:06,481G:\auto_api1_framework\logs\info-2023-04-08.log:log_decorator.py:42 
======================================================
用例标题: 用户名纯数字
请求路径: http://127.0.0.1:8888/api/private/v1/users
请求方式: POST
请求头:   {'User-Agent': 'python-requests/2.28.2', 'Accept-Encoding': 'gzip, deflate', 'Accept': '*/*', 'Connection': 'keep-alive', 'Content-Type': 'application/json', 'Authorization': 'Bearer eyJhbGciOiJIUzI1NiIsInR5cCI6IkpXVCJ9.eyJ1aWQiOjUwMCwicmlkIjowLCJpYXQiOjE2ODA5NTQ3MjYsImV4cCI6MTY4MTA0MTEyNn0.2PCm6qGxLybYa5lg-Xiki-6N7HJozMoKvYbSP8kKiH4', 'Content-Length': '43'}
请求内容: {'username': '22570', 'password': '123456'}
接口响应内容: {'data': {'id': 641, 'username': '22570', 'role_id': -1, 'create_time': 1680954726}, 'meta': {'msg': '创建成功', 'status': 201}}
接口响应时长: 83 ms
Http状态码: 200
断言结果: 200
=====================================================
INFO    2023-04-08 19:52:06,482G:\auto_api1_framework\logs\info-2023-04-08.log:test_create_user.py:29 2023-04-08 19:52:05 >>>>>> 执行结束！
INFO    2023-04-08 19:52:06,484G:\auto_api1_framework\logs\info-2023-04-08.log:test_create_user.py:26 2023-04-08 19:52:05 >>>>>> 开始执行：
INFO    2023-04-08 19:52:06,556G:\auto_api1_framework\logs\info-2023-04-08.log:log_decorator.py:42 
======================================================
用例标题: 用户名纯字母
请求路径: http://127.0.0.1:8888/api/private/v1/users
请求方式: POST
请求头:   {'User-Agent': 'python-requests/2.28.2', 'Accept-Encoding': 'gzip, deflate', 'Accept': '*/*', 'Connection': 'keep-alive', 'Content-Type': 'application/json', 'Authorization': 'Bearer eyJhbGciOiJIUzI1NiIsInR5cCI6IkpXVCJ9.eyJ1aWQiOjUwMCwicmlkIjowLCJpYXQiOjE2ODA5NTQ3MjYsImV4cCI6MTY4MTA0MTEyNn0.2PCm6qGxLybYa5lg-Xiki-6N7HJozMoKvYbSP8kKiH4', 'Content-Length': '44'}
请求内容: {'username': 'atyCaW', 'password': '123456'}
接口响应内容: {'data': {'id': 642, 'username': 'atyCaW', 'role_id': -1, 'create_time': 1680954726}, 'meta': {'msg': '创建成功', 'status': 201}}
接口响应时长: 69 ms
Http状态码: 200
断言结果: 200
=====================================================
INFO    2023-04-08 19:52:06,557G:\auto_api1_framework\logs\info-2023-04-08.log:test_create_user.py:29 2023-04-08 19:52:05 >>>>>> 执行结束！
INFO    2023-04-08 19:52:06,558G:\auto_api1_framework\logs\info-2023-04-08.log:test_create_user.py:26 2023-04-08 19:52:05 >>>>>> 开始执行：
INFO    2023-04-08 19:52:06,631G:\auto_api1_framework\logs\info-2023-04-08.log:log_decorator.py:42 
======================================================
用例标题: 用户名包含汉字
请求路径: http://127.0.0.1:8888/api/private/v1/users
请求方式: POST
请求头:   {'User-Agent': 'python-requests/2.28.2', 'Accept-Encoding': 'gzip, deflate', 'Accept': '*/*', 'Connection': 'keep-alive', 'Content-Type': 'application/json', 'Authorization': 'Bearer eyJhbGciOiJIUzI1NiIsInR5cCI6IkpXVCJ9.eyJ1aWQiOjUwMCwicmlkIjowLCJpYXQiOjE2ODA5NTQ3MjYsImV4cCI6MTY4MTA0MTEyNn0.2PCm6qGxLybYa5lg-Xiki-6N7HJozMoKvYbSP8kKiH4', 'Content-Length': '62'}
请求内容: {'username': '魏玉珍KSAzsl', 'password': '123456'}
接口响应内容: {'data': {'id': 643, 'username': '魏玉珍KSAzsl', 'role_id': -1, 'create_time': 1680954726}, 'meta': {'msg': '创建成功', 'status': 201}}
接口响应时长: 71 ms
Http状态码: 200
断言结果: 200
=====================================================
INFO    2023-04-08 19:52:06,633G:\auto_api1_framework\logs\info-2023-04-08.log:test_create_user.py:29 2023-04-08 19:52:05 >>>>>> 执行结束！
INFO    2023-04-08 19:52:06,635G:\auto_api1_framework\logs\info-2023-04-08.log:test_create_user.py:26 2023-04-08 19:52:05 >>>>>> 开始执行：
INFO    2023-04-08 19:52:06,638G:\auto_api1_framework\logs\info-2023-04-08.log:log_decorator.py:42 
======================================================
用例标题: 密码为空
请求路径: http://127.0.0.1:8888/api/private/v1/users
请求方式: POST
请求头:   {'User-Agent': 'python-requests/2.28.2', 'Accept-Encoding': 'gzip, deflate', 'Accept': '*/*', 'Connection': 'keep-alive', 'Content-Type': 'application/json', 'Authorization': 'Bearer eyJhbGciOiJIUzI1NiIsInR5cCI6IkpXVCJ9.eyJ1aWQiOjUwMCwicmlkIjowLCJpYXQiOjE2ODA5NTQ3MjYsImV4cCI6MTY4MTA0MTEyNn0.2PCm6qGxLybYa5lg-Xiki-6N7HJozMoKvYbSP8kKiH4', 'Content-Length': '40'}
请求内容: {'username': 'uLVRG721', 'password': ''}
接口响应内容: {'data': None, 'meta': {'msg': '密码不能为空', 'status': 400}}
接口响应时长: 1 ms
Http状态码: 200
断言结果: 200
=====================================================
INFO    2023-04-08 19:52:06,640G:\auto_api1_framework\logs\info-2023-04-08.log:test_create_user.py:29 2023-04-08 19:52:05 >>>>>> 执行结束！
INFO    2023-04-08 19:52:06,641G:\auto_api1_framework\logs\info-2023-04-08.log:test_create_user.py:26 2023-04-08 19:52:05 >>>>>> 开始执行：
INFO    2023-04-08 19:52:06,726G:\auto_api1_framework\logs\info-2023-04-08.log:log_decorator.py:42 
======================================================
用例标题: 密码为纯数字
请求路径: http://127.0.0.1:8888/api/private/v1/users
请求方式: POST
请求头:   {'User-Agent': 'python-requests/2.28.2', 'Accept-Encoding': 'gzip, deflate', 'Accept': '*/*', 'Connection': 'keep-alive', 'Content-Type': 'application/json', 'Authorization': 'Bearer eyJhbGciOiJIUzI1NiIsInR5cCI6IkpXVCJ9.eyJ1aWQiOjUwMCwicmlkIjowLCJpYXQiOjE2ODA5NTQ3MjYsImV4cCI6MTY4MTA0MTEyNn0.2PCm6qGxLybYa5lg-Xiki-6N7HJozMoKvYbSP8kKiH4', 'Content-Length': '45'}
请求内容: {'username': 'Glrle499', 'password': '87728'}
接口响应内容: {'data': {'id': 644, 'username': 'Glrle499', 'role_id': -1, 'create_time': 1680954726}, 'meta': {'msg': '创建成功', 'status': 201}}
接口响应时长: 82 ms
Http状态码: 200
断言结果: 200
=====================================================
INFO    2023-04-08 19:52:06,727G:\auto_api1_framework\logs\info-2023-04-08.log:test_create_user.py:29 2023-04-08 19:52:05 >>>>>> 执行结束！
INFO    2023-04-08 19:52:06,728G:\auto_api1_framework\logs\info-2023-04-08.log:test_create_user.py:26 2023-04-08 19:52:05 >>>>>> 开始执行：
INFO    2023-04-08 19:52:06,802G:\auto_api1_framework\logs\info-2023-04-08.log:log_decorator.py:42 
======================================================
用例标题: 密码为纯字母
请求路径: http://127.0.0.1:8888/api/private/v1/users
请求方式: POST
请求头:   {'User-Agent': 'python-requests/2.28.2', 'Accept-Encoding': 'gzip, deflate', 'Accept': '*/*', 'Connection': 'keep-alive', 'Content-Type': 'application/json', 'Authorization': 'Bearer eyJhbGciOiJIUzI1NiIsInR5cCI6IkpXVCJ9.eyJ1aWQiOjUwMCwicmlkIjowLCJpYXQiOjE2ODA5NTQ3MjYsImV4cCI6MTY4MTA0MTEyNn0.2PCm6qGxLybYa5lg-Xiki-6N7HJozMoKvYbSP8kKiH4', 'Content-Length': '46'}
请求内容: {'username': 'IJmge925', 'password': 'aqDfJI'}
接口响应内容: {'data': {'id': 645, 'username': 'IJmge925', 'role_id': -1, 'create_time': 1680954726}, 'meta': {'msg': '创建成功', 'status': 201}}
接口响应时长: 71 ms
Http状态码: 200
断言结果: 200
=====================================================
INFO    2023-04-08 19:52:06,802G:\auto_api1_framework\logs\info-2023-04-08.log:test_create_user.py:29 2023-04-08 19:52:05 >>>>>> 执行结束！
INFO    2023-04-08 19:52:06,804G:\auto_api1_framework\logs\info-2023-04-08.log:test_create_user.py:26 2023-04-08 19:52:05 >>>>>> 开始执行：
INFO    2023-04-08 19:52:06,879G:\auto_api1_framework\logs\info-2023-04-08.log:log_decorator.py:42 
======================================================
用例标题: 100位密码
请求路径: http://127.0.0.1:8888/api/private/v1/users
请求方式: POST
请求头:   {'User-Agent': 'python-requests/2.28.2', 'Accept-Encoding': 'gzip, deflate', 'Accept': '*/*', 'Connection': 'keep-alive', 'Content-Type': 'application/json', 'Authorization': 'Bearer eyJhbGciOiJIUzI1NiIsInR5cCI6IkpXVCJ9.eyJ1aWQiOjUwMCwicmlkIjowLCJpYXQiOjE2ODA5NTQ3MjYsImV4cCI6MTY4MTA0MTEyNn0.2PCm6qGxLybYa5lg-Xiki-6N7HJozMoKvYbSP8kKiH4', 'Content-Length': '46'}
请求内容: {'username': 'Zgovb827', 'password': '123456'}
接口响应内容: {'data': {'id': 646, 'username': 'Zgovb827', 'role_id': -1, 'create_time': 1680954726}, 'meta': {'msg': '创建成功', 'status': 201}}
接口响应时长: 72 ms
Http状态码: 200
断言结果: 200
=====================================================
INFO    2023-04-08 19:52:06,880G:\auto_api1_framework\logs\info-2023-04-08.log:test_create_user.py:29 2023-04-08 19:52:05 >>>>>> 执行结束！
INFO    2023-04-08 19:52:06,881G:\auto_api1_framework\logs\info-2023-04-08.log:test_create_user.py:26 2023-04-08 19:52:05 >>>>>> 开始执行：
INFO    2023-04-08 19:52:06,959G:\auto_api1_framework\logs\info-2023-04-08.log:log_decorator.py:42 
======================================================
用例标题: 多参：多abc
请求路径: http://127.0.0.1:8888/api/private/v1/users
请求方式: POST
请求头:   {'User-Agent': 'python-requests/2.28.2', 'Accept-Encoding': 'gzip, deflate', 'Accept': '*/*', 'Connection': 'keep-alive', 'Content-Type': 'application/json', 'Authorization': 'Bearer eyJhbGciOiJIUzI1NiIsInR5cCI6IkpXVCJ9.eyJ1aWQiOjUwMCwicmlkIjowLCJpYXQiOjE2ODA5NTQ3MjYsImV4cCI6MTY4MTA0MTEyNn0.2PCm6qGxLybYa5lg-Xiki-6N7HJozMoKvYbSP8kKiH4', 'Content-Length': '65'}
请求内容: {'username': 'MPbDW701', 'password': '^5uX+(pg', 'abc': '329682'}
接口响应内容: {'data': {'id': 647, 'username': 'MPbDW701', 'role_id': -1, 'create_time': 1680954726}, 'meta': {'msg': '创建成功', 'status': 201}}
接口响应时长: 75 ms
Http状态码: 200
断言结果: 200
=====================================================
INFO    2023-04-08 19:52:06,960G:\auto_api1_framework\logs\info-2023-04-08.log:test_create_user.py:29 2023-04-08 19:52:05 >>>>>> 执行结束！
INFO    2023-04-08 19:52:06,962G:\auto_api1_framework\logs\info-2023-04-08.log:test_create_user.py:26 2023-04-08 19:52:05 >>>>>> 开始执行：
INFO    2023-04-08 19:52:06,966G:\auto_api1_framework\logs\info-2023-04-08.log:log_decorator.py:42 
======================================================
用例标题: 少参：缺少username
请求路径: http://127.0.0.1:8888/api/private/v1/users
请求方式: POST
请求头:   {'User-Agent': 'python-requests/2.28.2', 'Accept-Encoding': 'gzip, deflate', 'Accept': '*/*', 'Connection': 'keep-alive', 'Content-Type': 'application/json', 'Authorization': 'Bearer eyJhbGciOiJIUzI1NiIsInR5cCI6IkpXVCJ9.eyJ1aWQiOjUwMCwicmlkIjowLCJpYXQiOjE2ODA5NTQ3MjYsImV4cCI6MTY4MTA0MTEyNn0.2PCm6qGxLybYa5lg-Xiki-6N7HJozMoKvYbSP8kKiH4', 'Content-Length': '24'}
请求内容: {'password': ')7l!YiuT'}
接口响应内容: {'data': None, 'meta': {'msg': '用户名不能为空', 'status': 400}}
接口响应时长: 2 ms
Http状态码: 200
断言结果: 200
=====================================================
INFO    2023-04-08 19:52:06,967G:\auto_api1_framework\logs\info-2023-04-08.log:test_create_user.py:29 2023-04-08 19:52:05 >>>>>> 执行结束！
INFO    2023-04-08 19:52:06,968G:\auto_api1_framework\logs\info-2023-04-08.log:test_create_user.py:26 2023-04-08 19:52:05 >>>>>> 开始执行：
INFO    2023-04-08 19:52:06,972G:\auto_api1_framework\logs\info-2023-04-08.log:log_decorator.py:42 
======================================================
用例标题: 没有参数
请求路径: http://127.0.0.1:8888/api/private/v1/users
请求方式: POST
请求头:   {'User-Agent': 'python-requests/2.28.2', 'Accept-Encoding': 'gzip, deflate', 'Accept': '*/*', 'Connection': 'keep-alive', 'Content-Type': 'application/json', 'Authorization': 'Bearer eyJhbGciOiJIUzI1NiIsInR5cCI6IkpXVCJ9.eyJ1aWQiOjUwMCwicmlkIjowLCJpYXQiOjE2ODA5NTQ3MjYsImV4cCI6MTY4MTA0MTEyNn0.2PCm6qGxLybYa5lg-Xiki-6N7HJozMoKvYbSP8kKiH4', 'Content-Length': '0'}
请求内容: None
接口响应内容: {'data': None, 'meta': {'msg': '用户名不能为空', 'status': 400}}
接口响应时长: 1 ms
Http状态码: 200
断言结果: 200
=====================================================
INFO    2023-04-08 19:52:06,973G:\auto_api1_framework\logs\info-2023-04-08.log:test_create_user.py:29 2023-04-08 19:52:05 >>>>>> 执行结束！
INFO    2023-04-08 19:52:06,974G:\auto_api1_framework\logs\info-2023-04-08.log:test_create_user.py:26 2023-04-08 19:52:05 >>>>>> 开始执行：
INFO    2023-04-08 19:52:06,978G:\auto_api1_framework\logs\info-2023-04-08.log:log_decorator.py:42 
======================================================
用例标题: 错误参数：修改username为test
请求路径: http://127.0.0.1:8888/api/private/v1/users
请求方式: POST
请求头:   {'User-Agent': 'python-requests/2.28.2', 'Accept-Encoding': 'gzip, deflate', 'Accept': '*/*', 'Connection': 'keep-alive', 'Content-Type': 'application/json', 'Authorization': 'Bearer eyJhbGciOiJIUzI1NiIsInR5cCI6IkpXVCJ9.eyJ1aWQiOjUwMCwicmlkIjowLCJpYXQiOjE2ODA5NTQ3MjYsImV4cCI6MTY4MTA0MTEyNn0.2PCm6qGxLybYa5lg-Xiki-6N7HJozMoKvYbSP8kKiH4', 'Content-Length': '44'}
请求内容: {'test': 'BTUff824', 'password': 'p+4z9L8c'}
接口响应内容: {'data': None, 'meta': {'msg': '用户名不能为空', 'status': 400}}
接口响应时长: 1 ms
Http状态码: 200
断言结果: 200
=====================================================
INFO    2023-04-08 19:52:06,979G:\auto_api1_framework\logs\info-2023-04-08.log:test_create_user.py:29 2023-04-08 19:52:05 >>>>>> 执行结束！
INFO    2023-04-08 19:55:00,146G:\auto_api1_framework\logs\info-2023-04-08.log:test_create_user.py:26 2023-04-08 19:55:00 >>>>>> 开始执行：
INFO    2023-04-08 19:55:00,236G:\auto_api1_framework\logs\info-2023-04-08.log:log_decorator.py:42 
======================================================
用例标题: 创建用户成功（必填参数）
请求路径: http://127.0.0.1:8888/api/private/v1/users
请求方式: POST
请求头:   {'User-Agent': 'python-requests/2.28.2', 'Accept-Encoding': 'gzip, deflate', 'Accept': '*/*', 'Connection': 'keep-alive', 'Content-Type': 'application/json', 'Authorization': 'Bearer eyJhbGciOiJIUzI1NiIsInR5cCI6IkpXVCJ9.eyJ1aWQiOjUwMCwicmlkIjowLCJpYXQiOjE2ODA5NTQ5MDAsImV4cCI6MTY4MTA0MTMwMH0.vvVi_aDd0AEGASOieMyHagAvWO0KaFwlMYMQRNm482A', 'Content-Length': '48'}
请求内容: {'username': 'HBjeh848', 'password': 'admin123'}
接口响应内容: {'data': {'id': 648, 'username': 'HBjeh848', 'role_id': -1, 'create_time': 1680954900}, 'meta': {'msg': '创建成功', 'status': 201}}
接口响应时长: 86 ms
Http状态码: 200
断言结果: 200
=====================================================
INFO    2023-04-08 19:55:00,238G:\auto_api1_framework\logs\info-2023-04-08.log:test_create_user.py:29 2023-04-08 19:55:00 >>>>>> 执行结束！
INFO    2023-04-08 19:55:00,240G:\auto_api1_framework\logs\info-2023-04-08.log:test_create_user.py:26 2023-04-08 19:55:00 >>>>>> 开始执行：
INFO    2023-04-08 19:55:00,318G:\auto_api1_framework\logs\info-2023-04-08.log:log_decorator.py:42 
======================================================
用例标题: 创建用户成功（必填+选填参数）
请求路径: http://127.0.0.1:8888/api/private/v1/users
请求方式: POST
请求头:   {'User-Agent': 'python-requests/2.28.2', 'Accept-Encoding': 'gzip, deflate', 'Accept': '*/*', 'Connection': 'keep-alive', 'Content-Type': 'application/json', 'Authorization': 'Bearer eyJhbGciOiJIUzI1NiIsInR5cCI6IkpXVCJ9.eyJ1aWQiOjUwMCwicmlkIjowLCJpYXQiOjE2ODA5NTQ5MDAsImV4cCI6MTY4MTA0MTMwMH0.vvVi_aDd0AEGASOieMyHagAvWO0KaFwlMYMQRNm482A', 'Content-Length': '77'}
请求内容: {'username': 'UAINo092', 'password': 'admin123@!', 'email': 'vwan@gmail.com'}
接口响应内容: {'data': {'id': 649, 'username': 'UAINo092', 'email': 'vwan@gmail.com', 'role_id': -1, 'create_time': 1680954900}, 'meta': {'msg': '创建成功', 'status': 201}}
接口响应时长: 76 ms
Http状态码: 200
断言结果: 200
=====================================================
INFO    2023-04-08 19:55:00,320G:\auto_api1_framework\logs\info-2023-04-08.log:test_create_user.py:29 2023-04-08 19:55:00 >>>>>> 执行结束！
INFO    2023-04-08 19:55:00,321G:\auto_api1_framework\logs\info-2023-04-08.log:test_create_user.py:26 2023-04-08 19:55:00 >>>>>> 开始执行：
INFO    2023-04-08 19:55:00,403G:\auto_api1_framework\logs\info-2023-04-08.log:log_decorator.py:42 
======================================================
用例标题: 创建用户成功（全部参数）
请求路径: http://127.0.0.1:8888/api/private/v1/users
请求方式: POST
请求头:   {'User-Agent': 'python-requests/2.28.2', 'Accept-Encoding': 'gzip, deflate', 'Accept': '*/*', 'Connection': 'keep-alive', 'Content-Type': 'application/json', 'Authorization': 'Bearer eyJhbGciOiJIUzI1NiIsInR5cCI6IkpXVCJ9.eyJ1aWQiOjUwMCwicmlkIjowLCJpYXQiOjE2ODA5NTQ5MDAsImV4cCI6MTY4MTA0MTMwMH0.vvVi_aDd0AEGASOieMyHagAvWO0KaFwlMYMQRNm482A', 'Content-Length': '103'}
请求内容: {'username': 'bdXpO484', 'password': '!v0VYueA', 'email': 'wei88@hotmail.com', 'mobile': '13566265018'}
接口响应内容: {'data': {'id': 650, 'username': 'bdXpO484', 'mobile': '13566265018', 'email': 'wei88@hotmail.com', 'role_id': -1, 'create_time': 1680954900}, 'meta': {'msg': '创建成功', 'status': 201}}
接口响应时长: 79 ms
Http状态码: 200
断言结果: 200
=====================================================
INFO    2023-04-08 19:55:00,404G:\auto_api1_framework\logs\info-2023-04-08.log:test_create_user.py:29 2023-04-08 19:55:00 >>>>>> 执行结束！
INFO    2023-04-08 19:55:00,405G:\auto_api1_framework\logs\info-2023-04-08.log:test_create_user.py:26 2023-04-08 19:55:00 >>>>>> 开始执行：
INFO    2023-04-08 19:55:00,410G:\auto_api1_framework\logs\info-2023-04-08.log:log_decorator.py:42 
======================================================
用例标题: 创建已存在用户
请求路径: http://127.0.0.1:8888/api/private/v1/users
请求方式: POST
请求头:   {'User-Agent': 'python-requests/2.28.2', 'Accept-Encoding': 'gzip, deflate', 'Accept': '*/*', 'Connection': 'keep-alive', 'Content-Type': 'application/json', 'Authorization': 'Bearer eyJhbGciOiJIUzI1NiIsInR5cCI6IkpXVCJ9.eyJ1aWQiOjUwMCwicmlkIjowLCJpYXQiOjE2ODA5NTQ5MDAsImV4cCI6MTY4MTA0MTMwMH0.vvVi_aDd0AEGASOieMyHagAvWO0KaFwlMYMQRNm482A', 'Content-Length': '43'}
请求内容: {'username': 'admin', 'password': '123456'}
接口响应内容: {'data': None, 'meta': {'msg': '用户名已存在', 'status': 400}}
接口响应时长: 3 ms
Http状态码: 200
断言结果: 200
=====================================================
INFO    2023-04-08 19:55:00,410G:\auto_api1_framework\logs\info-2023-04-08.log:test_create_user.py:29 2023-04-08 19:55:00 >>>>>> 执行结束！
INFO    2023-04-08 19:55:00,413G:\auto_api1_framework\logs\info-2023-04-08.log:test_create_user.py:26 2023-04-08 19:55:00 >>>>>> 开始执行：
INFO    2023-04-08 19:55:00,416G:\auto_api1_framework\logs\info-2023-04-08.log:log_decorator.py:42 
======================================================
用例标题: 用户名为空
请求路径: http://127.0.0.1:8888/api/private/v1/users
请求方式: POST
请求头:   {'User-Agent': 'python-requests/2.28.2', 'Accept-Encoding': 'gzip, deflate', 'Accept': '*/*', 'Connection': 'keep-alive', 'Content-Type': 'application/json', 'Authorization': 'Bearer eyJhbGciOiJIUzI1NiIsInR5cCI6IkpXVCJ9.eyJ1aWQiOjUwMCwicmlkIjowLCJpYXQiOjE2ODA5NTQ5MDAsImV4cCI6MTY4MTA0MTMwMH0.vvVi_aDd0AEGASOieMyHagAvWO0KaFwlMYMQRNm482A', 'Content-Length': '38'}
请求内容: {'username': '', 'password': '123456'}
接口响应内容: {'data': None, 'meta': {'msg': '用户名不能为空', 'status': 400}}
接口响应时长: 1 ms
Http状态码: 200
断言结果: 200
=====================================================
INFO    2023-04-08 19:55:00,417G:\auto_api1_framework\logs\info-2023-04-08.log:test_create_user.py:29 2023-04-08 19:55:00 >>>>>> 执行结束！
INFO    2023-04-08 19:55:00,419G:\auto_api1_framework\logs\info-2023-04-08.log:test_create_user.py:26 2023-04-08 19:55:00 >>>>>> 开始执行：
INFO    2023-04-08 19:55:00,506G:\auto_api1_framework\logs\info-2023-04-08.log:log_decorator.py:42 
======================================================
用例标题: 用户名纯数字
请求路径: http://127.0.0.1:8888/api/private/v1/users
请求方式: POST
请求头:   {'User-Agent': 'python-requests/2.28.2', 'Accept-Encoding': 'gzip, deflate', 'Accept': '*/*', 'Connection': 'keep-alive', 'Content-Type': 'application/json', 'Authorization': 'Bearer eyJhbGciOiJIUzI1NiIsInR5cCI6IkpXVCJ9.eyJ1aWQiOjUwMCwicmlkIjowLCJpYXQiOjE2ODA5NTQ5MDAsImV4cCI6MTY4MTA0MTMwMH0.vvVi_aDd0AEGASOieMyHagAvWO0KaFwlMYMQRNm482A', 'Content-Length': '44'}
请求内容: {'username': '253095', 'password': '123456'}
接口响应内容: {'data': {'id': 651, 'username': '253095', 'role_id': -1, 'create_time': 1680954900}, 'meta': {'msg': '创建成功', 'status': 201}}
接口响应时长: 85 ms
Http状态码: 200
断言结果: 200
=====================================================
INFO    2023-04-08 19:55:00,508G:\auto_api1_framework\logs\info-2023-04-08.log:test_create_user.py:29 2023-04-08 19:55:00 >>>>>> 执行结束！
INFO    2023-04-08 19:55:00,509G:\auto_api1_framework\logs\info-2023-04-08.log:test_create_user.py:26 2023-04-08 19:55:00 >>>>>> 开始执行：
INFO    2023-04-08 19:55:00,585G:\auto_api1_framework\logs\info-2023-04-08.log:log_decorator.py:42 
======================================================
用例标题: 用户名纯字母
请求路径: http://127.0.0.1:8888/api/private/v1/users
请求方式: POST
请求头:   {'User-Agent': 'python-requests/2.28.2', 'Accept-Encoding': 'gzip, deflate', 'Accept': '*/*', 'Connection': 'keep-alive', 'Content-Type': 'application/json', 'Authorization': 'Bearer eyJhbGciOiJIUzI1NiIsInR5cCI6IkpXVCJ9.eyJ1aWQiOjUwMCwicmlkIjowLCJpYXQiOjE2ODA5NTQ5MDAsImV4cCI6MTY4MTA0MTMwMH0.vvVi_aDd0AEGASOieMyHagAvWO0KaFwlMYMQRNm482A', 'Content-Length': '44'}
请求内容: {'username': 'iDmduD', 'password': '123456'}
接口响应内容: {'data': {'id': 652, 'username': 'iDmduD', 'role_id': -1, 'create_time': 1680954900}, 'meta': {'msg': '创建成功', 'status': 201}}
接口响应时长: 73 ms
Http状态码: 200
断言结果: 200
=====================================================
INFO    2023-04-08 19:55:00,586G:\auto_api1_framework\logs\info-2023-04-08.log:test_create_user.py:29 2023-04-08 19:55:00 >>>>>> 执行结束！
INFO    2023-04-08 19:55:00,587G:\auto_api1_framework\logs\info-2023-04-08.log:test_create_user.py:26 2023-04-08 19:55:00 >>>>>> 开始执行：
INFO    2023-04-08 19:55:00,670G:\auto_api1_framework\logs\info-2023-04-08.log:log_decorator.py:42 
======================================================
用例标题: 用户名包含汉字
请求路径: http://127.0.0.1:8888/api/private/v1/users
请求方式: POST
请求头:   {'User-Agent': 'python-requests/2.28.2', 'Accept-Encoding': 'gzip, deflate', 'Accept': '*/*', 'Connection': 'keep-alive', 'Content-Type': 'application/json', 'Authorization': 'Bearer eyJhbGciOiJIUzI1NiIsInR5cCI6IkpXVCJ9.eyJ1aWQiOjUwMCwicmlkIjowLCJpYXQiOjE2ODA5NTQ5MDAsImV4cCI6MTY4MTA0MTMwMH0.vvVi_aDd0AEGASOieMyHagAvWO0KaFwlMYMQRNm482A', 'Content-Length': '56'}
请求内容: {'username': '魏建zEtkhI', 'password': '123456'}
接口响应内容: {'data': {'id': 653, 'username': '魏建zEtkhI', 'role_id': -1, 'create_time': 1680954900}, 'meta': {'msg': '创建成功', 'status': 201}}
接口响应时长: 80 ms
Http状态码: 200
断言结果: 200
=====================================================
INFO    2023-04-08 19:55:00,672G:\auto_api1_framework\logs\info-2023-04-08.log:test_create_user.py:29 2023-04-08 19:55:00 >>>>>> 执行结束！
INFO    2023-04-08 19:55:00,673G:\auto_api1_framework\logs\info-2023-04-08.log:test_create_user.py:26 2023-04-08 19:55:00 >>>>>> 开始执行：
INFO    2023-04-08 19:55:00,677G:\auto_api1_framework\logs\info-2023-04-08.log:log_decorator.py:42 
======================================================
用例标题: 密码为空
请求路径: http://127.0.0.1:8888/api/private/v1/users
请求方式: POST
请求头:   {'User-Agent': 'python-requests/2.28.2', 'Accept-Encoding': 'gzip, deflate', 'Accept': '*/*', 'Connection': 'keep-alive', 'Content-Type': 'application/json', 'Authorization': 'Bearer eyJhbGciOiJIUzI1NiIsInR5cCI6IkpXVCJ9.eyJ1aWQiOjUwMCwicmlkIjowLCJpYXQiOjE2ODA5NTQ5MDAsImV4cCI6MTY4MTA0MTMwMH0.vvVi_aDd0AEGASOieMyHagAvWO0KaFwlMYMQRNm482A', 'Content-Length': '40'}
请求内容: {'username': 'FcMcT012', 'password': ''}
接口响应内容: {'data': None, 'meta': {'msg': '密码不能为空', 'status': 400}}
接口响应时长: 1 ms
Http状态码: 200
断言结果: 200
=====================================================
INFO    2023-04-08 19:55:00,678G:\auto_api1_framework\logs\info-2023-04-08.log:test_create_user.py:29 2023-04-08 19:55:00 >>>>>> 执行结束！
INFO    2023-04-08 19:55:00,680G:\auto_api1_framework\logs\info-2023-04-08.log:test_create_user.py:26 2023-04-08 19:55:00 >>>>>> 开始执行：
INFO    2023-04-08 19:55:00,763G:\auto_api1_framework\logs\info-2023-04-08.log:log_decorator.py:42 
======================================================
用例标题: 密码为纯数字
请求路径: http://127.0.0.1:8888/api/private/v1/users
请求方式: POST
请求头:   {'User-Agent': 'python-requests/2.28.2', 'Accept-Encoding': 'gzip, deflate', 'Accept': '*/*', 'Connection': 'keep-alive', 'Content-Type': 'application/json', 'Authorization': 'Bearer eyJhbGciOiJIUzI1NiIsInR5cCI6IkpXVCJ9.eyJ1aWQiOjUwMCwicmlkIjowLCJpYXQiOjE2ODA5NTQ5MDAsImV4cCI6MTY4MTA0MTMwMH0.vvVi_aDd0AEGASOieMyHagAvWO0KaFwlMYMQRNm482A', 'Content-Length': '46'}
请求内容: {'username': 'sARDn370', 'password': '430371'}
接口响应内容: {'data': {'id': 654, 'username': 'sARDn370', 'role_id': -1, 'create_time': 1680954900}, 'meta': {'msg': '创建成功', 'status': 201}}
接口响应时长: 80 ms
Http状态码: 200
断言结果: 200
=====================================================
INFO    2023-04-08 19:55:00,764G:\auto_api1_framework\logs\info-2023-04-08.log:test_create_user.py:29 2023-04-08 19:55:00 >>>>>> 执行结束！
INFO    2023-04-08 19:55:00,765G:\auto_api1_framework\logs\info-2023-04-08.log:test_create_user.py:26 2023-04-08 19:55:00 >>>>>> 开始执行：
INFO    2023-04-08 19:55:00,852G:\auto_api1_framework\logs\info-2023-04-08.log:log_decorator.py:42 
======================================================
用例标题: 密码为纯字母
请求路径: http://127.0.0.1:8888/api/private/v1/users
请求方式: POST
请求头:   {'User-Agent': 'python-requests/2.28.2', 'Accept-Encoding': 'gzip, deflate', 'Accept': '*/*', 'Connection': 'keep-alive', 'Content-Type': 'application/json', 'Authorization': 'Bearer eyJhbGciOiJIUzI1NiIsInR5cCI6IkpXVCJ9.eyJ1aWQiOjUwMCwicmlkIjowLCJpYXQiOjE2ODA5NTQ5MDAsImV4cCI6MTY4MTA0MTMwMH0.vvVi_aDd0AEGASOieMyHagAvWO0KaFwlMYMQRNm482A', 'Content-Length': '46'}
请求内容: {'username': 'bZbHG798', 'password': 'bPdEFj'}
接口响应内容: {'data': {'id': 655, 'username': 'bZbHG798', 'role_id': -1, 'create_time': 1680954900}, 'meta': {'msg': '创建成功', 'status': 201}}
接口响应时长: 83 ms
Http状态码: 200
断言结果: 200
=====================================================
INFO    2023-04-08 19:55:00,853G:\auto_api1_framework\logs\info-2023-04-08.log:test_create_user.py:29 2023-04-08 19:55:00 >>>>>> 执行结束！
INFO    2023-04-08 19:55:00,854G:\auto_api1_framework\logs\info-2023-04-08.log:test_create_user.py:26 2023-04-08 19:55:00 >>>>>> 开始执行：
INFO    2023-04-08 19:55:00,938G:\auto_api1_framework\logs\info-2023-04-08.log:log_decorator.py:42 
======================================================
用例标题: 100位密码
请求路径: http://127.0.0.1:8888/api/private/v1/users
请求方式: POST
请求头:   {'User-Agent': 'python-requests/2.28.2', 'Accept-Encoding': 'gzip, deflate', 'Accept': '*/*', 'Connection': 'keep-alive', 'Content-Type': 'application/json', 'Authorization': 'Bearer eyJhbGciOiJIUzI1NiIsInR5cCI6IkpXVCJ9.eyJ1aWQiOjUwMCwicmlkIjowLCJpYXQiOjE2ODA5NTQ5MDAsImV4cCI6MTY4MTA0MTMwMH0.vvVi_aDd0AEGASOieMyHagAvWO0KaFwlMYMQRNm482A', 'Content-Length': '141'}
请求内容: {'username': 'xaWLF481', 'password': '&@oFr2LlvcvR+&5zdYtyxZ3#X+RW&)bN&D^%&EVEj58b1XSxd%Fex23SNFp8^UHaa95YNYhW^B4915Rf@shZdhkhSZ*d0rds9s)R)'}
接口响应内容: {'data': {'id': 656, 'username': 'xaWLF481', 'role_id': -1, 'create_time': 1680954900}, 'meta': {'msg': '创建成功', 'status': 201}}
接口响应时长: 81 ms
Http状态码: 200
断言结果: 200
=====================================================
INFO    2023-04-08 19:55:00,939G:\auto_api1_framework\logs\info-2023-04-08.log:test_create_user.py:29 2023-04-08 19:55:00 >>>>>> 执行结束！
INFO    2023-04-08 19:55:00,940G:\auto_api1_framework\logs\info-2023-04-08.log:test_create_user.py:26 2023-04-08 19:55:00 >>>>>> 开始执行：
INFO    2023-04-08 19:55:01,019G:\auto_api1_framework\logs\info-2023-04-08.log:log_decorator.py:42 
======================================================
用例标题: 多参：多abc
请求路径: http://127.0.0.1:8888/api/private/v1/users
请求方式: POST
请求头:   {'User-Agent': 'python-requests/2.28.2', 'Accept-Encoding': 'gzip, deflate', 'Accept': '*/*', 'Connection': 'keep-alive', 'Content-Type': 'application/json', 'Authorization': 'Bearer eyJhbGciOiJIUzI1NiIsInR5cCI6IkpXVCJ9.eyJ1aWQiOjUwMCwicmlkIjowLCJpYXQiOjE2ODA5NTQ5MDAsImV4cCI6MTY4MTA0MTMwMH0.vvVi_aDd0AEGASOieMyHagAvWO0KaFwlMYMQRNm482A', 'Content-Length': '65'}
请求内容: {'username': 'hfLUO825', 'password': 'H)9JZdT9', 'abc': '230222'}
接口响应内容: {'data': {'id': 657, 'username': 'hfLUO825', 'role_id': -1, 'create_time': 1680954901}, 'meta': {'msg': '创建成功', 'status': 201}}
接口响应时长: 77 ms
Http状态码: 200
断言结果: 200
=====================================================
INFO    2023-04-08 19:55:01,021G:\auto_api1_framework\logs\info-2023-04-08.log:test_create_user.py:29 2023-04-08 19:55:00 >>>>>> 执行结束！
INFO    2023-04-08 19:55:01,022G:\auto_api1_framework\logs\info-2023-04-08.log:test_create_user.py:26 2023-04-08 19:55:00 >>>>>> 开始执行：
INFO    2023-04-08 19:55:01,026G:\auto_api1_framework\logs\info-2023-04-08.log:log_decorator.py:42 
======================================================
用例标题: 少参：缺少username
请求路径: http://127.0.0.1:8888/api/private/v1/users
请求方式: POST
请求头:   {'User-Agent': 'python-requests/2.28.2', 'Accept-Encoding': 'gzip, deflate', 'Accept': '*/*', 'Connection': 'keep-alive', 'Content-Type': 'application/json', 'Authorization': 'Bearer eyJhbGciOiJIUzI1NiIsInR5cCI6IkpXVCJ9.eyJ1aWQiOjUwMCwicmlkIjowLCJpYXQiOjE2ODA5NTQ5MDAsImV4cCI6MTY4MTA0MTMwMH0.vvVi_aDd0AEGASOieMyHagAvWO0KaFwlMYMQRNm482A', 'Content-Length': '24'}
请求内容: {'password': 'f(6PGZp*'}
接口响应内容: {'data': None, 'meta': {'msg': '用户名不能为空', 'status': 400}}
接口响应时长: 2 ms
Http状态码: 200
断言结果: 200
=====================================================
INFO    2023-04-08 19:55:01,027G:\auto_api1_framework\logs\info-2023-04-08.log:test_create_user.py:29 2023-04-08 19:55:00 >>>>>> 执行结束！
INFO    2023-04-08 19:55:01,028G:\auto_api1_framework\logs\info-2023-04-08.log:test_create_user.py:26 2023-04-08 19:55:00 >>>>>> 开始执行：
INFO    2023-04-08 19:55:01,032G:\auto_api1_framework\logs\info-2023-04-08.log:log_decorator.py:42 
======================================================
用例标题: 没有参数
请求路径: http://127.0.0.1:8888/api/private/v1/users
请求方式: POST
请求头:   {'User-Agent': 'python-requests/2.28.2', 'Accept-Encoding': 'gzip, deflate', 'Accept': '*/*', 'Connection': 'keep-alive', 'Content-Type': 'application/json', 'Authorization': 'Bearer eyJhbGciOiJIUzI1NiIsInR5cCI6IkpXVCJ9.eyJ1aWQiOjUwMCwicmlkIjowLCJpYXQiOjE2ODA5NTQ5MDAsImV4cCI6MTY4MTA0MTMwMH0.vvVi_aDd0AEGASOieMyHagAvWO0KaFwlMYMQRNm482A', 'Content-Length': '0'}
请求内容: None
接口响应内容: {'data': None, 'meta': {'msg': '用户名不能为空', 'status': 400}}
接口响应时长: 1 ms
Http状态码: 200
断言结果: 200
=====================================================
INFO    2023-04-08 19:55:01,033G:\auto_api1_framework\logs\info-2023-04-08.log:test_create_user.py:29 2023-04-08 19:55:00 >>>>>> 执行结束！
INFO    2023-04-08 19:55:01,034G:\auto_api1_framework\logs\info-2023-04-08.log:test_create_user.py:26 2023-04-08 19:55:00 >>>>>> 开始执行：
INFO    2023-04-08 19:55:01,039G:\auto_api1_framework\logs\info-2023-04-08.log:log_decorator.py:42 
======================================================
用例标题: 错误参数：修改username为test
请求路径: http://127.0.0.1:8888/api/private/v1/users
请求方式: POST
请求头:   {'User-Agent': 'python-requests/2.28.2', 'Accept-Encoding': 'gzip, deflate', 'Accept': '*/*', 'Connection': 'keep-alive', 'Content-Type': 'application/json', 'Authorization': 'Bearer eyJhbGciOiJIUzI1NiIsInR5cCI6IkpXVCJ9.eyJ1aWQiOjUwMCwicmlkIjowLCJpYXQiOjE2ODA5NTQ5MDAsImV4cCI6MTY4MTA0MTMwMH0.vvVi_aDd0AEGASOieMyHagAvWO0KaFwlMYMQRNm482A', 'Content-Length': '44'}
请求内容: {'test': 'Mbokr985', 'password': '6Z@Y8Fgd'}
接口响应内容: {'data': None, 'meta': {'msg': '用户名不能为空', 'status': 400}}
接口响应时长: 2 ms
Http状态码: 200
断言结果: 200
=====================================================
INFO    2023-04-08 19:55:01,040G:\auto_api1_framework\logs\info-2023-04-08.log:test_create_user.py:29 2023-04-08 19:55:00 >>>>>> 执行结束！
INFO    2023-04-08 19:55:34,946G:\auto_api1_framework\logs\info-2023-04-08.log:test_get_user_data_list.py:26 2023-04-08 19:55:34 >>>>>> 开始执行：
INFO    2023-04-08 19:55:34,951G:\auto_api1_framework\logs\info-2023-04-08.log:log_decorator.py:42 
======================================================
用例标题: 获取用户数据列表成功
请求路径: http://127.0.0.1:8888/api/private/v1/users?pagenum=1&pagesize=20
请求方式: GET
请求头:   {'User-Agent': 'python-requests/2.28.2', 'Accept-Encoding': 'gzip, deflate', 'Accept': '*/*', 'Connection': 'keep-alive', 'Authorization': '$cache{token}'}
请求内容: None
接口响应内容: {'data': None, 'meta': {'msg': '无效token', 'status': 400}}
接口响应时长: 1 ms
Http状态码: 200
断言结果: 200
=====================================================
INFO    2023-04-08 19:55:35,021G:\auto_api1_framework\logs\info-2023-04-08.log:test_get_user_data_list.py:29 2023-04-08 19:55:34 >>>>>> 执行结束！
INFO    2023-04-08 19:56:24,677G:\auto_api1_framework\logs\info-2023-04-08.log:test_create_user.py:26 2023-04-08 19:56:24 >>>>>> 开始执行：
INFO    2023-04-08 19:56:24,763G:\auto_api1_framework\logs\info-2023-04-08.log:log_decorator.py:42 
======================================================
用例标题: 创建用户成功（必填参数）
请求路径: http://127.0.0.1:8888/api/private/v1/users
请求方式: POST
请求头:   {'User-Agent': 'python-requests/2.28.2', 'Accept-Encoding': 'gzip, deflate', 'Accept': '*/*', 'Connection': 'keep-alive', 'Content-Type': 'application/json', 'Authorization': 'Bearer eyJhbGciOiJIUzI1NiIsInR5cCI6IkpXVCJ9.eyJ1aWQiOjUwMCwicmlkIjowLCJpYXQiOjE2ODA5NTQ5ODQsImV4cCI6MTY4MTA0MTM4NH0.LS3YcVMRyUHXT9yziSduSyPBcDbbgR_uQA1zzDx4ZdI', 'Content-Length': '48'}
请求内容: {'username': 'GVeBO203', 'password': 'admin123'}
接口响应内容: {'data': {'id': 658, 'username': 'GVeBO203', 'role_id': -1, 'create_time': 1680954984}, 'meta': {'msg': '创建成功', 'status': 201}}
接口响应时长: 82 ms
Http状态码: 200
断言结果: 200
=====================================================
INFO    2023-04-08 19:56:24,764G:\auto_api1_framework\logs\info-2023-04-08.log:test_create_user.py:29 2023-04-08 19:56:24 >>>>>> 执行结束！
INFO    2023-04-08 19:56:24,766G:\auto_api1_framework\logs\info-2023-04-08.log:test_create_user.py:26 2023-04-08 19:56:24 >>>>>> 开始执行：
INFO    2023-04-08 19:56:24,846G:\auto_api1_framework\logs\info-2023-04-08.log:log_decorator.py:42 
======================================================
用例标题: 创建用户成功（必填+选填参数）
请求路径: http://127.0.0.1:8888/api/private/v1/users
请求方式: POST
请求头:   {'User-Agent': 'python-requests/2.28.2', 'Accept-Encoding': 'gzip, deflate', 'Accept': '*/*', 'Connection': 'keep-alive', 'Content-Type': 'application/json', 'Authorization': 'Bearer eyJhbGciOiJIUzI1NiIsInR5cCI6IkpXVCJ9.eyJ1aWQiOjUwMCwicmlkIjowLCJpYXQiOjE2ODA5NTQ5ODQsImV4cCI6MTY4MTA0MTM4NH0.LS3YcVMRyUHXT9yziSduSyPBcDbbgR_uQA1zzDx4ZdI', 'Content-Length': '79'}
请求内容: {'username': 'tHPtc492', 'password': 'admin123@!', 'email': 'yong65@yahoo.com'}
接口响应内容: {'data': {'id': 659, 'username': 'tHPtc492', 'email': 'yong65@yahoo.com', 'role_id': -1, 'create_time': 1680954984}, 'meta': {'msg': '创建成功', 'status': 201}}
接口响应时长: 79 ms
Http状态码: 200
断言结果: 200
=====================================================
INFO    2023-04-08 19:56:24,849G:\auto_api1_framework\logs\info-2023-04-08.log:test_create_user.py:29 2023-04-08 19:56:24 >>>>>> 执行结束！
INFO    2023-04-08 19:56:24,849G:\auto_api1_framework\logs\info-2023-04-08.log:test_create_user.py:26 2023-04-08 19:56:24 >>>>>> 开始执行：
INFO    2023-04-08 19:56:24,929G:\auto_api1_framework\logs\info-2023-04-08.log:log_decorator.py:42 
======================================================
用例标题: 创建用户成功（全部参数）
请求路径: http://127.0.0.1:8888/api/private/v1/users
请求方式: POST
请求头:   {'User-Agent': 'python-requests/2.28.2', 'Accept-Encoding': 'gzip, deflate', 'Accept': '*/*', 'Connection': 'keep-alive', 'Content-Type': 'application/json', 'Authorization': 'Bearer eyJhbGciOiJIUzI1NiIsInR5cCI6IkpXVCJ9.eyJ1aWQiOjUwMCwicmlkIjowLCJpYXQiOjE2ODA5NTQ5ODQsImV4cCI6MTY4MTA0MTM4NH0.LS3YcVMRyUHXT9yziSduSyPBcDbbgR_uQA1zzDx4ZdI', 'Content-Length': '104'}
请求内容: {'username': 'ESUpf575', 'password': '^Z3PUqbP', 'email': 'moming@hotmail.com', 'mobile': '15723560366'}
接口响应内容: {'data': {'id': 660, 'username': 'ESUpf575', 'mobile': '15723560366', 'email': 'moming@hotmail.com', 'role_id': -1, 'create_time': 1680954984}, 'meta': {'msg': '创建成功', 'status': 201}}
接口响应时长: 78 ms
Http状态码: 200
断言结果: 200
=====================================================
INFO    2023-04-08 19:56:24,931G:\auto_api1_framework\logs\info-2023-04-08.log:test_create_user.py:29 2023-04-08 19:56:24 >>>>>> 执行结束！
INFO    2023-04-08 19:56:24,932G:\auto_api1_framework\logs\info-2023-04-08.log:test_create_user.py:26 2023-04-08 19:56:24 >>>>>> 开始执行：
INFO    2023-04-08 19:56:24,938G:\auto_api1_framework\logs\info-2023-04-08.log:log_decorator.py:42 
======================================================
用例标题: 创建已存在用户
请求路径: http://127.0.0.1:8888/api/private/v1/users
请求方式: POST
请求头:   {'User-Agent': 'python-requests/2.28.2', 'Accept-Encoding': 'gzip, deflate', 'Accept': '*/*', 'Connection': 'keep-alive', 'Content-Type': 'application/json', 'Authorization': 'Bearer eyJhbGciOiJIUzI1NiIsInR5cCI6IkpXVCJ9.eyJ1aWQiOjUwMCwicmlkIjowLCJpYXQiOjE2ODA5NTQ5ODQsImV4cCI6MTY4MTA0MTM4NH0.LS3YcVMRyUHXT9yziSduSyPBcDbbgR_uQA1zzDx4ZdI', 'Content-Length': '43'}
请求内容: {'username': 'admin', 'password': '123456'}
接口响应内容: {'data': None, 'meta': {'msg': '用户名已存在', 'status': 400}}
接口响应时长: 3 ms
Http状态码: 200
断言结果: 200
=====================================================
INFO    2023-04-08 19:56:24,939G:\auto_api1_framework\logs\info-2023-04-08.log:test_create_user.py:29 2023-04-08 19:56:24 >>>>>> 执行结束！
INFO    2023-04-08 19:56:24,940G:\auto_api1_framework\logs\info-2023-04-08.log:test_create_user.py:26 2023-04-08 19:56:24 >>>>>> 开始执行：
INFO    2023-04-08 19:56:24,945G:\auto_api1_framework\logs\info-2023-04-08.log:log_decorator.py:42 
======================================================
用例标题: 用户名为空
请求路径: http://127.0.0.1:8888/api/private/v1/users
请求方式: POST
请求头:   {'User-Agent': 'python-requests/2.28.2', 'Accept-Encoding': 'gzip, deflate', 'Accept': '*/*', 'Connection': 'keep-alive', 'Content-Type': 'application/json', 'Authorization': 'Bearer eyJhbGciOiJIUzI1NiIsInR5cCI6IkpXVCJ9.eyJ1aWQiOjUwMCwicmlkIjowLCJpYXQiOjE2ODA5NTQ5ODQsImV4cCI6MTY4MTA0MTM4NH0.LS3YcVMRyUHXT9yziSduSyPBcDbbgR_uQA1zzDx4ZdI', 'Content-Length': '38'}
请求内容: {'username': '', 'password': '123456'}
接口响应内容: {'data': None, 'meta': {'msg': '用户名不能为空', 'status': 400}}
接口响应时长: 2 ms
Http状态码: 200
断言结果: 200
=====================================================
INFO    2023-04-08 19:56:24,946G:\auto_api1_framework\logs\info-2023-04-08.log:test_create_user.py:29 2023-04-08 19:56:24 >>>>>> 执行结束！
INFO    2023-04-08 19:56:24,947G:\auto_api1_framework\logs\info-2023-04-08.log:test_create_user.py:26 2023-04-08 19:56:24 >>>>>> 开始执行：
INFO    2023-04-08 19:56:25,035G:\auto_api1_framework\logs\info-2023-04-08.log:log_decorator.py:42 
======================================================
用例标题: 用户名纯数字
请求路径: http://127.0.0.1:8888/api/private/v1/users
请求方式: POST
请求头:   {'User-Agent': 'python-requests/2.28.2', 'Accept-Encoding': 'gzip, deflate', 'Accept': '*/*', 'Connection': 'keep-alive', 'Content-Type': 'application/json', 'Authorization': 'Bearer eyJhbGciOiJIUzI1NiIsInR5cCI6IkpXVCJ9.eyJ1aWQiOjUwMCwicmlkIjowLCJpYXQiOjE2ODA5NTQ5ODQsImV4cCI6MTY4MTA0MTM4NH0.LS3YcVMRyUHXT9yziSduSyPBcDbbgR_uQA1zzDx4ZdI', 'Content-Length': '44'}
请求内容: {'username': '887683', 'password': '123456'}
接口响应内容: {'data': {'id': 661, 'username': '887683', 'role_id': -1, 'create_time': 1680954985}, 'meta': {'msg': '创建成功', 'status': 201}}
接口响应时长: 86 ms
Http状态码: 200
断言结果: 200
=====================================================
INFO    2023-04-08 19:56:25,037G:\auto_api1_framework\logs\info-2023-04-08.log:test_create_user.py:29 2023-04-08 19:56:24 >>>>>> 执行结束！
INFO    2023-04-08 19:56:25,038G:\auto_api1_framework\logs\info-2023-04-08.log:test_create_user.py:26 2023-04-08 19:56:24 >>>>>> 开始执行：
INFO    2023-04-08 19:56:25,117G:\auto_api1_framework\logs\info-2023-04-08.log:log_decorator.py:42 
======================================================
用例标题: 用户名纯字母
请求路径: http://127.0.0.1:8888/api/private/v1/users
请求方式: POST
请求头:   {'User-Agent': 'python-requests/2.28.2', 'Accept-Encoding': 'gzip, deflate', 'Accept': '*/*', 'Connection': 'keep-alive', 'Content-Type': 'application/json', 'Authorization': 'Bearer eyJhbGciOiJIUzI1NiIsInR5cCI6IkpXVCJ9.eyJ1aWQiOjUwMCwicmlkIjowLCJpYXQiOjE2ODA5NTQ5ODQsImV4cCI6MTY4MTA0MTM4NH0.LS3YcVMRyUHXT9yziSduSyPBcDbbgR_uQA1zzDx4ZdI', 'Content-Length': '44'}
请求内容: {'username': 'BqTkEN', 'password': '123456'}
接口响应内容: {'data': {'id': 662, 'username': 'BqTkEN', 'role_id': -1, 'create_time': 1680954985}, 'meta': {'msg': '创建成功', 'status': 201}}
接口响应时长: 78 ms
Http状态码: 200
断言结果: 200
=====================================================
INFO    2023-04-08 19:56:25,119G:\auto_api1_framework\logs\info-2023-04-08.log:test_create_user.py:29 2023-04-08 19:56:24 >>>>>> 执行结束！
INFO    2023-04-08 19:56:25,120G:\auto_api1_framework\logs\info-2023-04-08.log:test_create_user.py:26 2023-04-08 19:56:24 >>>>>> 开始执行：
INFO    2023-04-08 19:56:25,194G:\auto_api1_framework\logs\info-2023-04-08.log:log_decorator.py:42 
======================================================
用例标题: 用户名包含汉字
请求路径: http://127.0.0.1:8888/api/private/v1/users
请求方式: POST
请求头:   {'User-Agent': 'python-requests/2.28.2', 'Accept-Encoding': 'gzip, deflate', 'Accept': '*/*', 'Connection': 'keep-alive', 'Content-Type': 'application/json', 'Authorization': 'Bearer eyJhbGciOiJIUzI1NiIsInR5cCI6IkpXVCJ9.eyJ1aWQiOjUwMCwicmlkIjowLCJpYXQiOjE2ODA5NTQ5ODQsImV4cCI6MTY4MTA0MTM4NH0.LS3YcVMRyUHXT9yziSduSyPBcDbbgR_uQA1zzDx4ZdI', 'Content-Length': '62'}
请求内容: {'username': '沈红霞LywCHk', 'password': '123456'}
接口响应内容: {'data': {'id': 663, 'username': '沈红霞LywCHk', 'role_id': -1, 'create_time': 1680954985}, 'meta': {'msg': '创建成功', 'status': 201}}
接口响应时长: 71 ms
Http状态码: 200
断言结果: 200
=====================================================
INFO    2023-04-08 19:56:25,195G:\auto_api1_framework\logs\info-2023-04-08.log:test_create_user.py:29 2023-04-08 19:56:24 >>>>>> 执行结束！
INFO    2023-04-08 19:56:25,197G:\auto_api1_framework\logs\info-2023-04-08.log:test_create_user.py:26 2023-04-08 19:56:24 >>>>>> 开始执行：
INFO    2023-04-08 19:56:25,200G:\auto_api1_framework\logs\info-2023-04-08.log:log_decorator.py:42 
======================================================
用例标题: 密码为空
请求路径: http://127.0.0.1:8888/api/private/v1/users
请求方式: POST
请求头:   {'User-Agent': 'python-requests/2.28.2', 'Accept-Encoding': 'gzip, deflate', 'Accept': '*/*', 'Connection': 'keep-alive', 'Content-Type': 'application/json', 'Authorization': 'Bearer eyJhbGciOiJIUzI1NiIsInR5cCI6IkpXVCJ9.eyJ1aWQiOjUwMCwicmlkIjowLCJpYXQiOjE2ODA5NTQ5ODQsImV4cCI6MTY4MTA0MTM4NH0.LS3YcVMRyUHXT9yziSduSyPBcDbbgR_uQA1zzDx4ZdI', 'Content-Length': '40'}
请求内容: {'username': 'Qpxkk345', 'password': ''}
接口响应内容: {'data': None, 'meta': {'msg': '密码不能为空', 'status': 400}}
接口响应时长: 2 ms
Http状态码: 200
断言结果: 200
=====================================================
INFO    2023-04-08 19:56:25,201G:\auto_api1_framework\logs\info-2023-04-08.log:test_create_user.py:29 2023-04-08 19:56:24 >>>>>> 执行结束！
INFO    2023-04-08 19:56:25,204G:\auto_api1_framework\logs\info-2023-04-08.log:test_create_user.py:26 2023-04-08 19:56:24 >>>>>> 开始执行：
INFO    2023-04-08 19:56:25,286G:\auto_api1_framework\logs\info-2023-04-08.log:log_decorator.py:42 
======================================================
用例标题: 密码为纯数字
请求路径: http://127.0.0.1:8888/api/private/v1/users
请求方式: POST
请求头:   {'User-Agent': 'python-requests/2.28.2', 'Accept-Encoding': 'gzip, deflate', 'Accept': '*/*', 'Connection': 'keep-alive', 'Content-Type': 'application/json', 'Authorization': 'Bearer eyJhbGciOiJIUzI1NiIsInR5cCI6IkpXVCJ9.eyJ1aWQiOjUwMCwicmlkIjowLCJpYXQiOjE2ODA5NTQ5ODQsImV4cCI6MTY4MTA0MTM4NH0.LS3YcVMRyUHXT9yziSduSyPBcDbbgR_uQA1zzDx4ZdI', 'Content-Length': '46'}
请求内容: {'username': 'RrJEI855', 'password': '131879'}
接口响应内容: {'data': {'id': 664, 'username': 'RrJEI855', 'role_id': -1, 'create_time': 1680954985}, 'meta': {'msg': '创建成功', 'status': 201}}
接口响应时长: 80 ms
Http状态码: 200
断言结果: 200
=====================================================
INFO    2023-04-08 19:56:25,287G:\auto_api1_framework\logs\info-2023-04-08.log:test_create_user.py:29 2023-04-08 19:56:24 >>>>>> 执行结束！
INFO    2023-04-08 19:56:25,288G:\auto_api1_framework\logs\info-2023-04-08.log:test_create_user.py:26 2023-04-08 19:56:24 >>>>>> 开始执行：
INFO    2023-04-08 19:56:25,373G:\auto_api1_framework\logs\info-2023-04-08.log:log_decorator.py:42 
======================================================
用例标题: 密码为纯字母
请求路径: http://127.0.0.1:8888/api/private/v1/users
请求方式: POST
请求头:   {'User-Agent': 'python-requests/2.28.2', 'Accept-Encoding': 'gzip, deflate', 'Accept': '*/*', 'Connection': 'keep-alive', 'Content-Type': 'application/json', 'Authorization': 'Bearer eyJhbGciOiJIUzI1NiIsInR5cCI6IkpXVCJ9.eyJ1aWQiOjUwMCwicmlkIjowLCJpYXQiOjE2ODA5NTQ5ODQsImV4cCI6MTY4MTA0MTM4NH0.LS3YcVMRyUHXT9yziSduSyPBcDbbgR_uQA1zzDx4ZdI', 'Content-Length': '46'}
请求内容: {'username': 'nsEFC440', 'password': 'KqORzN'}
接口响应内容: {'data': {'id': 665, 'username': 'nsEFC440', 'role_id': -1, 'create_time': 1680954985}, 'meta': {'msg': '创建成功', 'status': 201}}
接口响应时长: 82 ms
Http状态码: 200
断言结果: 200
=====================================================
INFO    2023-04-08 19:56:25,374G:\auto_api1_framework\logs\info-2023-04-08.log:test_create_user.py:29 2023-04-08 19:56:24 >>>>>> 执行结束！
INFO    2023-04-08 19:56:25,376G:\auto_api1_framework\logs\info-2023-04-08.log:test_create_user.py:26 2023-04-08 19:56:24 >>>>>> 开始执行：
INFO    2023-04-08 19:56:25,460G:\auto_api1_framework\logs\info-2023-04-08.log:log_decorator.py:42 
======================================================
用例标题: 100位密码
请求路径: http://127.0.0.1:8888/api/private/v1/users
请求方式: POST
请求头:   {'User-Agent': 'python-requests/2.28.2', 'Accept-Encoding': 'gzip, deflate', 'Accept': '*/*', 'Connection': 'keep-alive', 'Content-Type': 'application/json', 'Authorization': 'Bearer eyJhbGciOiJIUzI1NiIsInR5cCI6IkpXVCJ9.eyJ1aWQiOjUwMCwicmlkIjowLCJpYXQiOjE2ODA5NTQ5ODQsImV4cCI6MTY4MTA0MTM4NH0.LS3YcVMRyUHXT9yziSduSyPBcDbbgR_uQA1zzDx4ZdI', 'Content-Length': '141'}
请求内容: {'username': 'glMgP629', 'password': '8CI9l!H!kbBmaNJM#a)xS1FtUcv0sq(%X4Jw7sDwNPwufqc!KXTS)TInoKdXNbbx%(wFABv#GqWthvQ27zluEfpkL8XC9m0jOw4B)'}
接口响应内容: {'data': {'id': 666, 'username': 'glMgP629', 'role_id': -1, 'create_time': 1680954985}, 'meta': {'msg': '创建成功', 'status': 201}}
接口响应时长: 82 ms
Http状态码: 200
断言结果: 200
=====================================================
INFO    2023-04-08 19:56:25,461G:\auto_api1_framework\logs\info-2023-04-08.log:test_create_user.py:29 2023-04-08 19:56:24 >>>>>> 执行结束！
INFO    2023-04-08 19:56:25,462G:\auto_api1_framework\logs\info-2023-04-08.log:test_create_user.py:26 2023-04-08 19:56:24 >>>>>> 开始执行：
INFO    2023-04-08 19:56:25,552G:\auto_api1_framework\logs\info-2023-04-08.log:log_decorator.py:42 
======================================================
用例标题: 多参：多abc
请求路径: http://127.0.0.1:8888/api/private/v1/users
请求方式: POST
请求头:   {'User-Agent': 'python-requests/2.28.2', 'Accept-Encoding': 'gzip, deflate', 'Accept': '*/*', 'Connection': 'keep-alive', 'Content-Type': 'application/json', 'Authorization': 'Bearer eyJhbGciOiJIUzI1NiIsInR5cCI6IkpXVCJ9.eyJ1aWQiOjUwMCwicmlkIjowLCJpYXQiOjE2ODA5NTQ5ODQsImV4cCI6MTY4MTA0MTM4NH0.LS3YcVMRyUHXT9yziSduSyPBcDbbgR_uQA1zzDx4ZdI', 'Content-Length': '64'}
请求内容: {'username': 'lgHyk716', 'password': 't@Zg6Zhq', 'abc': '26970'}
接口响应内容: {'data': {'id': 667, 'username': 'lgHyk716', 'role_id': -1, 'create_time': 1680954985}, 'meta': {'msg': '创建成功', 'status': 201}}
接口响应时长: 87 ms
Http状态码: 200
断言结果: 200
=====================================================
INFO    2023-04-08 19:56:25,553G:\auto_api1_framework\logs\info-2023-04-08.log:test_create_user.py:29 2023-04-08 19:56:24 >>>>>> 执行结束！
INFO    2023-04-08 19:56:25,554G:\auto_api1_framework\logs\info-2023-04-08.log:test_create_user.py:26 2023-04-08 19:56:24 >>>>>> 开始执行：
INFO    2023-04-08 19:56:25,558G:\auto_api1_framework\logs\info-2023-04-08.log:log_decorator.py:42 
======================================================
用例标题: 少参：缺少username
请求路径: http://127.0.0.1:8888/api/private/v1/users
请求方式: POST
请求头:   {'User-Agent': 'python-requests/2.28.2', 'Accept-Encoding': 'gzip, deflate', 'Accept': '*/*', 'Connection': 'keep-alive', 'Content-Type': 'application/json', 'Authorization': 'Bearer eyJhbGciOiJIUzI1NiIsInR5cCI6IkpXVCJ9.eyJ1aWQiOjUwMCwicmlkIjowLCJpYXQiOjE2ODA5NTQ5ODQsImV4cCI6MTY4MTA0MTM4NH0.LS3YcVMRyUHXT9yziSduSyPBcDbbgR_uQA1zzDx4ZdI', 'Content-Length': '24'}
请求内容: {'password': '^P(2iRgz'}
接口响应内容: {'data': None, 'meta': {'msg': '用户名不能为空', 'status': 400}}
接口响应时长: 1 ms
Http状态码: 200
断言结果: 200
=====================================================
INFO    2023-04-08 19:56:25,559G:\auto_api1_framework\logs\info-2023-04-08.log:test_create_user.py:29 2023-04-08 19:56:24 >>>>>> 执行结束！
INFO    2023-04-08 19:56:25,561G:\auto_api1_framework\logs\info-2023-04-08.log:test_create_user.py:26 2023-04-08 19:56:24 >>>>>> 开始执行：
INFO    2023-04-08 19:56:25,564G:\auto_api1_framework\logs\info-2023-04-08.log:log_decorator.py:42 
======================================================
用例标题: 没有参数
请求路径: http://127.0.0.1:8888/api/private/v1/users
请求方式: POST
请求头:   {'User-Agent': 'python-requests/2.28.2', 'Accept-Encoding': 'gzip, deflate', 'Accept': '*/*', 'Connection': 'keep-alive', 'Content-Type': 'application/json', 'Authorization': 'Bearer eyJhbGciOiJIUzI1NiIsInR5cCI6IkpXVCJ9.eyJ1aWQiOjUwMCwicmlkIjowLCJpYXQiOjE2ODA5NTQ5ODQsImV4cCI6MTY4MTA0MTM4NH0.LS3YcVMRyUHXT9yziSduSyPBcDbbgR_uQA1zzDx4ZdI', 'Content-Length': '0'}
请求内容: None
接口响应内容: {'data': None, 'meta': {'msg': '用户名不能为空', 'status': 400}}
接口响应时长: 1 ms
Http状态码: 200
断言结果: 200
=====================================================
INFO    2023-04-08 19:56:25,565G:\auto_api1_framework\logs\info-2023-04-08.log:test_create_user.py:29 2023-04-08 19:56:24 >>>>>> 执行结束！
INFO    2023-04-08 19:56:25,567G:\auto_api1_framework\logs\info-2023-04-08.log:test_create_user.py:26 2023-04-08 19:56:24 >>>>>> 开始执行：
INFO    2023-04-08 19:56:25,570G:\auto_api1_framework\logs\info-2023-04-08.log:log_decorator.py:42 
======================================================
用例标题: 错误参数：修改username为test
请求路径: http://127.0.0.1:8888/api/private/v1/users
请求方式: POST
请求头:   {'User-Agent': 'python-requests/2.28.2', 'Accept-Encoding': 'gzip, deflate', 'Accept': '*/*', 'Connection': 'keep-alive', 'Content-Type': 'application/json', 'Authorization': 'Bearer eyJhbGciOiJIUzI1NiIsInR5cCI6IkpXVCJ9.eyJ1aWQiOjUwMCwicmlkIjowLCJpYXQiOjE2ODA5NTQ5ODQsImV4cCI6MTY4MTA0MTM4NH0.LS3YcVMRyUHXT9yziSduSyPBcDbbgR_uQA1zzDx4ZdI', 'Content-Length': '44'}
请求内容: {'test': 'VWVAn878', 'password': '%7EQoy(h'}
接口响应内容: {'data': None, 'meta': {'msg': '用户名不能为空', 'status': 400}}
接口响应时长: 2 ms
Http状态码: 200
断言结果: 200
=====================================================
INFO    2023-04-08 19:56:25,571G:\auto_api1_framework\logs\info-2023-04-08.log:test_create_user.py:29 2023-04-08 19:56:24 >>>>>> 执行结束！
INFO    2023-04-08 19:56:51,555G:\auto_api1_framework\logs\info-2023-04-08.log:test_get_user_data_list.py:26 2023-04-08 19:56:51 >>>>>> 开始执行：
INFO    2023-04-08 19:56:51,560G:\auto_api1_framework\logs\info-2023-04-08.log:log_decorator.py:42 
======================================================
用例标题: 获取用户数据列表成功
请求路径: http://127.0.0.1:8888/api/private/v1/users?pagenum=1&pagesize=20
请求方式: GET
请求头:   {'User-Agent': 'python-requests/2.28.2', 'Accept-Encoding': 'gzip, deflate', 'Accept': '*/*', 'Connection': 'keep-alive', 'Authorization': '$cache{token}'}
请求内容: None
接口响应内容: {'data': None, 'meta': {'msg': '无效token', 'status': 400}}
接口响应时长: 2 ms
Http状态码: 200
断言结果: 200
=====================================================
INFO    2023-04-08 19:56:51,629G:\auto_api1_framework\logs\info-2023-04-08.log:test_get_user_data_list.py:29 2023-04-08 19:56:51 >>>>>> 执行结束！
INFO    2023-04-08 20:19:01,749G:\auto_api1_framework\logs\info-2023-04-08.log:test_get_user_data_list.py:26 2023-04-08 20:19:01 >>>>>> 开始执行：
INFO    2023-04-08 20:19:01,764G:\auto_api1_framework\logs\info-2023-04-08.log:log_decorator.py:42 
======================================================
用例标题: 获取用户数据列表成功
请求路径: http://127.0.0.1:8888/api/private/v1/users?pagenum=1&pagesize=20
请求方式: GET
请求头:   {'User-Agent': 'python-requests/2.28.2', 'Accept-Encoding': 'gzip, deflate', 'Accept': '*/*', 'Connection': 'keep-alive', 'Authorization': 'Bearer eyJhbGciOiJIUzI1NiIsInR5cCI6IkpXVCJ9.eyJ1aWQiOjUwMCwicmlkIjowLCJpYXQiOjE2ODA5NTYzNDEsImV4cCI6MTY4MTA0Mjc0MX0.FZ7LL9B3FsZ9zuoCGnqlIRRkaiMDciXIEkZC2XqRSgw'}
请求内容: None
接口响应内容: {'data': {'total': 162, 'pagenum': 1, 'users': [{'id': 500, 'role_name': '超级管理员', 'username': 'admin', 'create_time': 1486720211, 'mobile': '12345678', 'email': 'adsfad@qq.com', 'mg_state': True}, {'id': 502, 'role_name': '测试角色2', 'username': 'linken', 'create_time': 1486720211, 'mobile': '1213213123', 'email': 'asdf@qq.com', 'mg_state': False}, {'id': 508, 'role_name': '主管', 'username': 'asdf1', 'create_time': 1511853015, 'mobile': '123123', 'email': 'adfsa@qq.com', 'mg_state': True}, {'id': 509, 'role_name': 'test', 'username': 'asdf123', 'create_time': 1511853353, 'mobile': '1111', 'email': 'asdf@qq.com', 'mg_state': False}, {'id': 510, 'role_name': '超级管理员', 'username': 'Rainx', 'create_time': 1680874378, 'mobile': None, 'email': None, 'mg_state': False}, {'id': 511, 'role_name': '超级管理员', 'username': 'Rainx778', 'create_time': 1680874378, 'mobile': None, 'email': 'yx123@163.com', 'mg_state': False}, {'id': 512, 'role_name': '超级管理员', 'username': 'Rainx&11', 'create_time': 1680874379, 'mobile': '13772008989', 'email': 'yx123@163.com', 'mg_state': False}, {'id': 513, 'role_name': '超级管理员', 'username': 'EcAEUICEsuMrQfavLGwU', 'create_time': 1680876030, 'mobile': None, 'email': None, 'mg_state': False}, {'id': 514, 'role_name': '超级管理员', 'username': 'rydjvAPmUYEfPPJkRpvJ', 'create_time': 1680876030, 'mobile': None, 'email': 'yx123@163.com', 'mg_state': False}, {'id': 515, 'role_name': '超级管理员', 'username': 'VnHNPPVChlmewzuEXEik', 'create_time': 1680876030, 'mobile': '13075620618', 'email': 'junzhao@example.org', 'mg_state': False}, {'id': 516, 'role_name': '超级管理员', 'username': 'DjUgroBQQVJZnzIbiaIq371', 'create_time': 1680876575, 'mobile': None, 'email': None, 'mg_state': False}, {'id': 517, 'role_name': '超级管理员', 'username': 'nosugTIaxxGwnzYKifiv172', 'create_time': 1680876575, 'mobile': None, 'email': 'yx123@163.com', 'mg_state': False}, {'id': 518, 'role_name': '超级管理员', 'username': 'qHYzuDgTCBUjorlayZRi454', 'create_time': 1680876575, 'mobile': '13833909346', 'email': 'mingdai@example.net', 'mg_state': False}, {'id': 519, 'role_name': '超级管理员', 'username': 'paIo776', 'create_time': 1680876688, 'mobile': None, 'email': None, 'mg_state': False}, {'id': 520, 'role_name': '超级管理员', 'username': 'IjeR086', 'create_time': 1680876688, 'mobile': None, 'email': 'yx123@163.com', 'mg_state': False}, {'id': 521, 'role_name': '超级管理员', 'username': 'LEVP141', 'create_time': 1680876688, 'mobile': '18249493500', 'email': 'cfu@example.net', 'mg_state': False}, {'id': 522, 'role_name': '超级管理员', 'username': 'hVRq295', 'create_time': 1680876752, 'mobile': None, 'email': None, 'mg_state': False}, {'id': 523, 'role_name': '超级管理员', 'username': 'KVSQ299', 'create_time': 1680876752, 'mobile': None, 'email': 'yancai@example.org', 'mg_state': False}, {'id': 524, 'role_name': '超级管理员', 'username': 'xqFD616', 'create_time': 1680876752, 'mobile': '13311116602', 'email': 'maofang@example.net', 'mg_state': False}, {'id': 525, 'role_name': '超级管理员', 'username': 'ynBw011', 'create_time': 1680877055, 'mobile': None, 'email': None, 'mg_state': False}]}, 'meta': {'msg': '获取管理员列表成功', 'status': 200}}
接口响应时长: 11 ms
Http状态码: 200
断言结果: 200
=====================================================
INFO    2023-04-08 20:19:01,772G:\auto_api1_framework\logs\info-2023-04-08.log:test_get_user_data_list.py:29 2023-04-08 20:19:01 >>>>>> 执行结束！
INFO    2023-04-08 20:19:33,520G:\auto_api1_framework\logs\info-2023-04-08.log:test_get_user_data_list.py:26 2023-04-08 20:19:33 >>>>>> 开始执行：
INFO    2023-04-08 20:19:33,530G:\auto_api1_framework\logs\info-2023-04-08.log:log_decorator.py:42 
======================================================
用例标题: 获取用户数据列表成功
请求路径: http://127.0.0.1:8888/api/private/v1/users?pagenum=2&pagesize=20
请求方式: GET
请求头:   {'User-Agent': 'python-requests/2.28.2', 'Accept-Encoding': 'gzip, deflate', 'Accept': '*/*', 'Connection': 'keep-alive', 'Authorization': 'Bearer eyJhbGciOiJIUzI1NiIsInR5cCI6IkpXVCJ9.eyJ1aWQiOjUwMCwicmlkIjowLCJpYXQiOjE2ODA5NTYzNzMsImV4cCI6MTY4MTA0Mjc3M30.lM_Y1UTgoEAb6IJJAZCKhxZtYYmEFz-GrXFi59-fJSM'}
请求内容: None
接口响应内容: {'data': {'total': 162, 'pagenum': 2, 'users': [{'id': 526, 'role_name': '超级管理员', 'username': 'JzkL530', 'create_time': 1680877055, 'mobile': None, 'email': 'ping36@example.net', 'mg_state': False}, {'id': 527, 'role_name': '超级管理员', 'username': 'rUEp096', 'create_time': 1680877055, 'mobile': '15843703955', 'email': 'weifeng@example.net', 'mg_state': False}, {'id': 528, 'role_name': '超级管理员', 'username': 'aQIk596', 'create_time': 1680877274, 'mobile': None, 'email': None, 'mg_state': False}, {'id': 529, 'role_name': '超级管理员', 'username': 'tiPE567', 'create_time': 1680877274, 'mobile': None, 'email': 'junhao@example.org', 'mg_state': False}, {'id': 530, 'role_name': '超级管理员', 'username': 'LqkF012', 'create_time': 1680877274, 'mobile': '18736669772', 'email': 'jshao@example.org', 'mg_state': False}, {'id': 531, 'role_name': '超级管理员', 'username': 'KyFS786', 'create_time': 1680877297, 'mobile': None, 'email': None, 'mg_state': False}, {'id': 532, 'role_name': '超级管理员', 'username': 'jvrP554', 'create_time': 1680877297, 'mobile': None, 'email': 'jing35@example.net', 'mg_state': False}, {'id': 533, 'role_name': '超级管理员', 'username': 'Ikch396', 'create_time': 1680877297, 'mobile': '13633155347', 'email': 'xiemin@example.org', 'mg_state': False}, {'id': 534, 'role_name': '超级管理员', 'username': 'rsgg937', 'create_time': 1680877354, 'mobile': None, 'email': None, 'mg_state': False}, {'id': 535, 'role_name': '超级管理员', 'username': 'mLWl704', 'create_time': 1680877354, 'mobile': None, 'email': 'xiulan71@example.net', 'mg_state': False}, {'id': 536, 'role_name': '超级管理员', 'username': 'nqbT437', 'create_time': 1680877354, 'mobile': '13067802203', 'email': 'mingyang@example.org', 'mg_state': False}, {'id': 537, 'role_name': '超级管理员', 'username': 'ehlU964', 'create_time': 1680877425, 'mobile': None, 'email': None, 'mg_state': False}, {'id': 538, 'role_name': '超级管理员', 'username': 'rbbN834', 'create_time': 1680877425, 'mobile': None, 'email': 'iyu@example.com', 'mg_state': False}, {'id': 539, 'role_name': '超级管理员', 'username': 'gkBb143', 'create_time': 1680877425, 'mobile': '15262029163', 'email': 'tanyang@example.org', 'mg_state': False}, {'id': 540, 'role_name': '超级管理员', 'username': 'GUaS244', 'create_time': 1680877602, 'mobile': None, 'email': None, 'mg_state': False}, {'id': 541, 'role_name': '超级管理员', 'username': 'mMuX852', 'create_time': 1680877602, 'mobile': None, 'email': 'ssu@example.org', 'mg_state': False}, {'id': 542, 'role_name': '超级管理员', 'username': 'hEBi047', 'create_time': 1680877602, 'mobile': '14538143892', 'email': 'gsu@example.org', 'mg_state': False}, {'id': 543, 'role_name': '超级管理员', 'username': 'Hpio534', 'create_time': 1680877622, 'mobile': None, 'email': None, 'mg_state': False}, {'id': 544, 'role_name': '超级管理员', 'username': 'FWnR766', 'create_time': 1680877622, 'mobile': None, 'email': 'maojing@example.net', 'mg_state': False}, {'id': 545, 'role_name': '超级管理员', 'username': 'FgTs530', 'create_time': 1680877622, 'mobile': '14539426906', 'email': 'xsong@example.net', 'mg_state': False}]}, 'meta': {'msg': '获取管理员列表成功', 'status': 200}}
接口响应时长: 6 ms
Http状态码: 200
断言结果: 200
=====================================================
INFO    2023-04-08 20:19:33,534G:\auto_api1_framework\logs\info-2023-04-08.log:test_get_user_data_list.py:29 2023-04-08 20:19:33 >>>>>> 执行结束！
INFO    2023-04-08 20:19:43,179G:\auto_api1_framework\logs\info-2023-04-08.log:test_get_user_data_list.py:26 2023-04-08 20:19:43 >>>>>> 开始执行：
INFO    2023-04-08 20:19:43,191G:\auto_api1_framework\logs\info-2023-04-08.log:log_decorator.py:42 
======================================================
用例标题: 获取用户数据列表成功
请求路径: http://127.0.0.1:8888/api/private/v1/users?pagenum=1&pagesize=20
请求方式: GET
请求头:   {'User-Agent': 'python-requests/2.28.2', 'Accept-Encoding': 'gzip, deflate', 'Accept': '*/*', 'Connection': 'keep-alive', 'Authorization': 'Bearer eyJhbGciOiJIUzI1NiIsInR5cCI6IkpXVCJ9.eyJ1aWQiOjUwMCwicmlkIjowLCJpYXQiOjE2ODA5NTYzODMsImV4cCI6MTY4MTA0Mjc4M30.meRSl_vXqB8taBdYPGXGcPDjLOhwX9grncUK1y76PS0'}
请求内容: None
接口响应内容: {'data': {'total': 162, 'pagenum': 1, 'users': [{'id': 500, 'role_name': '超级管理员', 'username': 'admin', 'create_time': 1486720211, 'mobile': '12345678', 'email': 'adsfad@qq.com', 'mg_state': True}, {'id': 502, 'role_name': '测试角色2', 'username': 'linken', 'create_time': 1486720211, 'mobile': '1213213123', 'email': 'asdf@qq.com', 'mg_state': False}, {'id': 508, 'role_name': '主管', 'username': 'asdf1', 'create_time': 1511853015, 'mobile': '123123', 'email': 'adfsa@qq.com', 'mg_state': True}, {'id': 509, 'role_name': 'test', 'username': 'asdf123', 'create_time': 1511853353, 'mobile': '1111', 'email': 'asdf@qq.com', 'mg_state': False}, {'id': 510, 'role_name': '超级管理员', 'username': 'Rainx', 'create_time': 1680874378, 'mobile': None, 'email': None, 'mg_state': False}, {'id': 511, 'role_name': '超级管理员', 'username': 'Rainx778', 'create_time': 1680874378, 'mobile': None, 'email': 'yx123@163.com', 'mg_state': False}, {'id': 512, 'role_name': '超级管理员', 'username': 'Rainx&11', 'create_time': 1680874379, 'mobile': '13772008989', 'email': 'yx123@163.com', 'mg_state': False}, {'id': 513, 'role_name': '超级管理员', 'username': 'EcAEUICEsuMrQfavLGwU', 'create_time': 1680876030, 'mobile': None, 'email': None, 'mg_state': False}, {'id': 514, 'role_name': '超级管理员', 'username': 'rydjvAPmUYEfPPJkRpvJ', 'create_time': 1680876030, 'mobile': None, 'email': 'yx123@163.com', 'mg_state': False}, {'id': 515, 'role_name': '超级管理员', 'username': 'VnHNPPVChlmewzuEXEik', 'create_time': 1680876030, 'mobile': '13075620618', 'email': 'junzhao@example.org', 'mg_state': False}, {'id': 516, 'role_name': '超级管理员', 'username': 'DjUgroBQQVJZnzIbiaIq371', 'create_time': 1680876575, 'mobile': None, 'email': None, 'mg_state': False}, {'id': 517, 'role_name': '超级管理员', 'username': 'nosugTIaxxGwnzYKifiv172', 'create_time': 1680876575, 'mobile': None, 'email': 'yx123@163.com', 'mg_state': False}, {'id': 518, 'role_name': '超级管理员', 'username': 'qHYzuDgTCBUjorlayZRi454', 'create_time': 1680876575, 'mobile': '13833909346', 'email': 'mingdai@example.net', 'mg_state': False}, {'id': 519, 'role_name': '超级管理员', 'username': 'paIo776', 'create_time': 1680876688, 'mobile': None, 'email': None, 'mg_state': False}, {'id': 520, 'role_name': '超级管理员', 'username': 'IjeR086', 'create_time': 1680876688, 'mobile': None, 'email': 'yx123@163.com', 'mg_state': False}, {'id': 521, 'role_name': '超级管理员', 'username': 'LEVP141', 'create_time': 1680876688, 'mobile': '18249493500', 'email': 'cfu@example.net', 'mg_state': False}, {'id': 522, 'role_name': '超级管理员', 'username': 'hVRq295', 'create_time': 1680876752, 'mobile': None, 'email': None, 'mg_state': False}, {'id': 523, 'role_name': '超级管理员', 'username': 'KVSQ299', 'create_time': 1680876752, 'mobile': None, 'email': 'yancai@example.org', 'mg_state': False}, {'id': 524, 'role_name': '超级管理员', 'username': 'xqFD616', 'create_time': 1680876752, 'mobile': '13311116602', 'email': 'maofang@example.net', 'mg_state': False}, {'id': 525, 'role_name': '超级管理员', 'username': 'ynBw011', 'create_time': 1680877055, 'mobile': None, 'email': None, 'mg_state': False}]}, 'meta': {'msg': '获取管理员列表成功', 'status': 200}}
接口响应时长: 6 ms
Http状态码: 200
断言结果: 200
=====================================================
INFO    2023-04-08 20:19:43,194G:\auto_api1_framework\logs\info-2023-04-08.log:test_get_user_data_list.py:29 2023-04-08 20:19:43 >>>>>> 执行结束！
INFO    2023-04-08 20:20:19,882G:\auto_api1_framework\logs\info-2023-04-08.log:test_update_user_status.py:26 2023-04-08 20:20:19 >>>>>> 开始执行：
INFO    2023-04-08 20:20:19,975G:\auto_api1_framework\logs\info-2023-04-08.log:test_update_user_status.py:29 2023-04-08 20:20:19 >>>>>> 执行结束！
INFO    2023-04-08 20:54:39,059G:\auto_api1_framework\logs\info-2023-04-08.log:test_update_user_status.py:26 2023-04-08 20:54:38 >>>>>> 开始执行：
INFO    2023-04-08 20:54:39,143G:\auto_api1_framework\logs\info-2023-04-08.log:test_update_user_status.py:29 2023-04-08 20:54:38 >>>>>> 执行结束！
INFO    2023-04-08 21:01:46,521G:\auto_api1_framework\logs\info-2023-04-08.log:test_update_user_status.py:26 2023-04-08 21:01:46 >>>>>> 开始执行：
INFO    2023-04-08 21:01:46,609G:\auto_api1_framework\logs\info-2023-04-08.log:test_update_user_status.py:29 2023-04-08 21:01:46 >>>>>> 执行结束！
INFO    2023-04-08 21:06:00,219G:\auto_api1_framework\logs\info-2023-04-08.log:test_update_user_status.py:26 2023-04-08 21:06:00 >>>>>> 开始执行：
INFO    2023-04-08 21:06:00,314G:\auto_api1_framework\logs\info-2023-04-08.log:test_update_user_status.py:29 2023-04-08 21:06:00 >>>>>> 执行结束！
INFO    2023-04-08 22:05:39,439G:\auto_api1_framework\logs\info-2023-04-08.log:test_create_user.py:27 2023-04-08 22:05:39 >>>>>> 开始执行：
INFO    2023-04-08 22:05:39,521G:\auto_api1_framework\logs\info-2023-04-08.log:test_create_user.py:30 2023-04-08 22:05:39 >>>>>> 执行结束！
INFO    2023-04-08 22:05:39,522G:\auto_api1_framework\logs\info-2023-04-08.log:test_create_user.py:27 2023-04-08 22:05:39 >>>>>> 开始执行：
INFO    2023-04-08 22:05:39,623G:\auto_api1_framework\logs\info-2023-04-08.log:test_create_user.py:30 2023-04-08 22:05:39 >>>>>> 执行结束！
INFO    2023-04-08 22:05:39,624G:\auto_api1_framework\logs\info-2023-04-08.log:test_create_user.py:27 2023-04-08 22:05:39 >>>>>> 开始执行：
INFO    2023-04-08 22:05:39,722G:\auto_api1_framework\logs\info-2023-04-08.log:test_create_user.py:30 2023-04-08 22:05:39 >>>>>> 执行结束！
INFO    2023-04-08 22:05:39,723G:\auto_api1_framework\logs\info-2023-04-08.log:test_create_user.py:27 2023-04-08 22:05:39 >>>>>> 开始执行：
INFO    2023-04-08 22:05:39,742G:\auto_api1_framework\logs\info-2023-04-08.log:test_create_user.py:30 2023-04-08 22:05:39 >>>>>> 执行结束！
INFO    2023-04-08 22:05:39,743G:\auto_api1_framework\logs\info-2023-04-08.log:test_create_user.py:27 2023-04-08 22:05:39 >>>>>> 开始执行：
INFO    2023-04-08 22:05:39,760G:\auto_api1_framework\logs\info-2023-04-08.log:test_create_user.py:30 2023-04-08 22:05:39 >>>>>> 执行结束！
INFO    2023-04-08 22:05:39,762G:\auto_api1_framework\logs\info-2023-04-08.log:test_create_user.py:27 2023-04-08 22:05:39 >>>>>> 开始执行：
INFO    2023-04-08 22:05:39,859G:\auto_api1_framework\logs\info-2023-04-08.log:test_create_user.py:30 2023-04-08 22:05:39 >>>>>> 执行结束！
INFO    2023-04-08 22:05:39,860G:\auto_api1_framework\logs\info-2023-04-08.log:test_create_user.py:27 2023-04-08 22:05:39 >>>>>> 开始执行：
INFO    2023-04-08 22:05:39,953G:\auto_api1_framework\logs\info-2023-04-08.log:test_create_user.py:30 2023-04-08 22:05:39 >>>>>> 执行结束！
INFO    2023-04-08 22:05:39,954G:\auto_api1_framework\logs\info-2023-04-08.log:test_create_user.py:27 2023-04-08 22:05:39 >>>>>> 开始执行：
INFO    2023-04-08 22:05:40,051G:\auto_api1_framework\logs\info-2023-04-08.log:test_create_user.py:30 2023-04-08 22:05:39 >>>>>> 执行结束！
INFO    2023-04-08 22:05:40,051G:\auto_api1_framework\logs\info-2023-04-08.log:test_create_user.py:27 2023-04-08 22:05:39 >>>>>> 开始执行：
INFO    2023-04-08 22:05:40,069G:\auto_api1_framework\logs\info-2023-04-08.log:test_create_user.py:30 2023-04-08 22:05:39 >>>>>> 执行结束！
INFO    2023-04-08 22:05:40,070G:\auto_api1_framework\logs\info-2023-04-08.log:test_create_user.py:27 2023-04-08 22:05:39 >>>>>> 开始执行：
INFO    2023-04-08 22:05:40,172G:\auto_api1_framework\logs\info-2023-04-08.log:test_create_user.py:30 2023-04-08 22:05:39 >>>>>> 执行结束！
INFO    2023-04-08 22:05:40,173G:\auto_api1_framework\logs\info-2023-04-08.log:test_create_user.py:27 2023-04-08 22:05:39 >>>>>> 开始执行：
INFO    2023-04-08 22:05:40,264G:\auto_api1_framework\logs\info-2023-04-08.log:test_create_user.py:30 2023-04-08 22:05:39 >>>>>> 执行结束！
INFO    2023-04-08 22:05:40,266G:\auto_api1_framework\logs\info-2023-04-08.log:test_create_user.py:27 2023-04-08 22:05:39 >>>>>> 开始执行：
INFO    2023-04-08 22:05:40,364G:\auto_api1_framework\logs\info-2023-04-08.log:test_create_user.py:30 2023-04-08 22:05:39 >>>>>> 执行结束！
INFO    2023-04-08 22:05:40,365G:\auto_api1_framework\logs\info-2023-04-08.log:test_create_user.py:27 2023-04-08 22:05:39 >>>>>> 开始执行：
INFO    2023-04-08 22:05:40,474G:\auto_api1_framework\logs\info-2023-04-08.log:test_create_user.py:30 2023-04-08 22:05:39 >>>>>> 执行结束！
INFO    2023-04-08 22:05:40,475G:\auto_api1_framework\logs\info-2023-04-08.log:test_create_user.py:27 2023-04-08 22:05:39 >>>>>> 开始执行：
INFO    2023-04-08 22:05:40,492G:\auto_api1_framework\logs\info-2023-04-08.log:test_create_user.py:30 2023-04-08 22:05:39 >>>>>> 执行结束！
INFO    2023-04-08 22:05:40,494G:\auto_api1_framework\logs\info-2023-04-08.log:test_create_user.py:27 2023-04-08 22:05:39 >>>>>> 开始执行：
INFO    2023-04-08 22:05:40,512G:\auto_api1_framework\logs\info-2023-04-08.log:test_create_user.py:30 2023-04-08 22:05:39 >>>>>> 执行结束！
INFO    2023-04-08 22:05:40,513G:\auto_api1_framework\logs\info-2023-04-08.log:test_create_user.py:27 2023-04-08 22:05:39 >>>>>> 开始执行：
INFO    2023-04-08 22:05:40,532G:\auto_api1_framework\logs\info-2023-04-08.log:test_create_user.py:30 2023-04-08 22:05:39 >>>>>> 执行结束！
INFO    2023-04-08 22:27:24,780G:\auto_api1_framework\logs\info-2023-04-08.log:test_create_user.py:27 2023-04-08 22:27:24 >>>>>> 开始执行：
INFO    2023-04-08 22:27:24,873G:\auto_api1_framework\logs\info-2023-04-08.log:test_create_user.py:30 2023-04-08 22:27:24 >>>>>> 执行结束！
INFO    2023-04-08 22:27:24,875G:\auto_api1_framework\logs\info-2023-04-08.log:test_create_user.py:27 2023-04-08 22:27:24 >>>>>> 开始执行：
INFO    2023-04-08 22:27:24,970G:\auto_api1_framework\logs\info-2023-04-08.log:test_create_user.py:30 2023-04-08 22:27:24 >>>>>> 执行结束！
INFO    2023-04-08 22:27:24,971G:\auto_api1_framework\logs\info-2023-04-08.log:test_create_user.py:27 2023-04-08 22:27:24 >>>>>> 开始执行：
INFO    2023-04-08 22:27:25,068G:\auto_api1_framework\logs\info-2023-04-08.log:test_create_user.py:30 2023-04-08 22:27:24 >>>>>> 执行结束！
INFO    2023-04-08 22:27:25,070G:\auto_api1_framework\logs\info-2023-04-08.log:test_create_user.py:27 2023-04-08 22:27:24 >>>>>> 开始执行：
INFO    2023-04-08 22:27:25,089G:\auto_api1_framework\logs\info-2023-04-08.log:test_create_user.py:30 2023-04-08 22:27:24 >>>>>> 执行结束！
INFO    2023-04-08 22:27:25,091G:\auto_api1_framework\logs\info-2023-04-08.log:test_create_user.py:27 2023-04-08 22:27:24 >>>>>> 开始执行：
INFO    2023-04-08 22:27:25,109G:\auto_api1_framework\logs\info-2023-04-08.log:test_create_user.py:30 2023-04-08 22:27:24 >>>>>> 执行结束！
INFO    2023-04-08 22:27:25,111G:\auto_api1_framework\logs\info-2023-04-08.log:test_create_user.py:27 2023-04-08 22:27:24 >>>>>> 开始执行：
INFO    2023-04-08 22:27:25,211G:\auto_api1_framework\logs\info-2023-04-08.log:test_create_user.py:30 2023-04-08 22:27:24 >>>>>> 执行结束！
INFO    2023-04-08 22:27:25,212G:\auto_api1_framework\logs\info-2023-04-08.log:test_create_user.py:27 2023-04-08 22:27:24 >>>>>> 开始执行：
INFO    2023-04-08 22:27:25,312G:\auto_api1_framework\logs\info-2023-04-08.log:test_create_user.py:30 2023-04-08 22:27:24 >>>>>> 执行结束！
INFO    2023-04-08 22:27:25,313G:\auto_api1_framework\logs\info-2023-04-08.log:test_create_user.py:27 2023-04-08 22:27:24 >>>>>> 开始执行：
INFO    2023-04-08 22:27:25,410G:\auto_api1_framework\logs\info-2023-04-08.log:test_create_user.py:30 2023-04-08 22:27:24 >>>>>> 执行结束！
INFO    2023-04-08 22:27:25,412G:\auto_api1_framework\logs\info-2023-04-08.log:test_create_user.py:27 2023-04-08 22:27:24 >>>>>> 开始执行：
INFO    2023-04-08 22:27:25,431G:\auto_api1_framework\logs\info-2023-04-08.log:test_create_user.py:30 2023-04-08 22:27:24 >>>>>> 执行结束！
INFO    2023-04-08 22:27:25,432G:\auto_api1_framework\logs\info-2023-04-08.log:test_create_user.py:27 2023-04-08 22:27:24 >>>>>> 开始执行：
INFO    2023-04-08 22:27:25,526G:\auto_api1_framework\logs\info-2023-04-08.log:test_create_user.py:30 2023-04-08 22:27:24 >>>>>> 执行结束！
INFO    2023-04-08 22:27:25,528G:\auto_api1_framework\logs\info-2023-04-08.log:test_create_user.py:27 2023-04-08 22:27:24 >>>>>> 开始执行：
INFO    2023-04-08 22:27:25,619G:\auto_api1_framework\logs\info-2023-04-08.log:test_create_user.py:30 2023-04-08 22:27:24 >>>>>> 执行结束！
INFO    2023-04-08 22:27:25,620G:\auto_api1_framework\logs\info-2023-04-08.log:test_create_user.py:27 2023-04-08 22:27:24 >>>>>> 开始执行：
INFO    2023-04-08 22:27:25,726G:\auto_api1_framework\logs\info-2023-04-08.log:test_create_user.py:30 2023-04-08 22:27:24 >>>>>> 执行结束！
INFO    2023-04-08 22:27:25,727G:\auto_api1_framework\logs\info-2023-04-08.log:test_create_user.py:27 2023-04-08 22:27:24 >>>>>> 开始执行：
INFO    2023-04-08 22:27:25,824G:\auto_api1_framework\logs\info-2023-04-08.log:test_create_user.py:30 2023-04-08 22:27:24 >>>>>> 执行结束！
INFO    2023-04-08 22:27:25,825G:\auto_api1_framework\logs\info-2023-04-08.log:test_create_user.py:27 2023-04-08 22:27:24 >>>>>> 开始执行：
INFO    2023-04-08 22:27:25,841G:\auto_api1_framework\logs\info-2023-04-08.log:test_create_user.py:30 2023-04-08 22:27:24 >>>>>> 执行结束！
INFO    2023-04-08 22:27:25,842G:\auto_api1_framework\logs\info-2023-04-08.log:test_create_user.py:27 2023-04-08 22:27:24 >>>>>> 开始执行：
INFO    2023-04-08 22:27:25,858G:\auto_api1_framework\logs\info-2023-04-08.log:test_create_user.py:30 2023-04-08 22:27:24 >>>>>> 执行结束！
INFO    2023-04-08 22:27:25,859G:\auto_api1_framework\logs\info-2023-04-08.log:test_create_user.py:27 2023-04-08 22:27:24 >>>>>> 开始执行：
INFO    2023-04-08 22:27:25,878G:\auto_api1_framework\logs\info-2023-04-08.log:test_create_user.py:30 2023-04-08 22:27:24 >>>>>> 执行结束！
INFO    2023-04-08 22:28:55,228G:\auto_api1_framework\logs\info-2023-04-08.log:test_create_user.py:26 2023-04-08 22:28:55 >>>>>> 开始执行：
INFO    2023-04-08 22:28:55,317G:\auto_api1_framework\logs\info-2023-04-08.log:test_create_user.py:29 2023-04-08 22:28:55 >>>>>> 执行结束！
INFO    2023-04-08 22:28:55,319G:\auto_api1_framework\logs\info-2023-04-08.log:test_create_user.py:26 2023-04-08 22:28:55 >>>>>> 开始执行：
INFO    2023-04-08 22:28:55,427G:\auto_api1_framework\logs\info-2023-04-08.log:test_create_user.py:29 2023-04-08 22:28:55 >>>>>> 执行结束！
INFO    2023-04-08 22:28:55,429G:\auto_api1_framework\logs\info-2023-04-08.log:test_create_user.py:26 2023-04-08 22:28:55 >>>>>> 开始执行：
INFO    2023-04-08 22:28:55,530G:\auto_api1_framework\logs\info-2023-04-08.log:test_create_user.py:29 2023-04-08 22:28:55 >>>>>> 执行结束！
INFO    2023-04-08 22:28:55,531G:\auto_api1_framework\logs\info-2023-04-08.log:test_create_user.py:26 2023-04-08 22:28:55 >>>>>> 开始执行：
INFO    2023-04-08 22:28:55,550G:\auto_api1_framework\logs\info-2023-04-08.log:test_create_user.py:29 2023-04-08 22:28:55 >>>>>> 执行结束！
INFO    2023-04-08 22:28:55,551G:\auto_api1_framework\logs\info-2023-04-08.log:test_create_user.py:26 2023-04-08 22:28:55 >>>>>> 开始执行：
INFO    2023-04-08 22:28:55,572G:\auto_api1_framework\logs\info-2023-04-08.log:test_create_user.py:29 2023-04-08 22:28:55 >>>>>> 执行结束！
INFO    2023-04-08 22:28:55,573G:\auto_api1_framework\logs\info-2023-04-08.log:test_create_user.py:26 2023-04-08 22:28:55 >>>>>> 开始执行：
INFO    2023-04-08 22:28:55,670G:\auto_api1_framework\logs\info-2023-04-08.log:test_create_user.py:29 2023-04-08 22:28:55 >>>>>> 执行结束！
INFO    2023-04-08 22:28:55,671G:\auto_api1_framework\logs\info-2023-04-08.log:test_create_user.py:26 2023-04-08 22:28:55 >>>>>> 开始执行：
INFO    2023-04-08 22:28:55,773G:\auto_api1_framework\logs\info-2023-04-08.log:test_create_user.py:29 2023-04-08 22:28:55 >>>>>> 执行结束！
INFO    2023-04-08 22:28:55,774G:\auto_api1_framework\logs\info-2023-04-08.log:test_create_user.py:26 2023-04-08 22:28:55 >>>>>> 开始执行：
INFO    2023-04-08 22:28:55,865G:\auto_api1_framework\logs\info-2023-04-08.log:test_create_user.py:29 2023-04-08 22:28:55 >>>>>> 执行结束！
INFO    2023-04-08 22:28:55,867G:\auto_api1_framework\logs\info-2023-04-08.log:test_create_user.py:26 2023-04-08 22:28:55 >>>>>> 开始执行：
INFO    2023-04-08 22:28:55,884G:\auto_api1_framework\logs\info-2023-04-08.log:test_create_user.py:29 2023-04-08 22:28:55 >>>>>> 执行结束！
INFO    2023-04-08 22:28:55,886G:\auto_api1_framework\logs\info-2023-04-08.log:test_create_user.py:26 2023-04-08 22:28:55 >>>>>> 开始执行：
INFO    2023-04-08 22:28:55,982G:\auto_api1_framework\logs\info-2023-04-08.log:test_create_user.py:29 2023-04-08 22:28:55 >>>>>> 执行结束！
INFO    2023-04-08 22:28:55,983G:\auto_api1_framework\logs\info-2023-04-08.log:test_create_user.py:26 2023-04-08 22:28:55 >>>>>> 开始执行：
INFO    2023-04-08 22:28:56,080G:\auto_api1_framework\logs\info-2023-04-08.log:test_create_user.py:29 2023-04-08 22:28:55 >>>>>> 执行结束！
INFO    2023-04-08 22:28:56,081G:\auto_api1_framework\logs\info-2023-04-08.log:test_create_user.py:26 2023-04-08 22:28:55 >>>>>> 开始执行：
INFO    2023-04-08 22:28:56,184G:\auto_api1_framework\logs\info-2023-04-08.log:test_create_user.py:29 2023-04-08 22:28:55 >>>>>> 执行结束！
INFO    2023-04-08 22:28:56,185G:\auto_api1_framework\logs\info-2023-04-08.log:test_create_user.py:26 2023-04-08 22:28:55 >>>>>> 开始执行：
INFO    2023-04-08 22:28:56,282G:\auto_api1_framework\logs\info-2023-04-08.log:test_create_user.py:29 2023-04-08 22:28:55 >>>>>> 执行结束！
INFO    2023-04-08 22:28:56,283G:\auto_api1_framework\logs\info-2023-04-08.log:test_create_user.py:26 2023-04-08 22:28:55 >>>>>> 开始执行：
INFO    2023-04-08 22:28:56,300G:\auto_api1_framework\logs\info-2023-04-08.log:test_create_user.py:29 2023-04-08 22:28:55 >>>>>> 执行结束！
INFO    2023-04-08 22:28:56,301G:\auto_api1_framework\logs\info-2023-04-08.log:test_create_user.py:26 2023-04-08 22:28:55 >>>>>> 开始执行：
INFO    2023-04-08 22:28:56,319G:\auto_api1_framework\logs\info-2023-04-08.log:test_create_user.py:29 2023-04-08 22:28:55 >>>>>> 执行结束！
INFO    2023-04-08 22:28:56,319G:\auto_api1_framework\logs\info-2023-04-08.log:test_create_user.py:26 2023-04-08 22:28:55 >>>>>> 开始执行：
INFO    2023-04-08 22:28:56,337G:\auto_api1_framework\logs\info-2023-04-08.log:test_create_user.py:29 2023-04-08 22:28:55 >>>>>> 执行结束！
INFO    2023-04-08 22:30:41,183G:\auto_api1_framework\logs\info-2023-04-08.log:test_create_user.py:26 2023-04-08 22:30:41 >>>>>> 开始执行：
INFO    2023-04-08 22:30:41,265G:\auto_api1_framework\logs\info-2023-04-08.log:test_create_user.py:29 2023-04-08 22:30:41 >>>>>> 执行结束！
INFO    2023-04-08 22:30:41,267G:\auto_api1_framework\logs\info-2023-04-08.log:test_create_user.py:26 2023-04-08 22:30:41 >>>>>> 开始执行：
INFO    2023-04-08 22:30:41,365G:\auto_api1_framework\logs\info-2023-04-08.log:test_create_user.py:29 2023-04-08 22:30:41 >>>>>> 执行结束！
INFO    2023-04-08 22:30:41,366G:\auto_api1_framework\logs\info-2023-04-08.log:test_create_user.py:26 2023-04-08 22:30:41 >>>>>> 开始执行：
INFO    2023-04-08 22:30:41,463G:\auto_api1_framework\logs\info-2023-04-08.log:test_create_user.py:29 2023-04-08 22:30:41 >>>>>> 执行结束！
INFO    2023-04-08 22:30:41,465G:\auto_api1_framework\logs\info-2023-04-08.log:test_create_user.py:26 2023-04-08 22:30:41 >>>>>> 开始执行：
INFO    2023-04-08 22:30:41,480G:\auto_api1_framework\logs\info-2023-04-08.log:test_create_user.py:29 2023-04-08 22:30:41 >>>>>> 执行结束！
INFO    2023-04-08 22:30:41,481G:\auto_api1_framework\logs\info-2023-04-08.log:test_create_user.py:26 2023-04-08 22:30:41 >>>>>> 开始执行：
INFO    2023-04-08 22:30:41,502G:\auto_api1_framework\logs\info-2023-04-08.log:test_create_user.py:29 2023-04-08 22:30:41 >>>>>> 执行结束！
INFO    2023-04-08 22:30:41,503G:\auto_api1_framework\logs\info-2023-04-08.log:test_create_user.py:26 2023-04-08 22:30:41 >>>>>> 开始执行：
INFO    2023-04-08 22:30:41,595G:\auto_api1_framework\logs\info-2023-04-08.log:test_create_user.py:29 2023-04-08 22:30:41 >>>>>> 执行结束！
INFO    2023-04-08 22:30:41,596G:\auto_api1_framework\logs\info-2023-04-08.log:test_create_user.py:26 2023-04-08 22:30:41 >>>>>> 开始执行：
INFO    2023-04-08 22:30:41,695G:\auto_api1_framework\logs\info-2023-04-08.log:test_create_user.py:29 2023-04-08 22:30:41 >>>>>> 执行结束！
INFO    2023-04-08 22:30:41,696G:\auto_api1_framework\logs\info-2023-04-08.log:test_create_user.py:26 2023-04-08 22:30:41 >>>>>> 开始执行：
INFO    2023-04-08 22:30:41,783G:\auto_api1_framework\logs\info-2023-04-08.log:test_create_user.py:29 2023-04-08 22:30:41 >>>>>> 执行结束！
INFO    2023-04-08 22:30:41,784G:\auto_api1_framework\logs\info-2023-04-08.log:test_create_user.py:26 2023-04-08 22:30:41 >>>>>> 开始执行：
INFO    2023-04-08 22:30:41,801G:\auto_api1_framework\logs\info-2023-04-08.log:test_create_user.py:29 2023-04-08 22:30:41 >>>>>> 执行结束！
INFO    2023-04-08 22:30:41,802G:\auto_api1_framework\logs\info-2023-04-08.log:test_create_user.py:26 2023-04-08 22:30:41 >>>>>> 开始执行：
INFO    2023-04-08 22:30:41,899G:\auto_api1_framework\logs\info-2023-04-08.log:test_create_user.py:29 2023-04-08 22:30:41 >>>>>> 执行结束！
INFO    2023-04-08 22:30:41,900G:\auto_api1_framework\logs\info-2023-04-08.log:test_create_user.py:26 2023-04-08 22:30:41 >>>>>> 开始执行：
INFO    2023-04-08 22:30:41,993G:\auto_api1_framework\logs\info-2023-04-08.log:test_create_user.py:29 2023-04-08 22:30:41 >>>>>> 执行结束！
INFO    2023-04-08 22:30:41,994G:\auto_api1_framework\logs\info-2023-04-08.log:test_create_user.py:26 2023-04-08 22:30:41 >>>>>> 开始执行：
INFO    2023-04-08 22:30:42,105G:\auto_api1_framework\logs\info-2023-04-08.log:test_create_user.py:29 2023-04-08 22:30:41 >>>>>> 执行结束！
INFO    2023-04-08 22:30:42,106G:\auto_api1_framework\logs\info-2023-04-08.log:test_create_user.py:26 2023-04-08 22:30:41 >>>>>> 开始执行：
INFO    2023-04-08 22:30:42,199G:\auto_api1_framework\logs\info-2023-04-08.log:test_create_user.py:29 2023-04-08 22:30:41 >>>>>> 执行结束！
INFO    2023-04-08 22:30:42,200G:\auto_api1_framework\logs\info-2023-04-08.log:test_create_user.py:26 2023-04-08 22:30:41 >>>>>> 开始执行：
INFO    2023-04-08 22:30:42,215G:\auto_api1_framework\logs\info-2023-04-08.log:test_create_user.py:29 2023-04-08 22:30:41 >>>>>> 执行结束！
INFO    2023-04-08 22:30:42,217G:\auto_api1_framework\logs\info-2023-04-08.log:test_create_user.py:26 2023-04-08 22:30:41 >>>>>> 开始执行：
INFO    2023-04-08 22:30:42,233G:\auto_api1_framework\logs\info-2023-04-08.log:test_create_user.py:29 2023-04-08 22:30:41 >>>>>> 执行结束！
INFO    2023-04-08 22:30:42,235G:\auto_api1_framework\logs\info-2023-04-08.log:test_create_user.py:26 2023-04-08 22:30:41 >>>>>> 开始执行：
INFO    2023-04-08 22:30:42,251G:\auto_api1_framework\logs\info-2023-04-08.log:test_create_user.py:29 2023-04-08 22:30:41 >>>>>> 执行结束！
INFO    2023-04-08 22:31:08,083G:\auto_api1_framework\logs\info-2023-04-08.log:test_create_user.py:26 2023-04-08 22:31:07 >>>>>> 开始执行：
INFO    2023-04-08 22:31:08,167G:\auto_api1_framework\logs\info-2023-04-08.log:test_create_user.py:29 2023-04-08 22:31:07 >>>>>> 执行结束！
INFO    2023-04-08 22:31:08,168G:\auto_api1_framework\logs\info-2023-04-08.log:test_create_user.py:26 2023-04-08 22:31:07 >>>>>> 开始执行：
INFO    2023-04-08 22:31:08,264G:\auto_api1_framework\logs\info-2023-04-08.log:test_create_user.py:29 2023-04-08 22:31:07 >>>>>> 执行结束！
INFO    2023-04-08 22:31:08,265G:\auto_api1_framework\logs\info-2023-04-08.log:test_create_user.py:26 2023-04-08 22:31:07 >>>>>> 开始执行：
INFO    2023-04-08 22:31:08,353G:\auto_api1_framework\logs\info-2023-04-08.log:test_create_user.py:29 2023-04-08 22:31:07 >>>>>> 执行结束！
INFO    2023-04-08 22:31:08,355G:\auto_api1_framework\logs\info-2023-04-08.log:test_create_user.py:26 2023-04-08 22:31:07 >>>>>> 开始执行：
INFO    2023-04-08 22:31:08,372G:\auto_api1_framework\logs\info-2023-04-08.log:test_create_user.py:29 2023-04-08 22:31:07 >>>>>> 执行结束！
INFO    2023-04-08 22:31:08,373G:\auto_api1_framework\logs\info-2023-04-08.log:test_create_user.py:26 2023-04-08 22:31:07 >>>>>> 开始执行：
INFO    2023-04-08 22:31:08,392G:\auto_api1_framework\logs\info-2023-04-08.log:test_create_user.py:29 2023-04-08 22:31:07 >>>>>> 执行结束！
INFO    2023-04-08 22:31:08,394G:\auto_api1_framework\logs\info-2023-04-08.log:test_create_user.py:26 2023-04-08 22:31:07 >>>>>> 开始执行：
INFO    2023-04-08 22:31:08,489G:\auto_api1_framework\logs\info-2023-04-08.log:test_create_user.py:29 2023-04-08 22:31:07 >>>>>> 执行结束！
INFO    2023-04-08 22:31:08,491G:\auto_api1_framework\logs\info-2023-04-08.log:test_create_user.py:26 2023-04-08 22:31:07 >>>>>> 开始执行：
INFO    2023-04-08 22:31:08,591G:\auto_api1_framework\logs\info-2023-04-08.log:test_create_user.py:29 2023-04-08 22:31:07 >>>>>> 执行结束！
INFO    2023-04-08 22:31:08,593G:\auto_api1_framework\logs\info-2023-04-08.log:test_create_user.py:26 2023-04-08 22:31:07 >>>>>> 开始执行：
INFO    2023-04-08 22:31:08,696G:\auto_api1_framework\logs\info-2023-04-08.log:test_create_user.py:29 2023-04-08 22:31:07 >>>>>> 执行结束！
INFO    2023-04-08 22:31:08,697G:\auto_api1_framework\logs\info-2023-04-08.log:test_create_user.py:26 2023-04-08 22:31:07 >>>>>> 开始执行：
INFO    2023-04-08 22:31:08,712G:\auto_api1_framework\logs\info-2023-04-08.log:test_create_user.py:29 2023-04-08 22:31:07 >>>>>> 执行结束！
INFO    2023-04-08 22:31:08,713G:\auto_api1_framework\logs\info-2023-04-08.log:test_create_user.py:26 2023-04-08 22:31:07 >>>>>> 开始执行：
INFO    2023-04-08 22:31:08,804G:\auto_api1_framework\logs\info-2023-04-08.log:test_create_user.py:29 2023-04-08 22:31:07 >>>>>> 执行结束！
INFO    2023-04-08 22:31:08,806G:\auto_api1_framework\logs\info-2023-04-08.log:test_create_user.py:26 2023-04-08 22:31:07 >>>>>> 开始执行：
INFO    2023-04-08 22:31:08,900G:\auto_api1_framework\logs\info-2023-04-08.log:test_create_user.py:29 2023-04-08 22:31:07 >>>>>> 执行结束！
INFO    2023-04-08 22:31:08,901G:\auto_api1_framework\logs\info-2023-04-08.log:test_create_user.py:26 2023-04-08 22:31:07 >>>>>> 开始执行：
INFO    2023-04-08 22:31:09,003G:\auto_api1_framework\logs\info-2023-04-08.log:test_create_user.py:29 2023-04-08 22:31:07 >>>>>> 执行结束！
INFO    2023-04-08 22:31:09,004G:\auto_api1_framework\logs\info-2023-04-08.log:test_create_user.py:26 2023-04-08 22:31:07 >>>>>> 开始执行：
INFO    2023-04-08 22:31:09,099G:\auto_api1_framework\logs\info-2023-04-08.log:test_create_user.py:29 2023-04-08 22:31:07 >>>>>> 执行结束！
INFO    2023-04-08 22:31:09,101G:\auto_api1_framework\logs\info-2023-04-08.log:test_create_user.py:26 2023-04-08 22:31:07 >>>>>> 开始执行：
INFO    2023-04-08 22:31:09,116G:\auto_api1_framework\logs\info-2023-04-08.log:test_create_user.py:29 2023-04-08 22:31:07 >>>>>> 执行结束！
INFO    2023-04-08 22:31:09,117G:\auto_api1_framework\logs\info-2023-04-08.log:test_create_user.py:26 2023-04-08 22:31:07 >>>>>> 开始执行：
INFO    2023-04-08 22:31:09,134G:\auto_api1_framework\logs\info-2023-04-08.log:test_create_user.py:29 2023-04-08 22:31:07 >>>>>> 执行结束！
INFO    2023-04-08 22:31:09,135G:\auto_api1_framework\logs\info-2023-04-08.log:test_create_user.py:26 2023-04-08 22:31:07 >>>>>> 开始执行：
INFO    2023-04-08 22:31:09,150G:\auto_api1_framework\logs\info-2023-04-08.log:test_create_user.py:29 2023-04-08 22:31:07 >>>>>> 执行结束！
INFO    2023-04-08 22:32:19,895G:\auto_api1_framework\logs\info-2023-04-08.log:test_create_user.py:26 2023-04-08 22:32:19 >>>>>> 开始执行：
INFO    2023-04-08 22:32:19,980G:\auto_api1_framework\logs\info-2023-04-08.log:test_create_user.py:29 2023-04-08 22:32:19 >>>>>> 执行结束！
INFO    2023-04-08 22:32:19,983G:\auto_api1_framework\logs\info-2023-04-08.log:test_create_user.py:26 2023-04-08 22:32:19 >>>>>> 开始执行：
INFO    2023-04-08 22:32:20,074G:\auto_api1_framework\logs\info-2023-04-08.log:test_create_user.py:29 2023-04-08 22:32:19 >>>>>> 执行结束！
INFO    2023-04-08 22:32:20,076G:\auto_api1_framework\logs\info-2023-04-08.log:test_create_user.py:26 2023-04-08 22:32:19 >>>>>> 开始执行：
INFO    2023-04-08 22:32:20,168G:\auto_api1_framework\logs\info-2023-04-08.log:test_create_user.py:29 2023-04-08 22:32:19 >>>>>> 执行结束！
INFO    2023-04-08 22:32:20,169G:\auto_api1_framework\logs\info-2023-04-08.log:test_create_user.py:26 2023-04-08 22:32:19 >>>>>> 开始执行：
INFO    2023-04-08 22:32:20,189G:\auto_api1_framework\logs\info-2023-04-08.log:test_create_user.py:29 2023-04-08 22:32:19 >>>>>> 执行结束！
INFO    2023-04-08 22:32:20,190G:\auto_api1_framework\logs\info-2023-04-08.log:test_create_user.py:26 2023-04-08 22:32:19 >>>>>> 开始执行：
INFO    2023-04-08 22:32:20,206G:\auto_api1_framework\logs\info-2023-04-08.log:test_create_user.py:29 2023-04-08 22:32:19 >>>>>> 执行结束！
INFO    2023-04-08 22:32:20,208G:\auto_api1_framework\logs\info-2023-04-08.log:test_create_user.py:26 2023-04-08 22:32:19 >>>>>> 开始执行：
INFO    2023-04-08 22:32:20,305G:\auto_api1_framework\logs\info-2023-04-08.log:test_create_user.py:29 2023-04-08 22:32:19 >>>>>> 执行结束！
INFO    2023-04-08 22:32:20,306G:\auto_api1_framework\logs\info-2023-04-08.log:test_create_user.py:26 2023-04-08 22:32:19 >>>>>> 开始执行：
INFO    2023-04-08 22:32:20,401G:\auto_api1_framework\logs\info-2023-04-08.log:test_create_user.py:29 2023-04-08 22:32:19 >>>>>> 执行结束！
INFO    2023-04-08 22:32:20,402G:\auto_api1_framework\logs\info-2023-04-08.log:test_create_user.py:26 2023-04-08 22:32:19 >>>>>> 开始执行：
INFO    2023-04-08 22:32:20,499G:\auto_api1_framework\logs\info-2023-04-08.log:test_create_user.py:29 2023-04-08 22:32:19 >>>>>> 执行结束！
INFO    2023-04-08 22:32:20,501G:\auto_api1_framework\logs\info-2023-04-08.log:test_create_user.py:26 2023-04-08 22:32:19 >>>>>> 开始执行：
INFO    2023-04-08 22:32:20,516G:\auto_api1_framework\logs\info-2023-04-08.log:test_create_user.py:29 2023-04-08 22:32:19 >>>>>> 执行结束！
INFO    2023-04-08 22:32:20,517G:\auto_api1_framework\logs\info-2023-04-08.log:test_create_user.py:26 2023-04-08 22:32:19 >>>>>> 开始执行：
INFO    2023-04-08 22:32:20,618G:\auto_api1_framework\logs\info-2023-04-08.log:test_create_user.py:29 2023-04-08 22:32:19 >>>>>> 执行结束！
INFO    2023-04-08 22:32:20,619G:\auto_api1_framework\logs\info-2023-04-08.log:test_create_user.py:26 2023-04-08 22:32:19 >>>>>> 开始执行：
INFO    2023-04-08 22:32:20,708G:\auto_api1_framework\logs\info-2023-04-08.log:test_create_user.py:29 2023-04-08 22:32:19 >>>>>> 执行结束！
INFO    2023-04-08 22:32:20,709G:\auto_api1_framework\logs\info-2023-04-08.log:test_create_user.py:26 2023-04-08 22:32:19 >>>>>> 开始执行：
INFO    2023-04-08 22:32:20,808G:\auto_api1_framework\logs\info-2023-04-08.log:test_create_user.py:29 2023-04-08 22:32:19 >>>>>> 执行结束！
INFO    2023-04-08 22:32:20,809G:\auto_api1_framework\logs\info-2023-04-08.log:test_create_user.py:26 2023-04-08 22:32:19 >>>>>> 开始执行：
INFO    2023-04-08 22:32:20,906G:\auto_api1_framework\logs\info-2023-04-08.log:test_create_user.py:29 2023-04-08 22:32:19 >>>>>> 执行结束！
INFO    2023-04-08 22:32:20,907G:\auto_api1_framework\logs\info-2023-04-08.log:test_create_user.py:26 2023-04-08 22:32:19 >>>>>> 开始执行：
INFO    2023-04-08 22:32:20,921G:\auto_api1_framework\logs\info-2023-04-08.log:test_create_user.py:29 2023-04-08 22:32:19 >>>>>> 执行结束！
INFO    2023-04-08 22:32:20,922G:\auto_api1_framework\logs\info-2023-04-08.log:test_create_user.py:26 2023-04-08 22:32:19 >>>>>> 开始执行：
INFO    2023-04-08 22:32:20,937G:\auto_api1_framework\logs\info-2023-04-08.log:test_create_user.py:29 2023-04-08 22:32:19 >>>>>> 执行结束！
INFO    2023-04-08 22:32:20,938G:\auto_api1_framework\logs\info-2023-04-08.log:test_create_user.py:26 2023-04-08 22:32:19 >>>>>> 开始执行：
INFO    2023-04-08 22:32:20,955G:\auto_api1_framework\logs\info-2023-04-08.log:test_create_user.py:29 2023-04-08 22:32:19 >>>>>> 执行结束！
INFO    2023-04-08 22:32:56,074G:\auto_api1_framework\logs\info-2023-04-08.log:test_create_user.py:26 2023-04-08 22:32:55 >>>>>> 开始执行：
INFO    2023-04-08 22:32:56,079G:\auto_api1_framework\logs\info-2023-04-08.log:log_decorator.py:42 
======================================================
用例标题: 创建用户成功（必填参数）
请求路径: http://127.0.0.1:8888/api/private/v1/users
请求方式: POST
请求头:   {'User-Agent': 'python-requests/2.28.2', 'Accept-Encoding': 'gzip, deflate', 'Accept': '*/*', 'Connection': 'keep-alive', 'Content-Type': 'application/json', 'Authorization': 'Bearer eyJhbGciOiJIUzI1NiIsInR5cCI6IkpXVCJ9.eyJ1aWQiOjUwMCwicmlkIjowLCJpYXQiOjE2ODA5NjQzNzYsImV4cCI6MTY4MTA1MDc3Nn0.k3K8nTc2Boql3UREIFcDoQYW5RFAYIClpFa9c7opnI0', 'Content-Length': '0'}
请求内容: None
接口响应内容: {'data': None, 'meta': {'msg': '用户名不能为空', 'status': 400}}
接口响应时长: 1 ms
Http状态码: 200
断言结果: 200
=====================================================
INFO    2023-04-08 22:32:56,156G:\auto_api1_framework\logs\info-2023-04-08.log:test_create_user.py:29 2023-04-08 22:32:55 >>>>>> 执行结束！
INFO    2023-04-08 22:32:56,158G:\auto_api1_framework\logs\info-2023-04-08.log:test_create_user.py:26 2023-04-08 22:32:55 >>>>>> 开始执行：
INFO    2023-04-08 22:32:56,227G:\auto_api1_framework\logs\info-2023-04-08.log:log_decorator.py:42 
======================================================
用例标题: 创建用户成功（必填+选填参数）
请求路径: http://127.0.0.1:8888/api/private/v1/users
请求方式: POST
请求头:   {'User-Agent': 'python-requests/2.28.2', 'Accept-Encoding': 'gzip, deflate', 'Accept': '*/*', 'Connection': 'keep-alive', 'Content-Type': 'application/json', 'Authorization': 'Bearer eyJhbGciOiJIUzI1NiIsInR5cCI6IkpXVCJ9.eyJ1aWQiOjUwMCwicmlkIjowLCJpYXQiOjE2ODA5NjQzNzYsImV4cCI6MTY4MTA1MDc3Nn0.k3K8nTc2Boql3UREIFcDoQYW5RFAYIClpFa9c7opnI0', 'Content-Length': '78'}
请求内容: {'username': 'aVuXO063', 'password': 'admin123@!', 'email': 'wei54@gmail.com'}
接口响应内容: {'data': {'id': 722, 'username': 'aVuXO063', 'email': 'wei54@gmail.com', 'role_id': -1, 'create_time': 1680964376}, 'meta': {'msg': '创建成功', 'status': 201}}
接口响应时长: 67 ms
Http状态码: 200
断言结果: 200
=====================================================
INFO    2023-04-08 22:32:56,229G:\auto_api1_framework\logs\info-2023-04-08.log:test_create_user.py:29 2023-04-08 22:32:55 >>>>>> 执行结束！
INFO    2023-04-08 22:32:56,229G:\auto_api1_framework\logs\info-2023-04-08.log:test_create_user.py:26 2023-04-08 22:32:55 >>>>>> 开始执行：
INFO    2023-04-08 22:32:56,311G:\auto_api1_framework\logs\info-2023-04-08.log:log_decorator.py:42 
======================================================
用例标题: 创建用户成功（全部参数）
请求路径: http://127.0.0.1:8888/api/private/v1/users
请求方式: POST
请求头:   {'User-Agent': 'python-requests/2.28.2', 'Accept-Encoding': 'gzip, deflate', 'Accept': '*/*', 'Connection': 'keep-alive', 'Content-Type': 'application/json', 'Authorization': 'Bearer eyJhbGciOiJIUzI1NiIsInR5cCI6IkpXVCJ9.eyJ1aWQiOjUwMCwicmlkIjowLCJpYXQiOjE2ODA5NjQzNzYsImV4cCI6MTY4MTA1MDc3Nn0.k3K8nTc2Boql3UREIFcDoQYW5RFAYIClpFa9c7opnI0', 'Content-Length': '102'}
请求内容: {'username': 'nXrSd463', 'password': 'H!2vCsu7', 'email': 'fang58@yahoo.com', 'mobile': '15235250950'}
接口响应内容: {'data': {'id': 723, 'username': 'nXrSd463', 'mobile': '15235250950', 'email': 'fang58@yahoo.com', 'role_id': -1, 'create_time': 1680964376}, 'meta': {'msg': '创建成功', 'status': 201}}
接口响应时长: 78 ms
Http状态码: 200
断言结果: 200
=====================================================
INFO    2023-04-08 22:32:56,313G:\auto_api1_framework\logs\info-2023-04-08.log:test_create_user.py:29 2023-04-08 22:32:55 >>>>>> 执行结束！
INFO    2023-04-08 22:32:56,315G:\auto_api1_framework\logs\info-2023-04-08.log:test_create_user.py:26 2023-04-08 22:32:55 >>>>>> 开始执行：
INFO    2023-04-08 22:32:56,322G:\auto_api1_framework\logs\info-2023-04-08.log:log_decorator.py:42 
======================================================
用例标题: 创建已存在用户
请求路径: http://127.0.0.1:8888/api/private/v1/users
请求方式: POST
请求头:   {'User-Agent': 'python-requests/2.28.2', 'Accept-Encoding': 'gzip, deflate', 'Accept': '*/*', 'Connection': 'keep-alive', 'Content-Type': 'application/json', 'Authorization': 'Bearer eyJhbGciOiJIUzI1NiIsInR5cCI6IkpXVCJ9.eyJ1aWQiOjUwMCwicmlkIjowLCJpYXQiOjE2ODA5NjQzNzYsImV4cCI6MTY4MTA1MDc3Nn0.k3K8nTc2Boql3UREIFcDoQYW5RFAYIClpFa9c7opnI0', 'Content-Length': '43'}
请求内容: {'username': 'admin', 'password': '123456'}
接口响应内容: {'data': None, 'meta': {'msg': '用户名已存在', 'status': 400}}
接口响应时长: 5 ms
Http状态码: 200
断言结果: 200
=====================================================
INFO    2023-04-08 22:32:56,324G:\auto_api1_framework\logs\info-2023-04-08.log:test_create_user.py:29 2023-04-08 22:32:55 >>>>>> 执行结束！
INFO    2023-04-08 22:32:56,325G:\auto_api1_framework\logs\info-2023-04-08.log:test_create_user.py:26 2023-04-08 22:32:55 >>>>>> 开始执行：
INFO    2023-04-08 22:32:56,329G:\auto_api1_framework\logs\info-2023-04-08.log:log_decorator.py:42 
======================================================
用例标题: 用户名为空
请求路径: http://127.0.0.1:8888/api/private/v1/users
请求方式: POST
请求头:   {'User-Agent': 'python-requests/2.28.2', 'Accept-Encoding': 'gzip, deflate', 'Accept': '*/*', 'Connection': 'keep-alive', 'Content-Type': 'application/json', 'Authorization': 'Bearer eyJhbGciOiJIUzI1NiIsInR5cCI6IkpXVCJ9.eyJ1aWQiOjUwMCwicmlkIjowLCJpYXQiOjE2ODA5NjQzNzYsImV4cCI6MTY4MTA1MDc3Nn0.k3K8nTc2Boql3UREIFcDoQYW5RFAYIClpFa9c7opnI0', 'Content-Length': '38'}
请求内容: {'username': '', 'password': '123456'}
接口响应内容: {'data': None, 'meta': {'msg': '用户名不能为空', 'status': 400}}
接口响应时长: 1 ms
Http状态码: 200
断言结果: 200
=====================================================
INFO    2023-04-08 22:32:56,330G:\auto_api1_framework\logs\info-2023-04-08.log:test_create_user.py:29 2023-04-08 22:32:55 >>>>>> 执行结束！
INFO    2023-04-08 22:32:56,331G:\auto_api1_framework\logs\info-2023-04-08.log:test_create_user.py:26 2023-04-08 22:32:55 >>>>>> 开始执行：
INFO    2023-04-08 22:32:56,417G:\auto_api1_framework\logs\info-2023-04-08.log:log_decorator.py:42 
======================================================
用例标题: 用户名纯数字
请求路径: http://127.0.0.1:8888/api/private/v1/users
请求方式: POST
请求头:   {'User-Agent': 'python-requests/2.28.2', 'Accept-Encoding': 'gzip, deflate', 'Accept': '*/*', 'Connection': 'keep-alive', 'Content-Type': 'application/json', 'Authorization': 'Bearer eyJhbGciOiJIUzI1NiIsInR5cCI6IkpXVCJ9.eyJ1aWQiOjUwMCwicmlkIjowLCJpYXQiOjE2ODA5NjQzNzYsImV4cCI6MTY4MTA1MDc3Nn0.k3K8nTc2Boql3UREIFcDoQYW5RFAYIClpFa9c7opnI0', 'Content-Length': '44'}
请求内容: {'username': '714549', 'password': '123456'}
接口响应内容: {'data': {'id': 724, 'username': '714549', 'role_id': -1, 'create_time': 1680964376}, 'meta': {'msg': '创建成功', 'status': 201}}
接口响应时长: 81 ms
Http状态码: 200
断言结果: 200
=====================================================
INFO    2023-04-08 22:32:56,418G:\auto_api1_framework\logs\info-2023-04-08.log:test_create_user.py:29 2023-04-08 22:32:55 >>>>>> 执行结束！
INFO    2023-04-08 22:32:56,419G:\auto_api1_framework\logs\info-2023-04-08.log:test_create_user.py:26 2023-04-08 22:32:55 >>>>>> 开始执行：
INFO    2023-04-08 22:32:56,501G:\auto_api1_framework\logs\info-2023-04-08.log:log_decorator.py:42 
======================================================
用例标题: 用户名纯字母
请求路径: http://127.0.0.1:8888/api/private/v1/users
请求方式: POST
请求头:   {'User-Agent': 'python-requests/2.28.2', 'Accept-Encoding': 'gzip, deflate', 'Accept': '*/*', 'Connection': 'keep-alive', 'Content-Type': 'application/json', 'Authorization': 'Bearer eyJhbGciOiJIUzI1NiIsInR5cCI6IkpXVCJ9.eyJ1aWQiOjUwMCwicmlkIjowLCJpYXQiOjE2ODA5NjQzNzYsImV4cCI6MTY4MTA1MDc3Nn0.k3K8nTc2Boql3UREIFcDoQYW5RFAYIClpFa9c7opnI0', 'Content-Length': '44'}
请求内容: {'username': 'HJePNJ', 'password': '123456'}
接口响应内容: {'data': {'id': 725, 'username': 'HJePNJ', 'role_id': -1, 'create_time': 1680964376}, 'meta': {'msg': '创建成功', 'status': 201}}
接口响应时长: 78 ms
Http状态码: 200
断言结果: 200
=====================================================
INFO    2023-04-08 22:32:56,502G:\auto_api1_framework\logs\info-2023-04-08.log:test_create_user.py:29 2023-04-08 22:32:55 >>>>>> 执行结束！
INFO    2023-04-08 22:32:56,504G:\auto_api1_framework\logs\info-2023-04-08.log:test_create_user.py:26 2023-04-08 22:32:55 >>>>>> 开始执行：
INFO    2023-04-08 22:32:56,590G:\auto_api1_framework\logs\info-2023-04-08.log:log_decorator.py:42 
======================================================
用例标题: 用户名包含汉字
请求路径: http://127.0.0.1:8888/api/private/v1/users
请求方式: POST
请求头:   {'User-Agent': 'python-requests/2.28.2', 'Accept-Encoding': 'gzip, deflate', 'Accept': '*/*', 'Connection': 'keep-alive', 'Content-Type': 'application/json', 'Authorization': 'Bearer eyJhbGciOiJIUzI1NiIsInR5cCI6IkpXVCJ9.eyJ1aWQiOjUwMCwicmlkIjowLCJpYXQiOjE2ODA5NjQzNzYsImV4cCI6MTY4MTA1MDc3Nn0.k3K8nTc2Boql3UREIFcDoQYW5RFAYIClpFa9c7opnI0', 'Content-Length': '56'}
请求内容: {'username': '罗丽eRfMrb', 'password': '123456'}
接口响应内容: {'data': {'id': 726, 'username': '罗丽eRfMrb', 'role_id': -1, 'create_time': 1680964376}, 'meta': {'msg': '创建成功', 'status': 201}}
接口响应时长: 81 ms
Http状态码: 200
断言结果: 200
=====================================================
INFO    2023-04-08 22:32:56,592G:\auto_api1_framework\logs\info-2023-04-08.log:test_create_user.py:29 2023-04-08 22:32:55 >>>>>> 执行结束！
INFO    2023-04-08 22:32:56,593G:\auto_api1_framework\logs\info-2023-04-08.log:test_create_user.py:26 2023-04-08 22:32:55 >>>>>> 开始执行：
INFO    2023-04-08 22:32:56,599G:\auto_api1_framework\logs\info-2023-04-08.log:log_decorator.py:42 
======================================================
用例标题: 密码为空
请求路径: http://127.0.0.1:8888/api/private/v1/users
请求方式: POST
请求头:   {'User-Agent': 'python-requests/2.28.2', 'Accept-Encoding': 'gzip, deflate', 'Accept': '*/*', 'Connection': 'keep-alive', 'Content-Type': 'application/json', 'Authorization': 'Bearer eyJhbGciOiJIUzI1NiIsInR5cCI6IkpXVCJ9.eyJ1aWQiOjUwMCwicmlkIjowLCJpYXQiOjE2ODA5NjQzNzYsImV4cCI6MTY4MTA1MDc3Nn0.k3K8nTc2Boql3UREIFcDoQYW5RFAYIClpFa9c7opnI0', 'Content-Length': '40'}
请求内容: {'username': 'pQjyg351', 'password': ''}
接口响应内容: {'data': None, 'meta': {'msg': '密码不能为空', 'status': 400}}
接口响应时长: 1 ms
Http状态码: 200
断言结果: 200
=====================================================
INFO    2023-04-08 22:32:56,600G:\auto_api1_framework\logs\info-2023-04-08.log:test_create_user.py:29 2023-04-08 22:32:55 >>>>>> 执行结束！
INFO    2023-04-08 22:32:56,601G:\auto_api1_framework\logs\info-2023-04-08.log:test_create_user.py:26 2023-04-08 22:32:55 >>>>>> 开始执行：
INFO    2023-04-08 22:32:56,680G:\auto_api1_framework\logs\info-2023-04-08.log:log_decorator.py:42 
======================================================
用例标题: 密码为纯数字
请求路径: http://127.0.0.1:8888/api/private/v1/users
请求方式: POST
请求头:   {'User-Agent': 'python-requests/2.28.2', 'Accept-Encoding': 'gzip, deflate', 'Accept': '*/*', 'Connection': 'keep-alive', 'Content-Type': 'application/json', 'Authorization': 'Bearer eyJhbGciOiJIUzI1NiIsInR5cCI6IkpXVCJ9.eyJ1aWQiOjUwMCwicmlkIjowLCJpYXQiOjE2ODA5NjQzNzYsImV4cCI6MTY4MTA1MDc3Nn0.k3K8nTc2Boql3UREIFcDoQYW5RFAYIClpFa9c7opnI0', 'Content-Length': '45'}
请求内容: {'username': 'olwCx415', 'password': '69100'}
接口响应内容: {'data': {'id': 727, 'username': 'olwCx415', 'role_id': -1, 'create_time': 1680964376}, 'meta': {'msg': '创建成功', 'status': 201}}
接口响应时长: 75 ms
Http状态码: 200
断言结果: 200
=====================================================
INFO    2023-04-08 22:32:56,681G:\auto_api1_framework\logs\info-2023-04-08.log:test_create_user.py:29 2023-04-08 22:32:55 >>>>>> 执行结束！
INFO    2023-04-08 22:32:56,682G:\auto_api1_framework\logs\info-2023-04-08.log:test_create_user.py:26 2023-04-08 22:32:55 >>>>>> 开始执行：
INFO    2023-04-08 22:32:56,755G:\auto_api1_framework\logs\info-2023-04-08.log:log_decorator.py:42 
======================================================
用例标题: 密码为纯字母
请求路径: http://127.0.0.1:8888/api/private/v1/users
请求方式: POST
请求头:   {'User-Agent': 'python-requests/2.28.2', 'Accept-Encoding': 'gzip, deflate', 'Accept': '*/*', 'Connection': 'keep-alive', 'Content-Type': 'application/json', 'Authorization': 'Bearer eyJhbGciOiJIUzI1NiIsInR5cCI6IkpXVCJ9.eyJ1aWQiOjUwMCwicmlkIjowLCJpYXQiOjE2ODA5NjQzNzYsImV4cCI6MTY4MTA1MDc3Nn0.k3K8nTc2Boql3UREIFcDoQYW5RFAYIClpFa9c7opnI0', 'Content-Length': '46'}
请求内容: {'username': 'VAckl011', 'password': 'krnkCR'}
接口响应内容: {'data': {'id': 728, 'username': 'VAckl011', 'role_id': -1, 'create_time': 1680964376}, 'meta': {'msg': '创建成功', 'status': 201}}
接口响应时长: 68 ms
Http状态码: 200
断言结果: 200
=====================================================
INFO    2023-04-08 22:32:56,756G:\auto_api1_framework\logs\info-2023-04-08.log:test_create_user.py:29 2023-04-08 22:32:55 >>>>>> 执行结束！
INFO    2023-04-08 22:32:56,758G:\auto_api1_framework\logs\info-2023-04-08.log:test_create_user.py:26 2023-04-08 22:32:55 >>>>>> 开始执行：
INFO    2023-04-08 22:32:56,842G:\auto_api1_framework\logs\info-2023-04-08.log:log_decorator.py:42 
======================================================
用例标题: 100位密码
请求路径: http://127.0.0.1:8888/api/private/v1/users
请求方式: POST
请求头:   {'User-Agent': 'python-requests/2.28.2', 'Accept-Encoding': 'gzip, deflate', 'Accept': '*/*', 'Connection': 'keep-alive', 'Content-Type': 'application/json', 'Authorization': 'Bearer eyJhbGciOiJIUzI1NiIsInR5cCI6IkpXVCJ9.eyJ1aWQiOjUwMCwicmlkIjowLCJpYXQiOjE2ODA5NjQzNzYsImV4cCI6MTY4MTA1MDc3Nn0.k3K8nTc2Boql3UREIFcDoQYW5RFAYIClpFa9c7opnI0', 'Content-Length': '141'}
请求内容: {'username': 'OVQhT266', 'password': '#CQjhOm7@qiu^)z98Xv^E()LLuAogd_lkYz9b*@bE0l@lZuEI7*0ACqxMikbKPbeZ1u_PWfpg9e7UPZr)k1AHKT5gwxbItrMwZ47)'}
接口响应内容: {'data': {'id': 729, 'username': 'OVQhT266', 'role_id': -1, 'create_time': 1680964376}, 'meta': {'msg': '创建成功', 'status': 201}}
接口响应时长: 80 ms
Http状态码: 200
断言结果: 200
=====================================================
INFO    2023-04-08 22:32:56,843G:\auto_api1_framework\logs\info-2023-04-08.log:test_create_user.py:29 2023-04-08 22:32:55 >>>>>> 执行结束！
INFO    2023-04-08 22:32:56,845G:\auto_api1_framework\logs\info-2023-04-08.log:test_create_user.py:26 2023-04-08 22:32:55 >>>>>> 开始执行：
INFO    2023-04-08 22:32:56,925G:\auto_api1_framework\logs\info-2023-04-08.log:log_decorator.py:42 
======================================================
用例标题: 多参：多abc
请求路径: http://127.0.0.1:8888/api/private/v1/users
请求方式: POST
请求头:   {'User-Agent': 'python-requests/2.28.2', 'Accept-Encoding': 'gzip, deflate', 'Accept': '*/*', 'Connection': 'keep-alive', 'Content-Type': 'application/json', 'Authorization': 'Bearer eyJhbGciOiJIUzI1NiIsInR5cCI6IkpXVCJ9.eyJ1aWQiOjUwMCwicmlkIjowLCJpYXQiOjE2ODA5NjQzNzYsImV4cCI6MTY4MTA1MDc3Nn0.k3K8nTc2Boql3UREIFcDoQYW5RFAYIClpFa9c7opnI0', 'Content-Length': '65'}
请求内容: {'username': 'ONhXt670', 'password': 'z*&b5L^a', 'abc': '162408'}
接口响应内容: {'data': {'id': 730, 'username': 'ONhXt670', 'role_id': -1, 'create_time': 1680964376}, 'meta': {'msg': '创建成功', 'status': 201}}
接口响应时长: 77 ms
Http状态码: 200
断言结果: 200
=====================================================
INFO    2023-04-08 22:32:56,927G:\auto_api1_framework\logs\info-2023-04-08.log:test_create_user.py:29 2023-04-08 22:32:55 >>>>>> 执行结束！
INFO    2023-04-08 22:32:56,928G:\auto_api1_framework\logs\info-2023-04-08.log:test_create_user.py:26 2023-04-08 22:32:55 >>>>>> 开始执行：
INFO    2023-04-08 22:32:56,931G:\auto_api1_framework\logs\info-2023-04-08.log:log_decorator.py:42 
======================================================
用例标题: 少参：缺少username
请求路径: http://127.0.0.1:8888/api/private/v1/users
请求方式: POST
请求头:   {'User-Agent': 'python-requests/2.28.2', 'Accept-Encoding': 'gzip, deflate', 'Accept': '*/*', 'Connection': 'keep-alive', 'Content-Type': 'application/json', 'Authorization': 'Bearer eyJhbGciOiJIUzI1NiIsInR5cCI6IkpXVCJ9.eyJ1aWQiOjUwMCwicmlkIjowLCJpYXQiOjE2ODA5NjQzNzYsImV4cCI6MTY4MTA1MDc3Nn0.k3K8nTc2Boql3UREIFcDoQYW5RFAYIClpFa9c7opnI0', 'Content-Length': '24'}
请求内容: {'password': ')6@XQveD'}
接口响应内容: {'data': None, 'meta': {'msg': '用户名不能为空', 'status': 400}}
接口响应时长: 1 ms
Http状态码: 200
断言结果: 200
=====================================================
INFO    2023-04-08 22:32:56,933G:\auto_api1_framework\logs\info-2023-04-08.log:test_create_user.py:29 2023-04-08 22:32:55 >>>>>> 执行结束！
INFO    2023-04-08 22:32:56,934G:\auto_api1_framework\logs\info-2023-04-08.log:test_create_user.py:26 2023-04-08 22:32:55 >>>>>> 开始执行：
INFO    2023-04-08 22:32:56,939G:\auto_api1_framework\logs\info-2023-04-08.log:log_decorator.py:42 
======================================================
用例标题: 没有参数
请求路径: http://127.0.0.1:8888/api/private/v1/users
请求方式: POST
请求头:   {'User-Agent': 'python-requests/2.28.2', 'Accept-Encoding': 'gzip, deflate', 'Accept': '*/*', 'Connection': 'keep-alive', 'Content-Type': 'application/json', 'Authorization': 'Bearer eyJhbGciOiJIUzI1NiIsInR5cCI6IkpXVCJ9.eyJ1aWQiOjUwMCwicmlkIjowLCJpYXQiOjE2ODA5NjQzNzYsImV4cCI6MTY4MTA1MDc3Nn0.k3K8nTc2Boql3UREIFcDoQYW5RFAYIClpFa9c7opnI0', 'Content-Length': '0'}
请求内容: None
接口响应内容: {'data': None, 'meta': {'msg': '用户名不能为空', 'status': 400}}
接口响应时长: 1 ms
Http状态码: 200
断言结果: 200
=====================================================
INFO    2023-04-08 22:32:56,940G:\auto_api1_framework\logs\info-2023-04-08.log:test_create_user.py:29 2023-04-08 22:32:55 >>>>>> 执行结束！
INFO    2023-04-08 22:32:56,941G:\auto_api1_framework\logs\info-2023-04-08.log:test_create_user.py:26 2023-04-08 22:32:55 >>>>>> 开始执行：
INFO    2023-04-08 22:32:56,946G:\auto_api1_framework\logs\info-2023-04-08.log:log_decorator.py:42 
======================================================
用例标题: 错误参数：修改username为test
请求路径: http://127.0.0.1:8888/api/private/v1/users
请求方式: POST
请求头:   {'User-Agent': 'python-requests/2.28.2', 'Accept-Encoding': 'gzip, deflate', 'Accept': '*/*', 'Connection': 'keep-alive', 'Content-Type': 'application/json', 'Authorization': 'Bearer eyJhbGciOiJIUzI1NiIsInR5cCI6IkpXVCJ9.eyJ1aWQiOjUwMCwicmlkIjowLCJpYXQiOjE2ODA5NjQzNzYsImV4cCI6MTY4MTA1MDc3Nn0.k3K8nTc2Boql3UREIFcDoQYW5RFAYIClpFa9c7opnI0', 'Content-Length': '44'}
请求内容: {'test': 'nFuQT843', 'password': '&93jxBoY'}
接口响应内容: {'data': None, 'meta': {'msg': '用户名不能为空', 'status': 400}}
接口响应时长: 2 ms
Http状态码: 200
断言结果: 200
=====================================================
INFO    2023-04-08 22:32:56,947G:\auto_api1_framework\logs\info-2023-04-08.log:test_create_user.py:29 2023-04-08 22:32:55 >>>>>> 执行结束！
INFO    2023-04-08 22:34:11,231G:\auto_api1_framework\logs\info-2023-04-08.log:test_create_user.py:26 2023-04-08 22:34:11 >>>>>> 开始执行：
INFO    2023-04-08 22:34:11,336G:\auto_api1_framework\logs\info-2023-04-08.log:log_decorator.py:42 
======================================================
用例标题: 创建用户成功（必填参数）
请求路径: http://127.0.0.1:8888/api/private/v1/users
请求方式: POST
请求头:   {'User-Agent': 'python-requests/2.28.2', 'Accept-Encoding': 'gzip, deflate', 'Accept': '*/*', 'Connection': 'keep-alive', 'Content-Type': 'application/json', 'Authorization': 'Bearer eyJhbGciOiJIUzI1NiIsInR5cCI6IkpXVCJ9.eyJ1aWQiOjUwMCwicmlkIjowLCJpYXQiOjE2ODA5NjQ0NTEsImV4cCI6MTY4MTA1MDg1MX0.vOaTtdm7KSc5B9qLYgFYZunDoyOG_3XUEkMisb3X6U4', 'Content-Length': '48'}
请求内容: {'username': 'ghWTD480', 'password': '*Bz6APwG'}
接口响应内容: {'data': {'id': 731, 'username': 'ghWTD480', 'role_id': -1, 'create_time': 1680964451}, 'meta': {'msg': '创建成功', 'status': 201}}
接口响应时长: 100 ms
Http状态码: 200
断言结果: 200
=====================================================
INFO    2023-04-08 22:34:11,338G:\auto_api1_framework\logs\info-2023-04-08.log:test_create_user.py:29 2023-04-08 22:34:11 >>>>>> 执行结束！
INFO    2023-04-08 22:34:11,340G:\auto_api1_framework\logs\info-2023-04-08.log:test_create_user.py:26 2023-04-08 22:34:11 >>>>>> 开始执行：
INFO    2023-04-08 22:34:11,424G:\auto_api1_framework\logs\info-2023-04-08.log:log_decorator.py:42 
======================================================
用例标题: 创建用户成功（必填+选填参数）
请求路径: http://127.0.0.1:8888/api/private/v1/users
请求方式: POST
请求头:   {'User-Agent': 'python-requests/2.28.2', 'Accept-Encoding': 'gzip, deflate', 'Accept': '*/*', 'Connection': 'keep-alive', 'Content-Type': 'application/json', 'Authorization': 'Bearer eyJhbGciOiJIUzI1NiIsInR5cCI6IkpXVCJ9.eyJ1aWQiOjUwMCwicmlkIjowLCJpYXQiOjE2ODA5NjQ0NTEsImV4cCI6MTY4MTA1MDg1MX0.vOaTtdm7KSc5B9qLYgFYZunDoyOG_3XUEkMisb3X6U4', 'Content-Length': '80'}
请求内容: {'username': 'qMvvj741', 'password': 'admin123@!', 'email': 'lei41@hotmail.com'}
接口响应内容: {'data': {'id': 732, 'username': 'qMvvj741', 'email': 'lei41@hotmail.com', 'role_id': -1, 'create_time': 1680964451}, 'meta': {'msg': '创建成功', 'status': 201}}
接口响应时长: 79 ms
Http状态码: 200
断言结果: 200
=====================================================
INFO    2023-04-08 22:34:11,426G:\auto_api1_framework\logs\info-2023-04-08.log:test_create_user.py:29 2023-04-08 22:34:11 >>>>>> 执行结束！
INFO    2023-04-08 22:34:11,427G:\auto_api1_framework\logs\info-2023-04-08.log:test_create_user.py:26 2023-04-08 22:34:11 >>>>>> 开始执行：
INFO    2023-04-08 22:34:11,509G:\auto_api1_framework\logs\info-2023-04-08.log:log_decorator.py:42 
======================================================
用例标题: 创建用户成功（全部参数）
请求路径: http://127.0.0.1:8888/api/private/v1/users
请求方式: POST
请求头:   {'User-Agent': 'python-requests/2.28.2', 'Accept-Encoding': 'gzip, deflate', 'Accept': '*/*', 'Connection': 'keep-alive', 'Content-Type': 'application/json', 'Authorization': 'Bearer eyJhbGciOiJIUzI1NiIsInR5cCI6IkpXVCJ9.eyJ1aWQiOjUwMCwicmlkIjowLCJpYXQiOjE2ODA5NjQ0NTEsImV4cCI6MTY4MTA1MDg1MX0.vOaTtdm7KSc5B9qLYgFYZunDoyOG_3XUEkMisb3X6U4', 'Content-Length': '103'}
请求内容: {'username': 'CkMYG990', 'password': '^7KqqLnt', 'email': 'qiang58@yahoo.com', 'mobile': '13905691332'}
接口响应内容: {'data': {'id': 733, 'username': 'CkMYG990', 'mobile': '13905691332', 'email': 'qiang58@yahoo.com', 'role_id': -1, 'create_time': 1680964451}, 'meta': {'msg': '创建成功', 'status': 201}}
接口响应时长: 79 ms
Http状态码: 200
断言结果: 200
=====================================================
INFO    2023-04-08 22:34:11,510G:\auto_api1_framework\logs\info-2023-04-08.log:test_create_user.py:29 2023-04-08 22:34:11 >>>>>> 执行结束！
INFO    2023-04-08 22:34:11,511G:\auto_api1_framework\logs\info-2023-04-08.log:test_create_user.py:26 2023-04-08 22:34:11 >>>>>> 开始执行：
INFO    2023-04-08 22:34:11,517G:\auto_api1_framework\logs\info-2023-04-08.log:log_decorator.py:42 
======================================================
用例标题: 创建已存在用户
请求路径: http://127.0.0.1:8888/api/private/v1/users
请求方式: POST
请求头:   {'User-Agent': 'python-requests/2.28.2', 'Accept-Encoding': 'gzip, deflate', 'Accept': '*/*', 'Connection': 'keep-alive', 'Content-Type': 'application/json', 'Authorization': 'Bearer eyJhbGciOiJIUzI1NiIsInR5cCI6IkpXVCJ9.eyJ1aWQiOjUwMCwicmlkIjowLCJpYXQiOjE2ODA5NjQ0NTEsImV4cCI6MTY4MTA1MDg1MX0.vOaTtdm7KSc5B9qLYgFYZunDoyOG_3XUEkMisb3X6U4', 'Content-Length': '43'}
请求内容: {'username': 'admin', 'password': '123456'}
接口响应内容: {'data': None, 'meta': {'msg': '用户名已存在', 'status': 400}}
接口响应时长: 2 ms
Http状态码: 200
断言结果: 200
=====================================================
INFO    2023-04-08 22:34:11,518G:\auto_api1_framework\logs\info-2023-04-08.log:test_create_user.py:29 2023-04-08 22:34:11 >>>>>> 执行结束！
INFO    2023-04-08 22:34:11,519G:\auto_api1_framework\logs\info-2023-04-08.log:test_create_user.py:26 2023-04-08 22:34:11 >>>>>> 开始执行：
INFO    2023-04-08 22:34:11,524G:\auto_api1_framework\logs\info-2023-04-08.log:log_decorator.py:42 
======================================================
用例标题: 用户名为空
请求路径: http://127.0.0.1:8888/api/private/v1/users
请求方式: POST
请求头:   {'User-Agent': 'python-requests/2.28.2', 'Accept-Encoding': 'gzip, deflate', 'Accept': '*/*', 'Connection': 'keep-alive', 'Content-Type': 'application/json', 'Authorization': 'Bearer eyJhbGciOiJIUzI1NiIsInR5cCI6IkpXVCJ9.eyJ1aWQiOjUwMCwicmlkIjowLCJpYXQiOjE2ODA5NjQ0NTEsImV4cCI6MTY4MTA1MDg1MX0.vOaTtdm7KSc5B9qLYgFYZunDoyOG_3XUEkMisb3X6U4', 'Content-Length': '38'}
请求内容: {'username': '', 'password': '123456'}
接口响应内容: {'data': None, 'meta': {'msg': '用户名不能为空', 'status': 400}}
接口响应时长: 1 ms
Http状态码: 200
断言结果: 200
=====================================================
INFO    2023-04-08 22:34:11,526G:\auto_api1_framework\logs\info-2023-04-08.log:test_create_user.py:29 2023-04-08 22:34:11 >>>>>> 执行结束！
INFO    2023-04-08 22:34:11,527G:\auto_api1_framework\logs\info-2023-04-08.log:test_create_user.py:26 2023-04-08 22:34:11 >>>>>> 开始执行：
INFO    2023-04-08 22:34:11,606G:\auto_api1_framework\logs\info-2023-04-08.log:log_decorator.py:42 
======================================================
用例标题: 用户名纯数字
请求路径: http://127.0.0.1:8888/api/private/v1/users
请求方式: POST
请求头:   {'User-Agent': 'python-requests/2.28.2', 'Accept-Encoding': 'gzip, deflate', 'Accept': '*/*', 'Connection': 'keep-alive', 'Content-Type': 'application/json', 'Authorization': 'Bearer eyJhbGciOiJIUzI1NiIsInR5cCI6IkpXVCJ9.eyJ1aWQiOjUwMCwicmlkIjowLCJpYXQiOjE2ODA5NjQ0NTEsImV4cCI6MTY4MTA1MDg1MX0.vOaTtdm7KSc5B9qLYgFYZunDoyOG_3XUEkMisb3X6U4', 'Content-Length': '44'}
请求内容: {'username': '872380', 'password': '123456'}
接口响应内容: {'data': {'id': 734, 'username': '872380', 'role_id': -1, 'create_time': 1680964451}, 'meta': {'msg': '创建成功', 'status': 201}}
接口响应时长: 77 ms
Http状态码: 200
断言结果: 200
=====================================================
INFO    2023-04-08 22:34:11,607G:\auto_api1_framework\logs\info-2023-04-08.log:test_create_user.py:29 2023-04-08 22:34:11 >>>>>> 执行结束！
INFO    2023-04-08 22:34:11,609G:\auto_api1_framework\logs\info-2023-04-08.log:test_create_user.py:26 2023-04-08 22:34:11 >>>>>> 开始执行：
INFO    2023-04-08 22:34:11,693G:\auto_api1_framework\logs\info-2023-04-08.log:log_decorator.py:42 
======================================================
用例标题: 用户名纯字母
请求路径: http://127.0.0.1:8888/api/private/v1/users
请求方式: POST
请求头:   {'User-Agent': 'python-requests/2.28.2', 'Accept-Encoding': 'gzip, deflate', 'Accept': '*/*', 'Connection': 'keep-alive', 'Content-Type': 'application/json', 'Authorization': 'Bearer eyJhbGciOiJIUzI1NiIsInR5cCI6IkpXVCJ9.eyJ1aWQiOjUwMCwicmlkIjowLCJpYXQiOjE2ODA5NjQ0NTEsImV4cCI6MTY4MTA1MDg1MX0.vOaTtdm7KSc5B9qLYgFYZunDoyOG_3XUEkMisb3X6U4', 'Content-Length': '44'}
请求内容: {'username': 'jqxEcp', 'password': '123456'}
接口响应内容: {'data': {'id': 735, 'username': 'jqxEcp', 'role_id': -1, 'create_time': 1680964451}, 'meta': {'msg': '创建成功', 'status': 201}}
接口响应时长: 82 ms
Http状态码: 200
断言结果: 200
=====================================================
INFO    2023-04-08 22:34:11,695G:\auto_api1_framework\logs\info-2023-04-08.log:test_create_user.py:29 2023-04-08 22:34:11 >>>>>> 执行结束！
INFO    2023-04-08 22:34:11,696G:\auto_api1_framework\logs\info-2023-04-08.log:test_create_user.py:26 2023-04-08 22:34:11 >>>>>> 开始执行：
INFO    2023-04-08 22:34:11,780G:\auto_api1_framework\logs\info-2023-04-08.log:log_decorator.py:42 
======================================================
用例标题: 用户名包含汉字
请求路径: http://127.0.0.1:8888/api/private/v1/users
请求方式: POST
请求头:   {'User-Agent': 'python-requests/2.28.2', 'Accept-Encoding': 'gzip, deflate', 'Accept': '*/*', 'Connection': 'keep-alive', 'Content-Type': 'application/json', 'Authorization': 'Bearer eyJhbGciOiJIUzI1NiIsInR5cCI6IkpXVCJ9.eyJ1aWQiOjUwMCwicmlkIjowLCJpYXQiOjE2ODA5NjQ0NTEsImV4cCI6MTY4MTA1MDg1MX0.vOaTtdm7KSc5B9qLYgFYZunDoyOG_3XUEkMisb3X6U4', 'Content-Length': '56'}
请求内容: {'username': '李莉aOTVZx', 'password': '123456'}
接口响应内容: {'data': {'id': 736, 'username': '李莉aOTVZx', 'role_id': -1, 'create_time': 1680964451}, 'meta': {'msg': '创建成功', 'status': 201}}
接口响应时长: 82 ms
Http状态码: 200
断言结果: 200
=====================================================
INFO    2023-04-08 22:34:11,782G:\auto_api1_framework\logs\info-2023-04-08.log:test_create_user.py:29 2023-04-08 22:34:11 >>>>>> 执行结束！
INFO    2023-04-08 22:34:11,783G:\auto_api1_framework\logs\info-2023-04-08.log:test_create_user.py:26 2023-04-08 22:34:11 >>>>>> 开始执行：
INFO    2023-04-08 22:34:11,790G:\auto_api1_framework\logs\info-2023-04-08.log:log_decorator.py:42 
======================================================
用例标题: 密码为空
请求路径: http://127.0.0.1:8888/api/private/v1/users
请求方式: POST
请求头:   {'User-Agent': 'python-requests/2.28.2', 'Accept-Encoding': 'gzip, deflate', 'Accept': '*/*', 'Connection': 'keep-alive', 'Content-Type': 'application/json', 'Authorization': 'Bearer eyJhbGciOiJIUzI1NiIsInR5cCI6IkpXVCJ9.eyJ1aWQiOjUwMCwicmlkIjowLCJpYXQiOjE2ODA5NjQ0NTEsImV4cCI6MTY4MTA1MDg1MX0.vOaTtdm7KSc5B9qLYgFYZunDoyOG_3XUEkMisb3X6U4', 'Content-Length': '40'}
请求内容: {'username': 'fAlyt524', 'password': ''}
接口响应内容: {'data': None, 'meta': {'msg': '密码不能为空', 'status': 400}}
接口响应时长: 1 ms
Http状态码: 200
断言结果: 200
=====================================================
INFO    2023-04-08 22:34:11,792G:\auto_api1_framework\logs\info-2023-04-08.log:test_create_user.py:29 2023-04-08 22:34:11 >>>>>> 执行结束！
INFO    2023-04-08 22:34:11,793G:\auto_api1_framework\logs\info-2023-04-08.log:test_create_user.py:26 2023-04-08 22:34:11 >>>>>> 开始执行：
INFO    2023-04-08 22:34:11,870G:\auto_api1_framework\logs\info-2023-04-08.log:log_decorator.py:42 
======================================================
用例标题: 密码为纯数字
请求路径: http://127.0.0.1:8888/api/private/v1/users
请求方式: POST
请求头:   {'User-Agent': 'python-requests/2.28.2', 'Accept-Encoding': 'gzip, deflate', 'Accept': '*/*', 'Connection': 'keep-alive', 'Content-Type': 'application/json', 'Authorization': 'Bearer eyJhbGciOiJIUzI1NiIsInR5cCI6IkpXVCJ9.eyJ1aWQiOjUwMCwicmlkIjowLCJpYXQiOjE2ODA5NjQ0NTEsImV4cCI6MTY4MTA1MDg1MX0.vOaTtdm7KSc5B9qLYgFYZunDoyOG_3XUEkMisb3X6U4', 'Content-Length': '46'}
请求内容: {'username': 'PFqwO932', 'password': '775201'}
接口响应内容: {'data': {'id': 737, 'username': 'PFqwO932', 'role_id': -1, 'create_time': 1680964451}, 'meta': {'msg': '创建成功', 'status': 201}}
接口响应时长: 75 ms
Http状态码: 200
断言结果: 200
=====================================================
INFO    2023-04-08 22:34:11,872G:\auto_api1_framework\logs\info-2023-04-08.log:test_create_user.py:29 2023-04-08 22:34:11 >>>>>> 执行结束！
INFO    2023-04-08 22:34:11,873G:\auto_api1_framework\logs\info-2023-04-08.log:test_create_user.py:26 2023-04-08 22:34:11 >>>>>> 开始执行：
INFO    2023-04-08 22:34:11,945G:\auto_api1_framework\logs\info-2023-04-08.log:log_decorator.py:42 
======================================================
用例标题: 密码为纯字母
请求路径: http://127.0.0.1:8888/api/private/v1/users
请求方式: POST
请求头:   {'User-Agent': 'python-requests/2.28.2', 'Accept-Encoding': 'gzip, deflate', 'Accept': '*/*', 'Connection': 'keep-alive', 'Content-Type': 'application/json', 'Authorization': 'Bearer eyJhbGciOiJIUzI1NiIsInR5cCI6IkpXVCJ9.eyJ1aWQiOjUwMCwicmlkIjowLCJpYXQiOjE2ODA5NjQ0NTEsImV4cCI6MTY4MTA1MDg1MX0.vOaTtdm7KSc5B9qLYgFYZunDoyOG_3XUEkMisb3X6U4', 'Content-Length': '46'}
请求内容: {'username': 'cEMBs983', 'password': 'inkpJS'}
接口响应内容: {'data': {'id': 738, 'username': 'cEMBs983', 'role_id': -1, 'create_time': 1680964451}, 'meta': {'msg': '创建成功', 'status': 201}}
接口响应时长: 67 ms
Http状态码: 200
断言结果: 200
=====================================================
INFO    2023-04-08 22:34:11,946G:\auto_api1_framework\logs\info-2023-04-08.log:test_create_user.py:29 2023-04-08 22:34:11 >>>>>> 执行结束！
INFO    2023-04-08 22:34:11,947G:\auto_api1_framework\logs\info-2023-04-08.log:test_create_user.py:26 2023-04-08 22:34:11 >>>>>> 开始执行：
INFO    2023-04-08 22:34:12,027G:\auto_api1_framework\logs\info-2023-04-08.log:log_decorator.py:42 
======================================================
用例标题: 100位密码
请求路径: http://127.0.0.1:8888/api/private/v1/users
请求方式: POST
请求头:   {'User-Agent': 'python-requests/2.28.2', 'Accept-Encoding': 'gzip, deflate', 'Accept': '*/*', 'Connection': 'keep-alive', 'Content-Type': 'application/json', 'Authorization': 'Bearer eyJhbGciOiJIUzI1NiIsInR5cCI6IkpXVCJ9.eyJ1aWQiOjUwMCwicmlkIjowLCJpYXQiOjE2ODA5NjQ0NTEsImV4cCI6MTY4MTA1MDg1MX0.vOaTtdm7KSc5B9qLYgFYZunDoyOG_3XUEkMisb3X6U4', 'Content-Length': '141'}
请求内容: {'username': 'mckgT003', 'password': 'J9)SC8003jN7C_$*$Rzk5jiRe&MW_FbyCA_RQq^Mu#DQ+&FxfacuHS@%_64fkUrB4YfjaShaj2$T3OM@LyZ3V&DHhp1n6Y+5bUu%)'}
接口响应内容: {'data': {'id': 739, 'username': 'mckgT003', 'role_id': -1, 'create_time': 1680964452}, 'meta': {'msg': '创建成功', 'status': 201}}
接口响应时长: 76 ms
Http状态码: 200
断言结果: 200
=====================================================
INFO    2023-04-08 22:34:12,028G:\auto_api1_framework\logs\info-2023-04-08.log:test_create_user.py:29 2023-04-08 22:34:11 >>>>>> 执行结束！
INFO    2023-04-08 22:34:12,030G:\auto_api1_framework\logs\info-2023-04-08.log:test_create_user.py:26 2023-04-08 22:34:11 >>>>>> 开始执行：
INFO    2023-04-08 22:34:12,114G:\auto_api1_framework\logs\info-2023-04-08.log:log_decorator.py:42 
======================================================
用例标题: 多参：多abc
请求路径: http://127.0.0.1:8888/api/private/v1/users
请求方式: POST
请求头:   {'User-Agent': 'python-requests/2.28.2', 'Accept-Encoding': 'gzip, deflate', 'Accept': '*/*', 'Connection': 'keep-alive', 'Content-Type': 'application/json', 'Authorization': 'Bearer eyJhbGciOiJIUzI1NiIsInR5cCI6IkpXVCJ9.eyJ1aWQiOjUwMCwicmlkIjowLCJpYXQiOjE2ODA5NjQ0NTEsImV4cCI6MTY4MTA1MDg1MX0.vOaTtdm7KSc5B9qLYgFYZunDoyOG_3XUEkMisb3X6U4', 'Content-Length': '64'}
请求内容: {'username': 'FYhay670', 'password': '(86PSfz2', 'abc': '15885'}
接口响应内容: {'data': {'id': 740, 'username': 'FYhay670', 'role_id': -1, 'create_time': 1680964452}, 'meta': {'msg': '创建成功', 'status': 201}}
接口响应时长: 80 ms
Http状态码: 200
断言结果: 200
=====================================================
INFO    2023-04-08 22:34:12,116G:\auto_api1_framework\logs\info-2023-04-08.log:test_create_user.py:29 2023-04-08 22:34:11 >>>>>> 执行结束！
INFO    2023-04-08 22:34:12,117G:\auto_api1_framework\logs\info-2023-04-08.log:test_create_user.py:26 2023-04-08 22:34:11 >>>>>> 开始执行：
INFO    2023-04-08 22:34:12,121G:\auto_api1_framework\logs\info-2023-04-08.log:log_decorator.py:42 
======================================================
用例标题: 少参：缺少username
请求路径: http://127.0.0.1:8888/api/private/v1/users
请求方式: POST
请求头:   {'User-Agent': 'python-requests/2.28.2', 'Accept-Encoding': 'gzip, deflate', 'Accept': '*/*', 'Connection': 'keep-alive', 'Content-Type': 'application/json', 'Authorization': 'Bearer eyJhbGciOiJIUzI1NiIsInR5cCI6IkpXVCJ9.eyJ1aWQiOjUwMCwicmlkIjowLCJpYXQiOjE2ODA5NjQ0NTEsImV4cCI6MTY4MTA1MDg1MX0.vOaTtdm7KSc5B9qLYgFYZunDoyOG_3XUEkMisb3X6U4', 'Content-Length': '24'}
请求内容: {'password': '&6Wn5JgW'}
接口响应内容: {'data': None, 'meta': {'msg': '用户名不能为空', 'status': 400}}
接口响应时长: 2 ms
Http状态码: 200
断言结果: 200
=====================================================
INFO    2023-04-08 22:34:12,122G:\auto_api1_framework\logs\info-2023-04-08.log:test_create_user.py:29 2023-04-08 22:34:11 >>>>>> 执行结束！
INFO    2023-04-08 22:34:12,124G:\auto_api1_framework\logs\info-2023-04-08.log:test_create_user.py:26 2023-04-08 22:34:11 >>>>>> 开始执行：
INFO    2023-04-08 22:34:12,127G:\auto_api1_framework\logs\info-2023-04-08.log:log_decorator.py:42 
======================================================
用例标题: 没有参数
请求路径: http://127.0.0.1:8888/api/private/v1/users
请求方式: POST
请求头:   {'User-Agent': 'python-requests/2.28.2', 'Accept-Encoding': 'gzip, deflate', 'Accept': '*/*', 'Connection': 'keep-alive', 'Content-Type': 'application/json', 'Authorization': 'Bearer eyJhbGciOiJIUzI1NiIsInR5cCI6IkpXVCJ9.eyJ1aWQiOjUwMCwicmlkIjowLCJpYXQiOjE2ODA5NjQ0NTEsImV4cCI6MTY4MTA1MDg1MX0.vOaTtdm7KSc5B9qLYgFYZunDoyOG_3XUEkMisb3X6U4', 'Content-Length': '0'}
请求内容: None
接口响应内容: {'data': None, 'meta': {'msg': '用户名不能为空', 'status': 400}}
接口响应时长: 1 ms
Http状态码: 200
断言结果: 200
=====================================================
INFO    2023-04-08 22:34:12,128G:\auto_api1_framework\logs\info-2023-04-08.log:test_create_user.py:29 2023-04-08 22:34:11 >>>>>> 执行结束！
INFO    2023-04-08 22:34:12,130G:\auto_api1_framework\logs\info-2023-04-08.log:test_create_user.py:26 2023-04-08 22:34:11 >>>>>> 开始执行：
INFO    2023-04-08 22:34:12,134G:\auto_api1_framework\logs\info-2023-04-08.log:log_decorator.py:42 
======================================================
用例标题: 错误参数：修改username为test
请求路径: http://127.0.0.1:8888/api/private/v1/users
请求方式: POST
请求头:   {'User-Agent': 'python-requests/2.28.2', 'Accept-Encoding': 'gzip, deflate', 'Accept': '*/*', 'Connection': 'keep-alive', 'Content-Type': 'application/json', 'Authorization': 'Bearer eyJhbGciOiJIUzI1NiIsInR5cCI6IkpXVCJ9.eyJ1aWQiOjUwMCwicmlkIjowLCJpYXQiOjE2ODA5NjQ0NTEsImV4cCI6MTY4MTA1MDg1MX0.vOaTtdm7KSc5B9qLYgFYZunDoyOG_3XUEkMisb3X6U4', 'Content-Length': '44'}
请求内容: {'test': 'csncS485', 'password': '))4aCavI'}
接口响应内容: {'data': None, 'meta': {'msg': '用户名不能为空', 'status': 400}}
接口响应时长: 2 ms
Http状态码: 200
断言结果: 200
=====================================================
INFO    2023-04-08 22:34:12,136G:\auto_api1_framework\logs\info-2023-04-08.log:test_create_user.py:29 2023-04-08 22:34:11 >>>>>> 执行结束！
INFO    2023-04-08 22:35:07,122G:\auto_api1_framework\logs\info-2023-04-08.log:test_get_user_data_list.py:26 2023-04-08 22:35:06 >>>>>> 开始执行：
INFO    2023-04-08 22:35:07,132G:\auto_api1_framework\logs\info-2023-04-08.log:log_decorator.py:42 
======================================================
用例标题: 获取用户数据列表成功
请求路径: http://127.0.0.1:8888/api/private/v1/users?pagenum=1&pagesize=20
请求方式: GET
请求头:   {'User-Agent': 'python-requests/2.28.2', 'Accept-Encoding': 'gzip, deflate', 'Accept': '*/*', 'Connection': 'keep-alive', 'Authorization': 'Bearer eyJhbGciOiJIUzI1NiIsInR5cCI6IkpXVCJ9.eyJ1aWQiOjUwMCwicmlkIjowLCJpYXQiOjE2ODA5NjQ1MDcsImV4cCI6MTY4MTA1MDkwN30.iF2zaNNGdkbkIUzzhKWDHKWwRrkS4bLBZWd3Pb8nbEI'}
请求内容: None
接口响应内容: {'data': {'total': 235, 'pagenum': 1, 'users': [{'id': 500, 'role_name': '超级管理员', 'username': 'admin', 'create_time': 1486720211, 'mobile': '12345678', 'email': 'adsfad@qq.com', 'mg_state': True}, {'id': 502, 'role_name': '测试角色2', 'username': 'linken', 'create_time': 1486720211, 'mobile': '1213213123', 'email': 'asdf@qq.com', 'mg_state': False}, {'id': 508, 'role_name': '主管', 'username': 'asdf1', 'create_time': 1511853015, 'mobile': '123123', 'email': 'adfsa@qq.com', 'mg_state': True}, {'id': 509, 'role_name': 'test', 'username': 'asdf123', 'create_time': 1511853353, 'mobile': '1111', 'email': 'asdf@qq.com', 'mg_state': False}, {'id': 510, 'role_name': '超级管理员', 'username': 'Rainx', 'create_time': 1680874378, 'mobile': None, 'email': None, 'mg_state': False}, {'id': 511, 'role_name': '超级管理员', 'username': 'Rainx778', 'create_time': 1680874378, 'mobile': None, 'email': 'yx123@163.com', 'mg_state': False}, {'id': 512, 'role_name': '超级管理员', 'username': 'Rainx&11', 'create_time': 1680874379, 'mobile': '13772008989', 'email': 'yx123@163.com', 'mg_state': False}, {'id': 513, 'role_name': '超级管理员', 'username': 'EcAEUICEsuMrQfavLGwU', 'create_time': 1680876030, 'mobile': None, 'email': None, 'mg_state': False}, {'id': 514, 'role_name': '超级管理员', 'username': 'rydjvAPmUYEfPPJkRpvJ', 'create_time': 1680876030, 'mobile': None, 'email': 'yx123@163.com', 'mg_state': False}, {'id': 515, 'role_name': '超级管理员', 'username': 'VnHNPPVChlmewzuEXEik', 'create_time': 1680876030, 'mobile': '13075620618', 'email': 'junzhao@example.org', 'mg_state': False}, {'id': 516, 'role_name': '超级管理员', 'username': 'DjUgroBQQVJZnzIbiaIq371', 'create_time': 1680876575, 'mobile': None, 'email': None, 'mg_state': False}, {'id': 517, 'role_name': '超级管理员', 'username': 'nosugTIaxxGwnzYKifiv172', 'create_time': 1680876575, 'mobile': None, 'email': 'yx123@163.com', 'mg_state': False}, {'id': 518, 'role_name': '超级管理员', 'username': 'qHYzuDgTCBUjorlayZRi454', 'create_time': 1680876575, 'mobile': '13833909346', 'email': 'mingdai@example.net', 'mg_state': False}, {'id': 519, 'role_name': '超级管理员', 'username': 'paIo776', 'create_time': 1680876688, 'mobile': None, 'email': None, 'mg_state': False}, {'id': 520, 'role_name': '超级管理员', 'username': 'IjeR086', 'create_time': 1680876688, 'mobile': None, 'email': 'yx123@163.com', 'mg_state': False}, {'id': 521, 'role_name': '超级管理员', 'username': 'LEVP141', 'create_time': 1680876688, 'mobile': '18249493500', 'email': 'cfu@example.net', 'mg_state': False}, {'id': 522, 'role_name': '超级管理员', 'username': 'hVRq295', 'create_time': 1680876752, 'mobile': None, 'email': None, 'mg_state': False}, {'id': 523, 'role_name': '超级管理员', 'username': 'KVSQ299', 'create_time': 1680876752, 'mobile': None, 'email': 'yancai@example.org', 'mg_state': False}, {'id': 524, 'role_name': '超级管理员', 'username': 'xqFD616', 'create_time': 1680876752, 'mobile': '13311116602', 'email': 'maofang@example.net', 'mg_state': False}, {'id': 525, 'role_name': '超级管理员', 'username': 'ynBw011', 'create_time': 1680877055, 'mobile': None, 'email': None, 'mg_state': False}]}, 'meta': {'msg': '获取管理员列表成功', 'status': 200}}
接口响应时长: 6 ms
Http状态码: 200
断言结果: 200
=====================================================
INFO    2023-04-08 22:35:07,137G:\auto_api1_framework\logs\info-2023-04-08.log:test_get_user_data_list.py:29 2023-04-08 22:35:06 >>>>>> 执行结束！
INFO    2023-04-08 22:35:24,509G:\auto_api1_framework\logs\info-2023-04-08.log:test_update_user_status.py:26 2023-04-08 22:35:24 >>>>>> 开始执行：
INFO    2023-04-08 22:35:24,756G:\auto_api1_framework\logs\info-2023-04-08.log:log_decorator.py:42 
======================================================
用例标题: 创建用户成功（全部参数）
请求路径: http://127.0.0.1:8888/api/private/v1/users
请求方式: POST
请求头:   {'User-Agent': 'python-requests/2.28.2', 'Accept-Encoding': 'gzip, deflate', 'Accept': '*/*', 'Connection': 'keep-alive', 'Content-Type': 'application/json', 'Authorization': 'Bearer eyJhbGciOiJIUzI1NiIsInR5cCI6IkpXVCJ9.eyJ1aWQiOjUwMCwicmlkIjowLCJpYXQiOjE2ODA5NjQ1MjQsImV4cCI6MTY4MTA1MDkyNH0.4rYMj0gEbpTzPsw83PmTAr938_glFmAwqeOXEk-kcKU', 'Content-Length': '105'}
请求内容: {'username': 'hKRTu941', 'password': 'G_+61Rm^', 'email': 'yuguiying@yahoo.com', 'mobile': '18777971079'}
接口响应内容: {'data': {'id': 741, 'username': 'hKRTu941', 'mobile': '18777971079', 'email': 'yuguiying@yahoo.com', 'role_id': -1, 'create_time': 1680964524}, 'meta': {'msg': '创建成功', 'status': 201}}
接口响应时长: 81 ms
Http状态码: 200
断言结果: 200
=====================================================
INFO    2023-04-08 22:35:24,838G:\auto_api1_framework\logs\info-2023-04-08.log:test_update_user_status.py:29 2023-04-08 22:35:24 >>>>>> 执行结束！
INFO    2023-04-08 22:36:11,016G:\auto_api1_framework\logs\info-2023-04-08.log:test_update_user_status.py:26 2023-04-08 22:36:10 >>>>>> 开始执行：
INFO    2023-04-08 22:36:11,250G:\auto_api1_framework\logs\info-2023-04-08.log:log_decorator.py:42 
======================================================
用例标题: 创建用户成功（全部参数）
请求路径: http://127.0.0.1:8888/api/private/v1/users
请求方式: POST
请求头:   {'User-Agent': 'python-requests/2.28.2', 'Accept-Encoding': 'gzip, deflate', 'Accept': '*/*', 'Connection': 'keep-alive', 'Content-Type': 'application/json', 'Authorization': 'Bearer eyJhbGciOiJIUzI1NiIsInR5cCI6IkpXVCJ9.eyJ1aWQiOjUwMCwicmlkIjowLCJpYXQiOjE2ODA5NjQ1NzEsImV4cCI6MTY4MTA1MDk3MX0.7R5uVgI0CCltVBUzeeTzgrAA5jq8_hEz5aIZmg-8CDM', 'Content-Length': '101'}
请求内容: {'username': 'cdOKc235', 'password': '!3VKqs7)', 'email': 'yye@hotmail.com', 'mobile': '13161528223'}
接口响应内容: {'data': {'id': 742, 'username': 'cdOKc235', 'mobile': '13161528223', 'email': 'yye@hotmail.com', 'role_id': -1, 'create_time': 1680964571}, 'meta': {'msg': '创建成功', 'status': 201}}
接口响应时长: 68 ms
Http状态码: 200
断言结果: 200
=====================================================
INFO    2023-04-08 22:36:11,330G:\auto_api1_framework\logs\info-2023-04-08.log:test_update_user_status.py:29 2023-04-08 22:36:10 >>>>>> 执行结束！
INFO    2023-04-08 22:38:41,236G:\auto_api1_framework\logs\info-2023-04-08.log:test_update_user_status.py:26 2023-04-08 22:38:41 >>>>>> 开始执行：
INFO    2023-04-08 22:38:41,482G:\auto_api1_framework\logs\info-2023-04-08.log:log_decorator.py:42 
======================================================
用例标题: 创建用户成功（全部参数）
请求路径: http://127.0.0.1:8888/api/private/v1/users
请求方式: POST
请求头:   {'User-Agent': 'python-requests/2.28.2', 'Accept-Encoding': 'gzip, deflate', 'Accept': '*/*', 'Connection': 'keep-alive', 'Content-Type': 'application/json', 'Authorization': 'Bearer eyJhbGciOiJIUzI1NiIsInR5cCI6IkpXVCJ9.eyJ1aWQiOjUwMCwicmlkIjowLCJpYXQiOjE2ODA5NjQ3MjEsImV4cCI6MTY4MTA1MTEyMX0.zKyuOMZ_euDkIQD5kwj6o5oX4BCGip3o8Wlgtp_lDa8', 'Content-Length': '101'}
请求内容: {'username': 'udmuZ976', 'password': 'Rj&3YHQc', 'email': 'jxiao@gmail.com', 'mobile': '13743344396'}
接口响应内容: {'data': {'id': 743, 'username': 'udmuZ976', 'mobile': '13743344396', 'email': 'jxiao@gmail.com', 'role_id': -1, 'create_time': 1680964721}, 'meta': {'msg': '创建成功', 'status': 201}}
接口响应时长: 76 ms
Http状态码: 200
断言结果: 200
=====================================================
INFO    2023-04-08 22:38:41,563G:\auto_api1_framework\logs\info-2023-04-08.log:test_update_user_status.py:29 2023-04-08 22:38:41 >>>>>> 执行结束！
INFO    2023-04-08 22:39:09,310G:\auto_api1_framework\logs\info-2023-04-08.log:test_update_user_status.py:26 2023-04-08 22:39:09 >>>>>> 开始执行：
INFO    2023-04-08 22:39:09,568G:\auto_api1_framework\logs\info-2023-04-08.log:log_decorator.py:42 
======================================================
用例标题: 创建用户成功（全部参数）
请求路径: http://127.0.0.1:8888/api/private/v1/users
请求方式: POST
请求头:   {'User-Agent': 'python-requests/2.28.2', 'Accept-Encoding': 'gzip, deflate', 'Accept': '*/*', 'Connection': 'keep-alive', 'Content-Type': 'application/json', 'Authorization': 'Bearer eyJhbGciOiJIUzI1NiIsInR5cCI6IkpXVCJ9.eyJ1aWQiOjUwMCwicmlkIjowLCJpYXQiOjE2ODA5NjQ3NDksImV4cCI6MTY4MTA1MTE0OX0.gzY4rfl0WxOWcZCLJgY3eqf99e0z5qX1oF3i32p5Ovg', 'Content-Length': '104'}
请求内容: {'username': 'athSp655', 'password': '#&5jAobC', 'email': 'tangyang@yahoo.com', 'mobile': '13121414268'}
接口响应内容: {'data': {'id': 744, 'username': 'athSp655', 'mobile': '13121414268', 'email': 'tangyang@yahoo.com', 'role_id': -1, 'create_time': 1680964749}, 'meta': {'msg': '创建成功', 'status': 201}}
接口响应时长: 89 ms
Http状态码: 200
断言结果: 200
=====================================================
INFO    2023-04-08 22:39:09,651G:\auto_api1_framework\logs\info-2023-04-08.log:test_update_user_status.py:29 2023-04-08 22:39:09 >>>>>> 执行结束！
INFO    2023-04-08 22:40:35,350G:\auto_api1_framework\logs\info-2023-04-08.log:test_update_user_status.py:26 2023-04-08 22:40:35 >>>>>> 开始执行：
INFO    2023-04-08 22:40:35,604G:\auto_api1_framework\logs\info-2023-04-08.log:log_decorator.py:42 
======================================================
用例标题: 创建用户成功（全部参数）
请求路径: http://127.0.0.1:8888/api/private/v1/users
请求方式: POST
请求头:   {'User-Agent': 'python-requests/2.28.2', 'Accept-Encoding': 'gzip, deflate', 'Accept': '*/*', 'Connection': 'keep-alive', 'Content-Type': 'application/json', 'Authorization': 'Bearer eyJhbGciOiJIUzI1NiIsInR5cCI6IkpXVCJ9.eyJ1aWQiOjUwMCwicmlkIjowLCJpYXQiOjE2ODA5NjQ4MzUsImV4cCI6MTY4MTA1MTIzNX0.TkvahNrwsgNEbhTbQ0B21e-tVEQT_YPP7lwAEkHXkCY', 'Content-Length': '102'}
请求内容: {'username': 'jUVgt819', 'password': '&n2&g3Do', 'email': 'qinxia@yahoo.com', 'mobile': '18782455313'}
接口响应内容: {'data': {'id': 745, 'username': 'jUVgt819', 'mobile': '18782455313', 'email': 'qinxia@yahoo.com', 'role_id': -1, 'create_time': 1680964835}, 'meta': {'msg': '创建成功', 'status': 201}}
接口响应时长: 88 ms
Http状态码: 200
断言结果: 200
=====================================================
INFO    2023-04-08 22:40:35,683G:\auto_api1_framework\logs\info-2023-04-08.log:test_update_user_status.py:29 2023-04-08 22:40:35 >>>>>> 执行结束！
INFO    2023-04-08 22:42:05,719G:\auto_api1_framework\logs\info-2023-04-08.log:test_update_user_status.py:26 2023-04-08 22:42:05 >>>>>> 开始执行：
INFO    2023-04-08 22:42:05,959G:\auto_api1_framework\logs\info-2023-04-08.log:log_decorator.py:42 
======================================================
用例标题: 创建用户成功（全部参数）
请求路径: http://127.0.0.1:8888/api/private/v1/users
请求方式: POST
请求头:   {'User-Agent': 'python-requests/2.28.2', 'Accept-Encoding': 'gzip, deflate', 'Accept': '*/*', 'Connection': 'keep-alive', 'Content-Type': 'application/json', 'Authorization': 'Bearer eyJhbGciOiJIUzI1NiIsInR5cCI6IkpXVCJ9.eyJ1aWQiOjUwMCwicmlkIjowLCJpYXQiOjE2ODA5NjQ5MjUsImV4cCI6MTY4MTA1MTMyNX0.EG33ACdoljWpQM6vZ6qwjFvs83fhrhG0x2b4_ZHSXT4', 'Content-Length': '107'}
请求内容: {'username': 'qPTwn778', 'password': 't(g62Suy', 'email': 'juanliang@hotmail.com', 'mobile': '15965910919'}
接口响应内容: {'data': {'id': 746, 'username': 'qPTwn778', 'mobile': '15965910919', 'email': 'juanliang@hotmail.com', 'role_id': -1, 'create_time': 1680964925}, 'meta': {'msg': '创建成功', 'status': 201}}
接口响应时长: 76 ms
Http状态码: 200
断言结果: 200
=====================================================
INFO    2023-04-08 22:42:06,039G:\auto_api1_framework\logs\info-2023-04-08.log:test_update_user_status.py:29 2023-04-08 22:42:05 >>>>>> 执行结束！
INFO    2023-04-08 22:44:35,067G:\auto_api1_framework\logs\info-2023-04-08.log:test_update_user_status.py:26 2023-04-08 22:44:34 >>>>>> 开始执行：
INFO    2023-04-08 22:44:35,302G:\auto_api1_framework\logs\info-2023-04-08.log:log_decorator.py:42 
======================================================
用例标题: 创建用户成功（全部参数）
请求路径: http://127.0.0.1:8888/api/private/v1/users
请求方式: POST
请求头:   {'User-Agent': 'python-requests/2.28.2', 'Accept-Encoding': 'gzip, deflate', 'Accept': '*/*', 'Connection': 'keep-alive', 'Content-Type': 'application/json', 'Authorization': 'Bearer eyJhbGciOiJIUzI1NiIsInR5cCI6IkpXVCJ9.eyJ1aWQiOjUwMCwicmlkIjowLCJpYXQiOjE2ODA5NjUwNzUsImV4cCI6MTY4MTA1MTQ3NX0.L8A5UtZT9mqhjZoKaz0WHB5TfBuAO5bnj7KcTWbwucU', 'Content-Length': '101'}
请求内容: {'username': 'qGbyp536', 'password': 'I#p0UZ6m', 'email': 'pwang@gmail.com', 'mobile': '15849406884'}
接口响应内容: {'data': {'id': 747, 'username': 'qGbyp536', 'mobile': '15849406884', 'email': 'pwang@gmail.com', 'role_id': -1, 'create_time': 1680965075}, 'meta': {'msg': '创建成功', 'status': 201}}
接口响应时长: 71 ms
Http状态码: 200
断言结果: 200
=====================================================
INFO    2023-04-08 22:44:35,392G:\auto_api1_framework\logs\info-2023-04-08.log:test_update_user_status.py:29 2023-04-08 22:44:34 >>>>>> 执行结束！
INFO    2023-04-08 22:48:18,322G:\auto_api1_framework\logs\info-2023-04-08.log:test_update_user_status.py:26 2023-04-08 22:48:18 >>>>>> 开始执行：
INFO    2023-04-08 22:48:18,577G:\auto_api1_framework\logs\info-2023-04-08.log:log_decorator.py:42 
======================================================
用例标题: 创建用户成功（全部参数）
请求路径: http://127.0.0.1:8888/api/private/v1/users
请求方式: POST
请求头:   {'User-Agent': 'python-requests/2.28.2', 'Accept-Encoding': 'gzip, deflate', 'Accept': '*/*', 'Connection': 'keep-alive', 'Content-Type': 'application/json', 'Authorization': 'Bearer eyJhbGciOiJIUzI1NiIsInR5cCI6IkpXVCJ9.eyJ1aWQiOjUwMCwicmlkIjowLCJpYXQiOjE2ODA5NjUyOTgsImV4cCI6MTY4MTA1MTY5OH0.QSgQtYy4zU3FmmLWUpaxeLtSd5mPEOGOpX_gl6b3hUw', 'Content-Length': '104'}
请求内容: {'username': 'BFEGc431', 'password': 'o8#5pDlo', 'email': 'gang18@hotmail.com', 'mobile': '13126286702'}
接口响应内容: {'data': {'id': 748, 'username': 'BFEGc431', 'mobile': '13126286702', 'email': 'gang18@hotmail.com', 'role_id': -1, 'create_time': 1680965298}, 'meta': {'msg': '创建成功', 'status': 201}}
接口响应时长: 86 ms
Http状态码: 200
断言结果: 200
=====================================================
INFO    2023-04-08 22:48:18,661G:\auto_api1_framework\logs\info-2023-04-08.log:test_update_user_status.py:29 2023-04-08 22:48:18 >>>>>> 执行结束！
INFO    2023-04-08 22:48:51,021G:\auto_api1_framework\logs\info-2023-04-08.log:test_update_user_status.py:26 2023-04-08 22:48:50 >>>>>> 开始执行：
INFO    2023-04-08 22:48:51,260G:\auto_api1_framework\logs\info-2023-04-08.log:log_decorator.py:42 
======================================================
用例标题: 创建用户成功（全部参数）
请求路径: http://127.0.0.1:8888/api/private/v1/users
请求方式: POST
请求头:   {'User-Agent': 'python-requests/2.28.2', 'Accept-Encoding': 'gzip, deflate', 'Accept': '*/*', 'Connection': 'keep-alive', 'Content-Type': 'application/json', 'Authorization': 'Bearer eyJhbGciOiJIUzI1NiIsInR5cCI6IkpXVCJ9.eyJ1aWQiOjUwMCwicmlkIjowLCJpYXQiOjE2ODA5NjUzMzEsImV4cCI6MTY4MTA1MTczMX0.t4jDiDk3kpoDlgl-ElsNuLnNexgkpzp1BiNn3Ty19Io', 'Content-Length': '105'}
请求内容: {'username': 'JVMBc644', 'password': 'xoc&l7At', 'email': 'juanyan@hotmail.com', 'mobile': '14749152385'}
接口响应内容: {'data': {'id': 749, 'username': 'JVMBc644', 'mobile': '14749152385', 'email': 'juanyan@hotmail.com', 'role_id': -1, 'create_time': 1680965331}, 'meta': {'msg': '创建成功', 'status': 201}}
接口响应时长: 74 ms
Http状态码: 200
断言结果: 200
=====================================================
INFO    2023-04-08 22:48:51,345G:\auto_api1_framework\logs\info-2023-04-08.log:test_update_user_status.py:29 2023-04-08 22:48:50 >>>>>> 执行结束！
INFO    2023-04-08 22:49:38,052G:\auto_api1_framework\logs\info-2023-04-08.log:test_update_user_status.py:26 2023-04-08 22:49:37 >>>>>> 开始执行：
INFO    2023-04-08 22:49:38,300G:\auto_api1_framework\logs\info-2023-04-08.log:log_decorator.py:42 
======================================================
用例标题: 创建用户成功（全部参数）
请求路径: http://127.0.0.1:8888/api/private/v1/users
请求方式: POST
请求头:   {'User-Agent': 'python-requests/2.28.2', 'Accept-Encoding': 'gzip, deflate', 'Accept': '*/*', 'Connection': 'keep-alive', 'Content-Type': 'application/json', 'Authorization': 'Bearer eyJhbGciOiJIUzI1NiIsInR5cCI6IkpXVCJ9.eyJ1aWQiOjUwMCwicmlkIjowLCJpYXQiOjE2ODA5NjUzNzgsImV4cCI6MTY4MTA1MTc3OH0.XSOmqbhBcONXDNt0_s8snW-1ZYbA5-TTVs-b-ShSKOs', 'Content-Length': '102'}
请求内容: {'username': 'IIjFL706', 'password': 'A#83AnxH', 'email': 'kwei@hotmail.com', 'mobile': '14553944839'}
接口响应内容: {'data': {'id': 750, 'username': 'IIjFL706', 'mobile': '14553944839', 'email': 'kwei@hotmail.com', 'role_id': -1, 'create_time': 1680965378}, 'meta': {'msg': '创建成功', 'status': 201}}
接口响应时长: 79 ms
Http状态码: 200
断言结果: 200
=====================================================
INFO    2023-04-08 22:49:38,381G:\auto_api1_framework\logs\info-2023-04-08.log:test_update_user_status.py:29 2023-04-08 22:49:37 >>>>>> 执行结束！
INFO    2023-04-08 22:50:53,476G:\auto_api1_framework\logs\info-2023-04-08.log:test_update_user_status.py:26 2023-04-08 22:50:53 >>>>>> 开始执行：
INFO    2023-04-08 22:50:53,724G:\auto_api1_framework\logs\info-2023-04-08.log:log_decorator.py:42 
======================================================
用例标题: 创建用户成功（全部参数）
请求路径: http://127.0.0.1:8888/api/private/v1/users
请求方式: POST
请求头:   {'User-Agent': 'python-requests/2.28.2', 'Accept-Encoding': 'gzip, deflate', 'Accept': '*/*', 'Connection': 'keep-alive', 'Content-Type': 'application/json', 'Authorization': 'Bearer eyJhbGciOiJIUzI1NiIsInR5cCI6IkpXVCJ9.eyJ1aWQiOjUwMCwicmlkIjowLCJpYXQiOjE2ODA5NjU0NTMsImV4cCI6MTY4MTA1MTg1M30.AvwUWT9s-U05AXBLNnXeInKRqRiN7AxjwKYK1Vp8JQU', 'Content-Length': '104'}
请求内容: {'username': 'sUeyl451', 'password': ')0VzLPHj', 'email': 'yangdeng@gmail.com', 'mobile': '18225270236'}
接口响应内容: {'data': {'id': 751, 'username': 'sUeyl451', 'mobile': '18225270236', 'email': 'yangdeng@gmail.com', 'role_id': -1, 'create_time': 1680965453}, 'meta': {'msg': '创建成功', 'status': 201}}
接口响应时长: 90 ms
Http状态码: 200
断言结果: 200
=====================================================
INFO    2023-04-08 22:50:53,806G:\auto_api1_framework\logs\info-2023-04-08.log:test_update_user_status.py:29 2023-04-08 22:50:53 >>>>>> 执行结束！
INFO    2023-04-08 22:52:18,498G:\auto_api1_framework\logs\info-2023-04-08.log:test_update_user_status.py:26 2023-04-08 22:52:18 >>>>>> 开始执行：
INFO    2023-04-08 22:52:18,742G:\auto_api1_framework\logs\info-2023-04-08.log:log_decorator.py:42 
======================================================
用例标题: 创建用户成功（全部参数）
请求路径: http://127.0.0.1:8888/api/private/v1/users
请求方式: POST
请求头:   {'User-Agent': 'python-requests/2.28.2', 'Accept-Encoding': 'gzip, deflate', 'Accept': '*/*', 'Connection': 'keep-alive', 'Content-Type': 'application/json', 'Authorization': 'Bearer eyJhbGciOiJIUzI1NiIsInR5cCI6IkpXVCJ9.eyJ1aWQiOjUwMCwicmlkIjowLCJpYXQiOjE2ODA5NjU1MzgsImV4cCI6MTY4MTA1MTkzOH0.4iXbE3sroTqsmIfNpip_y1ijPQ5B_07KIYtC2TuXg1g', 'Content-Length': '104'}
请求内容: {'username': 'ncnjF773', 'password': '&p53WsZQ', 'email': 'jiehan@hotmail.com', 'mobile': '13956420501'}
接口响应内容: {'data': {'id': 752, 'username': 'ncnjF773', 'mobile': '13956420501', 'email': 'jiehan@hotmail.com', 'role_id': -1, 'create_time': 1680965538}, 'meta': {'msg': '创建成功', 'status': 201}}
接口响应时长: 76 ms
Http状态码: 200
断言结果: 200
=====================================================
INFO    2023-04-08 22:52:18,820G:\auto_api1_framework\logs\info-2023-04-08.log:test_update_user_status.py:29 2023-04-08 22:52:18 >>>>>> 执行结束！
INFO    2023-04-08 22:54:02,008G:\auto_api1_framework\logs\info-2023-04-08.log:test_update_user_status.py:26 2023-04-08 22:54:01 >>>>>> 开始执行：
INFO    2023-04-08 22:54:02,281G:\auto_api1_framework\logs\info-2023-04-08.log:log_decorator.py:42 
======================================================
用例标题: 创建用户成功（全部参数）
请求路径: http://127.0.0.1:8888/api/private/v1/users
请求方式: POST
请求头:   {'User-Agent': 'python-requests/2.28.2', 'Accept-Encoding': 'gzip, deflate', 'Accept': '*/*', 'Connection': 'keep-alive', 'Content-Type': 'application/json', 'Authorization': 'Bearer eyJhbGciOiJIUzI1NiIsInR5cCI6IkpXVCJ9.eyJ1aWQiOjUwMCwicmlkIjowLCJpYXQiOjE2ODA5NjU2NDIsImV4cCI6MTY4MTA1MjA0Mn0.P-z259jap86YvUXWe1n3CyETTEkop1ASz--lraBi_VY', 'Content-Length': '105'}
请求内容: {'username': 'OVfKf051', 'password': '_G70B(cl', 'email': 'yongxia@hotmail.com', 'mobile': '13764988346'}
接口响应内容: {'data': {'id': 753, 'username': 'OVfKf051', 'mobile': '13764988346', 'email': 'yongxia@hotmail.com', 'role_id': -1, 'create_time': 1680965642}, 'meta': {'msg': '创建成功', 'status': 201}}
接口响应时长: 82 ms
Http状态码: 200
断言结果: 200
=====================================================
INFO    2023-04-08 22:54:02,367G:\auto_api1_framework\logs\info-2023-04-08.log:test_update_user_status.py:29 2023-04-08 22:54:01 >>>>>> 执行结束！
INFO    2023-04-08 22:55:23,111G:\auto_api1_framework\logs\info-2023-04-08.log:test_update_user_status.py:26 2023-04-08 22:55:22 >>>>>> 开始执行：
INFO    2023-04-08 22:55:23,359G:\auto_api1_framework\logs\info-2023-04-08.log:log_decorator.py:42 
======================================================
用例标题: 创建用户成功（全部参数）
请求路径: http://127.0.0.1:8888/api/private/v1/users
请求方式: POST
请求头:   {'User-Agent': 'python-requests/2.28.2', 'Accept-Encoding': 'gzip, deflate', 'Accept': '*/*', 'Connection': 'keep-alive', 'Content-Type': 'application/json', 'Authorization': 'Bearer eyJhbGciOiJIUzI1NiIsInR5cCI6IkpXVCJ9.eyJ1aWQiOjUwMCwicmlkIjowLCJpYXQiOjE2ODA5NjU3MjMsImV4cCI6MTY4MTA1MjEyM30.COsMbITdaAn4cVOmhsBErMmbApjmZ1jTrr0LNR_iSuk', 'Content-Length': '102'}
请求内容: {'username': 'MNJpn332', 'password': 'Q%$y7YNh', 'email': 'jinghu@yahoo.com', 'mobile': '14596379556'}
接口响应内容: {'data': {'id': 754, 'username': 'MNJpn332', 'mobile': '14596379556', 'email': 'jinghu@yahoo.com', 'role_id': -1, 'create_time': 1680965723}, 'meta': {'msg': '创建成功', 'status': 201}}
接口响应时长: 77 ms
Http状态码: 200
断言结果: 200
=====================================================
INFO    2023-04-08 22:55:23,441G:\auto_api1_framework\logs\info-2023-04-08.log:test_update_user_status.py:29 2023-04-08 22:55:22 >>>>>> 执行结束！
INFO    2023-04-08 22:56:16,159G:\auto_api1_framework\logs\info-2023-04-08.log:test_update_user_status.py:26 2023-04-08 22:56:16 >>>>>> 开始执行：
INFO    2023-04-08 22:56:16,410G:\auto_api1_framework\logs\info-2023-04-08.log:log_decorator.py:42 
======================================================
用例标题: 创建用户成功（全部参数）
请求路径: http://127.0.0.1:8888/api/private/v1/users
请求方式: POST
请求头:   {'User-Agent': 'python-requests/2.28.2', 'Accept-Encoding': 'gzip, deflate', 'Accept': '*/*', 'Connection': 'keep-alive', 'Content-Type': 'application/json', 'Authorization': 'Bearer eyJhbGciOiJIUzI1NiIsInR5cCI6IkpXVCJ9.eyJ1aWQiOjUwMCwicmlkIjowLCJpYXQiOjE2ODA5NjU3NzYsImV4cCI6MTY4MTA1MjE3Nn0.jSasfrFPzqr5KbFGfyXjFzWvEbzju_IIG_rAOhPfhFY', 'Content-Length': '102'}
请求内容: {'username': 'DRdPw422', 'password': '%+9Rj4f6', 'email': 'zshi@hotmail.com', 'mobile': '18823762606'}
接口响应内容: {'data': {'id': 755, 'username': 'DRdPw422', 'mobile': '18823762606', 'email': 'zshi@hotmail.com', 'role_id': -1, 'create_time': 1680965776}, 'meta': {'msg': '创建成功', 'status': 201}}
接口响应时长: 85 ms
Http状态码: 200
断言结果: 200
=====================================================
INFO    2023-04-08 22:56:16,490G:\auto_api1_framework\logs\info-2023-04-08.log:test_update_user_status.py:29 2023-04-08 22:56:16 >>>>>> 执行结束！
INFO    2023-04-08 22:57:21,843G:\auto_api1_framework\logs\info-2023-04-08.log:test_update_user_status.py:26 2023-04-08 22:57:21 >>>>>> 开始执行：
INFO    2023-04-08 22:57:22,106G:\auto_api1_framework\logs\info-2023-04-08.log:log_decorator.py:42 
======================================================
用例标题: 创建用户成功（全部参数）
请求路径: http://127.0.0.1:8888/api/private/v1/users
请求方式: POST
请求头:   {'User-Agent': 'python-requests/2.28.2', 'Accept-Encoding': 'gzip, deflate', 'Accept': '*/*', 'Connection': 'keep-alive', 'Content-Type': 'application/json', 'Authorization': 'Bearer eyJhbGciOiJIUzI1NiIsInR5cCI6IkpXVCJ9.eyJ1aWQiOjUwMCwicmlkIjowLCJpYXQiOjE2ODA5NjU4NDEsImV4cCI6MTY4MTA1MjI0MX0.mAsV2UuRZDzL74a3_pXrS9tPjUhwbkv0X4nd97BlME0', 'Content-Length': '102'}
请求内容: {'username': 'mocjr143', 'password': '%v^2mKPe', 'email': 'gang90@yahoo.com', 'mobile': '14514531931'}
接口响应内容: {'data': {'id': 756, 'username': 'mocjr143', 'mobile': '14514531931', 'email': 'gang90@yahoo.com', 'role_id': -1, 'create_time': 1680965842}, 'meta': {'msg': '创建成功', 'status': 201}}
接口响应时长: 86 ms
Http状态码: 200
断言结果: 200
=====================================================
INFO    2023-04-08 22:57:22,198G:\auto_api1_framework\logs\info-2023-04-08.log:test_update_user_status.py:29 2023-04-08 22:57:21 >>>>>> 执行结束！
INFO    2023-04-08 22:57:36,140G:\auto_api1_framework\logs\info-2023-04-08.log:test_update_user_status.py:26 2023-04-08 22:57:36 >>>>>> 开始执行：
INFO    2023-04-08 22:57:36,386G:\auto_api1_framework\logs\info-2023-04-08.log:log_decorator.py:42 
======================================================
用例标题: 创建用户成功（全部参数）
请求路径: http://127.0.0.1:8888/api/private/v1/users
请求方式: POST
请求头:   {'User-Agent': 'python-requests/2.28.2', 'Accept-Encoding': 'gzip, deflate', 'Accept': '*/*', 'Connection': 'keep-alive', 'Content-Type': 'application/json', 'Authorization': 'Bearer eyJhbGciOiJIUzI1NiIsInR5cCI6IkpXVCJ9.eyJ1aWQiOjUwMCwicmlkIjowLCJpYXQiOjE2ODA5NjU4NTYsImV4cCI6MTY4MTA1MjI1Nn0.n9KHdAvXN7OHt6gjCRbpLlmBIvqwJZCScegK33gwajU', 'Content-Length': '104'}
请求内容: {'username': 'cjCzC620', 'password': '&1TEoe%C', 'email': 'xiahou@hotmail.com', 'mobile': '18630153989'}
接口响应内容: {'data': {'id': 757, 'username': 'cjCzC620', 'mobile': '18630153989', 'email': 'xiahou@hotmail.com', 'role_id': -1, 'create_time': 1680965856}, 'meta': {'msg': '创建成功', 'status': 201}}
接口响应时长: 75 ms
Http状态码: 200
断言结果: 200
=====================================================
INFO    2023-04-08 22:57:36,466G:\auto_api1_framework\logs\info-2023-04-08.log:test_update_user_status.py:29 2023-04-08 22:57:36 >>>>>> 执行结束！
INFO    2023-04-08 22:58:23,057G:\auto_api1_framework\logs\info-2023-04-08.log:test_update_user_status.py:26 2023-04-08 22:58:22 >>>>>> 开始执行：
INFO    2023-04-08 22:58:23,308G:\auto_api1_framework\logs\info-2023-04-08.log:log_decorator.py:42 
======================================================
用例标题: 创建用户成功（全部参数）
请求路径: http://127.0.0.1:8888/api/private/v1/users
请求方式: POST
请求头:   {'User-Agent': 'python-requests/2.28.2', 'Accept-Encoding': 'gzip, deflate', 'Accept': '*/*', 'Connection': 'keep-alive', 'Content-Type': 'application/json', 'Authorization': 'Bearer eyJhbGciOiJIUzI1NiIsInR5cCI6IkpXVCJ9.eyJ1aWQiOjUwMCwicmlkIjowLCJpYXQiOjE2ODA5NjU5MDMsImV4cCI6MTY4MTA1MjMwM30.pIq3CZqfkGYJalbh1nzIBcr7RudLbdHfd4797nQhSio', 'Content-Length': '102'}
请求内容: {'username': 'rhBgg057', 'password': '&M8F0k50', 'email': 'jing19@yahoo.com', 'mobile': '15102034583'}
接口响应内容: {'data': {'id': 758, 'username': 'rhBgg057', 'mobile': '15102034583', 'email': 'jing19@yahoo.com', 'role_id': -1, 'create_time': 1680965903}, 'meta': {'msg': '创建成功', 'status': 201}}
接口响应时长: 83 ms
Http状态码: 200
断言结果: 200
=====================================================
INFO    2023-04-08 22:58:23,393G:\auto_api1_framework\logs\info-2023-04-08.log:test_update_user_status.py:29 2023-04-08 22:58:22 >>>>>> 执行结束！
INFO    2023-04-08 22:59:10,306G:\auto_api1_framework\logs\info-2023-04-08.log:test_update_user_status.py:26 2023-04-08 22:59:10 >>>>>> 开始执行：
INFO    2023-04-08 22:59:10,551G:\auto_api1_framework\logs\info-2023-04-08.log:log_decorator.py:42 
======================================================
用例标题: 创建用户成功（全部参数）
请求路径: http://127.0.0.1:8888/api/private/v1/users
请求方式: POST
请求头:   {'User-Agent': 'python-requests/2.28.2', 'Accept-Encoding': 'gzip, deflate', 'Accept': '*/*', 'Connection': 'keep-alive', 'Content-Type': 'application/json', 'Authorization': 'Bearer eyJhbGciOiJIUzI1NiIsInR5cCI6IkpXVCJ9.eyJ1aWQiOjUwMCwicmlkIjowLCJpYXQiOjE2ODA5NjU5NTAsImV4cCI6MTY4MTA1MjM1MH0.qvV-HOtqRg08QmuNcQblB49sMwwbCezyKd8oV7lPsH0', 'Content-Length': '102'}
请求内容: {'username': 'SSqFf185', 'password': 't@0Xvvp1', 'email': 'sunjie@gmail.com', 'mobile': '14592002557'}
接口响应内容: {'data': {'id': 759, 'username': 'SSqFf185', 'mobile': '14592002557', 'email': 'sunjie@gmail.com', 'role_id': -1, 'create_time': 1680965950}, 'meta': {'msg': '创建成功', 'status': 201}}
接口响应时长: 77 ms
Http状态码: 200
断言结果: 200
=====================================================
INFO    2023-04-08 22:59:10,631G:\auto_api1_framework\logs\info-2023-04-08.log:test_update_user_status.py:29 2023-04-08 22:59:10 >>>>>> 执行结束！
INFO    2023-04-08 23:01:27,043G:\auto_api1_framework\logs\info-2023-04-08.log:test_update_user_status.py:26 2023-04-08 23:01:26 >>>>>> 开始执行：
INFO    2023-04-08 23:01:27,288G:\auto_api1_framework\logs\info-2023-04-08.log:log_decorator.py:42 
======================================================
用例标题: 创建用户成功（全部参数）
请求路径: http://127.0.0.1:8888/api/private/v1/users
请求方式: POST
请求头:   {'User-Agent': 'python-requests/2.28.2', 'Accept-Encoding': 'gzip, deflate', 'Accept': '*/*', 'Connection': 'keep-alive', 'Content-Type': 'application/json', 'Authorization': 'Bearer eyJhbGciOiJIUzI1NiIsInR5cCI6IkpXVCJ9.eyJ1aWQiOjUwMCwicmlkIjowLCJpYXQiOjE2ODA5NjYwODcsImV4cCI6MTY4MTA1MjQ4N30.1Di1hDB8pPAQyDCIINQGz2-d3_wClPB6sQTiYQtL2nM', 'Content-Length': '106'}
请求内容: {'username': 'BQtAR619', 'password': '**#Qk3Ji', 'email': 'huangjun@hotmail.com', 'mobile': '15328679708'}
接口响应内容: {'data': {'id': 760, 'username': 'BQtAR619', 'mobile': '15328679708', 'email': 'huangjun@hotmail.com', 'role_id': -1, 'create_time': 1680966087}, 'meta': {'msg': '创建成功', 'status': 201}}
接口响应时长: 77 ms
Http状态码: 200
断言结果: 200
=====================================================
INFO    2023-04-08 23:01:27,376G:\auto_api1_framework\logs\info-2023-04-08.log:test_update_user_status.py:29 2023-04-08 23:01:26 >>>>>> 执行结束！
INFO    2023-04-08 23:01:38,068G:\auto_api1_framework\logs\info-2023-04-08.log:test_update_user_status.py:26 2023-04-08 23:01:37 >>>>>> 开始执行：
INFO    2023-04-08 23:01:38,314G:\auto_api1_framework\logs\info-2023-04-08.log:log_decorator.py:42 
======================================================
用例标题: 创建用户成功（全部参数）
请求路径: http://127.0.0.1:8888/api/private/v1/users
请求方式: POST
请求头:   {'User-Agent': 'python-requests/2.28.2', 'Accept-Encoding': 'gzip, deflate', 'Accept': '*/*', 'Connection': 'keep-alive', 'Content-Type': 'application/json', 'Authorization': 'Bearer eyJhbGciOiJIUzI1NiIsInR5cCI6IkpXVCJ9.eyJ1aWQiOjUwMCwicmlkIjowLCJpYXQiOjE2ODA5NjYwOTgsImV4cCI6MTY4MTA1MjQ5OH0.dZO_VNNqX2fbSVl0fy5p6WlcC-L2wKO3hsZFzedosug', 'Content-Length': '105'}
请求内容: {'username': 'ybUmw571', 'password': '#@I7Mt@B', 'email': 'qiang60@hotmail.com', 'mobile': '18021872045'}
接口响应内容: {'data': {'id': 761, 'username': 'ybUmw571', 'mobile': '18021872045', 'email': 'qiang60@hotmail.com', 'role_id': -1, 'create_time': 1680966098}, 'meta': {'msg': '创建成功', 'status': 201}}
接口响应时长: 75 ms
Http状态码: 200
断言结果: 200
=====================================================
INFO    2023-04-08 23:01:38,400G:\auto_api1_framework\logs\info-2023-04-08.log:test_update_user_status.py:29 2023-04-08 23:01:37 >>>>>> 执行结束！
INFO    2023-04-08 23:02:08,760G:\auto_api1_framework\logs\info-2023-04-08.log:test_update_user_status.py:26 2023-04-08 23:02:08 >>>>>> 开始执行：
INFO    2023-04-08 23:02:09,016G:\auto_api1_framework\logs\info-2023-04-08.log:log_decorator.py:42 
======================================================
用例标题: 创建用户成功（全部参数）
请求路径: http://127.0.0.1:8888/api/private/v1/users
请求方式: POST
请求头:   {'User-Agent': 'python-requests/2.28.2', 'Accept-Encoding': 'gzip, deflate', 'Accept': '*/*', 'Connection': 'keep-alive', 'Content-Type': 'application/json', 'Authorization': 'Bearer eyJhbGciOiJIUzI1NiIsInR5cCI6IkpXVCJ9.eyJ1aWQiOjUwMCwicmlkIjowLCJpYXQiOjE2ODA5NjYxMjgsImV4cCI6MTY4MTA1MjUyOH0.2nyvBey7Z_Wf2CC9SeUjqn1Z9-dqxuAXpXGskeasdj4', 'Content-Length': '102'}
请求内容: {'username': 'pIBuG732', 'password': '6)9Y9uKz', 'email': 'pingyu@yahoo.com', 'mobile': '18953804950'}
接口响应内容: {'data': {'id': 762, 'username': 'pIBuG732', 'mobile': '18953804950', 'email': 'pingyu@yahoo.com', 'role_id': -1, 'create_time': 1680966129}, 'meta': {'msg': '创建成功', 'status': 201}}
接口响应时长: 82 ms
Http状态码: 200
断言结果: 200
=====================================================
INFO    2023-04-08 23:02:09,096G:\auto_api1_framework\logs\info-2023-04-08.log:test_update_user_status.py:29 2023-04-08 23:02:08 >>>>>> 执行结束！
INFO    2023-04-08 23:03:20,978G:\auto_api1_framework\logs\info-2023-04-08.log:test_update_user_status.py:26 2023-04-08 23:03:20 >>>>>> 开始执行：
INFO    2023-04-08 23:03:21,217G:\auto_api1_framework\logs\info-2023-04-08.log:log_decorator.py:42 
======================================================
用例标题: 创建用户成功（全部参数）
请求路径: http://127.0.0.1:8888/api/private/v1/users
请求方式: POST
请求头:   {'User-Agent': 'python-requests/2.28.2', 'Accept-Encoding': 'gzip, deflate', 'Accept': '*/*', 'Connection': 'keep-alive', 'Content-Type': 'application/json', 'Authorization': 'Bearer eyJhbGciOiJIUzI1NiIsInR5cCI6IkpXVCJ9.eyJ1aWQiOjUwMCwicmlkIjowLCJpYXQiOjE2ODA5NjYyMDAsImV4cCI6MTY4MTA1MjYwMH0.em7hUftlp4KkvBbFzlmE1pByivihVLBRmiNYfP0ErF0', 'Content-Length': '105'}
请求内容: {'username': 'JphYd034', 'password': 'uD5g+9Mj', 'email': 'guiying02@yahoo.com', 'mobile': '15503730766'}
接口响应内容: {'data': {'id': 763, 'username': 'JphYd034', 'mobile': '15503730766', 'email': 'guiying02@yahoo.com', 'role_id': -1, 'create_time': 1680966201}, 'meta': {'msg': '创建成功', 'status': 201}}
接口响应时长: 77 ms
Http状态码: 200
断言结果: 200
=====================================================
INFO    2023-04-08 23:03:21,295G:\auto_api1_framework\logs\info-2023-04-08.log:test_update_user_status.py:29 2023-04-08 23:03:20 >>>>>> 执行结束！
INFO    2023-04-08 23:04:40,406G:\auto_api1_framework\logs\info-2023-04-08.log:test_update_user_status.py:26 2023-04-08 23:04:40 >>>>>> 开始执行：
INFO    2023-04-08 23:04:40,649G:\auto_api1_framework\logs\info-2023-04-08.log:log_decorator.py:42 
======================================================
用例标题: 创建用户成功（全部参数）
请求路径: http://127.0.0.1:8888/api/private/v1/users
请求方式: POST
请求头:   {'User-Agent': 'python-requests/2.28.2', 'Accept-Encoding': 'gzip, deflate', 'Accept': '*/*', 'Connection': 'keep-alive', 'Content-Type': 'application/json', 'Authorization': 'Bearer eyJhbGciOiJIUzI1NiIsInR5cCI6IkpXVCJ9.eyJ1aWQiOjUwMCwicmlkIjowLCJpYXQiOjE2ODA5NjYyODAsImV4cCI6MTY4MTA1MjY4MH0.sS7jpoYhDTYBFMyg-tr9mbc0kPQ8wF8n9osgiGoJ6aM', 'Content-Length': '106'}
请求内容: {'username': 'nXQkE464', 'password': 'I_G)1Sed', 'email': 'qianggao@hotmail.com', 'mobile': '13611792417'}
接口响应内容: {'data': {'id': 764, 'username': 'nXQkE464', 'mobile': '13611792417', 'email': 'qianggao@hotmail.com', 'role_id': -1, 'create_time': 1680966280}, 'meta': {'msg': '创建成功', 'status': 201}}
接口响应时长: 74 ms
Http状态码: 200
断言结果: 200
=====================================================
INFO    2023-04-08 23:04:40,733G:\auto_api1_framework\logs\info-2023-04-08.log:test_update_user_status.py:29 2023-04-08 23:04:40 >>>>>> 执行结束！
INFO    2023-04-08 23:05:30,725G:\auto_api1_framework\logs\info-2023-04-08.log:test_update_user_status.py:26 2023-04-08 23:05:30 >>>>>> 开始执行：
INFO    2023-04-08 23:05:30,974G:\auto_api1_framework\logs\info-2023-04-08.log:log_decorator.py:42 
======================================================
用例标题: 创建用户成功（全部参数）
请求路径: http://127.0.0.1:8888/api/private/v1/users
请求方式: POST
请求头:   {'User-Agent': 'python-requests/2.28.2', 'Accept-Encoding': 'gzip, deflate', 'Accept': '*/*', 'Connection': 'keep-alive', 'Content-Type': 'application/json', 'Authorization': 'Bearer eyJhbGciOiJIUzI1NiIsInR5cCI6IkpXVCJ9.eyJ1aWQiOjUwMCwicmlkIjowLCJpYXQiOjE2ODA5NjYzMzAsImV4cCI6MTY4MTA1MjczMH0.imMz7LG9EuFPCIfGQVAg3ORFnfwnUCae2pgYSXOvVL8', 'Content-Length': '104'}
请求内容: {'username': 'mKhYW052', 'password': '_!*j0OAu', 'email': 'chaosu@hotmail.com', 'mobile': '13762072594'}
接口响应内容: {'data': {'id': 765, 'username': 'mKhYW052', 'mobile': '13762072594', 'email': 'chaosu@hotmail.com', 'role_id': -1, 'create_time': 1680966330}, 'meta': {'msg': '创建成功', 'status': 201}}
接口响应时长: 81 ms
Http状态码: 200
断言结果: 200
=====================================================
INFO    2023-04-08 23:05:31,059G:\auto_api1_framework\logs\info-2023-04-08.log:test_update_user_status.py:29 2023-04-08 23:05:30 >>>>>> 执行结束！
INFO    2023-04-08 23:08:25,250G:\auto_api1_framework\logs\info-2023-04-08.log:test_update_user_status.py:26 2023-04-08 23:08:25 >>>>>> 开始执行：
INFO    2023-04-08 23:08:25,499G:\auto_api1_framework\logs\info-2023-04-08.log:log_decorator.py:42 
======================================================
用例标题: 创建用户成功（全部参数）
请求路径: http://127.0.0.1:8888/api/private/v1/users
请求方式: POST
请求头:   {'User-Agent': 'python-requests/2.28.2', 'Accept-Encoding': 'gzip, deflate', 'Accept': '*/*', 'Connection': 'keep-alive', 'Content-Type': 'application/json', 'Authorization': 'Bearer eyJhbGciOiJIUzI1NiIsInR5cCI6IkpXVCJ9.eyJ1aWQiOjUwMCwicmlkIjowLCJpYXQiOjE2ODA5NjY1MDUsImV4cCI6MTY4MTA1MjkwNX0.wJqOUcvcZa9akjVZ1MgwGLkwCUIlaTTK7_zkR3rZEw8', 'Content-Length': '106'}
请求内容: {'username': 'epygh607', 'password': '$6bDNHwV', 'email': 'xiangqiang@gmail.com', 'mobile': '13726797639'}
接口响应内容: {'data': {'id': 766, 'username': 'epygh607', 'mobile': '13726797639', 'email': 'xiangqiang@gmail.com', 'role_id': -1, 'create_time': 1680966505}, 'meta': {'msg': '创建成功', 'status': 201}}
接口响应时长: 76 ms
Http状态码: 200
断言结果: 200
=====================================================
INFO    2023-04-08 23:08:25,581G:\auto_api1_framework\logs\info-2023-04-08.log:test_update_user_status.py:29 2023-04-08 23:08:25 >>>>>> 执行结束！
INFO    2023-04-08 23:11:57,634G:\auto_api1_framework\logs\info-2023-04-08.log:test_update_user_status.py:26 2023-04-08 23:11:57 >>>>>> 开始执行：
INFO    2023-04-08 23:11:57,884G:\auto_api1_framework\logs\info-2023-04-08.log:log_decorator.py:42 
======================================================
用例标题: 创建用户成功（全部参数）
请求路径: http://127.0.0.1:8888/api/private/v1/users
请求方式: POST
请求头:   {'User-Agent': 'python-requests/2.28.2', 'Accept-Encoding': 'gzip, deflate', 'Accept': '*/*', 'Connection': 'keep-alive', 'Content-Type': 'application/json', 'Authorization': 'Bearer eyJhbGciOiJIUzI1NiIsInR5cCI6IkpXVCJ9.eyJ1aWQiOjUwMCwicmlkIjowLCJpYXQiOjE2ODA5NjY3MTcsImV4cCI6MTY4MTA1MzExN30.YMjjQY0M-eYovaqdh_9ZQO3X9HRE9Vo-ym5BXmxFSQg', 'Content-Length': '100'}
请求内容: {'username': 'DRBNr344', 'password': ')^Ko76Vm', 'email': 'na33@gmail.com', 'mobile': '15258808391'}
接口响应内容: {'data': {'id': 767, 'username': 'DRBNr344', 'mobile': '15258808391', 'email': 'na33@gmail.com', 'role_id': -1, 'create_time': 1680966717}, 'meta': {'msg': '创建成功', 'status': 201}}
接口响应时长: 71 ms
Http状态码: 200
断言结果: 200
=====================================================
INFO    2023-04-08 23:11:57,965G:\auto_api1_framework\logs\info-2023-04-08.log:test_update_user_status.py:29 2023-04-08 23:11:57 >>>>>> 执行结束！
INFO    2023-04-08 23:12:34,410G:\auto_api1_framework\logs\info-2023-04-08.log:test_update_user_status.py:26 2023-04-08 23:12:34 >>>>>> 开始执行：
INFO    2023-04-08 23:12:34,654G:\auto_api1_framework\logs\info-2023-04-08.log:log_decorator.py:42 
======================================================
用例标题: 创建用户成功（全部参数）
请求路径: http://127.0.0.1:8888/api/private/v1/users
请求方式: POST
请求头:   {'User-Agent': 'python-requests/2.28.2', 'Accept-Encoding': 'gzip, deflate', 'Accept': '*/*', 'Connection': 'keep-alive', 'Content-Type': 'application/json', 'Authorization': 'Bearer eyJhbGciOiJIUzI1NiIsInR5cCI6IkpXVCJ9.eyJ1aWQiOjUwMCwicmlkIjowLCJpYXQiOjE2ODA5NjY3NTQsImV4cCI6MTY4MTA1MzE1NH0.0V4ykNsEZgqV58OnWb1PlYABRGltCAibI7pGP3pXzSU', 'Content-Length': '99'}
请求内容: {'username': 'mPdRQ802', 'password': 'jI@w2NFs', 'email': 'olu@gmail.com', 'mobile': '18268725732'}
接口响应内容: {'data': {'id': 768, 'username': 'mPdRQ802', 'mobile': '18268725732', 'email': 'olu@gmail.com', 'role_id': -1, 'create_time': 1680966754}, 'meta': {'msg': '创建成功', 'status': 201}}
接口响应时长: 78 ms
Http状态码: 200
断言结果: 200
=====================================================
INFO    2023-04-08 23:12:34,735G:\auto_api1_framework\logs\info-2023-04-08.log:test_update_user_status.py:29 2023-04-08 23:12:34 >>>>>> 执行结束！
INFO    2023-04-08 23:13:06,615G:\auto_api1_framework\logs\info-2023-04-08.log:test_update_user_status.py:26 2023-04-08 23:13:06 >>>>>> 开始执行：
INFO    2023-04-08 23:13:06,868G:\auto_api1_framework\logs\info-2023-04-08.log:log_decorator.py:42 
======================================================
用例标题: 创建用户成功（全部参数）
请求路径: http://127.0.0.1:8888/api/private/v1/users
请求方式: POST
请求头:   {'User-Agent': 'python-requests/2.28.2', 'Accept-Encoding': 'gzip, deflate', 'Accept': '*/*', 'Connection': 'keep-alive', 'Content-Type': 'application/json', 'Authorization': 'Bearer eyJhbGciOiJIUzI1NiIsInR5cCI6IkpXVCJ9.eyJ1aWQiOjUwMCwicmlkIjowLCJpYXQiOjE2ODA5NjY3ODYsImV4cCI6MTY4MTA1MzE4Nn0.r-ciNPE5DLgozxdkLSepwnPJUPvHVryHHUtnn0h-QJY', 'Content-Length': '102'}
请求内容: {'username': 'IDvFG456', 'password': 'V&&6Pz@v', 'email': 'wzou@hotmail.com', 'mobile': '14529967234'}
接口响应内容: {'data': {'id': 769, 'username': 'IDvFG456', 'mobile': '14529967234', 'email': 'wzou@hotmail.com', 'role_id': -1, 'create_time': 1680966786}, 'meta': {'msg': '创建成功', 'status': 201}}
接口响应时长: 79 ms
Http状态码: 200
断言结果: 200
=====================================================
INFO    2023-04-08 23:13:06,947G:\auto_api1_framework\logs\info-2023-04-08.log:test_update_user_status.py:29 2023-04-08 23:13:06 >>>>>> 执行结束！
INFO    2023-04-08 23:13:31,259G:\auto_api1_framework\logs\info-2023-04-08.log:test_update_user_status.py:26 2023-04-08 23:13:31 >>>>>> 开始执行：
INFO    2023-04-08 23:13:31,499G:\auto_api1_framework\logs\info-2023-04-08.log:log_decorator.py:42 
======================================================
用例标题: 创建用户成功（全部参数）
请求路径: http://127.0.0.1:8888/api/private/v1/users
请求方式: POST
请求头:   {'User-Agent': 'python-requests/2.28.2', 'Accept-Encoding': 'gzip, deflate', 'Accept': '*/*', 'Connection': 'keep-alive', 'Content-Type': 'application/json', 'Authorization': 'Bearer eyJhbGciOiJIUzI1NiIsInR5cCI6IkpXVCJ9.eyJ1aWQiOjUwMCwicmlkIjowLCJpYXQiOjE2ODA5NjY4MTEsImV4cCI6MTY4MTA1MzIxMX0.lpceRdNvC-yZa8O0V7h8AbqA4SODwRtJVBgVGTXtZus', 'Content-Length': '106'}
请求内容: {'username': 'LdqtE385', 'password': '%k3(+#Qh', 'email': 'yangxiulan@yahoo.com', 'mobile': '18592091927'}
接口响应内容: {'data': {'id': 770, 'username': 'LdqtE385', 'mobile': '18592091927', 'email': 'yangxiulan@yahoo.com', 'role_id': -1, 'create_time': 1680966811}, 'meta': {'msg': '创建成功', 'status': 201}}
接口响应时长: 74 ms
Http状态码: 200
断言结果: 200
=====================================================
INFO    2023-04-08 23:13:31,581G:\auto_api1_framework\logs\info-2023-04-08.log:test_update_user_status.py:29 2023-04-08 23:13:31 >>>>>> 执行结束！
INFO    2023-04-08 23:14:06,162G:\auto_api1_framework\logs\info-2023-04-08.log:test_update_user_status.py:26 2023-04-08 23:14:06 >>>>>> 开始执行：
INFO    2023-04-08 23:14:06,409G:\auto_api1_framework\logs\info-2023-04-08.log:log_decorator.py:42 
======================================================
用例标题: 创建用户成功（全部参数）
请求路径: http://127.0.0.1:8888/api/private/v1/users
请求方式: POST
请求头:   {'User-Agent': 'python-requests/2.28.2', 'Accept-Encoding': 'gzip, deflate', 'Accept': '*/*', 'Connection': 'keep-alive', 'Content-Type': 'application/json', 'Authorization': 'Bearer eyJhbGciOiJIUzI1NiIsInR5cCI6IkpXVCJ9.eyJ1aWQiOjUwMCwicmlkIjowLCJpYXQiOjE2ODA5NjY4NDYsImV4cCI6MTY4MTA1MzI0Nn0.k8Z9JImOhxVnYeTli1InfA90uJdt3fjf0QV9xGHmV30', 'Content-Length': '103'}
请求内容: {'username': 'kQkir604', 'password': '_6DG5Fhw', 'email': 'wei00@hotmail.com', 'mobile': '14523685874'}
接口响应内容: {'data': {'id': 771, 'username': 'kQkir604', 'mobile': '14523685874', 'email': 'wei00@hotmail.com', 'role_id': -1, 'create_time': 1680966846}, 'meta': {'msg': '创建成功', 'status': 201}}
接口响应时长: 81 ms
Http状态码: 200
断言结果: 200
=====================================================
INFO    2023-04-08 23:14:06,490G:\auto_api1_framework\logs\info-2023-04-08.log:test_update_user_status.py:29 2023-04-08 23:14:06 >>>>>> 执行结束！
INFO    2023-04-08 23:14:25,264G:\auto_api1_framework\logs\info-2023-04-08.log:test_update_user_status.py:26 2023-04-08 23:14:25 >>>>>> 开始执行：
INFO    2023-04-08 23:14:25,523G:\auto_api1_framework\logs\info-2023-04-08.log:log_decorator.py:42 
======================================================
用例标题: 创建用户成功（全部参数）
请求路径: http://127.0.0.1:8888/api/private/v1/users
请求方式: POST
请求头:   {'User-Agent': 'python-requests/2.28.2', 'Accept-Encoding': 'gzip, deflate', 'Accept': '*/*', 'Connection': 'keep-alive', 'Content-Type': 'application/json', 'Authorization': 'Bearer eyJhbGciOiJIUzI1NiIsInR5cCI6IkpXVCJ9.eyJ1aWQiOjUwMCwicmlkIjowLCJpYXQiOjE2ODA5NjY4NjUsImV4cCI6MTY4MTA1MzI2NX0.oZNAcJAf7xcPuLew4KjO7434KqpuVVNQmnzXGX2SE4I', 'Content-Length': '104'}
请求内容: {'username': 'sIaMZ584', 'password': 'Q(5Gse@K', 'email': 'jiechang@gmail.com', 'mobile': '18623303359'}
接口响应内容: {'data': {'id': 772, 'username': 'sIaMZ584', 'mobile': '18623303359', 'email': 'jiechang@gmail.com', 'role_id': -1, 'create_time': 1680966865}, 'meta': {'msg': '创建成功', 'status': 201}}
接口响应时长: 80 ms
Http状态码: 200
断言结果: 200
=====================================================
INFO    2023-04-08 23:14:25,607G:\auto_api1_framework\logs\info-2023-04-08.log:test_update_user_status.py:29 2023-04-08 23:14:25 >>>>>> 执行结束！
INFO    2023-04-08 23:14:39,447G:\auto_api1_framework\logs\info-2023-04-08.log:test_update_user_status.py:26 2023-04-08 23:14:39 >>>>>> 开始执行：
INFO    2023-04-08 23:14:39,692G:\auto_api1_framework\logs\info-2023-04-08.log:log_decorator.py:42 
======================================================
用例标题: 创建用户成功（全部参数）
请求路径: http://127.0.0.1:8888/api/private/v1/users
请求方式: POST
请求头:   {'User-Agent': 'python-requests/2.28.2', 'Accept-Encoding': 'gzip, deflate', 'Accept': '*/*', 'Connection': 'keep-alive', 'Content-Type': 'application/json', 'Authorization': 'Bearer eyJhbGciOiJIUzI1NiIsInR5cCI6IkpXVCJ9.eyJ1aWQiOjUwMCwicmlkIjowLCJpYXQiOjE2ODA5NjY4NzksImV4cCI6MTY4MTA1MzI3OX0.baGsLjvWCsYdEiXcB1H4HDeXjjXYX_WOs7EpD9cX1DM', 'Content-Length': '104'}
请求内容: {'username': 'GDmVS383', 'password': '^Dk9CQpy', 'email': 'fang99@hotmail.com', 'mobile': '18198628987'}
接口响应内容: {'data': {'id': 773, 'username': 'GDmVS383', 'mobile': '18198628987', 'email': 'fang99@hotmail.com', 'role_id': -1, 'create_time': 1680966879}, 'meta': {'msg': '创建成功', 'status': 201}}
接口响应时长: 77 ms
Http状态码: 200
断言结果: 200
=====================================================
INFO    2023-04-08 23:14:39,780G:\auto_api1_framework\logs\info-2023-04-08.log:test_update_user_status.py:29 2023-04-08 23:14:39 >>>>>> 执行结束！
INFO    2023-04-08 23:15:20,900G:\auto_api1_framework\logs\info-2023-04-08.log:test_update_user_status.py:26 2023-04-08 23:15:20 >>>>>> 开始执行：
INFO    2023-04-08 23:15:21,145G:\auto_api1_framework\logs\info-2023-04-08.log:log_decorator.py:42 
======================================================
用例标题: 创建用户成功（全部参数）
请求路径: http://127.0.0.1:8888/api/private/v1/users
请求方式: POST
请求头:   {'User-Agent': 'python-requests/2.28.2', 'Accept-Encoding': 'gzip, deflate', 'Accept': '*/*', 'Connection': 'keep-alive', 'Content-Type': 'application/json', 'Authorization': 'Bearer eyJhbGciOiJIUzI1NiIsInR5cCI6IkpXVCJ9.eyJ1aWQiOjUwMCwicmlkIjowLCJpYXQiOjE2ODA5NjY5MjAsImV4cCI6MTY4MTA1MzMyMH0._mV1AKRApEDmuPHmUbG9pmU4MlksqcnroO3vRdMwlb0', 'Content-Length': '104'}
请求内容: {'username': 'hpkfi454', 'password': 'Z_l%4Bly', 'email': 'xiacui@hotmail.com', 'mobile': '18967250737'}
接口响应内容: {'data': {'id': 774, 'username': 'hpkfi454', 'mobile': '18967250737', 'email': 'xiacui@hotmail.com', 'role_id': -1, 'create_time': 1680966921}, 'meta': {'msg': '创建成功', 'status': 201}}
接口响应时长: 76 ms
Http状态码: 200
断言结果: 200
=====================================================
INFO    2023-04-08 23:15:21,230G:\auto_api1_framework\logs\info-2023-04-08.log:test_update_user_status.py:29 2023-04-08 23:15:20 >>>>>> 执行结束！
INFO    2023-04-08 23:17:14,579G:\auto_api1_framework\logs\info-2023-04-08.log:test_update_user_status.py:26 2023-04-08 23:17:14 >>>>>> 开始执行：
INFO    2023-04-08 23:17:14,820G:\auto_api1_framework\logs\info-2023-04-08.log:log_decorator.py:42 
======================================================
用例标题: 创建用户成功（全部参数）
请求路径: http://127.0.0.1:8888/api/private/v1/users
请求方式: POST
请求头:   {'User-Agent': 'python-requests/2.28.2', 'Accept-Encoding': 'gzip, deflate', 'Accept': '*/*', 'Connection': 'keep-alive', 'Content-Type': 'application/json', 'Authorization': 'Bearer eyJhbGciOiJIUzI1NiIsInR5cCI6IkpXVCJ9.eyJ1aWQiOjUwMCwicmlkIjowLCJpYXQiOjE2ODA5NjcwMzQsImV4cCI6MTY4MTA1MzQzNH0.ASNVt6mnqEZ5UabeYNNsb54WNu8_k2y7hsEUIsTght8', 'Content-Length': '101'}
请求内容: {'username': 'cqhaU691', 'password': '#20I*u)u', 'email': 'gpeng@gmail.com', 'mobile': '18020348683'}
接口响应内容: {'data': {'id': 775, 'username': 'cqhaU691', 'mobile': '18020348683', 'email': 'gpeng@gmail.com', 'role_id': -1, 'create_time': 1680967034}, 'meta': {'msg': '创建成功', 'status': 201}}
接口响应时长: 70 ms
Http状态码: 200
断言结果: 200
=====================================================
INFO    2023-04-08 23:17:14,906G:\auto_api1_framework\logs\info-2023-04-08.log:test_update_user_status.py:29 2023-04-08 23:17:14 >>>>>> 执行结束！
INFO    2023-04-08 23:17:32,162G:\auto_api1_framework\logs\info-2023-04-08.log:test_update_user_status.py:26 2023-04-08 23:17:32 >>>>>> 开始执行：
INFO    2023-04-08 23:17:32,398G:\auto_api1_framework\logs\info-2023-04-08.log:log_decorator.py:42 
======================================================
用例标题: 创建用户成功（全部参数）
请求路径: http://127.0.0.1:8888/api/private/v1/users
请求方式: POST
请求头:   {'User-Agent': 'python-requests/2.28.2', 'Accept-Encoding': 'gzip, deflate', 'Accept': '*/*', 'Connection': 'keep-alive', 'Content-Type': 'application/json', 'Authorization': 'Bearer eyJhbGciOiJIUzI1NiIsInR5cCI6IkpXVCJ9.eyJ1aWQiOjUwMCwicmlkIjowLCJpYXQiOjE2ODA5NjcwNTIsImV4cCI6MTY4MTA1MzQ1Mn0.uA0XkdvTTYwII5d8ydcKku22tVBvsXQu8wcxNubTx_g', 'Content-Length': '103'}
请求内容: {'username': 'enCjO077', 'password': '$68@^P(g', 'email': 'jie46@hotmail.com', 'mobile': '18177194734'}
接口响应内容: {'data': {'id': 776, 'username': 'enCjO077', 'mobile': '18177194734', 'email': 'jie46@hotmail.com', 'role_id': -1, 'create_time': 1680967052}, 'meta': {'msg': '创建成功', 'status': 201}}
接口响应时长: 70 ms
Http状态码: 200
断言结果: 200
=====================================================
INFO    2023-04-08 23:17:32,481G:\auto_api1_framework\logs\info-2023-04-08.log:test_update_user_status.py:29 2023-04-08 23:17:32 >>>>>> 执行结束！
INFO    2023-04-08 23:18:56,622G:\auto_api1_framework\logs\info-2023-04-08.log:test_update_user_status.py:26 2023-04-08 23:18:56 >>>>>> 开始执行：
INFO    2023-04-08 23:18:56,859G:\auto_api1_framework\logs\info-2023-04-08.log:log_decorator.py:42 
======================================================
用例标题: 创建用户成功（全部参数）
请求路径: http://127.0.0.1:8888/api/private/v1/users
请求方式: POST
请求头:   {'User-Agent': 'python-requests/2.28.2', 'Accept-Encoding': 'gzip, deflate', 'Accept': '*/*', 'Connection': 'keep-alive', 'Content-Type': 'application/json', 'Authorization': 'Bearer eyJhbGciOiJIUzI1NiIsInR5cCI6IkpXVCJ9.eyJ1aWQiOjUwMCwicmlkIjowLCJpYXQiOjE2ODA5NjcxMzYsImV4cCI6MTY4MTA1MzUzNn0.TDkklEBad0wov_3GoBCPZst9CO4qZDGsThjZlR4bCM0', 'Content-Length': '102'}
请求内容: {'username': 'fCuFD899', 'password': '9$4EjTzX', 'email': 'gyao@hotmail.com', 'mobile': '18926731404'}
接口响应内容: {'data': {'id': 777, 'username': 'fCuFD899', 'mobile': '18926731404', 'email': 'gyao@hotmail.com', 'role_id': -1, 'create_time': 1680967136}, 'meta': {'msg': '创建成功', 'status': 201}}
接口响应时长: 72 ms
Http状态码: 200
断言结果: 200
=====================================================
INFO    2023-04-08 23:18:56,945G:\auto_api1_framework\logs\info-2023-04-08.log:test_update_user_status.py:29 2023-04-08 23:18:56 >>>>>> 执行结束！
INFO    2023-04-08 23:20:28,060G:\auto_api1_framework\logs\info-2023-04-08.log:test_update_user_status.py:26 2023-04-08 23:20:27 >>>>>> 开始执行：
INFO    2023-04-08 23:20:28,302G:\auto_api1_framework\logs\info-2023-04-08.log:log_decorator.py:42 
======================================================
用例标题: 创建用户成功（全部参数）
请求路径: http://127.0.0.1:8888/api/private/v1/users
请求方式: POST
请求头:   {'User-Agent': 'python-requests/2.28.2', 'Accept-Encoding': 'gzip, deflate', 'Accept': '*/*', 'Connection': 'keep-alive', 'Content-Type': 'application/json', 'Authorization': 'Bearer eyJhbGciOiJIUzI1NiIsInR5cCI6IkpXVCJ9.eyJ1aWQiOjUwMCwicmlkIjowLCJpYXQiOjE2ODA5NjcyMjgsImV4cCI6MTY4MTA1MzYyOH0.BciDkNDjADzTbEZoFG5G2_1VhClSYJqoEJexTT0IUSs', 'Content-Length': '105'}
请求内容: {'username': 'WEiXR075', 'password': 'rl+3%TGp', 'email': 'ganghao@hotmail.com', 'mobile': '13592953029'}
接口响应内容: {'data': {'id': 778, 'username': 'WEiXR075', 'mobile': '13592953029', 'email': 'ganghao@hotmail.com', 'role_id': -1, 'create_time': 1680967228}, 'meta': {'msg': '创建成功', 'status': 201}}
接口响应时长: 76 ms
Http状态码: 200
断言结果: 200
=====================================================
INFO    2023-04-08 23:20:28,379G:\auto_api1_framework\logs\info-2023-04-08.log:test_update_user_status.py:29 2023-04-08 23:20:27 >>>>>> 执行结束！
INFO    2023-04-08 23:20:54,690G:\auto_api1_framework\logs\info-2023-04-08.log:test_update_user_status.py:26 2023-04-08 23:20:54 >>>>>> 开始执行：
INFO    2023-04-08 23:20:54,925G:\auto_api1_framework\logs\info-2023-04-08.log:log_decorator.py:42 
======================================================
用例标题: 创建用户成功（全部参数）
请求路径: http://127.0.0.1:8888/api/private/v1/users
请求方式: POST
请求头:   {'User-Agent': 'python-requests/2.28.2', 'Accept-Encoding': 'gzip, deflate', 'Accept': '*/*', 'Connection': 'keep-alive', 'Content-Type': 'application/json', 'Authorization': 'Bearer eyJhbGciOiJIUzI1NiIsInR5cCI6IkpXVCJ9.eyJ1aWQiOjUwMCwicmlkIjowLCJpYXQiOjE2ODA5NjcyNTQsImV4cCI6MTY4MTA1MzY1NH0.9Iw3qPucVkBsUpEszFclmCrwUoxN2vPBGK88VblphoI', 'Content-Length': '101'}
请求内容: {'username': 'dZKUd724', 'password': 'q(B86BFi', 'email': 'ekang@yahoo.com', 'mobile': '13843700101'}
接口响应内容: {'data': {'id': 779, 'username': 'dZKUd724', 'mobile': '13843700101', 'email': 'ekang@yahoo.com', 'role_id': -1, 'create_time': 1680967254}, 'meta': {'msg': '创建成功', 'status': 201}}
接口响应时长: 73 ms
Http状态码: 200
断言结果: 200
=====================================================
INFO    2023-04-08 23:20:55,004G:\auto_api1_framework\logs\info-2023-04-08.log:test_update_user_status.py:29 2023-04-08 23:20:54 >>>>>> 执行结束！
INFO    2023-04-08 23:22:36,772G:\auto_api1_framework\logs\info-2023-04-08.log:test_update_user_status.py:26 2023-04-08 23:22:36 >>>>>> 开始执行：
INFO    2023-04-08 23:22:37,013G:\auto_api1_framework\logs\info-2023-04-08.log:log_decorator.py:42 
======================================================
用例标题: 创建用户成功（全部参数）
请求路径: http://127.0.0.1:8888/api/private/v1/users
请求方式: POST
请求头:   {'User-Agent': 'python-requests/2.28.2', 'Accept-Encoding': 'gzip, deflate', 'Accept': '*/*', 'Connection': 'keep-alive', 'Content-Type': 'application/json', 'Authorization': 'Bearer eyJhbGciOiJIUzI1NiIsInR5cCI6IkpXVCJ9.eyJ1aWQiOjUwMCwicmlkIjowLCJpYXQiOjE2ODA5NjczNTYsImV4cCI6MTY4MTA1Mzc1Nn0.kD_zBgKNlfQbdj4aAxdiCbMF3z8iCUtzGhbeP5NLdgk', 'Content-Length': '105'}
请求内容: {'username': 'seflL565', 'password': '#2G^EL$j', 'email': 'juanzhong@yahoo.com', 'mobile': '15592307596'}
接口响应内容: {'data': {'id': 780, 'username': 'seflL565', 'mobile': '15592307596', 'email': 'juanzhong@yahoo.com', 'role_id': -1, 'create_time': 1680967357}, 'meta': {'msg': '创建成功', 'status': 201}}
接口响应时长: 79 ms
Http状态码: 200
断言结果: 200
=====================================================
INFO    2023-04-08 23:22:37,086G:\auto_api1_framework\logs\info-2023-04-08.log:test_update_user_status.py:29 2023-04-08 23:22:36 >>>>>> 执行结束！
INFO    2023-04-08 23:23:40,679G:\auto_api1_framework\logs\info-2023-04-08.log:test_update_user_status.py:26 2023-04-08 23:23:40 >>>>>> 开始执行：
INFO    2023-04-08 23:23:40,922G:\auto_api1_framework\logs\info-2023-04-08.log:log_decorator.py:42 
======================================================
用例标题: 创建用户成功（全部参数）
请求路径: http://127.0.0.1:8888/api/private/v1/users
请求方式: POST
请求头:   {'User-Agent': 'python-requests/2.28.2', 'Accept-Encoding': 'gzip, deflate', 'Accept': '*/*', 'Connection': 'keep-alive', 'Content-Type': 'application/json', 'Authorization': 'Bearer eyJhbGciOiJIUzI1NiIsInR5cCI6IkpXVCJ9.eyJ1aWQiOjUwMCwicmlkIjowLCJpYXQiOjE2ODA5Njc0MjAsImV4cCI6MTY4MTA1MzgyMH0.athCpsoXMrO35SjPphEYylYIFQvdikh_6V5DUGVyRa0', 'Content-Length': '104'}
请求内容: {'username': 'kNqWw651', 'password': '_@4GxKj(', 'email': 'gangchen@gmail.com', 'mobile': '15236419229'}
接口响应内容: {'data': {'id': 781, 'username': 'kNqWw651', 'mobile': '15236419229', 'email': 'gangchen@gmail.com', 'role_id': -1, 'create_time': 1680967420}, 'meta': {'msg': '创建成功', 'status': 201}}
接口响应时长: 84 ms
Http状态码: 200
断言结果: 200
=====================================================
INFO    2023-04-08 23:23:41,000G:\auto_api1_framework\logs\info-2023-04-08.log:test_update_user_status.py:29 2023-04-08 23:23:40 >>>>>> 执行结束！
INFO    2023-04-08 23:24:27,776G:\auto_api1_framework\logs\info-2023-04-08.log:test_update_user_status.py:26 2023-04-08 23:24:27 >>>>>> 开始执行：
INFO    2023-04-08 23:24:28,021G:\auto_api1_framework\logs\info-2023-04-08.log:log_decorator.py:42 
======================================================
用例标题: 创建用户成功（全部参数）
请求路径: http://127.0.0.1:8888/api/private/v1/users
请求方式: POST
请求头:   {'User-Agent': 'python-requests/2.28.2', 'Accept-Encoding': 'gzip, deflate', 'Accept': '*/*', 'Connection': 'keep-alive', 'Content-Type': 'application/json', 'Authorization': 'Bearer eyJhbGciOiJIUzI1NiIsInR5cCI6IkpXVCJ9.eyJ1aWQiOjUwMCwicmlkIjowLCJpYXQiOjE2ODA5Njc0NjcsImV4cCI6MTY4MTA1Mzg2N30.VBrBuBP42rnXomLEyVSN-sh8qV1Va-1Z_-2vFM0p1VM', 'Content-Length': '103'}
请求内容: {'username': 'ozflv517', 'password': 'G#^+6R(n', 'email': 'xuejing@gmail.com', 'mobile': '13341070094'}
接口响应内容: {'data': {'id': 782, 'username': 'ozflv517', 'mobile': '13341070094', 'email': 'xuejing@gmail.com', 'role_id': -1, 'create_time': 1680967468}, 'meta': {'msg': '创建成功', 'status': 201}}
接口响应时长: 76 ms
Http状态码: 200
断言结果: 200
=====================================================
INFO    2023-04-08 23:24:28,103G:\auto_api1_framework\logs\info-2023-04-08.log:test_update_user_status.py:29 2023-04-08 23:24:27 >>>>>> 执行结束！
INFO    2023-04-08 23:24:36,091G:\auto_api1_framework\logs\info-2023-04-08.log:test_update_user_status.py:26 2023-04-08 23:24:35 >>>>>> 开始执行：
INFO    2023-04-08 23:24:36,331G:\auto_api1_framework\logs\info-2023-04-08.log:log_decorator.py:42 
======================================================
用例标题: 创建用户成功（全部参数）
请求路径: http://127.0.0.1:8888/api/private/v1/users
请求方式: POST
请求头:   {'User-Agent': 'python-requests/2.28.2', 'Accept-Encoding': 'gzip, deflate', 'Accept': '*/*', 'Connection': 'keep-alive', 'Content-Type': 'application/json', 'Authorization': 'Bearer eyJhbGciOiJIUzI1NiIsInR5cCI6IkpXVCJ9.eyJ1aWQiOjUwMCwicmlkIjowLCJpYXQiOjE2ODA5Njc0NzYsImV4cCI6MTY4MTA1Mzg3Nn0.DuqcXuO3mz-EcpSgZ0vVj9i03MqWRi1F-YQzvVRaTGo', 'Content-Length': '106'}
请求内容: {'username': 'fBlol011', 'password': '%F!s5Xtp', 'email': 'fangpeng@hotmail.com', 'mobile': '15081614059'}
接口响应内容: {'data': {'id': 783, 'username': 'fBlol011', 'mobile': '15081614059', 'email': 'fangpeng@hotmail.com', 'role_id': -1, 'create_time': 1680967476}, 'meta': {'msg': '创建成功', 'status': 201}}
接口响应时长: 76 ms
Http状态码: 200
断言结果: 200
=====================================================
INFO    2023-04-08 23:24:36,409G:\auto_api1_framework\logs\info-2023-04-08.log:test_update_user_status.py:29 2023-04-08 23:24:35 >>>>>> 执行结束！
INFO    2023-04-08 23:24:49,770G:\auto_api1_framework\logs\info-2023-04-08.log:test_update_user_status.py:26 2023-04-08 23:24:49 >>>>>> 开始执行：
INFO    2023-04-08 23:24:50,013G:\auto_api1_framework\logs\info-2023-04-08.log:log_decorator.py:42 
======================================================
用例标题: 创建用户成功（全部参数）
请求路径: http://127.0.0.1:8888/api/private/v1/users
请求方式: POST
请求头:   {'User-Agent': 'python-requests/2.28.2', 'Accept-Encoding': 'gzip, deflate', 'Accept': '*/*', 'Connection': 'keep-alive', 'Content-Type': 'application/json', 'Authorization': 'Bearer eyJhbGciOiJIUzI1NiIsInR5cCI6IkpXVCJ9.eyJ1aWQiOjUwMCwicmlkIjowLCJpYXQiOjE2ODA5Njc0ODksImV4cCI6MTY4MTA1Mzg4OX0.LZ2NX_CLjGuMuY3tvQkdUt0HmnULjnD_q9CYFkT8KxU', 'Content-Length': '108'}
请求内容: {'username': 'Zrysg027', 'password': '_9R@wEoa', 'email': 'xiulankong@hotmail.com', 'mobile': '13231114499'}
接口响应内容: {'data': {'id': 784, 'username': 'Zrysg027', 'mobile': '13231114499', 'email': 'xiulankong@hotmail.com', 'role_id': -1, 'create_time': 1680967490}, 'meta': {'msg': '创建成功', 'status': 201}}
接口响应时长: 76 ms
Http状态码: 200
断言结果: 200
=====================================================
INFO    2023-04-08 23:24:50,089G:\auto_api1_framework\logs\info-2023-04-08.log:test_update_user_status.py:29 2023-04-08 23:24:49 >>>>>> 执行结束！
INFO    2023-04-08 23:25:05,542G:\auto_api1_framework\logs\info-2023-04-08.log:test_update_user_status.py:26 2023-04-08 23:25:05 >>>>>> 开始执行：
INFO    2023-04-08 23:25:05,792G:\auto_api1_framework\logs\info-2023-04-08.log:log_decorator.py:42 
======================================================
用例标题: 创建用户成功（全部参数）
请求路径: http://127.0.0.1:8888/api/private/v1/users
请求方式: POST
请求头:   {'User-Agent': 'python-requests/2.28.2', 'Accept-Encoding': 'gzip, deflate', 'Accept': '*/*', 'Connection': 'keep-alive', 'Content-Type': 'application/json', 'Authorization': 'Bearer eyJhbGciOiJIUzI1NiIsInR5cCI6IkpXVCJ9.eyJ1aWQiOjUwMCwicmlkIjowLCJpYXQiOjE2ODA5Njc1MDUsImV4cCI6MTY4MTA1MzkwNX0.HuYCXpkXz0Nns4IYmIVV3d90Pzt8yNDoRsS9Lqr8I2c', 'Content-Length': '104'}
请求内容: {'username': 'YSJhQ078', 'password': 'K*0KK!5j', 'email': 'jing20@hotmail.com', 'mobile': '13690414296'}
接口响应内容: {'data': {'id': 785, 'username': 'YSJhQ078', 'mobile': '13690414296', 'email': 'jing20@hotmail.com', 'role_id': -1, 'create_time': 1680967505}, 'meta': {'msg': '创建成功', 'status': 201}}
接口响应时长: 69 ms
Http状态码: 200
断言结果: 200
=====================================================
INFO    2023-04-08 23:25:05,870G:\auto_api1_framework\logs\info-2023-04-08.log:test_update_user_status.py:29 2023-04-08 23:25:05 >>>>>> 执行结束！
INFO    2023-04-08 23:25:48,458G:\auto_api1_framework\logs\info-2023-04-08.log:test_update_user_status.py:26 2023-04-08 23:25:48 >>>>>> 开始执行：
INFO    2023-04-08 23:25:48,696G:\auto_api1_framework\logs\info-2023-04-08.log:log_decorator.py:42 
======================================================
用例标题: 创建用户成功（全部参数）
请求路径: http://127.0.0.1:8888/api/private/v1/users
请求方式: POST
请求头:   {'User-Agent': 'python-requests/2.28.2', 'Accept-Encoding': 'gzip, deflate', 'Accept': '*/*', 'Connection': 'keep-alive', 'Content-Type': 'application/json', 'Authorization': 'Bearer eyJhbGciOiJIUzI1NiIsInR5cCI6IkpXVCJ9.eyJ1aWQiOjUwMCwicmlkIjowLCJpYXQiOjE2ODA5Njc1NDgsImV4cCI6MTY4MTA1Mzk0OH0.FSGmQDYIp1MwRHX6kVK0_NyBWYXWod9G3OqBo58_lhE', 'Content-Length': '102'}
请求内容: {'username': 'aYinf464', 'password': 'QGk!$6Sc', 'email': 'leiyan@yahoo.com', 'mobile': '13728409835'}
接口响应内容: {'data': {'id': 786, 'username': 'aYinf464', 'mobile': '13728409835', 'email': 'leiyan@yahoo.com', 'role_id': -1, 'create_time': 1680967548}, 'meta': {'msg': '创建成功', 'status': 201}}
接口响应时长: 73 ms
Http状态码: 200
断言结果: 200
=====================================================
INFO    2023-04-08 23:25:48,775G:\auto_api1_framework\logs\info-2023-04-08.log:test_update_user_status.py:29 2023-04-08 23:25:48 >>>>>> 执行结束！
INFO    2023-04-08 23:28:28,425G:\auto_api1_framework\logs\info-2023-04-08.log:test_update_user_status.py:26 2023-04-08 23:28:28 >>>>>> 开始执行：
INFO    2023-04-08 23:28:28,692G:\auto_api1_framework\logs\info-2023-04-08.log:log_decorator.py:42 
======================================================
用例标题: 创建用户成功（全部参数）
请求路径: http://127.0.0.1:8888/api/private/v1/users
请求方式: POST
请求头:   {'User-Agent': 'python-requests/2.28.2', 'Accept-Encoding': 'gzip, deflate', 'Accept': '*/*', 'Connection': 'keep-alive', 'Content-Type': 'application/json', 'Authorization': 'Bearer eyJhbGciOiJIUzI1NiIsInR5cCI6IkpXVCJ9.eyJ1aWQiOjUwMCwicmlkIjowLCJpYXQiOjE2ODA5Njc3MDgsImV4cCI6MTY4MTA1NDEwOH0.B2tF2c1aIUDFLDPPeRnGVMnL9p27L4hEI8LfbURSfOk', 'Content-Length': '105'}
请求内容: {'username': 'dzgAY712', 'password': '%@4VNnyZ', 'email': 'duguiying@gmail.com', 'mobile': '14741910223'}
接口响应内容: {'data': {'id': 787, 'username': 'dzgAY712', 'mobile': '14741910223', 'email': 'duguiying@gmail.com', 'role_id': -1, 'create_time': 1680967708}, 'meta': {'msg': '创建成功', 'status': 201}}
接口响应时长: 94 ms
Http状态码: 200
断言结果: 200
=====================================================
INFO    2023-04-08 23:28:28,778G:\auto_api1_framework\logs\info-2023-04-08.log:test_update_user_status.py:29 2023-04-08 23:28:28 >>>>>> 执行结束！
INFO    2023-04-08 23:39:03,887G:\auto_api1_framework\logs\info-2023-04-08.log:test_update_user_status.py:26 2023-04-08 23:39:03 >>>>>> 开始执行：
INFO    2023-04-08 23:39:04,156G:\auto_api1_framework\logs\info-2023-04-08.log:log_decorator.py:42 
======================================================
用例标题: 创建用户成功（全部参数）
请求路径: http://127.0.0.1:8888/api/private/v1/users
请求方式: POST
请求头:   {'User-Agent': 'python-requests/2.28.2', 'Accept-Encoding': 'gzip, deflate', 'Accept': '*/*', 'Connection': 'keep-alive', 'Content-Type': 'application/json', 'Authorization': 'Bearer eyJhbGciOiJIUzI1NiIsInR5cCI6IkpXVCJ9.eyJ1aWQiOjUwMCwicmlkIjowLCJpYXQiOjE2ODA5NjgzNDMsImV4cCI6MTY4MTA1NDc0M30.lQxK14AVF-dTPU77sPi7UHhwbFU47IaM5Uphpc7n21E', 'Content-Length': '102'}
请求内容: {'username': 'kJRJQ707', 'password': '%Nw^6VSa', 'email': 'ping67@gmail.com', 'mobile': '18184130928'}
接口响应内容: {'data': {'id': 788, 'username': 'kJRJQ707', 'mobile': '18184130928', 'email': 'ping67@gmail.com', 'role_id': -1, 'create_time': 1680968344}, 'meta': {'msg': '创建成功', 'status': 201}}
接口响应时长: 90 ms
Http状态码: 200
断言结果: 200
=====================================================
INFO    2023-04-08 23:39:04,238G:\auto_api1_framework\logs\info-2023-04-08.log:test_update_user_status.py:29 2023-04-08 23:39:03 >>>>>> 执行结束！
INFO    2023-04-08 23:47:02,854G:\auto_api1_framework\logs\info-2023-04-08.log:test_update_user_status.py:26 2023-04-08 23:47:02 >>>>>> 开始执行：
INFO    2023-04-08 23:47:03,118G:\auto_api1_framework\logs\info-2023-04-08.log:log_decorator.py:42 
======================================================
用例标题: 创建用户成功（全部参数）
请求路径: http://127.0.0.1:8888/api/private/v1/users
请求方式: POST
请求头:   {'User-Agent': 'python-requests/2.28.2', 'Accept-Encoding': 'gzip, deflate', 'Accept': '*/*', 'Connection': 'keep-alive', 'Content-Type': 'application/json', 'Authorization': 'Bearer eyJhbGciOiJIUzI1NiIsInR5cCI6IkpXVCJ9.eyJ1aWQiOjUwMCwicmlkIjowLCJpYXQiOjE2ODA5Njg4MjIsImV4cCI6MTY4MTA1NTIyMn0.ydsef5qF3LsxFvUD6v2GhwHnGuXeQFNMwTLg_0UxzQQ', 'Content-Length': '101'}
请求内容: {'username': 'GuXej277', 'password': '+8_(UorQ', 'email': 'lei99@yahoo.com', 'mobile': '15821587552'}
接口响应内容: {'data': {'id': 789, 'username': 'GuXej277', 'mobile': '15821587552', 'email': 'lei99@yahoo.com', 'role_id': -1, 'create_time': 1680968823}, 'meta': {'msg': '创建成功', 'status': 201}}
接口响应时长: 92 ms
Http状态码: 200
断言结果: 200
=====================================================
INFO    2023-04-08 23:47:03,122G:\auto_api1_framework\logs\info-2023-04-08.log:log_decorator.py:42 
======================================================
用例标题: 修改用户信息
请求路径: http://127.0.0.1:8888/api/private/v1/users/$cache%7Bid%7D
请求方式: PUT
请求头:   {'User-Agent': 'python-requests/2.28.2', 'Accept-Encoding': 'gzip, deflate', 'Accept': '*/*', 'Connection': 'keep-alive', 'Authorization': 'Bearer eyJhbGciOiJIUzI1NiIsInR5cCI6IkpXVCJ9.eyJ1aWQiOjUwMCwicmlkIjowLCJpYXQiOjE2ODA5Njg4MjIsImV4cCI6MTY4MTA1NTIyMn0.ydsef5qF3LsxFvUD6v2GhwHnGuXeQFNMwTLg_0UxzQQ', 'Content-Length': '0'}
请求内容: None
接口响应内容: {'data': None, 'meta': {'msg': '用户ID必须是数字', 'status': 400}}
接口响应时长: 1 ms
Http状态码: 200
断言结果: 200
=====================================================
INFO    2023-04-08 23:47:03,199G:\auto_api1_framework\logs\info-2023-04-08.log:test_update_user_status.py:29 2023-04-08 23:47:02 >>>>>> 执行结束！
INFO    2023-04-08 23:48:45,366G:\auto_api1_framework\logs\info-2023-04-08.log:test_update_user_status.py:26 2023-04-08 23:48:45 >>>>>> 开始执行：
INFO    2023-04-08 23:48:45,620G:\auto_api1_framework\logs\info-2023-04-08.log:log_decorator.py:42 
======================================================
用例标题: 创建用户成功（全部参数）
请求路径: http://127.0.0.1:8888/api/private/v1/users
请求方式: POST
请求头:   {'User-Agent': 'python-requests/2.28.2', 'Accept-Encoding': 'gzip, deflate', 'Accept': '*/*', 'Connection': 'keep-alive', 'Content-Type': 'application/json', 'Authorization': 'Bearer eyJhbGciOiJIUzI1NiIsInR5cCI6IkpXVCJ9.eyJ1aWQiOjUwMCwicmlkIjowLCJpYXQiOjE2ODA5Njg5MjUsImV4cCI6MTY4MTA1NTMyNX0.q5RfS_1ta_4-wbAbMcy1sq9PingTG_oSTtZ5rQUFtFM', 'Content-Length': '104'}
请求内容: {'username': 'eMuJU581', 'password': '^3vnCffu', 'email': 'yongfang@gmail.com', 'mobile': '15140648202'}
接口响应内容: {'data': {'id': 790, 'username': 'eMuJU581', 'mobile': '15140648202', 'email': 'yongfang@gmail.com', 'role_id': -1, 'create_time': 1680968925}, 'meta': {'msg': '创建成功', 'status': 201}}
接口响应时长: 84 ms
Http状态码: 200
断言结果: 200
=====================================================
INFO    2023-04-08 23:48:45,703G:\auto_api1_framework\logs\info-2023-04-08.log:test_update_user_status.py:29 2023-04-08 23:48:45 >>>>>> 执行结束！
INFO    2023-04-08 23:51:07,762G:\auto_api1_framework\logs\info-2023-04-08.log:test_update_user_status.py:26 2023-04-08 23:51:07 >>>>>> 开始执行：
INFO    2023-04-08 23:51:08,031G:\auto_api1_framework\logs\info-2023-04-08.log:log_decorator.py:42 
======================================================
用例标题: 创建用户成功（全部参数）
请求路径: http://127.0.0.1:8888/api/private/v1/users
请求方式: POST
请求头:   {'User-Agent': 'python-requests/2.28.2', 'Accept-Encoding': 'gzip, deflate', 'Accept': '*/*', 'Connection': 'keep-alive', 'Content-Type': 'application/json', 'Authorization': 'Bearer eyJhbGciOiJIUzI1NiIsInR5cCI6IkpXVCJ9.eyJ1aWQiOjUwMCwicmlkIjowLCJpYXQiOjE2ODA5NjkwNjcsImV4cCI6MTY4MTA1NTQ2N30.xb4f5BeKOPTi5IrQ18BGJHKhwQIhIh-JLrPyrkk1IKk', 'Content-Length': '99'}
请求内容: {'username': 'nwwXF067', 'password': '!9aKHitK', 'email': 'uma@gmail.com', 'mobile': '15271535312'}
接口响应内容: {'data': {'id': 791, 'username': 'nwwXF067', 'mobile': '15271535312', 'email': 'uma@gmail.com', 'role_id': -1, 'create_time': 1680969068}, 'meta': {'msg': '创建成功', 'status': 201}}
接口响应时长: 91 ms
Http状态码: 200
断言结果: 200
=====================================================
INFO    2023-04-08 23:51:08,105G:\auto_api1_framework\logs\info-2023-04-08.log:test_update_user_status.py:29 2023-04-08 23:51:07 >>>>>> 执行结束！
INFO    2023-04-08 23:52:47,133G:\auto_api1_framework\logs\info-2023-04-08.log:test_update_user_status.py:26 2023-04-08 23:52:46 >>>>>> 开始执行：
INFO    2023-04-08 23:52:47,392G:\auto_api1_framework\logs\info-2023-04-08.log:log_decorator.py:42 
======================================================
用例标题: 创建用户成功（全部参数）
请求路径: http://127.0.0.1:8888/api/private/v1/users
请求方式: POST
请求头:   {'User-Agent': 'python-requests/2.28.2', 'Accept-Encoding': 'gzip, deflate', 'Accept': '*/*', 'Connection': 'keep-alive', 'Content-Type': 'application/json', 'Authorization': 'Bearer eyJhbGciOiJIUzI1NiIsInR5cCI6IkpXVCJ9.eyJ1aWQiOjUwMCwicmlkIjowLCJpYXQiOjE2ODA5NjkxNjcsImV4cCI6MTY4MTA1NTU2N30.hxz8gFJNBwqMmqYkaXUZYx1n7rnNZatoNKAuvMXKsQk', 'Content-Length': '104'}
请求内容: {'username': 'eKWnd607', 'password': '^72UAq02', 'email': 'xiulan33@gmail.com', 'mobile': '13089232370'}
接口响应内容: {'data': {'id': 792, 'username': 'eKWnd607', 'mobile': '13089232370', 'email': 'xiulan33@gmail.com', 'role_id': -1, 'create_time': 1680969167}, 'meta': {'msg': '创建成功', 'status': 201}}
接口响应时长: 88 ms
Http状态码: 200
断言结果: 200
=====================================================
INFO    2023-04-08 23:52:47,472G:\auto_api1_framework\logs\info-2023-04-08.log:test_update_user_status.py:29 2023-04-08 23:52:46 >>>>>> 执行结束！
INFO    2023-04-08 23:53:07,911G:\auto_api1_framework\logs\info-2023-04-08.log:test_update_user_status.py:26 2023-04-08 23:53:07 >>>>>> 开始执行：
INFO    2023-04-08 23:53:08,177G:\auto_api1_framework\logs\info-2023-04-08.log:log_decorator.py:42 
======================================================
用例标题: 创建用户成功（全部参数）
请求路径: http://127.0.0.1:8888/api/private/v1/users
请求方式: POST
请求头:   {'User-Agent': 'python-requests/2.28.2', 'Accept-Encoding': 'gzip, deflate', 'Accept': '*/*', 'Connection': 'keep-alive', 'Content-Type': 'application/json', 'Authorization': 'Bearer eyJhbGciOiJIUzI1NiIsInR5cCI6IkpXVCJ9.eyJ1aWQiOjUwMCwicmlkIjowLCJpYXQiOjE2ODA5NjkxODcsImV4cCI6MTY4MTA1NTU4N30.g-xBQdMa5mqf19qSw8YYwkHlK7e9O2HEDR0_fw7keQQ', 'Content-Length': '102'}
请求内容: {'username': 'dkSjZ001', 'password': 'Y+8Fu6vw', 'email': 'jing62@gmail.com', 'mobile': '18041059928'}
接口响应内容: {'data': {'id': 793, 'username': 'dkSjZ001', 'mobile': '18041059928', 'email': 'jing62@gmail.com', 'role_id': -1, 'create_time': 1680969188}, 'meta': {'msg': '创建成功', 'status': 201}}
接口响应时长: 93 ms
Http状态码: 200
断言结果: 200
=====================================================
INFO    2023-04-08 23:53:08,262G:\auto_api1_framework\logs\info-2023-04-08.log:test_update_user_status.py:29 2023-04-08 23:53:07 >>>>>> 执行结束！
INFO    2023-04-08 23:55:15,829G:\auto_api1_framework\logs\info-2023-04-08.log:test_update_user_status.py:26 2023-04-08 23:55:15 >>>>>> 开始执行：
INFO    2023-04-08 23:55:16,088G:\auto_api1_framework\logs\info-2023-04-08.log:log_decorator.py:42 
======================================================
用例标题: 创建用户成功（全部参数）
请求路径: http://127.0.0.1:8888/api/private/v1/users
请求方式: POST
请求头:   {'User-Agent': 'python-requests/2.28.2', 'Accept-Encoding': 'gzip, deflate', 'Accept': '*/*', 'Connection': 'keep-alive', 'Content-Type': 'application/json', 'Authorization': 'Bearer eyJhbGciOiJIUzI1NiIsInR5cCI6IkpXVCJ9.eyJ1aWQiOjUwMCwicmlkIjowLCJpYXQiOjE2ODA5NjkzMTUsImV4cCI6MTY4MTA1NTcxNX0.NWO7lqxZZ-P3Cgk-3pHcR6haR2j19yI9UtJ2_ew3VT0', 'Content-Length': '102'}
请求内容: {'username': 'TkmlG341', 'password': 'abv&0Zhn', 'email': 'dujing@gmail.com', 'mobile': '14548647487'}
接口响应内容: {'data': {'id': 794, 'username': 'TkmlG341', 'mobile': '14548647487', 'email': 'dujing@gmail.com', 'role_id': -1, 'create_time': 1680969316}, 'meta': {'msg': '创建成功', 'status': 201}}
接口响应时长: 91 ms
Http状态码: 200
断言结果: 200
=====================================================
INFO    2023-04-08 23:55:16,173G:\auto_api1_framework\logs\info-2023-04-08.log:test_update_user_status.py:29 2023-04-08 23:55:15 >>>>>> 执行结束！
INFO    2023-04-08 23:56:24,343G:\auto_api1_framework\logs\info-2023-04-08.log:test_update_user_status.py:26 2023-04-08 23:56:24 >>>>>> 开始执行：
INFO    2023-04-08 23:56:24,601G:\auto_api1_framework\logs\info-2023-04-08.log:log_decorator.py:42 
======================================================
用例标题: 创建用户成功（全部参数）
请求路径: http://127.0.0.1:8888/api/private/v1/users
请求方式: POST
请求头:   {'User-Agent': 'python-requests/2.28.2', 'Accept-Encoding': 'gzip, deflate', 'Accept': '*/*', 'Connection': 'keep-alive', 'Content-Type': 'application/json', 'Authorization': 'Bearer eyJhbGciOiJIUzI1NiIsInR5cCI6IkpXVCJ9.eyJ1aWQiOjUwMCwicmlkIjowLCJpYXQiOjE2ODA5NjkzODQsImV4cCI6MTY4MTA1NTc4NH0.Je1l3HdS94Pu_ub9590IT3IcXlHjEz4ATHywq_YMq_0', 'Content-Length': '105'}
请求内容: {'username': 'daAqG184', 'password': '(3Tm79_n', 'email': 'qiang91@hotmail.com', 'mobile': '13677483880'}
接口响应内容: {'data': {'id': 795, 'username': 'daAqG184', 'mobile': '13677483880', 'email': 'qiang91@hotmail.com', 'role_id': -1, 'create_time': 1680969384}, 'meta': {'msg': '创建成功', 'status': 201}}
接口响应时长: 89 ms
Http状态码: 200
断言结果: 200
=====================================================
INFO    2023-04-08 23:56:24,684G:\auto_api1_framework\logs\info-2023-04-08.log:test_update_user_status.py:29 2023-04-08 23:56:24 >>>>>> 执行结束！
INFO    2023-04-08 23:57:37,396G:\auto_api1_framework\logs\info-2023-04-08.log:test_update_user_status.py:26 2023-04-08 23:57:37 >>>>>> 开始执行：
INFO    2023-04-08 23:57:37,655G:\auto_api1_framework\logs\info-2023-04-08.log:log_decorator.py:42 
======================================================
用例标题: 创建用户成功（全部参数）
请求路径: http://127.0.0.1:8888/api/private/v1/users
请求方式: POST
请求头:   {'User-Agent': 'python-requests/2.28.2', 'Accept-Encoding': 'gzip, deflate', 'Accept': '*/*', 'Connection': 'keep-alive', 'Content-Type': 'application/json', 'Authorization': 'Bearer eyJhbGciOiJIUzI1NiIsInR5cCI6IkpXVCJ9.eyJ1aWQiOjUwMCwicmlkIjowLCJpYXQiOjE2ODA5Njk0NTcsImV4cCI6MTY4MTA1NTg1N30.389CUxzgyK6dDiz6dfJlsI78amOrNYlCSVLjiebxvkU', 'Content-Length': '105'}
请求内容: {'username': 'WblGv096', 'password': '&3b(#FFi', 'email': 'guiying99@yahoo.com', 'mobile': '15143069536'}
接口响应内容: {'data': {'id': 796, 'username': 'WblGv096', 'mobile': '15143069536', 'email': 'guiying99@yahoo.com', 'role_id': -1, 'create_time': 1680969457}, 'meta': {'msg': '创建成功', 'status': 201}}
接口响应时长: 83 ms
Http状态码: 200
断言结果: 200
=====================================================
INFO    2023-04-08 23:57:37,731G:\auto_api1_framework\logs\info-2023-04-08.log:test_update_user_status.py:29 2023-04-08 23:57:37 >>>>>> 执行结束！
INFO    2023-04-08 23:58:41,865G:\auto_api1_framework\logs\info-2023-04-08.log:test_update_user_status.py:26 2023-04-08 23:58:41 >>>>>> 开始执行：
INFO    2023-04-08 23:58:42,148G:\auto_api1_framework\logs\info-2023-04-08.log:log_decorator.py:42 
======================================================
用例标题: 创建用户成功（全部参数）
请求路径: http://127.0.0.1:8888/api/private/v1/users
请求方式: POST
请求头:   {'User-Agent': 'python-requests/2.28.2', 'Accept-Encoding': 'gzip, deflate', 'Accept': '*/*', 'Connection': 'keep-alive', 'Content-Type': 'application/json', 'Authorization': 'Bearer eyJhbGciOiJIUzI1NiIsInR5cCI6IkpXVCJ9.eyJ1aWQiOjUwMCwicmlkIjowLCJpYXQiOjE2ODA5Njk1MjEsImV4cCI6MTY4MTA1NTkyMX0.3uXC73urseKLacZMJ54vBwyvBAhCsShqO324i974I28', 'Content-Length': '101'}
请求内容: {'username': 'HbRnK110', 'password': '&(2IfJcN', 'email': 'oduan@yahoo.com', 'mobile': '14526509775'}
接口响应内容: {'data': {'id': 797, 'username': 'HbRnK110', 'mobile': '14526509775', 'email': 'oduan@yahoo.com', 'role_id': -1, 'create_time': 1680969522}, 'meta': {'msg': '创建成功', 'status': 201}}
接口响应时长: 85 ms
Http状态码: 200
断言结果: 200
=====================================================
INFO    2023-04-08 23:58:42,243G:\auto_api1_framework\logs\info-2023-04-08.log:test_update_user_status.py:29 2023-04-08 23:58:41 >>>>>> 执行结束！
INFO    2023-04-08 23:59:02,778G:\auto_api1_framework\logs\info-2023-04-08.log:test_update_user_status.py:26 2023-04-08 23:59:02 >>>>>> 开始执行：
INFO    2023-04-08 23:59:03,037G:\auto_api1_framework\logs\info-2023-04-08.log:log_decorator.py:42 
======================================================
用例标题: 创建用户成功（全部参数）
请求路径: http://127.0.0.1:8888/api/private/v1/users
请求方式: POST
请求头:   {'User-Agent': 'python-requests/2.28.2', 'Accept-Encoding': 'gzip, deflate', 'Accept': '*/*', 'Connection': 'keep-alive', 'Content-Type': 'application/json', 'Authorization': 'Bearer eyJhbGciOiJIUzI1NiIsInR5cCI6IkpXVCJ9.eyJ1aWQiOjUwMCwicmlkIjowLCJpYXQiOjE2ODA5Njk1NDIsImV4cCI6MTY4MTA1NTk0Mn0.j9xjZwcQT4aC74THf4ZxEdGNweVlSkANSrghQnhh3gc', 'Content-Length': '106'}
请求内容: {'username': 'UPlIm803', 'password': 'I&7MUg1n', 'email': 'chaosong@hotmail.com', 'mobile': '18884703448'}
接口响应内容: {'data': {'id': 798, 'username': 'UPlIm803', 'mobile': '18884703448', 'email': 'chaosong@hotmail.com', 'role_id': -1, 'create_time': 1680969543}, 'meta': {'msg': '创建成功', 'status': 201}}
接口响应时长: 84 ms
Http状态码: 200
断言结果: 200
=====================================================
INFO    2023-04-08 23:59:03,119G:\auto_api1_framework\logs\info-2023-04-08.log:test_update_user_status.py:29 2023-04-08 23:59:02 >>>>>> 执行结束！
INFO    2023-04-08 23:59:17,300G:\auto_api1_framework\logs\info-2023-04-08.log:test_update_user_status.py:26 2023-04-08 23:59:17 >>>>>> 开始执行：
INFO    2023-04-08 23:59:17,541G:\auto_api1_framework\logs\info-2023-04-08.log:log_decorator.py:42 
======================================================
用例标题: 创建用户成功（全部参数）
请求路径: http://127.0.0.1:8888/api/private/v1/users
请求方式: POST
请求头:   {'User-Agent': 'python-requests/2.28.2', 'Accept-Encoding': 'gzip, deflate', 'Accept': '*/*', 'Connection': 'keep-alive', 'Content-Type': 'application/json', 'Authorization': 'Bearer eyJhbGciOiJIUzI1NiIsInR5cCI6IkpXVCJ9.eyJ1aWQiOjUwMCwicmlkIjowLCJpYXQiOjE2ODA5Njk1NTcsImV4cCI6MTY4MTA1NTk1N30.WaYh-vypduE_zqNi099S7AWCfnvtiJSTIrhgUxpSFnI', 'Content-Length': '101'}
请求内容: {'username': 'XTslw059', 'password': '(9QcBVi+', 'email': 'fuyan@yahoo.com', 'mobile': '13653518691'}
接口响应内容: {'data': {'id': 799, 'username': 'XTslw059', 'mobile': '13653518691', 'email': 'fuyan@yahoo.com', 'role_id': -1, 'create_time': 1680969557}, 'meta': {'msg': '创建成功', 'status': 201}}
接口响应时长: 73 ms
Http状态码: 200
断言结果: 200
=====================================================
INFO    2023-04-08 23:59:17,617G:\auto_api1_framework\logs\info-2023-04-08.log:test_update_user_status.py:29 2023-04-08 23:59:17 >>>>>> 执行结束！
